Daily Mean Discharge
Computer Center : Royal Irrigation Department, Thailand, Hydrology Division (08-Sep-2026)
Station : (N.1) ,Forestry Office, Mueang, Nan
Stream : -
River : Nan
Basin : Nan
Rating : C.000Y/1922

                                                                 Water Year - 1922                                                                  
                                 Discharge, in Cubic Meter per Second, Water Year April 01, 1922 to March 31, 1923                                  

    Date       Apr       May       Jun       Jul       Aug       Sep       Oct       Nov       Dec       Jan       Feb       Mar    Annual
       1     39.00     34.00    147.00    451.00    176.00     67.00     51.00          
       2     34.00     34.00    147.00    481.00    156.00     72.00     51.00          
       3     37.00     37.00    116.00    980.00    120.00     66.00     51.00          
       4     34.00     45.00    124.00  1,162.00    107.00     65.00     50.00          
       5     34.00     45.00    111.00    711.00    100.00     63.00     50.00          
       6     49.00     43.00    163.00    422.00     96.00     61.00     53.00          
       7     35.00     43.00    154.00    361.00    100.00     60.00     57.00          
       8     34.00     43.00    149.00    409.00     88.00     59.00     53.00          
       9     32.00     43.00    172.00    451.00    109.00     58.00     51.00          
      10     31.00     43.00    179.00    300.00     92.00     60.00     51.00          
      11     32.00     43.00    259.00    274.00     94.00     64.00     49.00          
      12     30.00     43.00    205.00    309.00     90.00     60.00     49.00          
      13     29.00     43.00    161.00    401.00     86.00     58.00     48.00          
      14     29.00     43.00    128.00    353.00     86.00     57.00     49.00          
      15     30.00    211.00    123.00    284.00     83.00     60.00     47.00          
      16     38.00    313.00    120.00    227.00     80.00     57.00     46.00          
      17     51.00    185.00    309.00    229.00     77.00     57.00                    
      18     41.00    163.00    658.00    211.00     74.00     84.00                    
      19     37.00    126.00    329.00    189.00     72.00     71.00                    
      20     34.00    128.00    327.00    211.00     71.00     60.00                    
      21     34.00    127.00    313.00    164.00     70.00     61.00                    
      22     32.00    127.00    458.00    142.00     78.00     58.00                    
      23     32.00    193.00    269.00    132.00     76.00     57.00                    
      24     49.00    197.00    240.00    126.00     72.00     57.00                    
      25     49.00    133.00    405.00    144.00     69.00     55.00                    
      26     49.00    119.00    747.00    432.00     68.00     54.00                    
      27     44.00    119.00    355.00    291.00     69.00     53.00                    
      28     39.00    237.00    350.00    184.00     70.00     53.00                    
      29     35.00    344.00    409.00    167.00     73.00     52.00                    
      30     34.00    338.00    536.00    138.00     73.00     52.00                    
      31              161.00    625.00               71.00                              

Total                         1,107.00  3,803.00  8,788.00 10,336.00  2,746.00  1,811.00    806.00                               29,397.00 CMSDAY   
Mean                             36.90    122.68    283.48    344.53     88.58     60.37     50.38                                  140.99 CMS      
Max                              51.00    344.00    747.00  1,162.00    176.00     84.00     57.00                                1,162.00 CMS      
Min                              29.00     34.00    111.00    126.00     68.00     52.00     46.00                                   29.00 CMS      
Runoff                           95.64    328.58    759.28    893.03    237.25    156.47                                          2,470.25 MCM      
Momentary Peak    1162.00 CMS, at 197.97 M (MSL.) at 06.00 hours, on Sep 04, 1922
Runoff Yield      0 Liters/Second/Square KM, Momentary Peak Yield 252.12 Liters/Second/Square KM

----------------------------------------------------------------------------------------------------------------------------------------------------

Daily Mean Discharge
Computer Center : Royal Irrigation Department, Thailand, Hydrology Division (08-Sep-2026)
Station : (N.1) ,Forestry Office, Mueang, Nan
Stream : -
River : Nan
Basin : Nan
Rating : C.000Y/1923

                                                                 Water Year - 1923                                                                  
                                 Discharge, in Cubic Meter per Second, Water Year April 01, 1923 to March 31, 1924                                  

    Date       Apr       May       Jun       Jul       Aug       Sep       Oct       Nov       Dec       Jan       Feb       Mar    Annual
       1     30.00     53.00     59.00    128.00    574.00    691.00     89.00     61.00     52.00     38.00     38.00     30.00          
       2     30.00    138.00     61.00    124.00    561.00    445.00    117.00     59.00     52.00     38.00     38.00     30.00          
       3     32.00    136.00     61.00    108.00    355.00    401.00    111.00     58.00     51.00     37.00     38.00     30.00          
       4     31.00     58.00     62.00     95.00    170.00    361.00     94.00     57.00     50.00     37.00     38.00     30.00          
       5     30.00     62.00     75.00    111.00    164.00    340.00     92.00     58.00     49.00     37.00     37.00     29.00          
       6     30.00     62.00     95.00    115.00    173.00    254.00     79.00     61.00     49.00     37.00     36.00     30.00          
       7     32.00     52.00    108.00    123.00    284.00    214.00     90.00     62.00     48.00     37.00     36.00     30.00          
       8     32.00     57.00     91.00    117.00    295.00    187.00     85.00     60.00     47.00     37.00     35.00     30.00          
       9     37.00     96.00     93.00    116.00    313.00    176.00     98.00     57.00     47.00     36.00     35.00     31.00          
      10     37.00    100.00     95.00    106.00    309.00    179.00     85.00     56.00     46.00     36.00     35.00     31.00          
      11     35.00     35.00     98.00    105.00    340.00    185.00     98.00     55.00     46.00     35.00     35.00     31.00          
      12     30.00     25.00     94.00    117.00    342.00    158.00     89.00     54.00     45.00     35.00     34.00     31.00          
      13     28.00     37.00    110.00    182.00    295.00    184.00     81.00     55.00     45.00     35.00     34.00     30.00          
      14     27.00     38.00    104.00    138.00    284.00    151.00     77.00     55.00     45.00     35.00     34.00     30.00          
      15     30.00     37.00     89.00    110.00    269.00    132.00     74.00     56.00     45.00     34.00     34.00     30.00          
      16     40.00     50.00     80.00    106.00    288.00    128.00     86.00     54.00     44.00     34.00     33.00     30.00          
      17    154.00     48.00     80.00     98.00    213.00    113.00     78.00     53.00     44.00     34.00     33.00     30.00          
      18    154.00     72.00     80.00     93.00    295.00    109.00     78.00     55.00     43.00     34.00     32.00     29.00          
      19    132.00     51.00    101.00    119.00    221.00    105.00     76.00     56.00     42.00     34.00     32.00     27.00          
      20     14.00     56.00    102.00    106.00    388.00    106.00     76.00     54.00     42.00     34.00     32.00     27.00          
      21    138.00     60.00     97.00     96.00    553.00    101.00     80.00     53.00     41.00     33.00     31.00     27.00          
      22     38.00     57.00    108.00    117.00    566.00    107.00     86.00     54.00     41.00     33.00     31.00     27.00          
      23     34.00     52.00    133.00    120.00    466.00    141.00     77.00     54.00     41.00     32.00     31.00     27.00          
      24     34.00     42.00    154.00    136.00    361.00    102.00     75.00     55.00     41.00     32.00     31.00     27.00          
      25     34.00     49.00    127.00    129.00  1,409.00     97.00     74.00     54.00     41.00     34.00     31.00     27.00          
      26     32.00     47.00    108.00    214.00    721.00     95.00     72.00     53.00     41.00     34.00     30.00     27.00          
      27     33.00     52.00    101.00    311.00    501.00     93.00     70.00     53.00     40.00     34.00     30.00     27.00          
      28     32.00     53.00    164.00    300.00    376.00     88.00     67.00     53.00     40.00     40.00     30.00     37.00          
      29     38.00     56.00    175.00    625.00    322.00    102.00     65.00     53.00     40.00     39.00     30.00     37.00          
      30     49.00     60.00    156.00    675.00    513.00     93.00     55.00     53.00     39.00     39.00               37.00          
      31               71.00              588.00  2,287.00               62.00               39.00     39.00               32.00          

Total     1,427.00  1,862.00  3,061.00  5,628.00 14,208.00  5,638.00  2,536.00  1,671.00  1,376.00  1,103.00    974.00    928.00 40,412.00 CMSDAY   
Mean         47.57     60.06    102.03    181.55    458.32    187.93     81.81     55.70     44.39     35.58     33.59     29.94    109.87 CMS      
Max         154.00    138.00    175.00    675.00  2,287.00    691.00    117.00     62.00     52.00     40.00     38.00     37.00  2,287.00 CMS      
Min          14.00     25.00     59.00     93.00    164.00     88.00     55.00     53.00     39.00     32.00     30.00     27.00     14.00 CMS      
Runoff      123.29    160.88    264.47    486.26  1,227.57    487.12    219.11    144.37    118.89     95.30     84.15     80.18  3,491.59 MCM      
Momentary Peak    2287.00 CMS, at 199.71 M (MSL.) at 06.00 hours, on Aug 31, 1923
Runoff Yield      23.96 Liters/Second/Square KM, Momentary Peak Yield 496.20 Liters/Second/Square KM

----------------------------------------------------------------------------------------------------------------------------------------------------

Daily Mean Discharge
Computer Center : Royal Irrigation Department, Thailand, Hydrology Division (08-Sep-2026)
Station : (N.1) ,Forestry Office, Mueang, Nan
Stream : -
River : Nan
Basin : Nan
Rating : C.000Y/1924

                                                                 Water Year - 1924                                                                  
                                 Discharge, in Cubic Meter per Second, Water Year April 01, 1924 to March 31, 1925                                  

    Date       Apr       May       Jun       Jul       Aug       Sep       Oct       Nov       Dec       Jan       Feb       Mar    Annual
       1               22.00     13.00     11.00          
       2               22.00     13.00     11.00          
       3               20.00     12.00     11.00          
       4               20.00     12.00     11.00          
       5               20.00     12.00      9.80          
       6               20.00     12.00      9.80          
       7               20.00     12.00      9.80          
       8               20.00     11.00      9.80          
       9               19.00     11.00      9.80          
      10               19.00     11.00      9.80          
      11               18.00     11.00      9.80          
      12               18.00     11.00      9.80          
      13               18.00     11.00      9.80          
      14               17.00     13.00      9.40          
      15               17.00     13.00      9.40          
      16               17.00     13.00      9.40          
      17               17.00     13.00      9.40          
      18               15.00     12.00      9.40          
      19     25.00     15.00     12.00      8.70          
      20     24.00     15.00     12.00      8.70          
      21     24.00     14.00     12.00      8.70          
      22     24.00     14.00     11.00      8.40          
      23     24.00     14.00     11.00      8.40          
      24     24.00     14.00     11.00      8.40          
      25     24.00     14.00     11.00      8.40          
      26     23.00     14.00     11.00      6.90          
      27     23.00     13.00     11.00      6.90          
      28     23.00     13.00     11.00      6.90          
      29     23.00     13.00                6.90          
      30     23.00     13.00                6.90          
      31     23.00     13.00                6.90          

Total                                                                                       307.00    518.00    329.00    280.30  1,434.30 CMSDAY   
Mean                                                                                         23.62     16.71     11.75      9.04     15.28 CMS      
Max                                                                                          25.00     22.00     13.00     11.00     25.00 CMS      
Min                                                                                          23.00     13.00     11.00      6.90      6.90 CMS      
Runoff                                                                                       69.64     44.76     28.43     24.22    167.05 MCM      
Momentary Peak    2238.00 CMS, at 199.64 M (MSL.) at 12.00 hours, on Aug 17, 1924
Runoff Yield      27.86 Liters/Second/Square KM, Momentary Peak Yield 485.57 Liters/Second/Square KM

----------------------------------------------------------------------------------------------------------------------------------------------------

Daily Mean Discharge
Computer Center : Royal Irrigation Department, Thailand, Hydrology Division (08-Sep-2026)
Station : (N.1) ,Forestry Office, Mueang, Nan
Stream : -
River : Nan
Basin : Nan
Rating : C.000Y/1925

                                                                 Water Year - 1925                                                                  
                                 Discharge, in Cubic Meter per Second, Water Year April 01, 1925 to March 31, 1926                                  

    Date       Apr       May       Jun       Jul       Aug       Sep       Oct       Nov       Dec       Jan       Feb       Mar    Annual
       1      6.30     11.00     37.00     45.00    129.00    195.00     67.00     33.00     25.00     27.00     13.00          
       2      6.30     11.00     52.00     57.00    150.00    156.00     71.00     32.00     24.00     25.00     13.00          
       3      6.30     22.00     54.00     53.00    142.00    129.00     70.00     32.00     23.00     22.00     13.00          
       4      6.00     27.00     43.00     43.00    144.00    111.00     75.00     31.00     23.00     20.00     13.00          
       5      6.00     24.00     29.00     40.00    163.00    126.00     64.00     31.00     23.00     19.00     13.00          
       6      6.00     19.00     25.00     38.00    135.00    172.00     70.00     31.00     22.00     19.00     13.00          
       7      6.00     17.00     27.00     34.00    291.00    225.00     81.00     30.00     22.00     18.00     13.00          
       8      6.60     11.00     24.00     35.00    317.00    243.00     72.00     30.00     22.00     17.00                    
       9      7.20     11.00     25.00     53.00    225.00    167.00     65.00     30.00     21.00     17.00                    
      10      7.20     12.00     21.00     94.00    176.00    142.00     59.00     30.00     21.00     17.00                    
      11     14.00     16.00     19.00     88.00    137.00    126.00     56.00     29.00     21.00     17.00                    
      12     14.00     11.00     20.00     61.00    120.00    176.00     50.00     27.00     21.00     17.00                    
      13     14.00     12.00     20.00     56.00    150.00    279.00     47.00     27.00     21.00     17.00                    
      14     14.00      9.80     21.00    100.00    295.00    255.00     45.00     26.00     21.00     17.00                    
      15     22.00      8.70     25.00    117.00    195.00    229.00     43.00     25.00     20.00     17.00                    
      16     22.00      8.40     50.00    107.00    150.00    166.00     49.00     34.00     20.00     17.00                    
      17     22.00      8.10     86.00    110.00    137.00    133.00     41.00     26.00     20.00     17.00                    
      18     22.00      7.50    125.00    110.00    113.00    170.00     34.00     25.00     20.00     17.00                    
      19     22.00      7.80     72.00     92.00    109.00    125.00     34.00     25.00     20.00     16.00                    
      20     22.00      7.50     65.00     90.00    107.00    117.00     45.00     25.00     19.00     16.00                    
      21     16.00      7.80     62.00    488.00    125.00     86.00     40.00     25.00     19.00     16.00                    
      22     11.00     12.00     61.00    473.00     99.00    133.00     37.00     24.00     19.00     16.00                    
      23     11.00     13.00     41.00    216.00    190.00    133.00     36.00     24.00     19.00     15.00                    
      24     11.00     19.00     38.00    156.00    163.00    118.00     37.00     24.00     19.00     15.00                    
      25     11.00     19.00     32.00    153.00    146.00    108.00     39.00     24.00     18.00     15.00                    
      26     11.00     15.00     32.00    125.00    179.00     91.00     41.00     24.00     18.00     15.00                    
      27     11.00     13.00     50.00    169.00    224.00     86.00     41.00     24.00     18.00     14.00                    
      28     11.00     14.00     41.00    161.00    262.00     36.00     40.00     23.00     17.00     14.00                    
      29     11.00     15.00     38.00    156.00    324.00     78.00     36.00     23.00     17.00     14.00                    
      30     11.00     42.00     40.00    142.00    271.00     70.00     34.00     23.00     18.00     14.00                    
      31               46.00              142.00    205.00               34.00               22.00     13.00                    

Total       366.90    477.60  1,275.00  3,804.00  5,573.00  4,381.00  1,553.00    817.00    633.00    530.00     91.00           19,501.50 CMSDAY   
Mean         12.23     15.41     42.50    122.71    179.77    146.03     50.10     27.23     20.42     17.10     13.00               58.77 CMS      
Max          22.00     46.00    125.00    488.00    324.00    279.00     81.00     34.00     25.00     27.00     13.00              488.00 CMS      
Min           6.00      7.50     19.00     34.00     99.00     36.00     34.00     23.00     17.00     13.00     13.00                6.00 CMS      
Runoff       31.70     41.26    110.16    328.67    481.51    378.52    134.18     70.59     54.69     45.79                      1,677.07 MCM      
Momentary Peak    488.00 CMS, at 196.09 M (MSL.) at 06.00 hours, on Jul 21, 1925
Runoff Yield      0 Liters/Second/Square KM, Momentary Peak Yield 105.88 Liters/Second/Square KM

----------------------------------------------------------------------------------------------------------------------------------------------------

Daily Mean Discharge
Computer Center : Royal Irrigation Department, Thailand, Hydrology Division (08-Sep-2026)
Station : (N.1) ,Forestry Office, Mueang, Nan
Stream : -
River : Nan
Basin : Nan
Rating : C.000Y/1926

                                                                 Water Year - 1926                                                                  
                                 Discharge, in Cubic Meter per Second, Water Year April 01, 1926 to March 31, 1927                                  

    Date       Apr       May       Jun       Jul       Aug       Sep       Oct       Nov       Dec       Jan       Feb       Mar    Annual
       1               25.00    198.00    616.00     87.00     61.00     27.00          
       2               57.00    198.00    536.00     87.00     57.00     24.00          
       3               49.00    192.00    450.00     89.00     57.00     24.00          
       4               57.00     65.00    420.00     87.00     57.00                    
       5               58.00     80.00    357.00    100.00     57.00                    
       6               49.00     76.00    441.00     97.00     53.00                    
       7               52.00    283.00    378.00     85.00     53.00                    
       8               52.00    281.00    274.00     81.00     53.00                    
       9     12.00     41.00    299.00    216.00     86.00     53.00                    
      10     27.00     49.00    409.00    184.00    106.00     54.00                    
      11     63.00     85.00    300.00    169.00    169.00     51.00                    
      12     34.00     73.00    300.00    154.00    117.00     49.00                    
      13     34.00     73.00    216.00    141.00    106.00     48.00                    
      14     25.00     65.00    192.00    117.00     57.00     48.00                    
      15     25.00     65.00    486.00    105.00     49.00     46.00                    
      16     25.00     95.00    511.00    106.00     49.00     46.00                    
      17     21.00     75.00    462.00     75.00     57.00     45.00                    
      18     24.00     65.00    473.00     70.00     65.00     41.00                    
      19     22.00     65.00    588.00    616.00     61.00     38.00                    
      20     25.00     65.00    420.00    441.00     58.00     35.00                    
      21     25.00     67.00    336.00    441.00     57.00     34.00                    
      22     24.00     65.00    318.00    441.00     57.00     32.00                    
      23     24.00     53.00    266.00    232.00     57.00     32.00                    
      24     24.00     87.00    232.00    200.00     45.00     31.00                    
      25     34.00    106.00    200.00    169.00     43.00     31.00                    
      26     34.00    160.00    169.00    154.00     43.00     30.00                    
      27     26.00    154.00    147.00    169.00     43.00     30.00                    
      28     26.00    147.00    200.00    169.00     57.00     28.00                    
      29     25.00    249.00    184.00    106.00     75.00     27.00                    
      30     25.00    169.00    214.00     90.00     65.00     27.00                    
      31              216.00    274.00               65.00                              

Total                           604.00  2,688.00  8,569.00  8,037.00  2,300.00  1,304.00     75.00                               23,577.00 CMSDAY   
Mean                             27.45     86.71    276.42    267.90     74.19     43.47     25.00                                  114.45 CMS      
Max                              63.00    249.00    588.00    616.00    169.00     61.00     27.00                                  616.00 CMS      
Min                              12.00     25.00     65.00     70.00     43.00     27.00     24.00                                   12.00 CMS      
Runoff                                    232.24    740.36    694.40    198.72    112.67                                          1,978.39 MCM      
Momentary Peak    616.00 CMS, at 196.58 M (MSL.) at 06.00 hours, on Sep 01, 1926
Runoff Yield      0 Liters/Second/Square KM, Momentary Peak Yield 133.65 Liters/Second/Square KM

----------------------------------------------------------------------------------------------------------------------------------------------------

Daily Mean Discharge
Computer Center : Royal Irrigation Department, Thailand, Hydrology Division (08-Sep-2026)
Station : (N.1) ,Forestry Office, Mueang, Nan
Stream : -
River : Nan
Basin : Nan
Rating : C.000Y/1927

                                                                 Water Year - 1927                                                                  
                                 Discharge, in Cubic Meter per Second, Water Year April 01, 1927 to March 31, 1928                                  

    Date       Apr       May       Jun       Jul       Aug       Sep       Oct       Nov       Dec       Jan       Feb       Mar    Annual
       1    106.00    462.00    416.00    511.00          
       2    141.00    399.00    266.00    184.00          
       3    184.00    367.00    232.00    184.00          
       4    184.00    336.00    192.00    169.00          
       5    184.00    336.00    181.00    154.00          
       6    232.00    283.00    181.00    128.00          
       7    208.00    200.00    184.00    117.00          
       8    200.00    200.00    453.00    106.00          
       9     65.00    184.00    462.00    357.00          
      10     75.00    169.00    154.00    266.00          
      11     90.00    318.00    128.00    178.00          
      12     95.00    350.00    128.00    147.00          
      13    106.00    300.00    117.00    154.00          
      14    117.00    441.00    106.00    644.00          
      15    117.00    462.00    112.00    399.00          
      16     75.00    588.00    112.00    357.00          
      17     85.00    399.00    100.00    266.00          
      18     85.00    473.00    117.00    184.00          
      19     80.00    644.00    112.00    154.00          
      20    147.00    420.00    154.00    153.00          
      21    232.00    336.00    147.00    142.00          
      22    257.00    266.00    169.00    137.00          
      23    466.00    257.00    169.00    128.00          
      24    961.00    232.00     95.00    117.00          
      25    616.00    197.00     95.00    117.00          
      26    511.00    192.00    100.00    106.00          
      27    378.00    588.00     96.00    100.00          
      28    644.00    588.00    644.00     97.00          
      29    917.00    751.00    486.00     95.00          
      30    511.00    420.00    511.00     95.00          
      31    462.00    374.00               90.00          

Total                                   8,531.00 11,532.00  6,419.00  6,036.00                                                   32,518.00 CMSDAY   
Mean                                      275.19    372.00    213.97    194.71                                                      263.97 CMS      
Max                                       961.00    751.00    644.00    644.00                                                      961.00 CMS      
Min                                        65.00    169.00     95.00     90.00                                                       65.00 CMS      
Runoff                                    737.08    996.36    554.60    521.51                                                    2,809.55 MCM      
Momentary Peak    961.00 CMS, at 197.58 M (MSL.) at 06.00 hours, on Jul 24, 1927
Runoff Yield      0 Liters/Second/Square KM, Momentary Peak Yield 208.51 Liters/Second/Square KM

----------------------------------------------------------------------------------------------------------------------------------------------------

Daily Mean Discharge
Computer Center : Royal Irrigation Department, Thailand, Hydrology Division (08-Sep-2026)
Station : (N.1) ,Forestry Office, Mueang, Nan
Stream : -
River : Nan
Basin : Nan
Rating : C.000Y/1928

                                                                 Water Year - 1928                                                                  
                                 Discharge, in Cubic Meter per Second, Water Year April 01, 1928 to March 31, 1929                                  

    Date       Apr       May       Jun       Jul       Aug       Sep       Oct       Nov       Dec       Jan       Feb       Mar    Annual
       1              511.00               85.00    106.00     22.00     30.00     23.00     21.00          
       2              441.00               85.00     85.00     22.00     29.00     23.00     21.00          
       3              378.00              128.00     85.00     22.00     29.00     23.00     21.00          
       4              318.00              128.00     75.00     22.00     27.00     23.00     21.00          
       5    453.00    266.00              297.00     75.00     22.00     27.00     23.00     21.00          
       6    128.00    128.00              283.00     75.00     22.00     27.00     22.00     21.00          
       7     95.00     75.00              169.00     75.00     19.00     25.00     22.00     21.00          
       8     75.00     75.00              184.00     75.00     19.00     25.00     22.00     21.00          
       9     57.00    138.00              169.00     77.00     19.00     25.00     21.00     21.00          
      10     57.00    138.00              169.00     75.00     19.00     25.00     21.00     21.00          
      11     56.00    106.00              200.00     61.00     19.00     25.00     21.00     21.00          
      12     55.00    106.00              169.00     61.00     19.00     25.00     21.00     21.00          
      13     53.00    141.00              178.00     61.00     19.00     24.00     21.00     21.00          
      14     53.00    441.00    249.00    200.00     61.00     19.00     24.00     21.00     21.00          
      15     53.00    772.00    704.00    206.00     61.00     19.00     24.00     21.00                    
      16     49.00    807.00    232.00    128.00     57.00     19.00     24.00     21.00                    
      17     49.00    878.00    441.00    128.00     57.00     19.00     24.00     21.00                    
      18     46.00    842.00    224.00    128.00     57.00     22.00     24.00     21.00                    
      19     42.00    721.00    249.00    141.00     57.00     34.00     24.00     21.00                    
      20     42.00    523.00    266.00    125.00     57.00     29.00     24.00     21.00                    
      21     42.00    216.00    318.00    117.00     57.00     29.00     24.00     21.00                    
      22     42.00    208.00    378.00    117.00     57.00     27.00     24.00     21.00                    
      23     42.00    200.00    357.00    123.00     34.00     27.00     24.00     21.00                    
      24     53.00    331.00    437.00    128.00     34.00     27.00     24.00     21.00                    
      25     53.00    195.00    249.00     95.00     34.00     27.00     24.00     21.00                    
      26     77.00    336.00    232.00     95.00     34.00     29.00     24.00     21.00                    
      27     75.00              197.00     90.00     30.00     27.00     24.00     21.00                    
      28     75.00              381.00     95.00     22.00     28.00     24.00     21.00                    
      29     57.00              266.00     95.00     22.00     30.00     24.00     21.00                    
      30     53.00              192.00    106.00     22.00     30.00     24.00     21.00                    
      31                        184.00               22.00               24.00     21.00                    

Total                         1,932.00  9,291.00  5,556.00  4,361.00  1,761.00    707.00    775.00    664.00    294.00           25,341.00 CMSDAY   
Mean                             74.31    357.35    308.67    145.37     56.81     23.57     25.00     21.42     21.00              114.83 CMS      
Max                             453.00    878.00    704.00    297.00    106.00     34.00     30.00     23.00     21.00              878.00 CMS      
Min                              42.00     75.00    184.00     85.00     22.00     19.00     24.00     21.00     21.00               19.00 CMS      
Runoff                                                        376.79    152.15     61.08     66.96     57.37                        714.35 MCM      
Momentary Peak    878.00 CMS, at 197.38 M (MSL.) at 06.00 hours, on Jul 17, 1928
Runoff Yield      0 Liters/Second/Square KM, Momentary Peak Yield 0 Liters/Second/Square KM

----------------------------------------------------------------------------------------------------------------------------------------------------

Daily Mean Discharge
Computer Center : Royal Irrigation Department, Thailand, Hydrology Division (08-Sep-2026)
Station : (N.1) ,Forestry Office, Mueang, Nan
Stream : -
River : Nan
Basin : Nan
Rating : C.000Y/1929

                                                                 Water Year - 1929                                                                  
                                 Discharge, in Cubic Meter per Second, Water Year April 01, 1929 to March 31, 1930                                  

    Date       Apr       May       Jun       Jul       Aug       Sep       Oct       Nov       Dec       Jan       Feb       Mar    Annual
       1              184.00     13.00     13.00     11.00      8.70      7.50          
       2              176.00     13.00     13.00     11.00      8.70      7.50          
       3              176.00     14.00     14.00     11.00      8.70      7.50          
       4              143.00     14.00     14.00     11.00      8.70      7.50          
       5              133.00     14.00     14.00     11.00      8.70      7.50          
       6              131.00     14.00     14.00      9.80      8.40      7.50          
       7              124.00     14.00     13.00      9.80      8.40      7.50          
       8              108.00     14.00     13.00      9.80      8.40      7.20          
       9              101.00     14.00     13.00      9.80      8.40      7.20          
      10               95.00     14.00     13.00      9.80      8.40      7.20          
      11               91.00     14.00     12.00      9.80      8.40      7.20          
      12               75.00     12.00     12.00      9.80      8.40      7.20          
      13               85.00     12.00     12.00      9.80      8.40      7.20          
      14               82.00     12.00     13.00      9.40      8.10      7.20          
      15               73.00     12.00     13.00      9.40      8.10      7.20          
      16    336.00     69.00     12.00     13.00      9.40      8.10      7.20          
      17    333.00     22.00     12.00     13.00      9.40      8.10      7.20          
      18    318.00     20.00     12.00     13.00      9.40      8.10      6.90          
      19    318.00     19.00     12.00     12.00      8.70      8.10      6.90          
      20    300.00     17.00     12.00     12.00      8.70      7.80      6.90          
      21    266.00     17.00     12.00     12.00      9.00      7.80      6.90          
      22    462.00     17.00     12.00     12.00      9.00      7.80      6.90          
      23  1,579.00      8.40     11.00     12.00      9.00      7.80      6.90          
      24    961.00      8.40     11.00     12.00      9.00      7.80      6.90          
      25    486.00      8.40     11.00     11.00      9.00      7.80      6.90          
      26    300.00      7.20     11.00     11.00      9.40      7.80      6.90          
      27    318.00      7.20     12.00     11.00      9.40      7.80      6.60          
      28    299.00      7.20     12.00     11.00      9.00      7.80      7.50          
      29    216.00     14.00     12.00     11.00      9.00                7.50          
      30    208.00     14.00     12.00     13.00      8.70                7.50          
      31               13.00               13.00     11.00                7.50          

Total                                                       6,700.00  2,045.80    376.00    388.00    299.30    229.50    223.20 10,261.80 CMSDAY   
Mean                                                          446.67     65.99     12.53     12.52      9.65      8.20      7.20     80.39 CMS      
Max                                                         1,579.00    184.00     14.00     14.00     11.00      8.70      7.50  1,579.00 CMS      
Min                                                           208.00      7.20     11.00     11.00      8.70      7.80      6.60      6.60 CMS      
Runoff                                                      1,163.55    176.76     32.49     33.52     25.86     19.83     19.28  1,471.29 MCM      
Momentary Peak    1986.00 CMS, at 199.28 M (MSL.) at 06.00 hours, on Aug 22, 1929
Runoff Yield      0 Liters/Second/Square KM, Momentary Peak Yield 430.90 Liters/Second/Square KM

----------------------------------------------------------------------------------------------------------------------------------------------------

Daily Mean Discharge
Computer Center : Royal Irrigation Department, Thailand, Hydrology Division (08-Sep-2026)
Station : (N.1) ,Forestry Office, Mueang, Nan
Stream : -
River : Nan
Basin : Nan
Rating : C.000Y/1930

                                                                 Water Year - 1930                                                                  
                                 Discharge, in Cubic Meter per Second, Water Year April 01, 1930 to March 31, 1931                                  

    Date       Apr       May       Jun       Jul       Aug       Sep       Oct       Nov       Dec       Jan       Feb       Mar    Annual
       1    104.00    232.00    206.00          
       2    108.00    486.00    185.00          
       3    117.00    486.00    185.00          
       4    117.00  1,011.00    181.00          
       5    121.00  1,625.00    176.00          
       6    108.00  1,011.00    176.00          
       7    106.00    511.00    176.00          
       8    106.00    737.00    169.00          
       9    106.00    721.00    117.00          
      10    128.00  1,173.00    117.00          
      11    128.00  1,062.00    115.00          
      12    128.00  1,222.00    115.00          
      13    128.00    670.00    112.00          
      14    128.00    441.00    112.00          
      15    128.00    378.00    112.00          
      16    123.00    300.00    115.00          
      17    113.00    266.00    115.00          
      18    113.00    232.00    112.00          
      19    104.00    229.00    112.00          
      20     93.00    229.00    112.00          
      21     93.00    225.00    115.00          
      22     95.00    225.00    117.00          
      23    503.00    141.00    119.00          
      24    344.00    128.00                    
      25    216.00    128.00                    
      26    498.00    295.00                    
      27    336.00    796.00                    
      28    216.00    420.00                    
      29    178.00    283.00                    
      30    167.00    216.00                    
      31    214.00    213.00                    

Total                                   5,167.00 16,092.00  3,171.00                                                             24,430.00 CMSDAY   
Mean                                      166.68    519.10    137.87                                                                274.55 CMS      
Max                                       503.00  1,625.00    206.00                                                              1,625.00 CMS      
Min                                        93.00    128.00    112.00                                                                 93.00 CMS      
Runoff                                    446.43  1,390.35                                                                        1,836.78 MCM      
Momentary Peak    1625.00 CMS, at 198.75 M (MSL.) at 06.00 hours, on Aug 05, 1930
Runoff Yield      0 Liters/Second/Square KM, Momentary Peak Yield 352.57 Liters/Second/Square KM

----------------------------------------------------------------------------------------------------------------------------------------------------

Daily Mean Discharge
Computer Center : Royal Irrigation Department, Thailand, Hydrology Division (08-Sep-2026)
Station : (N.1) ,Forestry Office, Mueang, Nan
Stream : -
River : Nan
Basin : Nan
Rating : C.000Y/1931

                                                                 Water Year - 1931                                                                  
                                 Discharge, in Cubic Meter per Second, Water Year April 01, 1931 to March 31, 1932                                  

    Date       Apr       May       Jun       Jul       Aug       Sep       Oct       Nov       Dec       Jan       Feb       Mar    Annual
       1     31.00    206.00    200.00     83.00     22.00     17.00     16.00     16.00     16.00          
       2     28.00    154.00    166.00     61.00     22.00     17.00     16.00     16.00     16.00          
       3     27.00    123.00    175.00     61.00     21.00     17.00     16.00     16.00     16.00          
       4     26.00    119.00    322.00     57.00     21.00     17.00     16.00     16.00     16.00          
       5     26.00    169.00    503.00     56.00     21.00     17.00     16.00     16.00     16.00          
       6     26.00    271.00    548.00     54.00     21.00     17.00     16.00     16.00     16.00          
       7     26.00    157.00    455.00     53.00     19.00     17.00     16.00     16.00     16.00          
       8     25.00    141.00    397.00     51.00     19.00     17.00     16.00     16.00     16.00          
       9     25.00    135.00    293.00     49.00     19.00     17.00     16.00     16.00     16.00          
      10     25.00    128.00    250.00     41.00     19.00     17.00     16.00     16.00     16.00          
      11     23.00    128.00    222.00     39.00     19.00     17.00     16.00     16.00     16.00          
      12     23.00    123.00    216.00     37.00     19.00     17.00     16.00     16.00     16.00          
      13     23.00    123.00    224.00     37.00     19.00     17.00     16.00     16.00     16.00          
      14     23.00    184.00    283.00     36.00     19.00     17.00     16.00     16.00     16.00          
      15     23.00    363.00    333.00     34.00     19.00     17.00     16.00     16.00     16.00          
      16     23.00    513.00    416.00     30.00     19.00     17.00     16.00     16.00     16.00          
      17     23.00    313.00    243.00     30.00     19.00     16.00     16.00     16.00     16.00          
      18     23.00    197.00    184.00     30.00     17.00     16.00     16.00     16.00     16.00          
      19     23.00    164.00    154.00     27.00     17.00     16.00     16.00     16.00     16.00          
      20     23.00    164.00    136.00     25.00     17.00     16.00     16.00     16.00     16.00          
      21     23.00    216.00    117.00     25.00     17.00     16.00     16.00     16.00     16.00          
      22    336.00    190.00    107.00     25.00     17.00     16.00     16.00     16.00     16.00          
      23    154.00    409.00    100.00     24.00     17.00     16.00     16.00     16.00     16.00          
      24    141.00    283.00     98.00     24.00     17.00     16.00     16.00     16.00     16.00          
      25    129.00    184.00     94.00     24.00     17.00     16.00     16.00     16.00     16.00          
      26    128.00    154.00     92.00     23.00     17.00     16.00     16.00     16.00     16.00          
      27    128.00    147.00     86.00     23.00     17.00     16.00     16.00     16.00     16.00          
      28    141.00    143.00     85.00     23.00     17.00     16.00     16.00     16.00     16.00          
      29    179.00    144.00     83.00     23.00     17.00     16.00     16.00     16.00     16.00          
      30    300.00    117.00               22.00     17.00     16.00     16.00               16.00          
      31    283.00    141.00               22.00               16.00     16.00               16.00          

Total                                   2,437.00  6,003.00  6,582.00  1,149.00    558.00    512.00    496.00    464.00    496.00 18,697.00 CMSDAY   
Mean                                       78.61    193.65    226.97     37.06     18.60     16.52     16.00     16.00     16.00     68.82 CMS      
Max                                       336.00    513.00    548.00     83.00     22.00     17.00     16.00     16.00     16.00    548.00 CMS      
Min                                        23.00    117.00     83.00     22.00     17.00     16.00     16.00     16.00     16.00     16.00 CMS      
Runoff                                    210.56    518.66               99.27     48.21     44.24     42.85     40.09     42.85  1,046.73 MCM      
Momentary Peak    548.00 CMS, at 196.33 M (MSL.) at 06.00 hours, on Sep 06, 1931
Runoff Yield      0 Liters/Second/Square KM, Momentary Peak Yield 118.90 Liters/Second/Square KM

----------------------------------------------------------------------------------------------------------------------------------------------------

Daily Mean Discharge
Computer Center : Royal Irrigation Department, Thailand, Hydrology Division (08-Sep-2026)
Station : (N.1) ,Forestry Office, Mueang, Nan
Stream : -
River : Nan
Basin : Nan
Rating : C.000Y/1932

                                                                 Water Year - 1932                                                                  
                                 Discharge, in Cubic Meter per Second, Water Year April 01, 1932 to March 31, 1933                                  

    Date       Apr       May       Jun       Jul       Aug       Sep       Oct       Nov       Dec       Jan       Feb       Mar    Annual
       1     17.00     17.00     17.00     21.00    242.00    119.00    179.00     41.00     18.00     17.00     17.00     17.00          
       2     17.00     17.00     17.00     21.00    418.00    124.00    173.00     38.00     18.00     17.00     17.00     17.00          
       3     17.00     17.00     17.00     20.00    422.00    172.00    167.00     37.00     18.00     17.00     17.00     17.00          
       4     17.00     17.00     17.00     20.00    326.00    142.00    143.00     25.00     18.00     17.00     17.00     17.00          
       5     17.00     17.00     17.00     23.00    304.00    100.00    138.00     34.00     18.00     17.00     17.00     17.00          
       6     17.00     17.00     17.00    399.00    304.00     97.00    133.00     33.00     18.00     17.00     17.00     17.00          
       7     17.00     17.00     17.00    386.00    300.00    120.00    128.00     32.00     18.00     17.00     17.00     17.00          
       8     17.00     17.00     17.00    147.00    293.00    211.00    119.00     29.00     18.00     17.00     17.00     17.00          
       9     16.00     17.00     17.00    138.00    259.00    304.00    116.00     25.00     18.00     17.00     17.00     17.00          
      10     16.00     17.00     17.00     70.00    232.00    335.00    112.00     23.00     18.00     17.00     17.00     17.00          
      11     16.00     17.00     17.00     98.00    208.00    359.00    109.00     22.00     18.00     17.00     17.00     17.00          
      12     16.00     16.00     17.00     80.00    198.00    367.00    106.00     21.00     18.00     17.00     17.00     17.00          
      13     16.00     16.00     17.00     49.00    154.00    283.00    102.00     20.00     18.00     17.00     17.00     17.00          
      14     16.00     18.00     17.00     39.00    154.00    269.00     97.00     20.00     17.00     17.00     17.00     17.00          
      15     16.00     18.00     17.00     34.00    143.00    213.00     95.00     20.00     17.00     17.00     17.00     17.00          
      16     16.00     18.00     17.00     14.00    141.00    324.00     91.00     19.00     17.00     17.00     17.00     17.00          
      17     16.00     18.00     16.00     20.00    123.00    252.00     85.00     19.00     17.00     17.00     17.00     17.00          
      18     16.00     18.00     16.00     17.00    120.00    313.00     74.00     19.00     17.00     17.00     17.00     17.00          
      19     16.00     18.00     16.00     16.00    139.00    403.00     69.00     19.00     17.00     17.00     17.00     17.00          
      20     17.00     17.00     17.00     19.00    138.00    297.00     64.00     19.00     17.00     17.00     17.00     17.00          
      21     17.00     17.00     17.00     18.00    133.00    237.00     60.00     19.00     17.00     17.00     17.00     17.00          
      22     17.00     17.00     20.00     58.00    128.00    209.00     56.00     19.00     17.00     17.00     17.00     17.00          
      23     17.00     17.00     21.00    252.00    123.00    208.00     54.00     19.00     17.00     17.00     17.00     17.00          
      24     17.00     17.00     20.00    965.00     95.00    208.00     52.00     18.00     17.00     17.00     17.00     17.00          
      25     17.00     17.00     18.00  1,576.00     92.00    206.00     51.00     18.00     17.00     17.00     17.00     17.00          
      26     17.00     17.00     18.00    518.00     95.00    205.00     49.00     18.00     17.00     17.00     17.00     17.00          
      27     17.00     17.00     19.00    214.00    104.00    201.00     46.00     18.00     17.00     17.00     17.00     17.00          
      28     17.00     17.00     20.00    123.00    158.00    193.00     44.00     18.00     17.00     17.00     17.00     17.00          
      29     17.00     17.00     20.00     85.00    123.00    195.00     44.00     18.00     17.00     17.00               17.00          
      30     17.00     17.00     22.00    102.00    125.00    181.00     42.00     18.00     17.00     17.00               17.00          
      31               17.00              211.00    119.00               42.00               17.00     17.00               17.00          

Total       499.00    531.00    532.00  5,753.00  5,913.00  6,847.00  2,840.00    698.00    540.00    527.00    476.00    527.00 25,683.00 CMSDAY   
Mean         16.63     17.13     17.73    185.58    190.74    228.23     91.61     23.27     17.42     17.00     17.00     17.00     69.95 CMS      
Max          17.00     18.00     22.00  1,576.00    422.00    403.00    179.00     41.00     18.00     17.00     17.00     17.00  1,576.00 CMS      
Min          16.00     16.00     16.00     14.00     92.00     97.00     42.00     18.00     17.00     17.00     17.00     17.00     14.00 CMS      
Runoff       43.11     45.88     45.96    497.06    510.88    591.58    245.38     60.31     46.66     45.53     41.13     45.53  2,219.01 MCM      
Momentary Peak    1713.00 CMS, at 198.88 M (MSL.) at 12.00 hours, on Aug 02, 1932
Runoff Yield      15.27 Liters/Second/Square KM, Momentary Peak Yield 371.66 Liters/Second/Square KM

----------------------------------------------------------------------------------------------------------------------------------------------------

Daily Mean Discharge
Computer Center : Royal Irrigation Department, Thailand, Hydrology Division (08-Sep-2026)
Station : (N.1) ,Forestry Office, Mueang, Nan
Stream : -
River : Nan
Basin : Nan
Rating : C.000Y/1933

                                                                 Water Year - 1933                                                                  
                                 Discharge, in Cubic Meter per Second, Water Year April 01, 1933 to March 31, 1934                                  

    Date       Apr       May       Jun       Jul       Aug       Sep       Oct       Nov       Dec       Jan       Feb       Mar    Annual
       1               77.00    437.00    216.00    217.00     91.00     49.00     17.00     12.00     12.00          
       2               95.00    464.00    214.00    208.00     91.00     46.00     16.00     12.00     12.00          
       3              100.00    842.00    205.00    193.00     93.00     43.00     16.00     12.00     12.00          
       4              125.00    437.00    193.00    176.00     92.00     42.00     15.00     12.00     12.00          
       5              255.00    327.00    189.00    172.00     89.00     41.00     14.00     12.00     12.00          
       6              250.00    309.00    182.00    169.00     87.00     47.00     14.00     12.00     12.00          
       7              257.00    284.00    172.00    161.00     86.00     45.00     13.00     12.00     12.00          
       8              242.00    242.00    173.00    160.00     85.00     35.00     13.00     12.00     12.00          
       9              243.00    217.00    164.00    158.00     80.00     34.00     13.00     12.00     12.00          
      10              240.00    211.00    157.00    157.00     78.00     34.00     12.00     12.00     12.00          
      11              238.00    493.00    154.00    153.00     76.00     32.00     12.00     12.00     12.00          
      12              252.00    513.00    153.00    142.00     74.00     32.00     12.00     12.00     12.00          
      13              272.00    304.00    154.00    142.00     71.00     32.00     12.00     12.00     12.00          
      14              252.00    198.00    153.00    141.00     68.00     31.00     12.00     12.00     12.00          
      15              237.00    193.00    149.00    133.00     66.00     30.00     12.00     12.00     12.00          
      16              211.00    190.00    149.00    128.00     65.00     27.00     12.00     12.00     12.00          
      17              179.00    189.00    154.00    120.00     65.00     25.00     12.00     12.00     12.00          
      18              219.00    189.00    240.00    116.00     63.00     24.00     12.00     12.00     12.00          
      19     52.00    327.00    189.00    441.00    113.00     62.00     23.00     12.00     12.00     12.00          
      20     49.00    445.00    185.00    420.00    111.00     61.00     22.00     12.00     12.00     12.00          
      21     51.00    451.00    187.00    348.00    109.00     61.00     22.00     12.00     12.00     12.00          
      22     57.00    526.00    189.00    327.00    107.00     59.00     21.00     12.00     12.00     12.00          
      23     56.00    432.00    386.00    286.00    105.00     58.00     21.00     12.00     12.00     12.00          
      24     57.00    338.00    336.00    245.00    101.00     57.00     20.00     12.00     12.00     12.00          
      25     61.00    297.00    245.00    250.00    101.00     57.00     19.00     12.00     12.00     12.00          
      26     65.00    222.00    257.00    237.00     99.00     56.00     19.00     12.00     12.00     12.00          
      27     75.00    205.00    249.00    230.00     97.00     55.00     19.00     12.00     12.00     12.00          
      28     71.00    197.00    230.00    225.00     97.00     54.00     19.00     12.00     12.00     12.00          
      29     72.00    528.00    230.00    224.00     95.00     54.00     17.00     12.00               12.00          
      30     77.00    441.00    230.00    217.00     94.00     52.00     17.00     12.00               12.00          
      31              269.00    221.00               93.00               17.00     12.00               12.00          

Total                           743.00  8,422.00  9,173.00  6,621.00  4,168.00  2,106.00    905.00    395.00    336.00    372.00 33,241.00 CMSDAY   
Mean                             61.92    271.68    295.90    220.70    134.45     70.20     29.19     12.74     12.00     12.00    112.08 CMS      
Max                              77.00    528.00    842.00    441.00    217.00     93.00     49.00     17.00     12.00     12.00    842.00 CMS      
Min                              49.00     77.00    185.00    149.00     93.00     52.00     17.00     12.00     12.00     12.00     12.00 CMS      
Runoff                          129.51    727.66    792.55    572.05    360.12    181.96     78.19     34.13     29.03     32.14  2,937.34 MCM      
Momentary Peak    889.00 CMS, at 197.41 M (MSL.) at 15.00 hours, on Aug 03, 1933
Runoff Yield      21.01 Liters/Second/Square KM, Momentary Peak Yield 192.88 Liters/Second/Square KM

----------------------------------------------------------------------------------------------------------------------------------------------------

Daily Mean Discharge
Computer Center : Royal Irrigation Department, Thailand, Hydrology Division (08-Sep-2026)
Station : (N.1) ,Forestry Office, Mueang, Nan
Stream : -
River : Nan
Basin : Nan
Rating : C.000Y/1934

                                                                 Water Year - 1934                                                                  
                                 Discharge, in Cubic Meter per Second, Water Year April 01, 1934 to March 31, 1935                                  

    Date       Apr       May       Jun       Jul       Aug       Sep       Oct       Nov       Dec       Jan       Feb       Mar    Annual
       1     12.00     16.00     18.00     23.00    156.00    179.00    378.00          
       2     12.00     16.00     17.00     23.00    153.00    192.00    378.00          
       3     12.00     16.00     17.00     24.00    201.00    209.00    371.00          
       4     12.00     16.00     19.00     25.00    281.00    200.00    355.00          
       5     12.00     16.00     20.00     25.00    309.00    200.00    333.00          
       6     12.00     16.00     20.00     56.00    317.00    295.00    315.00          
       7     12.00     16.00     20.00     91.00    327.00    217.00    299.00          
       8     12.00     16.00     21.00    157.00    357.00    214.00    286.00          
       9     12.00     21.00     23.00    195.00    516.00    208.00    269.00          
      10     12.00     33.00     25.00    161.00    538.00    200.00    262.00          
      11     12.00     30.00     26.00    135.00    326.00    200.00    245.00          
      12     12.00     27.00     25.00    108.00    252.00    198.00    235.00          
      13     12.00     23.00     24.00     87.00    179.00    187.00    219.00          
      14     12.00     20.00     23.00     55.00    179.00    175.00    213.00          
      15     12.00     19.00     23.00     47.00    308.00    164.00    200.00          
      16     12.00     18.00     23.00     40.00    718.00    156.00    187.00          
      17     12.00     18.00     28.00     35.00    602.00    154.00    178.00          
      18     15.00     17.00     31.00     42.00    685.00    151.00    176.00          
      19     20.00     17.00     29.00     39.00    513.00    150.00    173.00          
      20     23.00     17.00     26.00     33.00    297.00    149.00    167.00          
      21     25.00     17.00     25.00     38.00    225.00    274.00    166.00          
      22     27.00     17.00     25.00     57.00    200.00    691.00    166.00          
      23     25.00     17.00     24.00    200.00    178.00    553.00    156.00          
      24     25.00     17.00     24.00    184.00    166.00    420.00    151.00          
      25     21.00     17.00     24.00    187.00    153.00    401.00    179.00          
      26     18.00     17.00     23.00    175.00    146.00    378.00    144.00          
      27     16.00     19.00     22.00    170.00    136.00    360.00    142.00          
      28     16.00     20.00     23.00    189.00    135.00    346.00    147.00          
      29     16.00     20.00     23.00    178.00    136.00    346.00    144.00          
      30     16.00     20.00     23.00    169.00    158.00    357.00    144.00          
      31               19.00              154.00    187.00              143.00          

Total       467.00    588.00    694.00  3,102.00  9,034.00  7,924.00  6,921.00                                                   28,730.00 CMSDAY   
Mean         15.57     18.97     23.13    100.06    291.42    264.13    223.26                                                      133.79 CMS      
Max          27.00     33.00     31.00    200.00    718.00    691.00    378.00                                                      718.00 CMS      
Min          12.00     16.00     17.00     23.00    135.00    149.00    142.00                                                       12.00 CMS      
Runoff       40.35     50.80     59.96    268.01    780.54    684.63    597.97                                                    2,482.26 MCM      
Momentary Peak    734.00 CMS, at 196.97 M (MSL.) at 06.00 hours, on Sep 22, 1934
Runoff Yield      0 Liters/Second/Square KM, Momentary Peak Yield 159.25 Liters/Second/Square KM

----------------------------------------------------------------------------------------------------------------------------------------------------

Daily Mean Discharge
Computer Center : Royal Irrigation Department, Thailand, Hydrology Division (08-Sep-2026)
Station : (N.1) ,Forestry Office, Mueang, Nan
Stream : -
River : Nan
Basin : Nan
Rating : C.000Y/1935

                                                                 Water Year - 1935                                                                  
                                 Discharge, in Cubic Meter per Second, Water Year April 01, 1935 to March 31, 1936                                  

    Date       Apr       May       Jun       Jul       Aug       Sep       Oct       Nov       Dec       Jan       Feb       Mar    Annual
       1    157.00    447.00    237.00    279.00          
       2    160.00    401.00    240.00    259.00          
       3    163.00    384.00    255.00    247.00          
       4    163.00    365.00    229.00    242.00          
       5    161.00    327.00    219.00    264.00          
       6    166.00    317.00    209.00    247.00          
       7    173.00    308.00    208.00    229.00          
       8    198.00    318.00    211.00    214.00          
       9    252.00    374.00    229.00    205.00          
      10    242.00    416.00    424.00    198.00          
      11    229.00    413.00    441.00    195.00          
      12    235.00    416.00    445.00    190.00          
      13    243.00    371.00    395.00    184.00          
      14    252.00    355.00    348.00    179.00          
      15    262.00    333.00    311.00    178.00          
      16    455.00    311.00    286.00    175.00          
      17    462.00    290.00    269.00    173.00          
      18    420.00    274.00    238.00    170.00          
      19    409.00    264.00    214.00    166.00          
      20    376.00    259.00    208.00    164.00          
      21    365.00    252.00    201.00    157.00          
      22    367.00    242.00    193.00    156.00          
      23    359.00    238.00    422.00    149.00          
      24    361.00    238.00    333.00    149.00          
      25    374.00    243.00    286.00    147.00          
      26    371.00    249.00    290.00    144.00          
      27    378.00    252.00    291.00    143.00          
      28    374.00    245.00    272.00    138.00          
      29    378.00    240.00    453.00    135.00          
      30    462.00    250.00    346.00    131.00          
      31    513.00    243.00              131.00          

Total                                   9,480.00  9,635.00  8,703.00  5,738.00                                                   33,556.00 CMSDAY   
Mean                                      305.81    310.81    290.10    185.10                                                      272.96 CMS      
Max                                       513.00    447.00    453.00    279.00                                                      513.00 CMS      
Min                                       157.00    238.00    193.00    131.00                                                      131.00 CMS      
Runoff                                    819.07    832.46    751.94    495.76                                                    2,899.23 MCM      
Momentary Peak    521.00 CMS, at 196.22 M (MSL.) at 06.00 hours, on Jul 31, 1935
Runoff Yield      0 Liters/Second/Square KM, Momentary Peak Yield 113.04 Liters/Second/Square KM

----------------------------------------------------------------------------------------------------------------------------------------------------

Daily Mean Discharge
Computer Center : Royal Irrigation Department, Thailand, Hydrology Division (08-Sep-2026)
Station : (N.1) ,Forestry Office, Mueang, Nan
Stream : -
River : Nan
Basin : Nan
Rating : C.000Y/1936

                                                                 Water Year - 1936                                                                  
                                 Discharge, in Cubic Meter per Second, Water Year April 01, 1936 to March 31, 1937                                  

    Date       Apr       May       Jun       Jul       Aug       Sep       Oct       Nov       Dec       Jan       Feb       Mar    Annual
       1    128.00    259.00    214.00     86.00     53.00          
       2    106.00    229.00    466.00     73.00     53.00          
       3    117.00    286.00    572.00     67.00     51.00          
       4    128.00    250.00    340.00     63.00     49.00          
       5    154.00    216.00    441.00     58.00     48.00          
       6    184.00    216.00    516.00     55.00     47.00          
       7    184.00    233.00  1,021.00     50.00     45.00          
       8    169.00    252.00  1,666.00     47.00     45.00          
       9    154.00    238.00  1,031.00     45.00     44.00          
      10    318.00    224.00    656.00     42.00     42.00          
      11    286.00    176.00    572.00     43.00     41.00          
      12    232.00    136.00  1,244.00     62.00     39.00          
      13    184.00    113.00    597.00     64.00     38.00          
      14    184.00    109.00    503.00     62.00     37.00          
      15    169.00    243.00    399.00     60.00     35.00          
      16    169.00    309.00    315.00     59.00     34.00          
      17    154.00    237.00    405.00     57.00     34.00          
      18    154.00    166.00    329.00     56.00     32.00          
      19    154.00    142.00    274.00     55.00     32.00          
      20    141.00    136.00    286.00     53.00     31.00          
      21    172.00    121.00    240.00     55.00     30.00          
      22    255.00    123.00    195.00     65.00     29.00          
      23    272.00    102.00    172.00     63.00     28.00          
      24    315.00    139.00    143.00     62.00     27.00          
      25    348.00    136.00    123.00     61.00     26.00          
      26    656.00    167.00    105.00     60.00     25.00          
      27    772.00    243.00     86.00     59.00     25.00          
      28    814.00    175.00     74.00     57.00     24.00          
      29    536.00    216.00    104.00     57.00     23.00          
      30    407.00    235.00     98.00     56.00     23.00          
      31    304.00    201.00               55.00                    

Total                                   8,320.00  6,028.00 13,187.00  1,807.00  1,090.00                                         30,432.00 CMSDAY   
Mean                                      268.39    194.45    439.57     58.29     36.33                                            199.41 CMS      
Max                                       814.00    309.00  1,666.00     86.00     53.00                                          1,666.00 CMS      
Min                                       106.00    102.00     74.00     42.00     23.00                                             23.00 CMS      
Runoff                                    718.85    520.82  1,139.36    156.12     94.18                                          2,629.33 MCM      
Momentary Peak    1699.00 CMS, at 198.86 M (MSL.) at 09.00 hours, on Sep 08, 1936
Runoff Yield      0 Liters/Second/Square KM, Momentary Peak Yield 368.63 Liters/Second/Square KM

----------------------------------------------------------------------------------------------------------------------------------------------------

Daily Mean Discharge
Computer Center : Royal Irrigation Department, Thailand, Hydrology Division (08-Sep-2026)
Station : (N.1) ,Forestry Office, Mueang, Nan
Stream : -
River : Nan
Basin : Nan
Rating : C.000Y/1937

                                                                 Water Year - 1937                                                                  
                                 Discharge, in Cubic Meter per Second, Water Year April 01, 1937 to March 31, 1938                                  

    Date       Apr       May       Jun       Jul       Aug       Sep       Oct       Nov       Dec       Jan       Feb       Mar    Annual
       1              455.00    357.00          
       2              556.00    355.00          
       3              277.00    518.00          
       4              267.00    608.00          
       5              214.00    458.00          
       6    249.00    182.00    614.00          
       7    245.00    211.00    602.00          
       8    259.00    235.00    437.00          
       9    392.00    304.00    401.00          
      10    409.00    255.00    401.00          
      11    397.00    206.00    397.00          
      12    409.00    192.00    418.00          
      13    675.00    230.00    428.00          
      14    401.00    235.00    411.00          
      15    264.00    359.00    392.00          
      16    198.00    711.00    371.00          
      17    173.00    566.00    357.00          
      18    173.00    277.00    355.00          
      19    380.00    211.00    342.00          
      20    523.00    213.00    338.00          
      21    543.00    348.00                    
      22    468.00    476.00                    
      23    291.00  1,367.00                    
      24    376.00    741.00                    
      25    161.00    521.00                    
      26    167.00    775.00                    
      27    247.00    628.00                    
      28    232.00    498.00                    
      29    342.00    420.00                    
      30    198.00    395.00                    
      31    327.00    382.00                    

Total                                   8,499.00 12,707.00  8,560.00                                                             29,766.00 CMSDAY   
Mean                                      326.88    409.90    428.00                                                                388.26 CMS      
Max                                       675.00  1,367.00    614.00                                                              1,367.00 CMS      
Min                                       161.00    182.00    338.00                                                                161.00 CMS      
Runoff                                            1,097.88                                                                        1,097.88 MCM      
Momentary Peak    1391.00 CMS, at 198.37 M (MSL.) at 06.00 hours, on Aug 23, 1937
Runoff Yield      0 Liters/Second/Square KM, Momentary Peak Yield 301.80 Liters/Second/Square KM

----------------------------------------------------------------------------------------------------------------------------------------------------

Daily Mean Discharge
Computer Center : Royal Irrigation Department, Thailand, Hydrology Division (08-Sep-2026)
Station : (N.1) ,Forestry Office, Mueang, Nan
Stream : -
River : Nan
Basin : Nan
Rating : C.000Y/1938

                                                                 Water Year - 1938                                                                  
                                 Discharge, in Cubic Meter per Second, Water Year April 01, 1938 to March 31, 1939                                  

    Date       Apr       May       Jun       Jul       Aug       Sep       Oct       Nov       Dec       Jan       Feb       Mar    Annual
       1              630.00    240.00    376.00          
       2              708.00    225.00    326.00          
       3              594.00    206.00    271.00          
       4              513.00    195.00    224.00          
       5    119.00    449.00    176.00    185.00          
       6    110.00    388.00    157.00    173.00          
       7    247.00    355.00    143.00    147.00          
       8    260.00    369.00    112.00    124.00          
       9    392.00    346.00     97.00    100.00          
      10    409.00    471.00     90.00     81.00          
      11    397.00    516.00    110.00     63.00          
      12    409.00    630.00     90.00     53.00          
      13    283.00    714.00    107.00     46.00          
      14    245.00    711.00    125.00     39.00          
      15    257.00    708.00     90.00     34.00          
      16    238.00    765.00    401.00     12.00          
      17    193.00    856.00    426.00     10.00          
      18    264.00    588.00    407.00     88.00          
      19    276.00    650.00    355.00     83.00          
      20    271.00    878.00    324.00     73.00          
      21    238.00    828.00    622.00     71.00          
      22    208.00    741.00    622.00     71.00          
      23    243.00    658.00    698.00     67.00          
      24    227.00    828.00    731.00     61.00          
      25    279.00    611.00    698.00     58.00          
      26    276.00    569.00    718.00     54.00          
      27    698.00    580.00    619.00     50.00          
      28    678.00    449.00    546.00     47.00          
      29    546.00    361.00    473.00     31.00          
      30    614.00    309.00    422.00     27.00          
      31    691.00    276.00               23.00          

Total                                   9,068.00 18,049.00 10,225.00  3,068.00                                                   40,410.00 CMSDAY   
Mean                                      335.85    582.23    340.83     98.97                                                      339.47 CMS      
Max                                       698.00    878.00    731.00    376.00                                                      878.00 CMS      
Min                                       110.00    276.00     90.00     10.00                                                       10.00 CMS      
Runoff                                            1,559.43    883.44    265.08                                                    2,707.95 MCM      
Momentary Peak    897.00 CMS, at 197.43 M (MSL.) at 18.00 hours, on Aug 20, 1938
Runoff Yield      0 Liters/Second/Square KM, Momentary Peak Yield 194.62 Liters/Second/Square KM

----------------------------------------------------------------------------------------------------------------------------------------------------

Daily Mean Discharge
Computer Center : Royal Irrigation Department, Thailand, Hydrology Division (08-Sep-2026)
Station : (N.1) ,Forestry Office, Mueang, Nan
Stream : -
River : Nan
Basin : Nan
Rating : -

                                                                 Water Year - 1987                                                                  
                                 Discharge, in Cubic Meter per Second, Water Year April 01, 1987 to March 31, 1988                                  

    Date       Apr       May       Jun       Jul       Aug       Sep       Oct       Nov       Dec       Jan       Feb       Mar    Annual
       1      5.80     13.90      8.60     33.10     54.30     88.70     81.00     40.00     30.40     17.90     11.90      9.90          
       2      5.80     12.30      8.90     27.60    120.00     84.30     72.40     40.00     30.40     17.10     11.90      9.50          
       3      5.80      9.90     13.90     21.50    105.40    136.30     78.80     42.60     30.40     17.10     11.50      9.20          
       4      5.50      8.30     41.30     18.80     82.10    147.50     74.60     50.40     30.40     16.70     11.50      9.20          
       5      5.50      9.20     35.30     17.10     68.10    135.00     76.70     57.60     29.30     16.70     11.10      8.90          
       6      5.50     16.30     25.20     16.70     58.20    125.00     81.00     56.20     29.30     16.70     11.10      8.60          
       7      5.50     17.90     19.30     15.90     56.20    103.00     68.10     55.60     27.60     16.70     10.70      9.90          
       8      5.50     15.50     16.70     21.50     53.70    132.50     96.40     58.20     27.10     16.30     10.70      9.50          
       9      5.50     12.30     23.40     24.70     54.90    137.50    120.00    158.70     27.10     16.30     10.30      9.90          
      10      5.80     10.30     35.30     28.70    106.60    140.00    122.50     66.20     26.50     16.30      9.90     10.70          
      11      5.80      9.20     36.40     24.20     87.60    116.30    106.60     53.90     26.50     15.90      9.90     10.30          
      12      5.50      8.90     26.10     22.00     74.60    107.80     84.30     48.50     25.60     15.50     10.30      9.50          
      13      5.50      8.30     21.10     20.70     59.50    104.20     70.30     44.60     25.20     15.50     10.30      9.20          
      14      5.50      8.30     20.70     19.30     54.30    116.30     58.20     43.50     24.20     15.50     10.30      8.90          
      15      5.20      8.60     19.80     17.90     51.70    101.90     65.90     45.20     24.20     15.10      9.90      8.90          
      16      5.20     11.10     19.30     17.90     49.10    116.30     88.70     43.00     23.80     14.70      9.50      8.60          
      17      5.50      8.90     20.20     17.90     53.00     99.70     61.60     41.30     23.80     14.70      9.90      8.60          
      18      9.50      8.60     21.10     28.70     89.80     92.00     56.90     39.70     22.90     14.70      9.20      8.30          
      19      6.70      8.30     23.80     27.60    188.80     88.70     54.90     38.60     22.50     13.90      9.90      8.00          
      20      6.40      8.90     20.70     24.70    192.50     86.50     53.00     38.10     22.00     13.90     11.50      8.00          
      21      6.10      8.30     17.90     24.20    131.20     98.60     54.30     36.90     21.50     13.90     11.50      8.60          
      22      7.30      7.60     16.70     24.20    105.40    101.90     56.90     35.80     21.10     13.90     12.70      8.30          
      23      8.60      7.30     16.30     20.70    319.00     85.40     54.30     34.80     21.10     13.90     11.50      8.00          
      24      9.20      6.70     15.50     19.70    937.50     70.30     54.90     34.20     20.70     13.50     11.10      7.60          
      25      8.00      6.40     14.30     43.90    660.90     58.90     70.30     33.70     20.70     13.10     10.70      7.60          
      26      6.40      6.40     13.50    107.80    315.80    117.50     58.90     33.10     20.20     13.10     10.30      7.60          
      27      5.80      6.70     13.50     88.70    206.40    185.00     54.90     33.10     20.20     12.70     10.30      7.60          
      28      5.50      6.10     13.50     58.20    160.00    123.80     50.40     32.50     19.30     12.30     10.30      7.30          
      29      6.10      6.10     13.10     47.80    131.20     94.20     45.20     32.00     18.80     12.30     10.30      7.30          
      30      8.90      7.60     59.70     40.00    109.00     87.60     43.90     30.90     18.80     11.90                7.30          
      31               11.10               37.00     94.20               43.90               18.40     12.30                7.30          

Total       188.90    295.30    651.10    958.70  4,831.00  3,282.70  2,159.80  1,398.90    750.00    460.10    310.00    268.10 15,554.60 CMSDAY   
Mean          6.30      9.50     21.70     30.90    155.80    109.40     69.70     46.60     24.20     14.80     10.70      8.60     42.50 CMS      
Max           9.50     17.90     59.70    107.80    937.50    185.00    122.50    158.70     30.40     17.90     12.70     10.70    937.50 CMS      
Min           5.20      6.10      8.60     15.90     49.10     58.90     43.90     30.90     18.40     11.90      9.20      7.30      5.20 CMS      
Runoff       16.30     25.50     56.30     82.80    417.40    283.60    186.60    120.90     64.80     39.80     26.80                     MCM      
Momentary Peak    967.40 CMS, at 198.58 M (MSL.) at 09.00 hours, on Aug 24, 1987
Runoff Yield      9.22 Liters/Second/Square KM, Momentary Peak Yield 209.89 Liters/Second/Square KM

----------------------------------------------------------------------------------------------------------------------------------------------------

Daily Mean Discharge
Computer Center : Royal Irrigation Department, Thailand, Hydrology Division (08-Sep-2026)
Station : (N.1) ,Forestry Office, Mueang, Nan
Stream : -
River : Nan
Basin : Nan
Rating : -

                                                                 Water Year - 1988                                                                  
                                 Discharge, in Cubic Meter per Second, Water Year April 01, 1988 to March 31, 1989                                  

    Date       Apr       May       Jun       Jul       Aug       Sep       Oct       Nov       Dec       Jan       Feb       Mar    Annual
       1      3.80     19.90     15.70     72.00    150.20    169.40     51.90     32.90     21.50     10.90      9.20      7.30          
       2      3.80     16.30     19.00     63.90    166.20    150.20     51.90     32.90     20.70     10.90      9.20      7.30          
       3      3.80     14.50     23.10     50.40    219.00    134.50     56.30     31.70     20.70     10.90      8.80      7.30          
       4      3.80     12.50     25.90     55.80    311.20    140.60     51.90     30.50     20.00     10.90      8.80      7.30          
       5      3.80     12.00     47.70    120.30    520.00    174.20     57.80     30.50     18.50     10.60      8.50      7.30          
       6      3.80     13.00    179.00    370.10    321.40    214.20     69.30     30.50     18.50     10.60      8.50      7.30          
       7      3.80     16.60    158.00    426.80    357.10    235.00    100.00     29.30     18.50     10.60      8.20      7.30          
       8      3.80     17.80     83.20    355.90    546.30    180.60    100.00     26.90     17.70     10.30      8.20      7.00          
       9      3.70     15.50     50.40    238.10    514.70    139.00    100.00     26.90     17.00     10.30      8.20      7.00          
      10      3.70     14.20     40.90    197.00    481.50    130.00     83.80     26.90     17.00      9.60      8.20      7.00          
      11      3.70     13.00     39.60    165.50    581.90    155.00     73.70     26.90     17.00      9.90      8.00      6.70          
      12      3.70     11.00     29.90    159.50    523.50    130.00     65.00     25.70     17.00      9.90      8.00      6.70          
      13      3.70     10.40     26.70    228.90    411.50    116.50     56.30     25.70     15.00      9.90      7.80      6.70          
      14      4.80     10.00     23.50    164.00    380.90    109.00     57.80     25.70     15.00      9.90      8.00      7.00          
      15     15.00     10.00     24.30    129.00    481.50    101.50     62.10     25.70     15.00      9.90      8.00      7.00          
      16      8.40     11.00     30.70    105.80    499.00    104.50     79.50     25.70     14.50      9.90      8.20      7.00          
      17      7.20    203.00     40.90    108.70    399.60    103.00     72.20     32.90     14.50      9.60      8.00      7.30          
      18      6.00    133.30     36.90    120.30    365.60    106.00     62.10     39.30     14.00      9.60      8.00      7.30          
      19      6.20     93.00     39.60    145.00    302.70     89.70     62.10     37.90     13.50      9.20      8.00      7.30          
      20      7.00     83.20     59.90    108.70    271.30     82.40     60.60     35.30     13.50      9.20      7.80      7.30          
      21      8.60     49.00    110.10    107.20    253.20     94.00     59.20     29.30     13.00      9.20      7.80      7.30          
      22      7.60     25.90     81.80    158.00    233.40     88.20     51.90     25.70     13.00      9.20      7.80      7.30          
      23      6.60     18.70     61.20    201.50    214.20     76.60     49.10     25.70     13.00      9.90      7.80      7.30          
      24      6.40     16.30     45.00    147.80    191.80     70.80     46.30     25.70     12.50      9.20      7.50      7.30          
      25      7.40     14.70     34.20    110.10    171.00     65.00     42.10     24.50     12.50      9.20      7.50      7.50          
      26      8.40     13.80     28.30     87.40    164.60     60.60     40.70     23.70     12.00      9.20      7.50      7.80          
      27      7.80     13.50     25.90     81.80    159.80     57.80     37.90     23.00     12.00      9.20      7.50      7.50          
      28      7.20     14.70     24.30     74.80    150.20     57.80     35.30     22.30     11.70      9.60      7.50      7.30          
      29     14.50     25.90     35.60     68.00    174.20     57.80     34.10     22.30     11.70      9.60                7.50          
      30     66.60     34.20     73.40     81.80    156.60     57.80     34.10     21.50     11.30      9.60                9.60          
      31               18.10               65.30    155.00               32.90               11.30      9.20                8.80          

Total       244.60    975.00  1,514.70  4,569.40  9,829.10  3,451.70  1,837.90    843.50    473.10    305.70    226.50    227.60 24,498.80 CMSDAY   
Mean          8.20     31.50     50.50    147.40    317.10    115.10     59.30     28.10     15.30      9.90      8.10      7.30     67.10 CMS      
Max          66.60    203.00    179.00    426.80    581.90    235.00    100.00     39.30     21.50     10.90      9.20      9.60    581.90 CMS      
Min           3.70     10.00     15.70     50.40    150.20     57.80     32.90     21.50     11.30      9.20      7.50      6.70      3.70 CMS      
Runoff       21.10     84.20    130.90    394.80    849.20    298.20    158.80     72.90     40.90     26.40     19.60                     MCM      
Momentary Peak    614.30 CMS, at 196.71 M (MSL.) at 21.00 hours, on Aug 11, 1988
Runoff Yield      14.56 Liters/Second/Square KM, Momentary Peak Yield 133.28 Liters/Second/Square KM

----------------------------------------------------------------------------------------------------------------------------------------------------

Daily Mean Discharge
Computer Center : Royal Irrigation Department, Thailand, Hydrology Division (08-Sep-2026)
Station : (N.1) ,Forestry Office, Mueang, Nan
Stream : -
River : Nan
Basin : Nan
Rating : HC1.0117Y/1989

                                                                 Water Year - 1989                                                                  
                                 Discharge, in Cubic Meter per Second, Water Year April 01, 1989 to March 31, 1990                                  

    Date       Apr       May       Jun       Jul       Aug       Sep       Oct       Nov       Dec       Jan       Feb       Mar    Annual
       1      5.60     14.08     34.80     60.00    101.70    238.40    217.50     49.35     29.40     13.75      8.75      8.60          
       2      5.60     10.50     38.40     49.70     95.05    191.80    200.80     44.10     27.80     13.75      8.75      8.60          
       3      6.00      9.00     64.20     64.20     76.90    167.25    165.50     45.40     27.00     13.50      8.68      8.53          
       4      6.20      8.25     38.40    216.10     67.00    151.60    149.90     41.50     26.35     13.25      8.68      8.45          
       5      5.60      7.80     26.00    164.25     70.30    136.40    149.90     40.20     25.70     13.25      8.68      8.45          
       6      5.40      8.50     25.55    150.25     80.20    149.90    153.30     40.20     25.05     13.75      8.60      8.38          
       7      5.40     25.10     24.20    203.20     80.20    199.00    143.10     38.90     24.40     14.00      8.60      8.38          
       8      5.40     13.43     22.85    150.25     78.55    163.75    128.40     37.60     23.10     13.75      8.60      8.30          
       9      5.20     10.50     21.05    106.80     64.20    184.75    122.00     37.60     22.45     13.50      8.60      8.38          
      10      5.20      9.50     20.60     83.50     75.25    242.20    106.00     37.60     21.80     13.25      8.60      8.38          
      11      5.20      8.00     27.40     83.50    139.70    234.60     99.60     37.60     21.15     13.25      8.60      8.68          
      12      5.00     10.83     49.70    289.63    195.40    211.80     91.60     40.20     20.50     13.00      8.60     11.75          
      13      5.00     17.00     49.70    369.20    230.80    191.80     87.10     41.50     20.50     12.75     12.50      8.68          
      14      5.00     19.25     55.80    225.35    272.60    302.00     82.75     37.60     20.00     12.50     16.80      8.60          
      15      5.00     50.80     53.00    178.25    501.80    308.00     96.40     40.20     19.50     12.75     13.25      8.75          
      16      5.00     39.30     55.80    148.50    326.00    249.80    107.60     38.90     19.00     12.50     12.75     12.50          
      17      5.00     49.70     58.60    111.90    240.30    183.00     93.20     37.60     18.50     12.25     12.25     13.50          
      18      5.00     33.90     46.40    100.00    184.75    155.00     82.75     36.30     18.50     12.00     11.75     13.25          
      19      5.00     21.50     39.30    122.25    151.60    144.80     72.70     36.30     18.00     11.75      8.75     13.00          
      20      5.00     17.45     32.30    160.75    133.20    136.40     68.50     35.00     17.50     11.75      8.60     13.75          
      21      4.80     14.08     28.80    132.75    151.60    149.90     68.50     35.00     17.50     11.75      8.60     13.50          
      22      4.80     12.78     26.00    103.40    139.70    204.40     65.70     33.40     17.50     11.75      8.60     13.00          
      23      4.80     11.80     24.65    105.10    165.50    340.00     60.15     33.40     17.00     12.00      8.60     12.75          
      24      5.00     10.83     24.65    152.00    153.30    350.30     57.45     33.40     16.50     11.75      8.45     12.50          
      25      5.00     12.45     24.20    143.25    209.90    543.90     54.75     32.60     16.50     11.75      8.53     11.75          
      26      5.00     12.78     29.50    394.55    426.35    504.00     52.05     31.80     16.50     11.75      8.45      8.75          
      27      5.60     14.40     73.60    230.90    314.00    354.50     50.70     31.00     16.00     11.75      8.45     11.75          
      28      8.50     16.35    105.10    173.00    255.50    276.40     45.40     30.20     16.00     12.00      8.53      8.75          
      29     11.80     45.30    108.50    124.00    238.40    236.50     52.05     29.40     15.50     12.00                8.68          
      30     10.25    103.40     81.85    100.00    223.20    217.50     57.45     30.20     15.50     11.75                8.68          
      31               75.25              105.10    240.30               56.10               15.10      8.75                8.60          

Total       171.35    713.81  1,310.90  4,801.63  5,683.25  7,119.65  3,038.90  1,114.05    625.80    387.25    268.60    315.62 25,550.81 CMSDAY   
Mean          5.71     23.03     43.70    154.89    183.33    237.32     98.03     37.14     20.19     12.49      9.59     10.18     70.00 CMS      
Max          11.80    103.40    108.50    394.55    501.80    543.90    217.50     49.35     29.40     14.00     16.80     13.75    543.90 CMS      
Min           4.80      7.80     20.60     49.70     64.20    136.40     45.40     29.40     15.10      8.75      8.45      8.30      4.80 CMS      
Runoff       14.80     61.67    113.26    414.86    491.03    615.14    262.56     96.25     54.07     33.46     23.21     27.27  2,207.58 MCM      
Momentary Peak    596.5 CMS, at 196.15 M (MSL.) at 24:00 hours, on Sep 25, 1989
Runoff Yield      15.35 Liters/Second/Square KM, Momentary Peak Yield 130.82 Liters/Second/Square KM

----------------------------------------------------------------------------------------------------------------------------------------------------

Daily Mean Discharge
Computer Center : Royal Irrigation Department, Thailand, Hydrology Division (08-Sep-2026)
Station : (N.1) ,Forestry Office, Mueang, Nan
Stream : -
River : Nan
Basin : Nan
Rating : HC1.0165Y/1990

                                                                 Water Year - 1990                                                                  
                                 Discharge, in Cubic Meter per Second, Water Year April 01, 1990 to March 31, 1991                                  

    Date       Apr       May       Jun       Jul       Aug       Sep       Oct       Nov       Dec       Jan       Feb       Mar    Annual
       1      7.33      8.95     30.75     71.05    594.00    177.05     82.97     53.78     31.30     18.50     11.00      8.00          
       2      7.33     11.50     30.75     70.15    498.25    155.50     81.10     51.85     30.10     19.20     11.00      8.00          
       3      7.80      8.48     36.00     68.80    387.88    199.63     79.23     56.15     30.10     19.90     10.40      7.63          
       4      7.80      9.43     43.00    130.44    361.88    228.50     86.50     53.80     30.10     20.60     10.40      8.38          
       5      7.33     14.48     51.00    165.40    274.60    212.10     74.00     49.10     28.90     20.60      9.80      8.75          
       6      8.28     35.00     41.00    335.95    243.63    179.00     71.50     53.80     28.90     19.20      9.80      8.00          
       7     11.50     23.40     32.65    310.00    201.55    140.50     69.00     69.00     28.90     19.20      9.80      7.63          
       8     11.80     17.38     29.35    266.00    201.55    129.90     79.00     53.78     28.90     19.20      9.80      7.63          
       9      8.95     14.00     70.15    160.45    216.20    143.00    133.70     61.48     28.90     19.20      9.80      8.00          
      10     10.75     11.20    226.75    119.13    292.40    131.80    121.13     81.50     27.70     18.50      9.20      8.00          
      11      9.25     10.50    106.80    100.00    292.40    171.80    104.53     84.00     24.10     18.50      9.20      7.63          
      12      8.88     11.20    163.00     70.15    324.40    174.20     86.50     59.55     27.70     17.80      8.60      7.63          
      13      8.13     10.85    130.44     61.00    260.20    254.80     76.50     56.15     25.30     16.40      8.60      7.63          
      14      8.75      9.90     69.70     59.40    197.70    289.60     61.50     49.10     24.10     15.70      8.60      7.63          
      15      8.75     10.38     48.30     56.20    171.80    260.20     61.48     42.05     24.10     14.00      8.60      7.25          
      16      8.75     11.20     37.00     47.40    163.00    253.00     53.78     45.00     22.90     13.40      8.60      6.88          
      17      8.75     16.80     30.75     45.60    153.00    222.35     49.93     41.40     22.90     13.40      8.60      6.88          
      18      7.80     24.80     26.95     50.10    139.40    188.08     58.50     39.60     22.90     12.80      8.38      6.88          
      19      5.90     28.85     28.85     46.50    129.43    157.40     51.85     39.60     22.90     12.20      8.00      7.25          
      20      6.38     24.15     28.05     43.80    116.98    141.30     56.15     36.00     22.90     12.80      8.00      7.25          
      21      5.90     28.85     27.40     55.40    112.83    129.43     53.80     34.20     21.70     12.80      8.00      7.25          
      22      6.38     27.90     28.85    269.70     92.08    114.90     55.70     30.60     21.70     12.80      8.00      7.25          
      23      7.33     27.90     39.00    280.00     84.83    104.53     49.93     34.20     21.70     12.80      8.00      7.25          
      24      6.85     33.60     49.20    383.75     77.37    106.60     51.45     32.40     21.35     12.20      8.00      7.63          
      25      6.38     29.80     69.25    379.50     81.50    127.35     53.80     30.60     20.70     11.60      7.63      7.63          
      26      6.85     25.45     61.00    288.50     81.10    125.28     53.78     28.80     21.35     11.60      7.63      7.63          
      27     11.50     24.80     69.70    223.20     96.23    106.60     59.55     32.50     22.00     11.60      7.63      7.25          
      28     13.30     28.70     71.05    219.65    141.30     90.00     61.48     32.50     21.35     11.60      8.00      7.63          
      29     13.30     30.75     94.30    280.00    108.68     82.97     58.50     32.50     20.05     11.60                7.63          
      30     11.33     26.95     97.15    475.90    160.50     82.97     59.55     32.50     20.05     12.20                7.25          
      31               29.35              776.40    171.80               53.78               19.40     11.60                7.63          

Total       259.33    626.50  1,868.14  5,909.52  6,428.47  4,880.34  2,150.17  1,397.49    764.95    473.50    249.07    234.96 25,242.44 CMSDAY   
Mean          8.64     20.21     62.27    190.63    207.37    162.68     69.36     46.58     24.68     15.27      8.90      7.58     69.16 CMS      
Max          13.30     35.00    226.75    776.40    594.00    289.60    133.70     84.00     31.30     20.60     11.00      8.75    776.40 CMS      
Min           5.90      8.48     26.95     43.80     77.37     82.97     49.93     28.80     19.40     11.60      7.63      6.88      5.90 CMS      
Runoff       22.41     54.13    161.41    510.58    555.42    421.66    185.77    120.74     66.09     40.91     21.52     20.30  2,180.94 MCM      
Momentary Peak    816.7 CMS, at 197.27 M (MSL.) at 10:00 hours, on Jul 31, 1990
Runoff Yield      15.17 Liters/Second/Square KM, Momentary Peak Yield 179.11 Liters/Second/Square KM

----------------------------------------------------------------------------------------------------------------------------------------------------

Daily Mean Discharge
Computer Center : Royal Irrigation Department, Thailand, Hydrology Division (08-Sep-2026)
Station : (N.1) ,Forestry Office, Mueang, Nan
Stream : -
River : Nan
Basin : Nan
Rating : HC1.0249Y/1991

                                                                 Water Year - 1991                                                                  
                                 Discharge, in Cubic Meter per Second, Water Year April 01, 1991 to March 31, 1992                                  

    Date       Apr       May       Jun       Jul       Aug       Sep       Oct       Nov       Dec       Jan       Feb       Mar    Annual
       1      7.18      9.85     26.60     46.10    131.35    259.09    151.13     60.05     31.25     19.50     12.78     18.00          
       2      6.10      9.43     23.40     41.20    152.17    247.01    130.60     59.28     31.25     19.25     12.78     14.05          
       3     10.28      9.43     21.00     52.50    229.25    228.65    118.04     53.70     31.25     19.50     12.78     12.78          
       4     10.28      9.43     21.00    214.10    169.00    200.68    130.90     52.73     31.25     19.75     11.93     12.78          
       5     10.70      9.43     23.40     96.20    130.60    265.13    131.05     52.73     28.75     20.00      7.93     11.93          
       6     10.70     15.80     35.60     64.95    114.78    262.11    112.60     52.73     28.75     19.75      7.93      8.00          
       7     10.28     17.80     54.10     52.50    112.60    228.50     97.98     49.83     30.00     19.50      7.86      7.93          
       8      8.50     21.00     52.50     46.10    199.40    194.30     94.60     48.87     30.00     19.00      7.79      7.93          
       9      7.90     39.80     60.30     39.48    178.60    250.03     91.23     47.90     30.00     18.50      7.79      7.79          
      10      7.30     71.50     93.00     42.60    203.23    263.62     89.20     47.90     28.75     18.25      7.86      7.79          
      11      8.75     82.25     60.30     34.20    152.17    335.05     87.18     49.83     28.75     18.25      7.86      7.79          
      12      7.70     43.00     46.80     69.35    130.90    275.70     73.23     48.87     28.75     17.75      7.79      7.79          
      13      7.18     27.20     39.48     69.35    168.25    214.70     74.00     47.90     28.75     15.33      7.72      7.93          
      14      7.18     21.80     54.40     96.63    306.05    251.54     71.68     38.00     27.50     14.90      7.72      7.93          
      15      7.70     18.60     52.55    131.05    320.00    228.50     66.25     36.90     27.50     14.90      7.72      7.86          
      16      7.70     18.60     40.80    130.75    300.30    229.40     65.48     36.35     27.50     14.48      7.72      7.86          
      17      7.70     18.20     32.80    150.10    317.50    209.60     65.48     35.80     25.00     14.48      7.65      7.79          
      18      8.75     19.80     28.30    130.75    229.40    228.95     73.23     35.25     23.75     14.48      7.58      7.72          
      19      8.23     35.60     26.60    113.69    196.85    178.80     89.88     34.70     23.75     14.48      7.51      7.72          
      20      8.23     30.50     25.00    110.43    168.25    299.15     73.23     34.70     23.75     14.48      7.51      7.72          
      21      6.10     43.45     23.40    131.20    163.00    253.05     98.65     34.15     22.50     14.48      7.65      7.65          
      22     13.25     44.90     22.60     99.33    164.50    207.05    115.86     33.60     21.25     14.90      7.58      7.58          
      23     26.10    152.30     21.80    154.23    148.03    194.30     97.30     33.60     22.00     14.48      7.72      7.58          
      24     17.50     71.50     60.30    277.21    213.43    178.50     89.88     34.15     22.00     14.48      7.58      7.58          
      25     12.83     38.15    148.50    178.50    316.50    178.60     87.18     34.15     21.30     14.90      7.58      7.44          
      26     10.70     32.70     85.20    164.50    335.05    155.27     73.23     33.60     21.30     14.05      7.65      7.65          
      27      9.85     29.00     71.50    130.15    416.10    156.30     74.00     33.05     22.00     13.20     18.00      7.86          
      28     10.70     42.60     71.50    131.20    358.14    155.27     73.23     33.05     20.60     12.78     33.80      7.51          
      29     11.13     32.70     60.30    112.60    301.45    152.17     68.58     33.05     22.00     13.20     27.20      7.37          
      30      9.85     28.30     52.50    109.34    283.25    166.00     66.25     32.50     22.00     13.20                7.44          
      31               27.40              109.34    262.11               63.93               20.60     13.63                7.51          

Total       296.35  1,072.02  1,435.53  3,329.63  6,872.21  6,647.02  2,795.06  1,258.92    803.80    499.83    298.97    270.26 25,579.60 CMSDAY   
Mean          9.88     34.58     47.85    107.41    221.68    221.57     90.16     41.96     25.93     16.12     10.31      8.72     69.89 CMS      
Max          26.10    152.30    148.50    277.21    416.10    335.05    151.13     60.05     31.25     20.00     33.80     18.00    416.10 CMS      
Min           6.10      9.43     21.00     34.20    112.60    152.17     63.93     32.50     20.60     12.78      7.51      7.37      6.10 CMS      
Runoff       25.60     92.62    124.03    287.68    593.76    574.30    241.49    108.77     69.45     43.19     25.83     23.35  2,210.07 MCM      
Momentary Peak    446.00 CMS, at 195.63 M (MSL.) at 24:00 hours, on Aug 26, 1991
Runoff Yield      15.33 Liters/Second/Square KM, Momentary Peak Yield 97.81 Liters/Second/Square KM

----------------------------------------------------------------------------------------------------------------------------------------------------

Daily Mean Discharge
Computer Center : Royal Irrigation Department, Thailand, Hydrology Division (08-Sep-2026)
Station : (N.1) ,Forestry Office, Mueang, Nan
Stream : -
River : Nan
Basin : Nan
Rating : HC1.0305Y/1992

                                                                 Water Year - 1992                                                                  
                                 Discharge, in Cubic Meter per Second, Water Year April 01, 1992 to March 31, 1993                                  

    Date       Apr       May       Jun       Jul       Aug       Sep       Oct       Nov       Dec       Jan       Feb       Mar    Annual
       1      5.10      5.30      5.50      9.00    316.20    156.00    156.00     33.80     56.00     34.80     21.85     11.50          
       2      5.10      5.30      5.35      8.85    266.75    144.00    144.00     33.20     53.00     31.50     20.40     15.27          
       3      5.10      5.35      5.20      8.70    195.87    140.05    140.05     32.60     49.00     30.40     18.95     11.50          
       4      5.10      5.35      5.15      8.55    158.00    122.80    122.80     32.00     49.00     28.20     25.00     11.50          
       5      5.10      5.25      5.20      8.40    135.10    111.10    111.10     32.00     48.00     27.10     23.65     11.50          
       6      5.10      5.15      5.50      8.40    277.80    109.75    109.75     32.00     47.00     32.00     23.65     14.38          
       7      5.05      5.10      7.95      8.10    398.93    321.00    321.00     31.40     46.00     29.10     22.30     14.38          
       8      5.05      5.05      7.95      8.25    264.81    168.00    168.00     30.80     46.00     27.65     22.30     14.38          
       9      5.05      3.50      8.40      9.00    183.07    136.75    136.75     30.20     46.00     27.65     22.30     14.38          
      10      5.10      3.50     12.20     20.45    170.00    265.75    265.75     29.60     51.00     26.20     22.30     45.80          
      11      5.10      3.42     12.80     39.50    176.67    227.87    227.87     29.00     56.00     24.75     20.95     37.00          
      12      3.50      3.34     13.10     39.50    146.00    180.93    180.93     28.40     50.00     26.20     20.95     32.00          
      13      3.50      5.05     15.68     33.20    124.60    141.70    141.70     27.80     47.00     26.20     20.95     34.80          
      14      5.05      5.05     16.34     29.00    121.00    122.80    122.80     27.20     46.00     24.75     19.60     34.80          
      15      3.50      5.05     16.78    147.50    107.05    119.20    119.20     27.20     46.00     26.20     18.25     32.00          
      16      3.42      3.50     20.45     83.40    109.75    124.60    124.60     26.60     46.00     26.20     18.25     23.30          
      17      5.10      5.10     15.46     55.87     90.40    143.35    143.35     20.00     45.00     26.20     16.90     25.00          
      18      5.45      5.30     12.80     40.00     83.20    154.00    154.00     19.75     45.00     26.20     16.90     22.30          
      19      8.55      5.05     11.30     28.55     89.20    262.50    262.50     20.00     38.00     27.65     16.90     19.60          
      20      7.65      3.50     11.90     24.50     82.00    206.53    206.53     19.75     38.00     29.10     16.90     18.25          
      21      5.35      3.50     12.80     22.25     70.00    176.00    176.00     19.50     38.00     32.00     15.55     16.90          
      22      5.25      3.50     12.80     29.00     65.00    176.00    176.00     19.50     38.00     32.00     14.20     16.90          
      23      5.15      3.50     14.80    597.63     91.60    156.00    156.00     19.25     38.00     32.00     14.20     16.90          
      24      5.15      3.50     21.35    418.25    111.10    148.00    148.00     27.80     37.40     30.55     12.85     16.90          
      25      5.05      3.50     16.12    262.88    121.00    166.00    166.00    233.81     36.80     29.10     12.85     15.55          
      26      3.50      3.50     13.70    193.73    168.13    152.00    152.00    143.35     36.20     26.20     12.85     15.55          
      27      3.50      5.05     12.80    251.25    158.00    140.05    140.05     72.00     36.20     24.75     12.85     15.55          
      28      5.20      5.05     12.20    316.55    185.20    135.10    135.10     53.00     35.00     24.75     12.85     15.55          
      29      5.30      5.35     11.60    260.94    160.00    148.00    148.00     38.00     35.00     24.75               14.20          
      30      5.30      8.85     11.30    226.06    146.00    140.05    140.05     33.80     34.40     24.75               14.20          
      31                8.40              172.40    206.53               59.00               32.00     21.85               14.20          

Total       150.42    146.91    354.48  3,369.66  4,978.96  4,895.88  4,954.88  1,223.31  1,345.00    860.75    517.45    616.04 23,413.74 CMSDAY   
Mean          5.01      4.74     11.82    108.70    160.61    163.20    159.83     40.78     43.39     27.77     18.48     19.87     64.15 CMS      
Max           8.55      8.85     21.35    597.63    398.93    321.00    321.00    233.81     56.00     34.80     25.00     45.80    597.63 CMS      
Min           3.42      3.34      5.15      8.10     65.00    109.75     59.00     19.25     32.00     21.85     12.85     11.50      3.34 CMS      
Runoff       13.00     12.69     30.63    291.14    430.18    423.00    428.10    105.69    116.21     74.37     44.71     53.23  2,022.95 MCM      
Momentary Peak    694.57 CMS, at 197.25 M (MSL.) at 15:00 hours, on Jul 23, 1992
Runoff Yield      14.07 Liters/Second/Square KM, Momentary Peak Yield 152.32 Liters/Second/Square KM

----------------------------------------------------------------------------------------------------------------------------------------------------

Daily Mean Discharge
Computer Center : Royal Irrigation Department, Thailand, Hydrology Division (08-Sep-2026)
Station : (N.1) ,Forestry Office, Mueang, Nan
Stream : -
River : Nan
Basin : Nan
Rating : HC1.0359Y/1993

                                                                 Water Year - 1993                                                                  
                                 Discharge, in Cubic Meter per Second, Water Year April 01, 1993 to March 31, 1994                                  

    Date       Apr       May       Jun       Jul       Aug       Sep       Oct       Nov       Dec       Jan       Feb       Mar    Annual
       1      8.00     13.20     34.00     81.00     80.60    207.25    139.33     60.90     18.61          
       2      8.00     11.55     37.00    107.90     93.25    166.00    139.33     54.40     17.98          
       3      7.50     12.00     32.00     81.00    109.04    172.25    147.28     51.80     17.34          
       4      9.05     11.00     34.00     63.00    176.00    153.90    123.50     47.90     16.07          
       5      8.60     10.00     74.40     63.00    166.00    149.93    105.50     46.60     16.07          
       6      9.05     10.00     45.65     71.40    140.65    133.85     93.25     46.90     14.80          
       7      7.50     10.50     50.20    301.60    129.25    147.28     84.05     45.80     15.40          
       8      9.05     11.55     48.50    274.28    123.50    128.10     78.30     45.80     14.85          
       9     10.50     14.85     50.73    193.17    147.28    112.00     73.55     44.70     14.30          
      10     11.55     14.80     45.65    215.80    125.80    109.04     71.25     44.70     14.30          
      11     10.50     14.80     52.33    341.50    104.32    132.70     70.10     44.70     14.30          
      12     10.00     15.44     52.87    241.40     92.10    145.95     77.00     44.70     14.30          
      13      9.50     16.71     42.50    450.92     82.90    141.98     67.80     43.60     14.85          
      14     10.00     16.71     37.00  1,038.00     77.00    123.50     60.90     24.50     14.85          
      15     12.00     17.98     36.00    949.75     74.70    109.04     59.75     24.50     14.30          
      16     11.50     15.95     39.35    603.00     93.25    100.78     58.60     24.50     13.20          
      17     10.50     14.30     33.00    450.92     79.45     95.55     57.00     24.50     12.65          
      18     10.50     13.75     29.60    284.60     82.90    118.90     54.40     24.50     12.10          
      19      9.50     12.65     28.40    212.75    100.78    128.10     51.80     24.50     11.55          
      20      8.50     12.10     26.60    253.00    364.48    103.14     49.20     24.50     11.00          
      21      8.00     14.80     26.00    183.50    265.80    123.50     49.20     23.75     12.00          
      22     11.00     17.98     24.50    156.55    188.50    110.22     54.40     23.00     11.00          
      23     10.50     20.52     21.50    176.00    163.18     93.25     55.15     23.00     11.00          
      24     13.75     20.52     20.00    156.55    296.10     88.65     57.00     22.25     11.00          
      25     27.50     20.00     25.25    140.65    299.40     92.10     56.30     21.50     11.00          
      26     20.75     20.00     81.00    128.10    219.63     99.00     53.10     21.50     11.00          
      27     14.85     39.35     54.47    109.04    177.25     93.25     60.90     20.75     11.00          
      28     14.30     51.80     44.23     96.70    159.20     86.35     56.30     20.00     12.00          
      29     17.34     50.20     45.18     93.25    156.55     77.00     57.00     20.52     11.00          
      30     15.95     44.70     63.00     87.50    171.00     74.70     57.45     19.25     11.00          
      31               36.00               85.20    251.55               77.00               11.00          

Total       345.24    605.71  1,234.91  7,691.03  4,791.41  3,617.26  2,295.69  1,009.52    415.82                               22,006.59 CMSDAY   
Mean         11.51     19.54     41.16    248.10    154.56    120.58     74.05     33.65     13.41                                   80.02 CMS      
Max          27.50     51.80     81.00  1,038.00    364.48    207.25    147.28     60.90     18.61                                1,038.00 CMS      
Min           7.50     10.00     20.00     63.00     74.70     74.70     49.20     19.25     11.00                                    7.50 CMS      
Runoff       29.83     52.33    106.70    664.50    413.98    312.53    198.35     87.22     35.93                                1,901.37 MCM      
Momentary Peak    1077.00 CMS, at 198.33 M (MSL.) at 09:00 hours, on Jul 14, 1993
Runoff Yield      13.22 Liters/Second/Square KM, Momentary Peak Yield 236.19 Liters/Second/Square KM

----------------------------------------------------------------------------------------------------------------------------------------------------

Daily Mean Discharge
Computer Center : Royal Irrigation Department, Thailand, Hydrology Division (08-Sep-2026)
Station : (N.1) ,Forestry Office, Mueang, Nan
Stream : -
River : Nan
Basin : Nan
Rating : HC1.0000Y/1994

                                                                 Water Year - 1994                                                                  
                                 Discharge, in Cubic Meter per Second, Water Year April 01, 1994 to March 31, 1995                                  

    Date       Apr       May       Jun       Jul       Aug       Sep       Oct       Nov       Dec       Jan       Feb       Mar    Annual
       1     21.20     11.50     51.00    103.80  1,745.00    954.60    232.30     86.20     49.60     24.30     14.60     25.80          
       2     19.70     10.30     52.00    111.00  1,397.90    605.50    203.40     83.40     63.20     24.30     13.90     25.80          
       3     17.20     10.70     91.30    113.40    730.40    523.30    196.80     79.60     91.80     23.40     13.90     25.10          
       4     15.80      9.50     83.60     89.10    507.80    463.80    196.80     77.20     71.20     23.40     13.20     23.70          
       5     15.00      7.60    107.40     77.00    885.00    414.10    195.20     74.80     60.90     24.30     12.50     23.70          
       6     14.50      3.40    182.00     77.00    717.40    350.00    177.60     76.00     55.30     23.40     12.50     23.70          
       7     14.10      2.90    222.00    103.80    503.40    372.10    171.20     74.80     57.50     22.50     12.30     23.70          
       8     13.60      3.60    162.00    125.60    403.60    354.00    162.00     72.40     94.60     22.50     15.90     23.00          
       9     13.10      5.90    120.60    112.20    366.00    304.00    156.00     68.90     70.00     22.50     32.10     22.50          
      10     13.10      8.70     97.90    105.00    346.00    264.30    153.00     67.70     57.50     22.50     37.00     22.50          
      11     12.70     19.70    200.00    124.30    280.00    310.00    157.50     67.70     51.90     23.40     35.60     22.50          
      12     12.30     33.00    163.40    174.60    239.10    346.00    157.50     67.70     49.60     21.60     35.60     22.50          
      13     12.30    118.20    108.60    128.20    205.10    294.00    218.70     65.50     46.20     20.70     34.90     22.00          
      14     15.80     74.00     83.60    103.80    280.00    251.00    179.20     63.20     41.70     20.70     34.20     21.50          
      15     13.10     33.80     67.00    135.20    507.80    272.00    153.00     60.90     40.50     20.70     34.20     21.50          
      16     12.30     24.20     62.00    166.50  1,277.00    376.30    141.00     60.90     38.30     20.70     32.80     21.50          
      17     19.20     25.60     55.00    169.60  1,389.30    412.00    142.50     60.90     37.10     20.70     31.40     21.00          
      18     15.40     21.20     47.00    288.00  1,092.50    505.60    200.00     54.10     36.00     19.80     30.70     21.00          
      19     15.00     24.90     53.00    610.50  1,245.00    424.60    176.00     58.70     37.10     19.80     30.00     20.50          
      20     16.80     63.00     47.00    544.00  1,162.80    344.00    154.50     58.70     37.10     18.90     29.30     19.90          
      21     21.20     62.00     39.00    452.80    957.90    296.00    156.00     57.50     37.10     18.90     28.60     19.90          
      22     18.70     84.70     49.00    298.00    840.50    284.00    136.60     56.40     33.30     18.90     27.90     19.90          
      23     16.80     75.00     99.00    225.50    655.50    247.60    126.80     56.40     32.40     18.90     27.20     19.90          
      24     17.20     72.00    117.00    168.00    809.20    254.80    118.40     53.00     30.60     17.30     27.20     19.40          
      25     14.10     58.00    166.20    163.50    944.70    249.30    112.80     51.90     28.80     16.60     27.20     18.90          
      26     14.10     38.00    169.00    153.00    759.00    294.00    111.40     50.70     27.90     15.90     27.20     18.90          
      27     13.60     28.30    146.40    148.50    686.20    338.00    104.40     49.60     27.00     15.90     26.50     18.90          
      28     13.60     29.80    103.80    258.60    541.70    276.00    101.60     51.90     28.80     15.90     26.50     18.90          
      29     13.10     33.80    101.40    539.40    470.40    308.00     90.40     55.30     27.00     15.20               27.20          
      30     15.80     33.80    125.60    433.00    733.00    292.00     84.80     53.00     25.20     15.20               26.50          
      31               41.00              906.00  1,233.00               83.40               24.30     14.60               26.50          

Total       460.40  1,068.10  3,172.80  7,208.90 23,912.20 10,980.90  4,750.80  1,915.00  1,409.50    623.40    724.90    688.30 56,915.20 CMSDAY   
Mean         15.35     34.45    105.76    232.55    771.36    366.03    153.25     63.83     45.47     20.11     25.89     22.20    154.69 CMS      
Max          21.20    118.20    222.00    906.00  1,745.00    954.60    232.30     86.20     94.60     24.30     37.00     27.20  1,745.00 CMS      
Min          12.30      2.90     39.00     77.00    205.10    247.60     83.40     49.60     24.30     14.60     12.30     18.90      2.90 CMS      
Runoff       39.78     92.28    274.13    622.85  2,066.01    948.75    410.47    165.46    121.78     53.86     62.63     59.47  4,917.47 MCM      
Momentary Peak    1765.01 CMS, at 199.46 M (MSL.) at 12.00 hours, on Aug 01, 1994
Runoff Yield      33.83 Liters/Second/Square KM, Momentary Peak Yield 382.95 Liters/Second/Square KM

----------------------------------------------------------------------------------------------------------------------------------------------------

Daily Mean Discharge
Computer Center : Royal Irrigation Department, Thailand, Hydrology Division (08-Sep-2026)
Station : (N.1) ,Forestry Office, Mueang, Nan
Stream : -
River : Nan
Basin : Nan
Rating : HC1.0481Y/1995

                                                                 Water Year - 1995                                                                  
                                 Discharge, in Cubic Meter per Second, Water Year April 01, 1995 to March 31, 1996                                  

    Date       Apr       May       Jun       Jul       Aug       Sep       Oct       Nov       Dec       Jan       Feb       Mar    Annual
       1     50.50     25.10     15.45          
       2     49.00     25.10     16.90          
       3     52.00     26.80     18.35          
       4     52.00     28.50     19.80          
       5     53.50     28.50     19.80          
       6     29.50     28.50     21.25          
       7     29.50     26.80     21.25          
       8     31.12     28.50     21.25          
       9     32.74     28.50     22.70          
      10     32.74     30.20     24.15          
      11     34.36     31.90     25.60          
      12     34.36     33.60     10.00          
      13     34.36     33.60     10.00          
      14     34.36     33.60     11.05          
      15     35.98     33.60     11.05          
      16     37.60     33.60     11.05          
      17     39.22     35.30     12.10          
      18     39.22     14.00     12.10          
      19     40.84     14.00     13.15          
      20     40.84     14.00     13.15          
      21     40.84     35.30     13.15          
      22     40.84     20.00     14.20          
      23     42.46     20.00     14.20          
      24     44.08     25.10     15.25          
      25     20.00     26.80     15.25          
      26     20.00     30.20     16.30          
      27     20.00     31.90     16.30          
      28     21.70     31.90     13.15          
      29     21.70     35.30     21.25          
      30     23.40               33.60          
      31     23.40               16.90          

Total                                                                                               1,102.16    810.20    519.70  2,432.06 CMSDAY   
Mean                                                                                                   35.55     27.94     16.76     26.72 CMS      
Max                                                                                                    53.50     35.30     33.60     53.50 CMS      
Min                                                                                                    20.00     14.00     10.00     10.00 CMS      
Runoff                                                                                                 95.23     70.00     44.90    210.13 MCM      
Momentary Peak    1791.40 CMS, at 199.57 M (MSL.) at 24:00 hours, on Aug 31, 1995
Runoff Yield      1.46 Liters/Second/Square KM, Momentary Peak Yield 392.86 Liters/Second/Square KM

----------------------------------------------------------------------------------------------------------------------------------------------------

Daily Mean Discharge
Computer Center : Royal Irrigation Department, Thailand, Hydrology Division (08-Sep-2026)
Station : (N.1) ,Forestry Office, Mueang, Nan
Stream : -
River : Nan
Basin : Nan
Rating : HC1.0915Y/1996

                                                                 Water Year - 1996                                                                  
                                 Discharge, in Cubic Meter per Second, Water Year April 01, 1996 to March 31, 1997                                  

    Date       Apr       May       Jun       Jul       Aug       Sep       Oct       Nov       Dec       Jan       Feb       Mar    Annual
       1      9.90     17.90     13.30     24.34    256.90    302.00    134.24     44.00     23.00     25.85     15.50     11.00          
       2      5.80     13.00     13.00     27.02    216.80    264.67    131.91     79.00     23.00     25.08     15.00     11.00          
       3      5.92     14.20     27.02     27.02    199.20    334.00    121.87     69.50     23.00     25.08     14.50     10.00          
       4      6.04     13.00     18.31     25.68    188.00    307.33    120.20     69.50     24.34     25.08     14.50      9.70          
       5      6.04     13.30     19.13     17.90    263.80    294.00    125.22     65.60     24.34     24.31     14.00      9.40          
       6      6.04     27.02     18.31     17.90    248.40    248.79    172.42     61.90     24.34     24.31     13.50      9.40          
       7      9.90     29.03     39.05     25.68    213.60    224.49    174.16     63.80     25.01     24.31     13.50      9.40          
       8      5.92     13.60     66.00     38.68    197.60    215.81    181.10     65.20     25.01     24.31     13.00      9.40          
       9      6.16     13.90     66.80     23.67    176.80    203.66    207.14     66.40     25.68     23.54     13.00      9.40          
      10      6.52     14.80     48.05     24.34    144.90    208.87    444.00     67.60     26.35     23.54     12.50      9.40          
      11      6.52     27.02     38.68     25.68    170.69    219.29    337.13     46.70     27.02     22.77     12.50      9.40          
      12      6.52     13.90     28.36     49.40    221.02    208.87    271.72     44.00     27.02     22.77     12.50      9.40          
      13      6.04     15.70     25.68     46.10    428.40    189.78    219.29     52.10     27.69     22.00     12.50      9.10          
      14      9.70     19.54    106.96     39.05    695.60    181.10    198.46     54.80     27.69     22.00     12.50      9.10          
      15     10.30     19.54    115.24     25.01    431.20    168.95    177.63     57.50     28.36     22.00     12.50      9.10          
      16      6.04     18.72    204.00     29.03    264.39    277.21    162.01     46.10     29.03     21.40     12.50      8.80          
      17      5.92     13.60    131.05     29.03    310.00    341.88    151.59     46.28     29.03     20.80     12.00      8.80          
      18      6.16     14.20     77.88     44.00    400.13    275.38    142.91     46.63     17.90     20.80     12.00      8.50          
      19      6.40     13.60     64.80    646.80    788.00    243.59    135.97     46.98     18.72     20.80     12.00      8.50          
      20      6.40     13.60     66.40    540.00    872.67    247.06    137.71     47.33     18.72     20.20     12.00      8.80          
      21     14.20     21.59     46.10    435.60    740.00    243.59    139.44     47.50     18.72     20.20     12.00      8.80          
      22      8.50     13.00     46.28    409.00    623.68    210.61    133.58     40.15     19.13     20.20     12.00      8.50          
      23     13.30     20.36     53.45    346.60    477.12    200.19    121.87     40.15     19.54     20.20     12.00      8.50          
      24     15.40     13.90     57.50    262.00    900.00    194.99    120.98     39.78     19.54     19.00     11.50      8.50          
      25     15.70     13.90     47.50    281.80    642.40    191.51    114.49     39.78     19.95     18.40     11.50      8.20          
      26     28.36     15.40     47.50    592.20    476.93    191.51    111.24     39.42     19.95     17.80     11.50      7.90          
      27     29.03      8.50     46.28    573.30    409.53    186.31     92.00     39.23     19.95     17.80     11.00      8.50          
      28     40.15      8.90     46.45    562.80    352.80    172.42     93.35     38.87     19.54     17.20     11.00     13.00          
      29     48.05      9.50     39.60    684.60    326.00    156.80     94.70     38.87     19.95     17.20               15.50          
      30     39.23     19.95     39.23    474.00    259.33    144.65     95.60     38.68     19.95     17.20               15.00          
      31               21.18              334.00    267.33               67.60               20.36     16.60               13.00          

Total       390.16    505.35  1,657.91  6,682.23 12,163.22  6,849.31  4,931.53  1,543.35    711.83    662.75    354.50    303.00 36,755.14 CMSDAY   
Mean         13.01     16.30     55.26    215.56    392.36    228.31    159.08     51.45     22.96     21.38     12.66      9.77    100.70 CMS      
Max          48.05     29.03    204.00    684.60    900.00    341.88    444.00     79.00     29.03     25.85     15.50     15.50    900.00 CMS      
Min           5.80      8.50     13.00     17.90    144.90    144.65     67.60     38.68     17.90     16.60     11.00      7.90      5.80 CMS      
Runoff       33.71     43.66    143.24    577.34  1,050.90    591.78    426.08    133.35     61.50     57.26     30.63     26.18  3,175.63 MCM      
Momentary Peak    941.60 CMS, at 197.52 M (MSL.) at 06:00 hours, on Aug 24, 1996
Runoff Yield      22.08 Liters/Second/Square KM, Momentary Peak Yield 206.50 Liters/Second/Square KM

----------------------------------------------------------------------------------------------------------------------------------------------------

Daily Mean Discharge
Computer Center : Royal Irrigation Department, Thailand, Hydrology Division (08-Sep-2026)
Station : (N.1) ,Forestry Office, Mueang, Nan
Stream : -
River : Nan
Basin : Nan
Rating : HC1.0631Y/1997

                                                                 Water Year - 1997                                                                  
                                 Discharge, in Cubic Meter per Second, Water Year April 01, 1997 to March 31, 1998                                  

    Date       Apr       May       Jun       Jul       Aug       Sep       Oct       Nov       Dec       Jan       Feb       Mar    Annual
       1     13.50     17.80     18.40     13.00     80.43    727.00    249.00     68.90     28.93     19.00     17.80      7.83          
       2     16.60     22.77     19.60     13.00    292.00    607.54    182.86     63.20     28.93     19.00     15.00      7.52          
       3     22.00     52.45     25.85     16.60    473.20    796.45    202.03     62.35     27.39     19.00     15.00      7.52          
       4     15.00     35.30     19.00     19.00    280.00    787.05    186.34     59.05     27.39     18.40     14.50      7.21          
       5     13.00     23.54     14.00     13.50    202.03    547.00    172.40     59.05     26.62     17.80     14.00      7.52          
       6     11.50     19.00     12.00     11.50    157.00    412.00    170.66     59.05     26.62     17.20     13.00      7.21          
       7     10.00     16.60     10.00     10.00    130.00    418.76    174.14     55.75     25.85     17.20     12.50      7.21          
       8     11.00     14.50     19.60     12.50    107.28    370.00    163.00     52.45     25.08     17.20     12.00      6.50          
       9     10.00     14.00     15.00     12.50     86.35    280.00    150.70     52.45     24.31     17.20     12.00      6.50          
      10     12.50     27.39     13.00     10.00     93.70    228.00    141.60     50.80     22.77     17.20     11.50      6.20          
      11     12.50     59.05     11.50      9.70    181.11    202.03    126.00     49.15     22.77     17.20     11.50      6.20          
      12     12.50     45.55      9.40      9.10    148.43    198.54    120.81     47.50     22.77     17.20     11.00      6.20          
      13     11.50     36.10      9.10      9.40    150.70    177.63    115.27     45.55     22.77     16.60      9.69      6.20          
      14     11.50     24.31      9.10     13.50    130.00    151.00    136.00     44.90     22.00     16.60      9.38      6.20          
      15     11.50     18.40      8.50     15.50    163.00    143.88    118.96     44.25     22.00     16.60      9.07      6.20          
      16     12.00     14.50      8.80     13.00    210.74    134.78    118.00     44.25     21.40     16.60      8.76      6.20          
      17     11.00     13.00     13.00     12.00    314.00    141.60    104.60     43.60     21.40     15.50      8.45      6.20          
      18     10.00     12.00     14.00     12.50    428.04    126.00     96.56     42.95     20.80     15.00      8.45      6.20          
      19     12.50     11.50     12.50     15.00    308.00    118.00    101.92     42.95     20.80     15.00      8.45      6.20          
      20     11.50     11.00     10.00     36.90    226.43    115.27    103.50     42.30     21.40     15.00      8.45      5.90          
      21     11.00     11.00      9.70    246.90    236.40    124.00     88.80     41.65     21.40     14.50      8.45      5.90          
      22      9.70     11.50      9.10    503.80    330.00    268.00     81.45     38.50     21.40     14.00      8.45      5.90          
      23      9.70     11.00      8.80    632.88    196.80    172.00     83.98     37.70     20.80     14.50      8.45      5.60          
      24      9.70     12.50      9.10    555.00    175.00    130.00     75.10     36.90     20.80     14.50      8.45      5.60          
      25     15.50     13.00      8.80    286.00    205.51    115.27     69.78     35.30     20.80     13.50      8.14      5.60          
      26     31.30     17.80      8.20    193.31    284.00    137.05     74.60     34.50     20.80     13.00      8.14      5.60          
      27     23.54     17.80      8.20    163.00    294.00    181.11     71.55     32.90     20.20     13.00      7.83      5.60          
      28     20.80     17.80      8.20    132.50    263.70    209.00    103.50     32.10     20.20     13.00      7.83      5.30          
      29     20.80     16.60      9.40    126.00    198.54    251.10    118.00     31.30     20.20     13.00                5.90          
      30     19.60     15.50     10.00    107.89    348.25    244.80     82.20     29.70     19.60     20.80                7.52          
      31               14.50               93.70    523.60               76.50               19.00     22.00                7.83          

Total       423.24    647.76    361.85  3,319.18  7,218.24  8,514.86  3,859.81  1,381.00    707.20    506.30    296.24    199.27 27,434.95 CMSDAY   
Mean         14.11     20.90     12.06    107.07    232.85    283.83    124.51     46.03     22.81     16.33     10.58      6.43     75.16 CMS      
Max          31.30     59.05     25.85    632.88    523.60    796.45    249.00     68.90     28.93     22.00     17.80      7.83    796.45 CMS      
Min           9.70     11.00      8.20      9.10     80.43    115.27     69.78     29.70     19.00     13.00      7.83      5.30      5.30 CMS      
Runoff       36.57     55.97     31.26    286.78    623.66    735.68    333.49    119.32     61.10     43.74     25.60     17.22  2,370.39 MCM      
Momentary Peak    799.00 CMS, at 197.66 M (MSL.) at 18:00 hours, on Sep 03, 1997
Runoff Yield      16.48 Liters/Second/Square KM, Momentary Peak Yield 175.22 Liters/Second/Square KM

----------------------------------------------------------------------------------------------------------------------------------------------------

Daily Mean Discharge
Computer Center : Royal Irrigation Department, Thailand, Hydrology Division (08-Sep-2026)
Station : (N.1) ,Forestry Office, Mueang, Nan
Stream : -
River : Nan
Basin : Nan
Rating : HC1.0719Y/1998

                                                                 Water Year - 1998                                                                  
                                 Discharge, in Cubic Meter per Second, Water Year April 01, 1998 to March 31, 1999                                  

    Date       Apr       May       Jun       Jul       Aug       Sep       Oct       Nov       Dec       Jan       Feb       Mar    Annual
       1      7.21      6.20     37.28     26.85     69.90    133.15     76.50     36.35     23.93     12.50      9.21      7.00          
       2      7.83      5.90     53.04     21.40     61.65    203.50     71.55     33.56     21.40     12.50      9.54      7.23          
       3      8.45      6.20     41.93     21.40     54.41    178.00     66.60     32.63     20.80     12.50      8.88      7.23          
       4     11.50      6.20     55.78    110.73     50.30    171.10     63.30     34.49     22.00     12.50      8.55      7.00          
       5     22.00      6.20     53.04    306.90     47.51    145.23     62.63     36.35     23.93     12.50      8.22      6.40          
       6     21.40     17.80     48.44    192.57     50.30    187.52     61.26     35.42     22.00     12.50      7.89      6.10          
       7     20.80     10.00    122.80    145.23     54.41    261.25     58.52     30.50     20.80     12.50      7.89      5.80          
       8     20.80      9.38     63.30    112.45     66.60    382.40     57.15     29.04     19.60     11.50      7.89      5.80          
       9     18.40      8.14     33.56     86.30     90.60    591.65     59.89     29.04     19.00     11.50      7.56      5.50          
      10     13.00      6.50     22.00     73.20    103.84    556.00     64.95     27.58     19.00     12.00      7.89      5.50          
      11     10.00      5.90     22.00     61.26    138.33    597.54     64.00     26.85     17.20     12.00      7.56      5.20          
      12      8.76      5.60     23.93     54.41    110.73    386.10     57.15     26.12     15.00     12.00      7.56      4.90          
      13      8.14      6.20     20.20     44.72     92.75    263.00     55.78     26.12     15.00     11.50      7.56      4.90          
      14      7.83     19.00     17.20     48.44     82.00    214.00     57.15     25.39     15.00     11.00      7.56      4.90          
      15      7.52     26.85     13.50    184.15     86.30    233.25     53.04     25.39     15.00     11.00      7.56      4.60          
      16      7.52     15.00     12.00    399.05     92.75    373.15     49.37     26.12     15.00     11.00      7.56      4.30          
      17      8.14     10.00     11.00    243.75    172.83    330.30     50.30     26.85     15.50     10.20      7.56      3.50          
      18      9.69     10.00      9.69    176.28    162.48    306.90     48.44     26.85     15.50     12.50      7.23      3.50          
      19     20.20     14.50     11.00    170.68    119.35    247.25     82.00     28.31     16.60     12.00      7.23      3.33          
      20     28.31     13.00      9.69    157.30    131.43    210.50     75.45     30.50     16.60     12.00      7.23      3.33          
      21     20.20     12.00      9.38    113.28    133.15    182.47     59.89     29.77     15.50     11.50      7.00      3.50          
      22     19.00     14.50     13.00     90.60    182.47    159.03     49.37     27.58     15.50     11.00      6.40      3.50          
      23     16.60     15.50     13.50     78.75    229.75    133.15     45.65     27.58     15.50     10.20      6.70      3.33          
      24     13.50     13.00     12.50     71.55    322.50    115.90     42.86     26.85     15.00      9.87      6.40      5.80          
      25     11.50     12.00     11.50     62.63    464.35    110.73     41.00     25.39     15.00      8.88      6.40      7.56          
      26      9.69     15.00     11.00     71.55    363.90    114.18     40.07     23.93     15.00      8.22      7.00     18.20          
      27      8.76     24.66     14.00    178.00    269.85    106.20     39.14     23.93     14.00      8.22      7.00     12.00          
      28      8.14     23.93     24.66    172.83    200.00     97.05     42.86     22.00     13.50      8.22      7.23      8.55          
      29      7.21     18.40     43.79    114.18    182.47     85.35     42.86     22.00     13.00      8.22                7.23          
      30      6.50     15.50     38.21     92.75    160.75     78.75     39.14     23.93     13.00      8.22                6.40          
      31               16.60               82.05    134.88               37.28               12.50      8.88                6.10          

Total       388.60    389.66    872.92  3,765.24  4,482.54  7,154.60  1,715.15    846.42    526.36    339.13    212.26    188.19 20,881.07 CMSDAY   
Mean         12.95     12.57     29.10    121.46    144.60    238.49     55.33     28.21     16.98     10.94      7.58      6.07     57.21 CMS      
Max          28.31     26.85    122.80    399.05    464.35    597.54     82.00     36.35     23.93     12.50      9.54     18.20    597.54 CMS      
Min           6.50      5.60      9.38     21.40     47.51     78.75     37.28     22.00     12.50      8.22      6.40      3.33      3.33 CMS      
Runoff       33.58     33.67     75.42    325.32    387.29    618.16    148.19     73.13     45.48     29.30     18.34     16.26  1,804.14 MCM      
Momentary Peak    645.90 CMS, at 196.94 M (MSL.) at 05:00 hours, on Sep 11, 1998
Runoff Yield      12.55 Liters/Second/Square KM, Momentary Peak Yield 141.65 Liters/Second/Square KM

----------------------------------------------------------------------------------------------------------------------------------------------------

Daily Mean Discharge
Computer Center : Royal Irrigation Department, Thailand, Hydrology Division (08-Sep-2026)
Station : (N.1) ,Forestry Office, Mueang, Nan
Stream : -
River : Nan
Basin : Nan
Rating : HC1.0815Y/1999

                                                                 Water Year - 1999                                                                  
                                 Discharge, in Cubic Meter per Second, Water Year April 01, 1999 to March 31, 2000                                  

    Date       Apr       May       Jun       Jul       Aug       Sep       Oct       Nov       Dec       Jan       Feb       Mar    Annual
       1      5.50     13.00     36.35     94.40    149.50    529.71    234.53     99.55     36.35     21.50     19.80     17.90          
       2      5.50     11.50     34.49     91.79    333.40    581.88    293.80    100.60     35.42     29.22     17.88     30.14          
       3      5.50      9.87     33.56     79.36    319.00    426.07    328.00     80.24     35.42     29.22     17.88     18.50          
       4      5.50      9.21     40.06     74.96    262.27    335.20    269.60     75.84     34.49     21.50     17.88     17.88          
       5      5.20      8.55     55.60     76.72    481.50    292.00    243.20     69.55     36.35     21.50     16.92     14.04          
       6      5.50     13.50     52.30    232.80    524.36    319.00    232.80     68.60     38.21     20.90     16.92     12.12          
       7      5.20     15.50     47.74    488.64    347.80    319.00    207.20     65.75     40.06     20.30     15.96     11.95          
       8      5.80    100.60     43.90    301.00    257.07    319.00    190.10     61.95     41.34     19.70     15.00     11.95          
       9      5.80     74.96     64.80    200.00    198.35    319.00    198.35     61.95     37.50     19.70     15.00     11.40          
      10     10.20     57.80     46.46    164.50    246.67    285.00    178.55     62.90     37.28     19.70     15.00     11.40          
      11     11.00     58.90     37.50    178.55    623.60    404.87    164.50     79.36     35.42     19.10     15.00     10.85          
      12      8.88     49.02    142.00    151.00  1,146.80  1,130.00    163.00     99.55     32.63     19.10     15.00     10.85          
      13      7.56     36.35    134.95    117.40    885.00  1,064.20    158.50     80.24     28.20     17.90     14.04     11.40          
      14      6.70     25.70     81.12    102.70    610.40    669.80    145.00     67.65     27.20     17.90     13.08     11.40          
      15      7.89     24.20     90.05     92.66    488.64    497.57    137.65     62.90     27.20     17.90     13.08     10.85          
      16     10.20     24.70     92.66     80.24    384.70    515.43    129.55     60.00     27.20     17.30     13.08      9.75          
      17     14.00     24.20     64.80     74.08    349.60    486.86    126.85     54.50     26.20     16.70     13.08      9.75          
      18     14.50     26.70     50.10     66.70    427.83    466.40    118.75     52.30     25.20     16.10     14.04      9.20          
      19     14.50     39.14     45.18     62.90    456.60    408.40    106.90     50.10     25.20     16.10     18.84      9.20          
      20     15.50    116.05    167.50     60.00    486.86    524.36    102.70     50.30     24.20     16.70     19.80      8.65          
      21     12.50     67.65    358.60     66.70    349.60    735.20    100.60     49.02     24.20     16.10     16.10      8.10          
      22     17.65     51.20    204.80     65.75    289.20    533.29     94.40     46.46     24.20     16.70     19.80      7.55          
      23     14.00     60.00    130.90     61.95    268.20    610.40     90.92     45.18     23.70     16.70     15.96      7.55          
      24     11.00     62.90    126.85     57.80    248.40    623.60     88.31     42.62     21.50     16.70     13.08      7.55          
      25     10.20     61.95    356.80     65.75    243.20    502.93     82.00     41.34     21.50     16.70     11.16      7.55          
      26      8.55     49.02    391.50     88.31    210.80    408.40     87.44     40.06     21.50     16.10     12.50      7.15          
      27      7.23     37.28    278.00    103.75    198.35    338.80     90.92     38.78     23.70     16.10     11.95      9.75          
      28      7.00     27.70    186.80    100.60    229.33    304.60    106.90     37.50     21.50     16.10     11.16      9.20          
      29     21.50     36.35    134.95     94.40    286.40    272.40     88.31     39.14     21.50     19.80     17.88      8.65          
      30     18.75     40.07    105.85     94.40    388.10    246.67     81.12     38.21     21.50     19.80                8.10          
      31               33.56              102.70    524.36               78.48               21.50     19.80                7.55          

Total       298.81  1,267.13  3,636.17  3,692.51 12,215.89 14,470.04  4,718.93  1,822.14    897.37    588.64    446.87    347.88 44,402.38 CMSDAY   
Mean          9.96     40.88    121.21    119.11    394.06    482.33    152.22     60.74     28.95     18.99     15.41     11.22    121.32 CMS      
Max          21.50    116.05    391.50    488.64  1,146.80  1,130.00    328.00    100.60     41.34     29.22     19.80     30.14  1,146.80 CMS      
Min           5.20      8.55     33.56     57.80    149.50    246.67     78.48     37.50     21.50     16.10     11.16      7.15      5.20 CMS      
Runoff       25.82    109.48    314.17    319.03  1,055.45  1,250.21    407.72    157.43     77.53     50.86     38.61     30.06  3,836.37 MCM      
Momentary Peak    1284.00 CMS, at 199.25 M (MSL.) at 18:00 hours, on Sep 12, 1999
Runoff Yield      26.61 Liters/Second/Square KM, Momentary Peak Yield 281.59 Liters/Second/Square KM

----------------------------------------------------------------------------------------------------------------------------------------------------

Daily Mean Discharge
Computer Center : Royal Irrigation Department, Thailand, Hydrology Division (08-Sep-2026)
Station : (N.1) ,Forestry Office, Mueang, Nan
Stream : -
River : Nan
Basin : Nan
Rating : HC1.0915Y/2000

                                                                 Water Year - 2000                                                                  
                                 Discharge, in Cubic Meter per Second, Water Year April 01, 2000 to March 31, 2001                                  

    Date       Apr       May       Jun       Jul       Aug       Sep       Oct       Nov       Dec       Jan       Feb       Mar    Annual
       1      8.10     15.96     45.12    106.05    206.40    219.00    193.80     98.00     35.40     22.30     13.70      6.32          
       2     11.16     16.92     43.60     99.15    191.00    216.20    171.00     81.00     35.40     21.45     13.10      6.32          
       3     11.40     17.30     72.60     99.15    160.60    199.40    174.90     72.20     34.45     21.45     12.50      6.32          
       4      9.75     18.84     86.64    160.60    180.10    273.80    153.00     66.70     34.45     20.60     11.90      6.32          
       5      7.55     21.50     54.70    109.50    199.40    409.70    140.50     63.40     33.50     20.60     11.30      5.79          
       6      6.80     52.80     42.08    189.60    196.60    516.65    139.25     61.20     32.55     20.60     10.70      5.79          
       7      6.80     62.30     43.24    110.65    228.80    484.10    150.50     59.00     33.50     19.75     10.10      5.79          
       8      6.45     40.55     37.60     85.40    299.90    505.80    139.25     56.80     31.60     18.90     10.10      5.79          
       9      6.10     31.96     81.00    100.30    323.10    434.50    131.80     54.60     31.60     18.90      9.50      7.91          
      10      6.10     21.50    206.40    184.00    275.25    381.80    124.60     53.50     30.65     18.90      8.97     32.55          
      11      6.10     17.30    154.25    163.20    231.60    314.40    124.60     51.40     29.70     18.05      8.44     24.95          
      12      6.45     34.74     91.10    395.75    205.00    283.95    114.10     51.40     29.70     18.05      8.44     21.45          
      13      8.10    136.20     72.20  1,182.80    184.00    508.90    104.90     50.35     28.75     18.05      8.97     26.85          
      14      8.65     73.20     62.30  1,569.60    167.10    524.40     98.00     49.30     28.75     18.05      7.91     28.75          
      15      8.65     72.60     56.80    820.00    154.25    383.35     93.40     48.25     28.75     18.05      7.91     25.90          
      16      8.10    115.40     56.80    453.10    151.75    295.55     88.80     47.20     27.80     18.05      7.91     20.60          
      17      7.50    149.35     82.10    320.20    165.80    248.40     86.50     46.15     27.80     20.60      7.91     27.80          
      18      7.50    102.40     64.50    269.45    174.90    223.20     85.40     45.10     26.85     21.45      7.91     17.20          
      19      8.65     72.60    103.75    244.20    185.40    205.00     83.20     45.10     25.90     19.75      7.91     14.90          
      20      7.50     81.60    224.60    202.20    174.90    188.20     78.80     44.05     25.90     18.90      7.91     14.90          
      21      6.80    120.60    154.25    254.00    141.75    174.90     74.40     43.00     25.90     18.05      7.38     13.70          
      22      8.10     95.18    124.60    279.60    136.75    165.80     72.20     43.00     24.95     17.20      7.38     12.50          
      23      7.15     72.60    106.05    220.40    128.20    161.90     73.30     41.10     24.95     17.20      7.38     13.10          
      24     11.40     52.80    102.60    220.40    143.00    150.50     77.70     40.15     24.00     16.35      7.38     11.30          
      25     10.85     45.13    112.95    235.80    161.90    248.40     82.10     39.20     23.15     15.50      6.32      9.50          
      26     10.30     37.60     89.95    234.40    245.60    397.30     74.40     38.25     23.15     15.50      6.32      8.44          
      27     16.70     43.60     92.25    258.20    255.40    213.40     67.80     37.30     23.15     14.90      6.32      8.44          
      28     45.12     41.36    159.30    193.80    304.25    184.00     64.50     37.30     23.15     14.30      6.32      8.97          
      29     19.10     35.66    119.85    167.10    278.15    198.00     91.10     38.25     23.15     14.30               10.70          
      30     17.88     37.60     92.25    275.25    230.20    174.90    109.50     37.30     22.30     13.70                8.97          
      31               42.08              217.60    221.80              114.10               22.30     13.70                8.44          

Total       310.81  1,779.23  2,835.43  9,421.45  6,302.85  8,885.40  3,377.40  1,539.55    873.15    563.15    247.89    426.26 36,562.57 CMSDAY   
Mean         10.36     57.39     94.51    303.92    203.32    296.18    108.95     51.32     28.17     18.17      8.85     13.75    100.17 CMS      
Max          45.12    149.35    224.60  1,569.60    323.10    524.40    193.80     98.00     35.40     22.30     13.70     32.55  1,569.60 CMS      
Min           6.10     15.96     37.60     85.40    128.20    150.50     64.50     37.30     22.30     13.70      6.32      5.79      5.79 CMS      
Runoff       26.85    153.73    244.98    814.01    544.57    767.70    291.81    133.02     75.44     48.66     21.42     36.83  3,159.02 MCM      
Momentary Peak    1595.40 CMS, at 199.49 M (MSL.) at 10:00 hours, on Jul 14, 2000
Runoff Yield      21.97 Liters/Second/Square KM, Momentary Peak Yield 349.88 Liters/Second/Square KM

----------------------------------------------------------------------------------------------------------------------------------------------------

Daily Mean Discharge
Computer Center : Royal Irrigation Department, Thailand, Hydrology Division (08-Sep-2026)
Station : (N.1) ,Forestry Office, Mueang, Nan
Stream : -
River : Nan
Basin : Nan
Rating : HC1.1019Y/2001

                                                                 Water Year - 2001                                                                  
                                 Discharge, in Cubic Meter per Second, Water Year April 01, 2001 to March 31, 2002                                  

    Date       Apr       May       Jun       Jul       Aug       Sep       Oct       Nov       Dec       Jan       Feb       Mar    Annual
       1      8.32      1.17     62.00     75.50    503.70    370.45    154.38    101.50     29.88     23.98     16.38     11.95          
       2      8.32      2.47     54.50     63.88    442.44    308.00    151.00    101.75     27.36     22.64     16.38     11.95          
       3      8.32     21.85     56.38     60.13    782.00    302.13    137.80     88.63     24.84     22.64     16.38     11.95          
       4     13.00     11.60    124.60     56.05  1,147.50    481.33    132.85     86.75     22.32     21.30     15.55     11.60          
       5     11.83     11.60    142.75     99.88    990.80    571.00    139.45     73.63     22.32     19.96     15.55     11.60          
       6      8.32     19.80     92.38    122.30    650.75    702.80    134.50     73.63     19.80     19.96     13.89     11.60          
       7      7.15     12.27     62.00     71.38    567.00    801.25    131.20     84.50     27.13     19.96     13.89     11.60          
       8      5.98     11.60     71.75     69.88    404.50    551.00    129.55     75.13     27.13     18.62     13.89     11.25          
       9      4.81      9.85     54.50    175.00    442.44    498.44    129.55     73.25     25.50     17.28     13.89     11.25          
      10      3.64      5.01     44.37    202.13    383.73    509.25    206.53     63.88     25.50     17.28     13.06     11.25          
      11      3.64      7.43     35.44    137.80    379.30    430.00    169.40     58.25     22.25     15.94     12.23     11.25          
      12      2.47      7.50     42.48    106.88    747.50    386.68    157.85     54.50     20.63     17.28     12.23     10.90          
      13     14.69     12.27     27.36     78.88    720.00    461.11    142.75     48.88     20.63     21.30     12.23     10.90          
      14     17.38     11.06     29.88     78.88    607.00    415.00    122.95     61.35     22.25     20.70     12.23     10.90          
      15     17.75      9.55     27.13    104.10    860.00    340.95    114.50     53.40     22.25     28.00     12.23     10.55          
      16     13.65     34.92     22.25    185.60    899.00    293.33    117.10     45.45     27.13     21.30     12.23     10.55          
      17     13.00     45.00     48.10    149.35    676.40    250.80    141.10     42.80     22.25     19.96     12.23     10.55          
      18     10.66     23.88     42.58    172.55    630.50    252.00    121.30     37.50     20.63     18.62     12.23     10.20          
      19      8.32     24.84     32.40    250.80    621.50    247.20    117.10     42.58     19.00     17.28     12.23     10.20          
      20      5.98     37.44     19.80    196.40    475.11    221.20     99.38     40.80     15.75     15.94     12.23      9.85          
      21      4.81     34.92     23.88    472.00    418.00    224.80    101.75     37.23     14.13     17.28     12.23      9.85          
      22      3.64     50.75     23.88    681.20    409.00    206.53     90.50     33.66     14.13     18.87     13.00      9.85          
      23      2.47     45.45     15.75    518.50    335.54    209.47     79.25     31.87     14.13     18.04     12.65      9.85          
      24      1.30     33.66     24.84    456.44    287.47    244.00     77.38     45.00     28.00     18.04     12.65      9.85          
      25      1.30     33.66     31.87    335.54    242.40    291.87     75.50     45.00     25.95     18.04     12.30     10.55          
      26      1.30     65.75     29.88    331.15    229.60    290.40     79.25     39.96     23.90     21.30     12.30     10.55          
      27      1.30     45.45     27.13    557.00    320.91    229.60     90.50     37.44     21.85     15.94     12.30     10.20          
      28      2.47     37.23     25.50    385.20    401.50    205.07    104.10     32.40     21.85     18.87     12.30      9.85          
      29      1.17     31.87     20.63    281.60    349.80    191.00    160.30     32.40     19.80     17.21                9.85          
      30      1.04     27.36     25.50    315.06    323.84    170.10    199.20     32.40     19.80     17.21                9.50          
      31               24.84              565.00    355.70              137.80               19.80     16.38                9.15          

Total       208.03    752.05  1,341.51  7,356.06 16,604.93 10,656.76  3,945.77  1,675.52    687.89    597.12    370.89    330.90 44,527.43 CMSDAY   
Mean          6.93     24.26     44.72    237.29    535.64    355.23    127.28     55.85     22.19     19.26     13.25     10.67    121.99 CMS      
Max          17.75     65.75    142.75    681.20  1,147.50    801.25    206.53    101.75     29.88     28.00     16.38     11.95  1,147.50 CMS      
Min           1.04      1.17     15.75     56.05    229.60    170.10     75.50     31.87     14.13     15.94     12.23      9.15      1.04 CMS      
Runoff       17.97     64.98    115.91    635.56  1,434.67    920.74    340.91    144.76     59.43     51.59     32.04     28.59  3,847.15 MCM      
Momentary Peak    1179.00 CMS, at 198.94 M (MSL.) at 05:00 hours, on Aug 04, 2001
Runoff Yield      26.75 Liters/Second/Square KM, Momentary Peak Yield 258.56 Liters/Second/Square KM

----------------------------------------------------------------------------------------------------------------------------------------------------

Daily Mean Discharge
Computer Center : Royal Irrigation Department, Thailand, Hydrology Division (08-Sep-2026)
Station : (N.1) ,Forestry Office, Mueang, Nan
Stream : -
River : Nan
Basin : Nan
Rating : HC1.1121Y/2002

                                                                 Water Year - 2002                                                                  
                                 Discharge, in Cubic Meter per Second, Water Year April 01, 2002 to March 31, 2003                                  

    Date       Apr       May       Jun       Jul       Aug       Sep       Oct       Nov       Dec       Jan       Feb       Mar    Annual
       1      9.15      7.75    115.70     93.46    431.35    371.60    170.40     73.64     55.00     41.96     19.16     12.12          
       2      9.85      8.80     91.28     94.55    346.10    369.90    175.60     71.00     51.80     41.24     18.12     13.56          
       3     10.20      9.15     73.64    106.66    427.65    418.40    166.50     79.80     50.20     38.40     17.60     13.08          
       4      9.50      9.15     65.40     89.10    373.30    380.40    165.20     91.28     47.80     37.00     17.08     13.08          
       5      9.15     10.55     63.00     81.66    472.05    347.80    166.50     81.66     44.12     35.60     17.08     12.60          
       6      8.80     11.60     64.60     79.80    341.00    304.70    166.50     71.88     44.12     37.00     16.56     12.60          
       7      8.80     10.90     70.20     77.16    393.00    475.75    156.10     70.20     42.68     43.40     17.08     12.60          
       8      8.80     10.20     77.16     87.24    373.30    501.40    132.28     68.60     41.96     43.40     17.08     13.08          
       9      8.80     10.55    126.23    101.11    349.50    693.25    120.30     66.20     39.80     42.68     16.56     12.60          
      10      8.80     10.55    139.62     95.64    284.90    806.10    111.10     66.20     38.40     41.96     16.04     12.60          
      11      8.45     10.55    200.50     94.55    258.50    646.75    104.44     54.20     39.80     40.52     15.52     12.12          
      12      8.80     36.30    608.50     89.10    255.50    422.10    100.00     51.80     39.10     39.10     15.52     13.08          
      13      9.15     39.80    311.30     88.17    254.00    366.50     95.64     51.00     41.24     38.40     15.52     17.60          
      14     15.55     52.60    270.50     80.73    212.10    317.90     90.19     50.20     41.96     37.70     18.64     44.12          
      15     15.55     67.80    771.60     89.10    324.50    304.70     87.24     50.20     39.80     32.12     22.52     51.80          
      16     13.06    125.02    373.30    114.55    334.40    409.20     83.52     49.40     36.30     32.12     19.16     41.96          
      17     11.60    769.15    234.50    120.30    352.90    568.00     81.66     48.60     36.30     24.26     17.08     39.80          
      18     10.55    464.65    231.50    145.77    460.95    608.50     92.37     72.76     34.90     23.10     16.04     24.84          
      19     10.20    251.00    255.50    116.85    568.00    363.10     81.66    154.80     34.90     22.52     15.00     20.20          
      20      9.15    225.50    179.50    108.88    555.40    314.60     77.16     92.37     34.20     21.94     15.00     18.12          
      21      8.80    162.60    147.00    346.10    339.35    273.50     74.52     68.60     34.20     21.94     14.52     16.56          
      22      8.45    105.55    125.02  1,007.00    423.95    246.50     73.64     63.80     32.80     21.36     14.04     15.52          
      23      9.50     78.92    107.77    967.25    427.65    215.00     72.76     56.60     32.12     21.36     13.56     16.04          
      24     12.30     68.60     94.55    534.40    429.50    199.05     73.64     54.20     31.44     21.36     13.08     20.78          
      25     18.04    105.55     90.19    334.40    481.30    197.60     77.16     51.80     30.76     20.78     12.60     23.68          
      26     14.72    120.30     79.80    261.50    356.30    174.30     77.16     52.60     34.90     20.20     12.60     17.60          
      27     12.23    184.70     79.80    219.50    296.45    156.10     84.45     55.80    178.20     19.68     12.12     16.56          
      28     11.60    160.00    131.07    196.15    298.10    145.77     88.17     63.00    109.99     19.68     12.12     16.04          
      29      8.45    115.70    121.45    288.20    497.30    153.50    104.44     66.20     55.80     19.16               18.64          
      30      8.10    116.85     96.73    536.50    658.00    175.60    128.65     58.20     49.40     19.16               19.68          
      31              148.30              803.55    409.20               85.38               49.40     19.16               19.16          

Total       316.10  3,508.64  5,396.91  7,448.93 11,985.50 10,927.57  3,364.33  2,006.59  1,473.39    938.26    447.00    611.82 48,425.04 CMSDAY   
Mean         10.54    113.18    179.90    240.29    386.63    364.25    108.53     66.89     47.53     30.27     15.96     19.74    132.67 CMS      
Max          18.04    769.15    771.60  1,007.00    658.00    806.10    175.60    154.80    178.20     43.40     22.52     51.80  1,007.00 CMS      
Min           8.10      7.75     63.00     77.16    212.10    145.77     72.76     48.60     30.76     19.16     12.12     12.12      7.75 CMS      
Runoff       27.31    303.15    466.29    643.59  1,035.55    944.14    290.68    173.37    127.30     81.07     38.62     52.86  4,183.93 MCM      
Momentary Peak    1074.00 CMS, at 198.45 M (MSL.) at 22:00 hours, on Jul 22, 2002
Runoff Yield      29.10 Liters/Second/Square KM, Momentary Peak Yield 235.53 Liters/Second/Square KM

----------------------------------------------------------------------------------------------------------------------------------------------------

Daily Mean Discharge
Computer Center : Royal Irrigation Department, Thailand, Hydrology Division (08-Sep-2026)
Station : (N.1) ,Forestry Office, Mueang, Nan
Stream : -
River : Nan
Basin : Nan
Rating : HC1.1227Y/2003

                                                                 Water Year - 2003                                                                  
                                 Discharge, in Cubic Meter per Second, Water Year April 01, 2003 to March 31, 2004                                  

    Date       Apr       May       Jun       Jul       Aug       Sep       Oct       Nov       Dec       Jan       Feb       Mar    Annual
       1     14.85      6.53     14.62    304.40    215.60    203.60    144.23     42.12     13.93      9.40      7.05      6.84          
       2     15.08      9.71     14.62    322.60    185.60    213.20    131.30     42.12     14.16      9.40      7.05      6.84          
       3      7.59      6.44     14.39    196.40    238.75    197.60    118.79     19.75     14.39      9.40      6.91      6.84          
       4     10.24      6.48     14.39    136.60    276.60    215.60    109.58     21.50     14.39      9.40      6.91      6.84          
       5      9.18     10.24     20.04    100.50    195.20    227.60    101.50     25.00     14.62      9.78      6.91      6.84          
       6      9.71      6.52     12.44     79.69    172.56    294.60     96.50     28.50     14.62     10.54      6.91      3.00          
       7     10.24      6.64     14.16     65.86    165.48    333.80     94.57     26.75     14.39     10.92      6.91      3.00          
       8     10.77      6.64     15.54     63.25    164.30    315.60     91.78     26.75     14.62     11.30      6.94      3.00          
       9     10.77      6.72     15.77     74.11    275.25    280.65     88.99     26.75     14.85     10.92      6.98      3.00          
      10     11.30      6.76      8.12     70.39    247.50    332.40     85.27     32.00     15.08     10.92      6.94      3.00          
      11      9.18      6.76      8.65     98.50    173.74    536.00     80.62     17.32     15.08     10.92      6.91      3.00          
      12     10.77      6.56      6.48    154.04    241.25    833.00     76.90     20.04     15.54     10.92      6.87      3.00          
      13      8.65      8.65      6.64    286.20    519.80    755.10     74.11     21.40     15.77     10.54      6.84      3.00          
      14      9.71     15.54      6.56    174.92    338.00    676.30     75.04     21.40     15.77     15.00      6.84      3.00          
      15     10.77     18.68      6.60    135.54    252.50    561.40     75.97     22.76     15.77     18.48      6.84      3.00          
      16     11.30     16.60      6.56    122.91    200.00    415.75     73.18     24.12      6.00     15.25      6.84      3.00          
      17     15.54     15.08     10.77    106.52    179.64    346.40     68.53     25.48      7.06     15.75      6.84      3.00          
      18     26.84      8.65     14.85     91.78    246.25    300.20     64.12     25.48      7.06      8.26      6.84      3.00          
      19     14.62     10.24     14.62     78.76    253.75    282.00     60.64     25.48      7.06      9.40      6.84      3.00          
      20     14.85      6.48     14.39     70.39    366.00    251.25     59.77     26.84      6.53      9.78      6.87      3.00          
      21     14.62      6.52     14.85     65.86    541.40    241.25     30.48     12.44      6.53     10.54      7.05      3.00          
      22     15.54      6.56     15.77     72.25    429.00    206.00     33.02     13.48      6.53     10.92      7.01      3.00          
      23      9.71      6.68      8.65    115.70    319.80    183.20     43.18     14.52      6.53     11.30      7.01      3.00          
      24      8.65     10.77     66.73    659.30    290.40    177.28     43.18     15.56      6.53      7.12      6.98      3.00          
      25     10.77      9.71     36.84    475.40    331.00    170.20     43.18     16.60      7.06      7.08      6.94      3.00          
      26      6.52     15.54     12.44    257.70    279.30    159.58     50.80     18.68      7.06      7.05      6.84      3.00          
      27      8.65      7.59     20.76    194.00    236.25    149.68     35.96     19.72      7.59      7.05      6.84      3.00          
      28      6.52      6.56     26.84    166.66    207.20    142.05     38.60     20.76      8.12      7.01      6.84      2.70          
      29      6.44      6.60    136.60    155.13    180.82    145.32     39.48     21.80      8.65      7.01      6.84      2.70          
      30     11.30      6.68    192.80    293.20    165.48    128.12     39.48     21.80      8.65      7.05                2.70          
      31                9.71              245.00    166.66               40.36                8.65      7.05                2.10          

Total       340.68    278.84    772.49  5,433.56  8,055.08  9,274.73  2,209.11    696.92    338.59    315.46    200.39    110.40 28,026.25 CMSDAY   
Mean         11.36      8.99     25.75    175.28    259.84    309.16     71.26     23.23     10.92     10.18      6.91      3.56     76.57 CMS      
Max          26.84     18.68    192.80    659.30    541.40    833.00    144.23     42.12     15.77     18.48      7.05      6.84    833.00 CMS      
Min           6.44      6.44      6.48     63.25    164.30    128.12     30.48     12.44      6.00      7.01      6.84      2.10      2.10 CMS      
Runoff       29.43     24.09     66.74    469.46    695.96    801.34    190.87     60.21     29.25     27.26     17.31      9.54  2,421.46 MCM      
Momentary Peak    913.0 CMS, at 198.22 M (MSL.) at 15:00 hours, on Sep 12, 2003
Runoff Yield      16.79 Liters/Second/Square KM, Momentary Peak Yield 200.23 Liters/Second/Square KM

----------------------------------------------------------------------------------------------------------------------------------------------------

Daily Mean Discharge
Computer Center : Royal Irrigation Department, Thailand, Hydrology Division (08-Sep-2026)
Station : (N.1) ,Forestry Office, Mueang, Nan
Stream : -
River : Nan
Basin : Nan
Rating : HC1.1339Y/2004

                                                                 Water Year - 2004                                                                  
                                 Discharge, in Cubic Meter per Second, Water Year April 01, 2004 to March 31, 2005                                  

    Date       Apr       May       Jun       Jul       Aug       Sep       Oct       Nov       Dec       Jan       Feb       Mar    Annual
       1      1.80     10.16     80.00    173.80    240.80    267.30    184.30     53.50     44.40     21.88     13.23      6.80          
       2      1.80     10.54    317.20    130.75    221.00    377.00    175.90     50.70     43.00     21.88     13.23      6.80          
       3      3.00     59.17    163.30    107.65    212.20    572.25    162.25     51.40     36.50     21.88     12.75      6.80          
       4     10.54     35.50     90.00     84.00    201.20    454.20    153.85     50.00     35.20     21.88     12.75      6.80          
       5     27.82     15.75     62.10     71.45    189.55    624.00    144.40     49.30     33.90     21.88     12.75      6.80          
       6     15.88      7.88     48.60    100.30    186.40    421.50    138.10     47.90     31.95     20.63     12.28      6.40          
       7     10.16     41.65     41.70    301.80    218.80    326.00    138.10     47.90     29.38     20.63     12.28      6.40          
       8      7.50     50.80     47.90    223.20    232.00    351.50    128.65     46.50     28.13     20.00     12.28      6.80          
       9     16.82     41.65     54.20    229.80    267.30    603.75    129.70     45.80     26.88     20.00     11.80      6.40          
      10     40.98     15.99     52.80    362.00    391.55    805.00    123.40     45.10     25.63     20.00     11.33      6.40          
      11     28.00     15.63     46.50    534.00    374.00  1,134.50    123.40     44.40     26.25     20.00     10.85      6.00          
      12     26.28      9.02     47.90    378.50    362.00  1,317.50    130.75     43.00     25.63     18.75     10.85      6.00          
      13     26.66     10.54     47.20    411.35    461.40  1,019.00    125.50     41.70     25.00     18.13     10.38      5.60          
      14     27.05     11.30     41.70    338.00    320.00    778.00    109.75     41.70     26.25     18.13     10.38      5.60          
      15     15.99     18.75     45.80    273.80    423.20    724.00    105.55     39.75     24.38     18.13      9.90      6.00          
      16     27.82     41.05    106.60    218.80    581.25    867.50    100.30     38.45     24.38     17.50      9.90      6.00          
      17     20.14     40.40    317.20    180.10    491.40    942.00     94.00     37.80     23.75     17.50      8.95      9.43          
      18     15.25     31.30    193.75    155.95    516.60    592.50     90.00     44.40     23.75     17.50      8.95     12.75          
      19     15.00     43.70    123.40    139.15    450.60    450.60     89.00     45.10     23.75     16.08      8.48     10.85          
      20     42.33     35.20    101.35    119.20    474.00    401.45     84.00     40.40     23.13     16.08      8.48      8.95          
      21     26.50     35.20     78.00    110.80    465.00    408.05     79.00     38.45     23.13     16.08      8.48      8.48          
      22     26.28     37.80     66.35    157.00    339.50    389.90     77.00     34.55     21.88     16.08      7.60      7.60          
      23     19.31     46.50     59.55    235.30    320.00    321.50     89.00     33.90     21.88     16.08      7.60      7.60          
      24     15.16     35.85     52.80    347.00    351.50    293.40     77.00     34.55     21.25     15.60      7.60      7.60          
      25     27.82     30.65     47.90    489.30    606.00    401.45     69.75     33.25     21.25     15.60      7.20      6.80          
      26     15.38     33.25     43.00    365.00    383.30    238.60     67.20     32.60     21.25     15.60      7.20      6.00          
      27     15.88     25.00     38.45    408.05    308.80    247.60     63.80     43.70     20.63     15.13      7.20      7.60          
      28      7.88     29.38     52.80    388.25    246.45    237.50     60.40     49.30     20.63     13.70      6.80      7.60          
      29      7.12     28.13     87.00    277.70    228.70    227.60     58.70     41.05     20.00     13.70                6.40          
      30      9.78     37.15    249.90    253.35    271.20    201.20     57.85     36.50     19.38     13.70                5.60          
      31               58.70              306.00    304.60               55.60               20.00     13.23                4.80          

Total       551.93    943.59  2,804.95  7,871.35 10,640.30 15,996.35  3,286.20  1,282.65    812.52    552.96    281.48    219.66 45,243.94 CMSDAY   
Mean         18.40     30.44     93.50    253.91    343.24    533.21    106.01     42.76     26.21     17.84     10.05      7.09    123.96 CMS      
Max          42.33     59.17    317.20    534.00    606.00  1,317.50    184.30     53.50     44.40     21.88     13.23     12.75  1,317.50 CMS      
Min           1.80      7.88     38.45     71.45    186.40    201.20     55.60     32.60     19.38     13.23      6.80      4.80      1.80 CMS      
Runoff       47.69     81.53    242.35    680.08    919.32  1,382.08    283.93    110.82     70.20     47.78     24.32     18.98  3,909.08 MCM      
Momentary Peak    1354.75 CMS, at 199.27 M (MSL.) at 04:00 hours, on Sep 12, 2004
Runoff Yield      27.18 Liters/Second/Square KM, Momentary Peak Yield 297.10 Liters/Second/Square KM

----------------------------------------------------------------------------------------------------------------------------------------------------

Daily Mean Discharge
Computer Center : Royal Irrigation Department, Thailand, Hydrology Division (08-Sep-2026)
Station : (N.1) ,Forestry Office, Mueang, Nan
Stream : -
River : Nan
Basin : Nan
Rating : HC1.1457Y/2005

                                                                 Water Year - 2005                                                                  
                                 Discharge, in Cubic Meter per Second, Water Year April 01, 2005 to March 31, 2006                                  

    Date       Apr       May       Jun       Jul       Aug       Sep       Oct       Nov       Dec       Jan       Feb       Mar    Annual
       1      1.65      1.95     23.51     35.50    211.60    284.57    518.00     55.80     19.06     24.00     22.92      8.05          
       2      1.65      1.50     24.00     37.38    467.63    268.05    413.99     64.40     19.06     24.00     22.92      7.60          
       3      1.95      2.85     21.29     35.50    316.23    387.83    346.52     62.13     16.84     23.64     22.56      7.15          
       4      2.25     10.25     21.29     44.88    228.12    448.25    318.99     53.43     15.73     23.64     22.56      6.70          
       5     10.25      6.00     16.65     33.63    173.70    287.32    274.93     46.90     15.73     23.28     22.20      6.25          
       6     12.45      2.85     21.29     37.38    139.83    324.49    240.51     38.20     15.73     22.92     21.48      6.25          
       7     12.00      2.55     26.85     35.50    147.36    372.68    228.12     40.38     15.73     22.92     20.76      7.60          
       8      8.00      2.10     53.30     20.50    167.43    321.74    214.35     55.80     14.61     23.28     21.48      7.60          
       9      4.00      2.85     59.95     29.88    129.80    349.28    171.19     67.09     13.50     23.28     21.48      7.60          
      10      2.55      9.15     59.57     41.13    117.26    347.90    157.39     64.40     15.60     23.28     21.12      7.15          
      11      2.25     10.00     46.90     24.25    100.95    334.13    139.83     68.65     15.60     27.23     20.40      6.70          
      12      1.95      4.00     33.63     31.30    105.97    345.15    127.29     55.60     17.70     27.23     20.40      6.70          
      13      1.80      2.40     17.95     58.31    852.47    320.36    118.51     49.08     18.75     27.23     18.72      6.25          
      14      1.80      2.25     20.85    129.80  1,263.00    228.12    122.28     40.38     18.75     27.86     18.72      5.80          
      15      1.80      2.40     24.00     90.92    738.44    208.84    123.53     50.50     20.85     28.48     17.76      5.80          
      16      2.10      1.95     12.45    118.51    364.42    182.48    116.00     46.75     20.85     29.11     16.80      5.35          
      17      2.10      1.50      9.15     67.09    374.06    152.38    100.95     50.50     21.90     28.48     15.36      4.90          
      18      1.50      1.05      7.50     51.95    592.19    148.61     85.90     46.75     21.90     28.48     15.84      4.45          
      19      1.35      0.90     12.45    110.99    760.38    211.60     77.13     37.38     21.90     27.86     13.00      4.45          
      20      1.20      0.90     14.10     63.33    582.44    415.36     97.19     29.88     22.95     27.23     12.18      4.00          
      21      1.20      2.55      9.15     79.63    393.33    512.19    116.00     28.00     22.95     27.86     11.36      4.45          
      22      1.20     10.80     22.35    156.14    385.07    369.93     72.11     26.13     22.95     28.48     10.95      4.45          
      23      1.65     12.00     35.50    265.29    332.76    274.93     59.57     34.64     22.95     29.11     10.54      4.45          
      24      1.35      9.00    105.97    335.51    364.42    277.68     81.00     31.30     24.00     28.48     10.13      4.00          
      25      1.50      4.00    334.13    313.48    335.51    251.53     72.70     30.19     24.00     28.48     10.13      3.90          
      26      1.05      2.10    121.02    342.39    375.44    212.98     55.80     29.08     22.95     28.48     10.95      3.90          
      27      1.65      1.80     76.85    273.55    389.20    173.70     68.55     27.96     15.60     28.48     10.95      3.47          
      28      2.25      2.70     38.20    323.12    368.55    385.07     73.00     26.85     22.40     27.86      9.72      3.47          
      29      8.00      5.00     52.38    251.53    390.58    927.27     64.30     24.63     14.61     27.23               22.20          
      30      8.00     20.70     36.03    177.46    303.84    662.88     62.13     22.40     16.65     24.00               23.28          
      31               39.25              151.12    277.68               81.00               16.65     24.00               36.31          

Total       102.45    179.30  1,358.26  3,766.95 11,749.66  9,987.30  4,798.76  1,305.18    588.45    815.89    473.39    240.23 35,365.82 CMSDAY   
Mean          3.42      5.78     45.28    121.51    379.02    332.91    154.80     43.51     18.98     26.32     16.91      7.75     96.89 CMS      
Max          12.45     39.25    334.13    342.39  1,263.00    927.27    518.00     68.65     24.00     29.11     22.92     36.31  1,263.00 CMS      
Min           1.05      0.90      7.50     20.50    100.95    148.61     55.80     22.40     13.50     22.92      9.72      3.47      0.90 CMS      
Runoff        8.85     15.49    117.35    325.46  1,015.17    862.90    414.61    112.77     50.84     70.49     40.90     20.76  3,055.59 MCM      
Momentary Peak    1339.57 CMS, at 199.45 M (MSL.) at 05:00 hours, on Aug 14, 2005
Runoff Yield      21.25 Liters/Second/Square KM, Momentary Peak Yield 293.77 Liters/Second/Square KM

----------------------------------------------------------------------------------------------------------------------------------------------------

Daily Mean Discharge
Computer Center : Royal Irrigation Department, Thailand, Hydrology Division (08-Sep-2026)
Station : (N.1) ,Forestry Office, Mueang, Nan
Stream : -
River : Nan
Basin : Nan
Rating : HC1.1581Y/2006

                                                                 Water Year - 2006                                                                  
                                 Discharge, in Cubic Meter per Second, Water Year April 01, 2006 to March 31, 2007                                  

    Date       Apr       May       Jun       Jul       Aug       Sep       Oct       Nov       Dec       Jan       Feb       Mar    Annual
       1     33.90     53.88     71.10     23.64    284.03    846.96    128.80     72.30     38.72     12.40      2.90      9.05          
       2     29.74     38.12     50.50     23.64    321.42    552.73    120.30     71.90     38.72     12.40      2.90      9.05          
       3     24.00     22.20     60.50     29.74    362.63    470.90    114.35     71.70     38.12     13.40      2.70      9.05          
       4     20.76     17.76     60.00     36.31    412.25    410.00    109.25     71.50     38.12     13.40      2.70      9.05          
       5     17.28     15.84     43.42     46.12    412.75    348.05    115.20     71.30     37.52     14.40      2.70      9.05          
       6     15.84     14.88     33.90     71.50    414.25    412.25    172.75     71.10     36.91     15.40     14.40      8.67          
       7     16.80     12.18     29.11    134.75    352.91    442.58    170.45     58.25     36.31     16.40     14.40      8.67          
       8     12.18     10.95     23.28    124.55    347.24    312.00    133.90     58.50     35.71     17.40     13.08      8.67          
       9     10.54     10.13     21.84     99.90    756.63    263.73    190.00     59.00     35.71     17.40     13.08      8.67          
      10      9.72     10.13     21.12     72.90    531.52    265.98    328.01     59.25     35.11     18.40     13.08      8.48          
      11      9.72      9.72     20.76     79.67    368.30    358.58    356.96     60.00     34.50     18.40     13.08      8.10          
      12     10.13     10.54     18.24     80.00    287.41    316.71    273.88     60.25     33.90     18.40     13.08      8.29          
      13      9.31     11.36     16.80     71.10    356.96    261.47    210.80     60.50     32.25     19.40     11.76      8.10          
      14     10.54     18.72     16.80     58.00    413.25    220.40    192.33     53.50     31.62      4.50     10.44      8.10          
      15     10.95     32.25     17.76     71.50    374.78    192.55    171.60     53.13     31.00      4.50     10.44      8.10          
      16     21.48     43.42     21.48     60.50    313.88    174.28    167.38     52.38     30.37      4.50     10.44      8.29          
      17     29.74     29.74     27.23     71.20    282.90    173.90    133.05     52.00     30.37      4.30      7.80      8.10          
      18     22.20     23.28     27.23     71.30    326.13    192.78    127.95     51.63     29.74      4.30      5.16      7.91          
      19     15.36     22.56     22.92    192.63    582.15    191.88    135.60     51.25     29.11      4.10      2.52      7.72          
      20     12.59     20.76     22.20    173.90  1,209.00    261.47    130.50     51.25     29.11      3.90      2.52      7.72          
      21     16.32     17.28     21.84    171.60  2,264.78    352.10    122.00     50.50     28.48      3.70     10.60      7.53          
      22     15.36     17.28     21.84    215.60  1,489.54    361.01    116.90     46.66     22.92      3.70     10.00      7.53          
      23     12.59     71.10     35.11    281.77  1,044.40    288.54    112.65     46.12     28.48      3.50     10.00      7.72          
      24     11.36    122.00     36.91    172.75    712.68    250.19    106.70     45.04     28.48      3.30     10.00      7.91          
      25      9.72     71.60     43.42    137.30    692.92    222.00    102.45     43.96     27.23      3.30      9.81      8.10          
      26      7.60     53.13     53.50    413.25    764.50    192.70     99.05     42.88     24.00      3.30      9.62      8.29          
      27     10.13     41.80     43.42    446.60    761.88    173.52     81.00     42.34     23.64      3.30      9.24      7.72          
      28     13.00     31.62     43.96    425.00    691.40    171.60     79.67     42.34     23.64      3.10      9.24      7.53          
      29     22.56     27.86     38.72    324.24    548.69    170.07     78.67     39.32     23.28      3.10                7.34          
      30     45.58     38.12     32.25    194.80    528.49    138.15     73.00     39.32     23.28      3.10                7.72          
      31               99.90              217.20    775.00               72.60               23.28      3.10                7.53          

Total       507.00  1,020.11    997.16  4,592.96 18,984.67  8,989.08  4,527.75  1,649.17    959.63    273.80    247.69    253.76 43,002.78 CMSDAY   
Mean         16.90     32.91     33.24    148.16    612.41    299.64    146.06     54.97     30.96      8.83      8.85      8.19    117.82 CMS      
Max          45.58    122.00     71.10    446.60  2,264.78    846.96    356.96     72.30     38.72     19.40     14.40      9.05  2,264.78 CMS      
Min           7.60      9.72     16.80     23.64    282.90    138.15     72.60     39.32     22.92      3.10      2.52      7.34      2.52 CMS      
Runoff       43.80     88.14     86.15    396.83  1,640.28    776.66    391.20    142.49     82.91     23.66     21.40     21.92  3,715.44 MCM      
Momentary Peak    2862.5 CMS, at 200.62 M (MSL.) at 14:00 hours, on Aug 21, 2006
Runoff Yield      25.84 Liters/Second/Square KM, Momentary Peak Yield 627.76 Liters/Second/Square KM

----------------------------------------------------------------------------------------------------------------------------------------------------

Daily Mean Discharge
Computer Center : Royal Irrigation Department, Thailand, Hydrology Division (08-Sep-2026)
Station : (N.1) ,Forestry Office, Mueang, Nan
Stream : -
River : Nan
Basin : Nan
Rating : HC.1/1701

                                                                 Water Year - 2007                                                                  
                                 Discharge, in Cubic Meter per Second, Water Year April 01, 2007 to March 31, 2008                                  

    Date       Apr       May       Jun       Jul       Aug       Sep       Oct       Nov       Dec       Jan       Feb       Mar    Annual
       1     14.40     22.34     48.64     74.22    437.33    179.25    163.10     96.31     30.54     12.69     23.58     10.30          
       2     15.40     24.47     45.28     65.79    542.15    156.60    142.79    101.54     30.96     12.69    140.96     12.90          
       3     15.40     10.40     64.28     62.77    471.65    181.75    126.40     95.33     31.38     12.69     98.46     11.60          
       4     19.40     24.47     52.00     62.77    328.38    338.32    116.96     90.47     31.38     24.30     41.46     10.30          
       5      4.30     21.63     48.64     63.52    245.76    528.95    125.07     86.57     31.80     22.32     21.54      6.40          
       6      4.10     48.76     71.00     49.76    220.65    468.50    334.06     75.14     31.80     22.32     24.14      6.40          
       7      4.10     50.50     73.76     64.28    229.92    406.40    385.78     72.84     32.22     22.32     17.27      6.40          
       8      4.30     45.28     41.92     74.68    181.75    318.44    382.93     71.92     32.22     20.34     12.69      5.10          
       9      4.50     29.70     30.12    142.79    190.50    255.84    336.90     71.00     32.64     18.36     20.34      5.10          
      10      4.50     31.80     33.06     89.49    251.52    215.25    375.80     65.03     32.64     16.38     18.36      5.10          
      11      4.50     20.92     21.63     71.92    220.65    387.20    329.80     63.52     33.48     16.38     14.40      5.10          
      12      4.50     24.47     23.76     61.26    174.25    561.95    375.80     52.00     33.48     14.40     12.42      3.80          
      13      4.30     19.50     24.47     45.28    157.90    299.00    388.63     47.52     19.50     14.40     10.44      8.00          
      14      4.30     49.63     10.40     50.50    134.52    250.08    301.60     50.88     20.21     12.42      8.46      8.00          
      15      4.50     48.76     24.47     50.50    108.22    274.30    267.36     50.88     20.92     12.42      6.48      7.32          
      16     17.40     29.70     33.48     48.76    163.10    265.92    289.90     49.76     20.92     12.42     15.50      6.64          
      17     18.40     49.63     30.12     45.28    357.28    232.80    254.40     47.52     21.63     12.42     14.20      6.64          
      18      4.10     46.40    102.87     43.54    234.24    209.85    222.00     45.28     21.63     12.42     14.20      6.64          
      19      4.10     74.22    286.00     46.15    173.00    220.65    201.75     43.04     21.63     10.44     12.90     11.60          
      20     23.76     82.68    161.80     47.89    145.48    235.68    184.25     41.92     22.34     10.44     14.20      6.40          
      21     47.02     73.76     92.41     47.02    159.20    178.00    170.50     41.92     22.34     10.44     12.90      8.00          
      22     33.48     49.76     72.84     46.40    186.75    148.17    156.60     50.50     23.05      8.46     12.90      7.32          
      23     12.40     43.54     62.77     46.40    252.96    135.87    141.45     49.63     23.05      6.48     12.90      7.32          
      24     17.40     30.12     45.28     41.92    304.20    126.40    131.81     47.89     23.76     15.50     12.90      7.32          
      25      4.50     43.54     41.92     86.57    317.02    112.90    123.72     46.15     23.76     14.20     12.90      6.64          
      26      4.50     31.80     49.63     86.57    318.44    112.22    112.22     45.28     24.47     14.20     10.30      3.80          
      27     17.40     33.48     90.47    100.20    231.36    199.05    106.88     43.54     24.47     14.20     10.30     14.40          
      28     15.40     30.12    144.14    180.50    191.75    434.67    101.54     29.70     24.47     14.20     10.30     11.60          
      29     33.06     88.52    148.17    227.04    184.25    229.92     96.31     30.12     25.18     15.50     10.30      5.10          
      30     20.21     44.16     90.47    152.21    205.80    184.25     93.39     30.12     25.18     16.38                3.80          
      31               41.92              122.37    191.75               91.44               25.18     20.34                7.32          

Total       385.63  1,265.98  2,065.80  2,398.35  7,511.73  7,848.18  6,631.14  1,733.32    818.23    462.47    647.70    232.36 32,000.89 CMSDAY   
Mean         12.85     40.84     68.86     77.37    242.31    261.61    213.91     57.78     26.39     14.92     22.33      7.50     87.43 CMS      
Max          47.02     88.52    286.00    227.04    542.15    561.95    388.63    101.54     33.48     24.30    140.96     14.40    561.95 CMS      
Min           4.10     10.40     10.40     41.92    108.22    112.22     91.44     29.70     19.50      6.48      6.48      3.80      3.80 CMS      
Runoff       33.32    109.38    178.49    207.22    649.01    678.08    572.93    149.76     70.70     39.96     55.96     20.08  2,764.89 MCM      
Momentary Peak    717.00 CMS, at 196.93 M (MSL.) at 01:00 hours, on Sep 12, 2007
Runoff Yield      19.17 Liters/Second/Square KM, Momentary Peak Yield 157.24 Liters/Second/Square KM

----------------------------------------------------------------------------------------------------------------------------------------------------

Daily Mean Discharge
Computer Center : Royal Irrigation Department, Thailand, Hydrology Division (08-Sep-2026)
Station : (N.1) ,Forestry Office, Mueang, Nan
Stream : -
River : Nan
Basin : Nan
Rating : HC1.1819/2008

                                                                 Water Year - 2008                                                                  
                                 Discharge, in Cubic Meter per Second, Water Year April 01, 2008 to March 31, 2009                                  

    Date       Apr       May       Jun       Jul       Aug       Sep       Oct       Nov       Dec       Jan       Feb       Mar    Annual
       1      8.00     41.24     53.05    134.58    622.17    359.03    156.84     95.92     29.70     33.65     17.00      8.15          
       2      3.80     66.59     71.36    112.70    476.50    411.60    140.10    101.00     29.70     31.78     17.00      7.18          
       3      6.40     29.70     69.77    177.00    461.00    370.29    130.56    106.17     28.68     29.91     15.50      7.18          
       4      9.00     22.56    121.03    362.01    419.04    315.75    140.00    140.10     27.66     28.04     14.00      8.15          
       5      6.40     22.56    290.40    272.40    501.40    295.80    151.26    131.87     27.66     24.30     14.00      8.15          
       6      5.10     33.30    276.00    290.40    672.03    472.40    192.44    108.16     26.64     26.50     17.00      7.18          
       7     24.30     42.56    233.80    237.56    845.88    404.00    195.00    110.10     25.62     25.13     15.50      6.21          
       8     14.40     41.24    162.80    218.76  1,302.53    352.05    245.08    103.60     24.60     23.75     15.50      6.21          
       9     11.60     28.68    118.32    321.83  1,020.96    304.35    188.68    101.00     24.60     21.00     14.00      6.21          
      10      6.40     42.78    104.90    281.40    771.63    277.80    169.40     93.38     23.58     21.00     12.50      5.24          
      11      8.00     52.60     74.01    241.32    690.73    252.60    188.68     72.95     23.58     21.00     11.00      5.24          
      12      8.00     80.68    107.50    194.32    763.38    226.28    196.20     71.36     22.56     19.63     11.00      5.24          
      13      8.00     65.53    464.80    199.96  1,063.16    220.64    156.84     69.77     22.56     19.63      9.50      4.27          
      14      5.10     42.12    624.51    490.23    833.50    279.60    132.64     68.71     21.54     19.63      9.50      4.27          
      15      3.80     25.62    419.04    476.20    690.73    340.43    126.45     67.65     20.52     18.25     12.03      4.27          
      16     14.40     28.72    276.00    298.65    554.69    281.40    115.61     66.59     28.72     18.25     12.03      4.27          
      17     18.36     19.56    196.20    260.12    464.80    245.08    112.14     66.06     33.30     18.25     12.03      4.27          
      18     16.38     17.27    140.10    368.24    513.80    241.32    112.70     52.00     31.01     18.25     11.06      5.24          
      19     15.50     22.56    132.64    850.00    709.43    248.84    111.40     52.15     28.72     16.88     11.06      7.18          
      20     10.30     41.24    138.88  1,109.58    513.80    295.80    111.40     52.45     26.43     16.88     12.03     10.09          
      21     14.20     20.52    168.00    961.88    476.60    286.80    114.13     52.75     24.14     16.88     12.03      7.18          
      22     16.38     28.72    148.47    759.30    449.60    284.40    145.68     53.05     21.85     16.88     12.03      6.21          
      23     16.38     52.00    154.05    637.94    388.56    283.20    128.48     53.20     17.27     16.88     12.03      7.18          
      24     16.38    112.90    116.12    522.46    357.87    235.68    129.16     40.80     14.98     16.88     12.03      6.21          
      25      8.46     66.06    108.80    643.31    353.00    198.08    134.58     41.02     17.27     21.50     10.09      6.21          
      26     15.50     53.35     90.84    511.71    570.80    183.00    112.90     41.46     14.98     21.50      8.15      5.24          
      27     14.40     40.80     72.95    442.00    653.33    169.40    112.70     41.90     22.56     20.00      7.18      5.24          
      28     42.78     52.60     72.42    365.70    659.57    168.00    107.50     42.12     41.90     20.00      8.15      6.21          
      29     65.53     41.24    112.14    467.80    476.60    168.00    106.20     42.34     24.60     20.00                7.18          
      30     42.34     29.70    171.60    624.51    373.32    168.00    102.30     42.78     33.30     18.50                6.21          
      31               42.78              600.34    333.45              103.60               26.43     18.50                4.27          

Total       455.59  1,307.78  5,290.50 13,434.21 18,983.86  8,339.62  4,370.65  2,182.41    786.66    659.23    344.93    191.54 56,346.98 CMSDAY   
Mean         15.19     42.19    176.35    433.36    612.38    277.99    140.99     72.75     25.38     21.27     12.32      6.18    154.38 CMS      
Max          65.53    112.90    624.51  1,109.58  1,302.53    472.40    245.08    140.10     41.90     33.65     17.00     10.09  1,302.53 CMS      
Min           3.80     17.27     53.05    112.70    333.45    168.00    102.30     40.80     14.98     16.88      7.18      4.27      3.80 CMS      
Runoff       39.36    112.99    457.10  1,160.72  1,640.21    720.54    377.62    188.56     67.97     56.96     29.80     16.55  4,868.38 MCM      
Momentary Peak    1380.40 CMS, at 199.39 M (MSL.) at 11:00 hours, on Aug 08, 2008
Runoff Yield      33.86 Liters/Second/Square KM, Momentary Peak Yield 302.73 Liters/Second/Square KM

----------------------------------------------------------------------------------------------------------------------------------------------------

Daily Mean Discharge
Computer Center : Royal Irrigation Department, Thailand, Hydrology Division (08-Sep-2026)
Station : (N.1) ,Forestry Office, Mueang, Nan
Stream : -
River : Nan
Basin : Nan
Rating : HC1.1939Y/2009

                                                                 Water Year - 2009                                                                  
                                 Discharge, in Cubic Meter per Second, Water Year April 01, 2009 to March 31, 2010                                  

    Date       Apr       May       Jun       Jul       Aug       Sep       Oct       Nov       Dec       Jan       Feb       Mar    Annual
       1      6.00     10.09     41.84    297.47    117.50    174.20     88.10     57.85     18.25     19.80     13.00      4.00          
       2      7.18      8.15     28.04    250.70    192.53    152.60     84.80     52.90     16.88     19.80     12.80      4.00          
       3     12.03      8.15     21.00    192.53    213.50    132.50     79.85     46.30     23.00     19.80     12.20      4.00          
       4      8.15     13.00     20.00    132.50    143.00    122.00     74.90     43.00     23.00     19.40     11.80      3.25          
       5      6.21     12.03     15.50    229.00    113.00    105.50     79.85     46.11     23.00     13.00     11.20      3.25          
       6      5.24     12.03     18.25    654.40    102.46    107.00     98.30     44.69     21.50     12.60      5.40      3.25          
       7      4.27      9.12     33.65    602.30    122.00    131.00     78.20     43.26     21.50     12.60      5.40      3.25          
       8      8.15      7.18     35.52    383.40    205.75    107.00     81.50     41.84     20.00     31.80      5.20      3.25          
       9     13.00      5.24     33.65    263.48    163.40    102.50     73.25     40.42     20.00     34.20      5.00      3.00          
      10      8.15      4.27     34.72    199.55    131.00    102.50     83.15     37.57     20.00     27.80      4.80      3.00          
      11     12.50      4.94     37.57    168.80    129.50    105.24     94.70     36.15     18.50     21.40      4.80      3.25          
      12     22.38      4.41     31.78    143.00    195.60     95.53     88.10     34.72     17.00     20.60      4.80      3.00          
      13     21.00      3.88     26.17    256.90    174.13     98.00     88.10     41.13     15.50     19.40      4.60      3.25          
      14     18.50      4.41     26.50    814.62    263.48    103.85     98.00     37.39     14.00     13.00      4.80      3.25          
      15     17.00     11.06     18.25    388.23    441.00     96.91     98.30     37.39     15.50     12.80      4.80      3.25          
      16     12.50     23.00     26.17    276.78    646.00    207.30     86.45     35.52     14.00     12.80      4.80      3.00          
      17     13.00     19.63     78.20    246.05    341.70    422.94     68.30     37.39     14.00     12.60      4.60      3.00          
      18     10.09     15.50     94.70    435.44    285.64    387.27     73.75     33.65     14.00     12.40      4.60      3.00          
      19      9.12     14.00     89.75    661.40    207.30    256.90     71.50     33.65     14.00     12.40      4.60      3.25          
      20      8.15     76.55     52.90    335.20    172.40    198.00     79.85     31.78     15.50     12.00      4.60      4.00          
      21      6.21     88.10     36.15    242.95    145.40    175.67    123.50     29.91     15.50     11.60      4.40      5.00          
      22      4.27     28.04     28.04    210.40    175.67    168.80    143.60     28.04     14.00     11.60      4.40      4.80          
      23      4.27     19.63     26.50    174.20    186.40    171.07    120.50     26.17     15.50     11.60      4.40      4.60          
      24      6.00     23.75     23.75    143.60    202.65    143.60    111.50     24.30     15.50     11.60      4.40      4.40          
      25      4.94     20.00     24.30    132.50    159.80    141.50    117.50     26.50     15.50     11.60      4.40      4.20          
      26      4.41     14.00     22.38    119.00    141.80    134.00    108.50     23.75     14.00     12.80      4.20      3.25          
      27     10.09     23.00     19.63    101.00    123.50    137.00     84.80     23.75     15.50     12.80      4.20      3.25          
      28     23.00     29.91     31.78     96.91    116.00    111.50     71.60     21.00     15.50     23.00      4.20      3.25          
      29     13.00     26.50    105.50     94.14    104.00    101.08     76.00     19.63     14.00     21.00                3.25          
      30      9.50     33.65    215.05    101.08    103.85     94.70     64.75     19.63     12.50     19.40                3.00          
      31               37.57               94.14    138.50               58.00               12.50     13.00                4.40          

Total       308.31    610.79  1,297.24  8,441.67  5,958.46  4,587.66  2,749.20  1,055.39    519.13    520.20    168.40    109.90 26,326.35 CMSDAY   
Mean         10.28     19.70     43.24    272.31    192.21    152.92     88.68     35.18     16.75     16.78      6.01      3.55     72.13 CMS      
Max          23.00     88.10    215.05    814.62    646.00    422.94    143.60     57.85     23.00     34.20     13.00      5.00    814.62 CMS      
Min           4.27      3.88     15.50     94.14    102.46     94.70     58.00     19.63     12.50     11.60      4.20      3.00      3.00 CMS      
Runoff       26.64     52.77    112.08    729.36    514.81    396.37    237.53     91.19     44.85     44.95     14.55      9.50  2,274.60 MCM      
Momentary Peak    844.40 CMS, at 197.78 M (MSL.) at 08:00 hours, on Jul 14, 2009
Runoff Yield      15.82 Liters/Second/Square KM, Momentary Peak Yield 185.18 Liters/Second/Square KM

----------------------------------------------------------------------------------------------------------------------------------------------------

Daily Mean Discharge
Computer Center : Royal Irrigation Department, Thailand, Hydrology Division (08-Sep-2026)
Station : (N.1) ,Forestry Office, Mueang, Nan
Stream : -
River : Nan
Basin : Nan
Rating : HC1.2069/2010

                                                                 Water Year - 2010                                                                  
                                 Discharge, in Cubic Meter per Second, Water Year April 01, 2010 to March 31, 2011                                  

    Date       Apr       May       Jun       Jul       Aug       Sep       Oct       Nov       Dec       Jan       Feb       Mar    Annual
       1      4.80      4.40      5.00     37.60    141.67  1,119.50    221.33     63.33     28.60     19.00     11.20     12.40          
       2      4.40      4.00      4.80     27.80    148.03    769.33    181.83     60.40     27.80     19.00     10.00     14.80          
       3      4.20      4.00     11.20     40.60    395.00    549.20    159.00     58.45     27.80     19.00     10.00      8.80          
       4      4.20      4.00      4.80     37.00    389.35    400.05    142.00     57.48     23.00     19.33     10.00      6.40          
       5      4.00      4.00      5.40     22.60    316.81    321.93    140.40     53.58     22.20     18.40     10.00      5.20          
       6      3.25      4.20     12.60     19.40    857.90    276.85    131.50     53.58     22.20     17.48     10.00      5.20          
       7      3.00      4.00     11.20     41.80  1,282.80    250.40    125.14     53.58     21.80     16.55      8.80      4.00          
       8      3.00      3.00     49.68     41.80    603.03    221.33    121.33     51.63     21.80     16.55      8.80      7.75          
       9      2.75      3.00     42.40     33.40    573.38    228.00    120.06     49.68     21.40     16.55      8.80      7.00          
      10      2.50      4.00     21.80     32.60    581.73    257.74    127.69     47.73     21.40     16.55      7.60      5.50          
      11      2.25      4.20     12.60     23.00    576.72    292.49    116.24     43.00     21.40     17.48      6.40      4.75          
      12      2.00      5.60     11.20     21.00    686.52    451.77    116.24     43.00     22.20     19.33      6.40      4.75          
      13      2.00     20.60      6.00     19.40    432.15    380.90    116.24     42.40     32.60     22.15      7.60      4.75          
      14      2.00     21.80     13.00     20.60    442.85    499.44    106.07     41.80     41.80     19.33      5.20      4.00          
      15      1.75     20.20     21.40     13.00    444.63    871.31    103.53     41.20     37.00     17.48      5.20      5.50          
      16      1.75     11.20     19.40     12.40    407.18  1,438.50    106.07     41.20     30.20     15.63      5.20      6.40          
      17      1.75     20.20     12.80     27.80    348.00    871.68     94.70     40.60     29.40     15.63      4.00     12.85          
      18      2.00     39.40     12.00    476.00    779.75    542.00     88.10     40.00     40.60     14.70      4.00     32.87          
      19      3.25     21.80     11.20  1,309.80    870.95    414.32     86.82     39.40     30.20     13.78      4.00     40.20          
      20      5.00     12.60      5.40    385.60    548.40    341.68     87.00     38.80     27.80     12.85      4.00     28.45          
      21      4.80     11.20      4.60    181.83    394.70    304.65     96.90     38.20     22.20     12.85      4.00     19.33          
      22      4.20      5.20     11.20    211.33    425.02    259.48     88.10     37.60     21.40     12.85      7.75     12.85          
      23      3.25     12.80      6.00    547.60    396.48    290.75     80.72     37.00     21.00     11.93      7.75     13.60          
      24      3.00     56.50     21.40    347.60    309.86    266.43     76.00     34.20     20.60     11.93      7.00     11.20          
      25      2.50     42.40     22.60    292.49    449.98    237.60     74.05     33.40     20.20     14.80      7.00      7.60          
      26      2.25     28.60     19.40    337.73    775.12    227.13     71.13     32.60     19.80     13.60      6.25      5.20          
      27      3.00     20.20     11.40    259.73    867.33    217.47     91.40     31.80     19.40     13.60      5.20      4.00          
      28      2.75     12.60     21.40    253.60    612.66    209.73     85.80     31.00     19.40     13.60     16.00      7.75          
      29      3.25     12.00     37.00    201.00    614.27    206.90     76.00     30.20     19.40     12.40                7.75          
      30      4.40     11.20     22.60    183.30    676.88    259.48     72.10     29.40     19.40     12.40                5.20          
      31                5.40              157.30  1,306.35               66.25               13.00     11.20                5.20          

Total        93.25    434.30    471.48  5,616.71 17,655.50 12,978.04  3,369.74  1,296.24    767.00    487.93    208.15    321.25 43,699.59 CMSDAY   
Mean          3.11     14.01     15.72    181.18    569.53    432.60    108.70     43.21     24.74     15.74      7.43     10.36    119.72 CMS      
Max           5.00     56.50     49.68  1,309.80  1,306.35  1,438.50    221.33     63.33     41.80     22.15     16.00     40.20  1,438.50 CMS      
Min           1.75      3.00      4.60     12.40    141.67    206.90     66.25     29.40     13.00     11.20      4.00      4.00      1.75 CMS      
Runoff        8.06     37.52     40.74    485.28  1,525.44  1,121.30    291.15    112.00     66.27     42.16     17.98     27.76  3,775.66 MCM      
Momentary Peak    1598.75 CMS, at 199.45 M (MSL.) at 17:00 hours, on Aug 31, 2010
Runoff Yield      26.26 Liters/Second/Square KM, Momentary Peak Yield 350.61 Liters/Second/Square KM

----------------------------------------------------------------------------------------------------------------------------------------------------

Daily Mean Discharge
Computer Center : Royal Irrigation Department, Thailand, Hydrology Division (08-Sep-2026)
Station : (N.1) ,Forestry Office, Mueang, Nan
Stream : -
River : Nan
Basin : Nan
Rating : HC1.2220Y/2011

                                                                 Water Year - 2011                                                                  
                                 Discharge, in Cubic Meter per Second, Water Year April 01, 2011 to March 31, 2012                                  

    Date       Apr       May       Jun       Jul       Aug       Sep       Oct       Nov       Dec       Jan       Feb       Mar    Annual
       1      6.40     60.40     96.08    541.50    625.63    319.20    385.60    119.18     50.00     32.25     23.27     13.80          
       2      4.00     54.33     72.04    460.30    666.55    316.40    501.77    109.28     50.00     32.25     23.27     13.25          
       3      7.75     41.00     62.13    359.00    623.00    272.63    384.80    101.03     49.13     32.25     24.05     13.25          
       4      7.00     76.66     73.89    317.60    512.87    256.88    289.25     97.73     49.13     31.50     24.05     13.25          
       5      6.25     70.20     72.04    270.00    386.80    509.17    267.38     96.08     48.27     33.75     23.27     13.25          
       6      6.25     94.43    109.28    229.05    358.00    602.88    232.55     93.60     46.53     33.75     22.49     12.70          
       7     11.20    100.20    206.13    191.60    920.00    616.00    228.35     91.13     45.00     33.00     20.27     12.70          
       8     55.20     55.20    118.35    176.10    917.50    858.00    216.03     88.65     44.20     32.25     16.72     12.70          
       9     28.45     43.40    117.53    158.80    623.88    858.50    216.03     87.83     43.40     30.75     16.72     12.15          
      10     19.00     46.53    100.20    228.35    629.13    604.63    211.08    101.85     43.40     29.50     16.72     12.15          
      11     16.55    115.88     79.42    385.00    738.00    432.13    190.57     91.95     42.60     28.72     16.72     12.70          
      12     13.78    112.58     69.28    269.13    619.50    384.60    178.17     81.27     42.60     28.72     18.14     13.25          
      13     16.00     78.50     73.89    271.75    540.00    319.80    157.60     78.50     41.80     27.94     18.85     14.35          
      14     11.20     76.66     75.73    726.00    463.90    319.60    154.00     75.73     41.80     27.94     18.14     14.35          
      15     11.20     68.36     67.43  1,216.00    386.20    352.00    152.80     72.97     41.00     28.72     17.43     17.43          
      16     10.00     72.04     59.53  1,041.48    349.00    365.00    176.10     70.20     39.40     31.50     16.72     21.69          
      17      7.60     78.50     56.93  1,360.50    465.70    353.00    159.40     69.28     38.60     29.50     16.72     18.85          
      18      6.40    116.70     53.47    788.88    504.23    597.63    149.80     68.36     37.00     27.16     16.72     16.01          
      19      7.75    174.03     56.93    505.47    546.50  1,039.03    146.20     67.43     37.00     26.38     16.72     14.35          
      20      7.00    154.60     62.13    542.50  1,356.00    665.20    142.60     66.51     35.47     25.61     16.01     12.70          
      21      7.00    155.20     70.20    595.88  1,228.25    861.00    128.98     63.00     35.47     24.83     16.00     12.15          
      22      7.75    127.15     61.27    545.50  1,338.00    855.50    124.41     61.27     35.47     24.83     15.45     11.60          
      23      7.75     89.48     52.60    463.60  1,040.43    543.00    116.70     59.53     34.60     24.05     15.45     11.60          
      24      7.60     68.36     49.13    604.63    800.25    504.23    113.40     58.67     34.60     23.27     14.90     11.05          
      25     29.40     77.58    111.75    546.50    615.13    423.27    109.28     56.93     34.60     22.49     14.90     11.05          
      26     37.80    113.40  1,275.00    363.00    615.13    386.80    108.45     56.07     33.73     22.49     14.35     11.05          
      27     25.30    101.03  1,716.43    316.80    595.88    463.90    107.63     55.20     32.87     22.49     14.35     11.05          
      28     19.33     98.55  1,708.55    384.20    503.00    366.00    107.63     53.47     32.87     21.71     14.35     12.70          
      29     20.05    105.98  1,288.50    290.13    387.00    318.60    103.50     51.73     32.00     21.71     13.80     13.80          
      30     20.05    109.28    623.88    272.63    354.00    290.13    108.45     50.87     31.13     22.49               12.70          
      31              111.75              466.00    320.00              159.40               30.27     23.27               12.15          

Total       441.01  2,847.96  8,639.72 14,887.88 20,029.46 15,054.71  5,827.91  2,295.30  1,233.94    857.07    516.55    415.78 73,047.29 CMSDAY   
Mean         14.70     91.87    287.99    480.25    646.11    501.82    188.00     76.51     39.80     27.65     17.81     13.41    199.58 CMS      
Max          55.20    174.03  1,716.43  1,360.50  1,356.00  1,039.03    501.77    119.18     50.00     33.75     24.05     21.69  1,716.43 CMS      
Min           4.00     41.00     49.13    158.80    320.00    256.88    103.50     50.87     30.27     21.71     13.80     11.05      4.00 CMS      
Runoff       38.10    246.06    746.47  1,286.31  1,730.55  1,300.73    503.53    198.31    106.61     74.05     44.63     35.92  6,311.27 MCM      
Momentary Peak    1752.00 CMS, at 200.50 M (MSL.) at 20:00 hours, on Jun 27, 2011
Runoff Yield      43.77 Liters/Second/Square KM, Momentary Peak Yield 384.22 Liters/Second/Square KM

----------------------------------------------------------------------------------------------------------------------------------------------------

Daily Mean Discharge
Computer Center : Royal Irrigation Department, Thailand, Hydrology Division (08-Sep-2026)
Station : (N.1) ,Forestry Office, Mueang, Nan
Stream : -
River : Nan
Basin : Nan
Rating : HC1.2368Y/2012

                                                                 Water Year - 2012                                                                  
                                 Discharge, in Cubic Meter per Second, Water Year April 01, 2012 to March 31, 2013                                  

    Date       Apr       May       Jun       Jul       Aug       Sep       Oct       Nov       Dec       Jan       Feb       Mar    Annual
       1     13.25     38.50     70.11     18.14    259.55    364.35     93.26     59.10     82.20     27.28     54.43     12.15          
       2     16.72     28.72     70.11     21.69    235.00    594.00     91.54     57.80     70.11     26.17     35.60     11.33          
       3     16.01     19.56     61.05     32.25    214.70    636.40     94.99     56.50     63.00     26.17     29.51     11.33          
       4     14.90     16.01     89.81     39.80    233.50    614.00    104.48     59.10     59.10     25.05     26.17     12.15          
       5     41.75     14.35     61.05     69.20    207.93    379.75    108.79     63.00     54.02     23.94     23.94     17.10          
       6     52.38     20.98     50.75    131.56    183.77    280.80    116.55     60.40     50.75     23.94     22.82     17.64          
       7     39.15     60.40     49.12     99.30    148.27    233.50    115.69     59.10     48.30     23.94     27.00     17.10          
       8     36.75     95.85     52.38     92.40    145.33    212.77    104.48     56.50     45.00     22.82     24.66     14.63          
       9     33.00     92.40     56.50     71.92    456.00    200.20     94.13     52.38     43.70     22.82     22.32     12.98          
      10     27.16     62.35     62.35     67.39    965.98    268.90     86.36     50.75     41.75     22.82     21.15     12.98          
      11     27.16     43.05     52.38     60.40    676.00    230.20     80.40     48.30     40.45     22.82     18.81     13.80          
      12     21.71     40.45     45.00     70.11    482.05    190.53     77.70     45.00     39.15     22.82     17.64     12.15          
      13     18.14     33.75     39.80    115.69    320.00    159.27     75.90     44.35     38.50     27.00     16.47     11.33          
      14     16.72     26.38     36.00     92.40    275.70    232.60     76.80     43.70     36.75     22.82     16.47     11.42          
      15     15.45     21.71     30.75     73.74    231.70    270.60     82.20     44.35     35.25     22.82     16.47     10.84          
      16     14.90     24.05     29.50    120.00    229.30    209.87     85.50     43.70     34.50     27.00     15.30     10.84          
      17     16.00     22.49     28.72     85.50    205.03    178.93     77.70     41.75     33.75     27.00     15.30     10.84          
      18     17.43     24.83     27.16     69.20    191.50    149.00     78.60     41.10     33.00     27.00     15.30     10.26          
      19     15.45     31.50     28.72     72.83    158.53    142.40    103.61     41.75     32.25     27.00     17.93     10.26          
      20     18.85     23.27     24.83     89.81    178.93    138.00     93.26     41.10     31.50     25.83     17.10      9.68          
      21     19.56     27.94     22.49     81.30    204.07    149.73     90.68     41.75     30.75     25.83     17.10      9.68          
      22     19.56     32.25     22.49     69.20    233.80    140.93     86.36     43.05     30.75     25.83     17.93      9.10          
      23     18.85     28.72     21.71     60.40    185.70    129.13     79.50     41.75     29.50     25.83     21.15      9.10          
      24     16.01     33.00     21.69    206.00    231.10    113.96     75.90     39.80     28.72     25.83     18.81      8.52          
      25     14.35     39.80     21.69    533.75    206.97    113.10     72.83     41.75     28.72     25.83     17.93      8.52          
      26     13.25     38.50     20.98    277.40    233.50    128.31     68.29     47.48     28.72     25.83     16.28      8.52          
      27     11.60    115.69     20.27    203.10    267.20    111.38     66.48     43.70     27.94     25.83     14.63      8.52          
      28     12.70     75.00     20.27    179.90    276.55    120.00     62.35     93.26     27.16     27.00     12.98      8.52          
      29     26.38     75.00     18.85    199.23    262.10    105.34     60.40    159.27     27.16     27.00                8.52          
      30     39.15     71.92     18.85    287.60    266.35     97.58     58.45    111.38     26.38     27.00                7.94          
      31               61.05              232.00    268.90               57.80               25.61     39.80                7.94          

Total       664.29  1,339.47  1,175.38  3,823.21  8,635.01  6,895.53  2,620.98  1,672.92  1,224.44    798.67    591.20    345.69 29,786.79 CMSDAY   
Mean         22.14     43.21     39.18    123.33    278.55    229.85     84.55     55.76     39.50     25.76     21.11     11.15     81.61 CMS      
Max          52.38    115.69     89.81    533.75    965.98    636.40    116.55    159.27     82.20     39.80     54.43     17.64    965.98 CMS      
Min          11.60     14.35     18.85     18.14    145.33     97.58     57.80     39.80     25.61     22.82     12.98      7.94      7.94 CMS      
Runoff       57.39    115.73    101.55    330.33    746.06    595.77    226.45    144.54    105.79     69.01     51.08     29.87  2,573.57 MCM      
Momentary Peak    1078.8 CMS, at 198.52 M (MSL.) at 15:00 hours, on Aug 10, 2012
Runoff Yield      17.90 Liters/Second/Square KM, Momentary Peak Yield 236.59 Liters/Second/Square KM

----------------------------------------------------------------------------------------------------------------------------------------------------

Daily Mean Discharge
Computer Center : Royal Irrigation Department, Thailand, Hydrology Division (08-Sep-2026)
Station : (N.1) ,Forestry Office, Mueang, Nan
Stream : -
River : Nan
Basin : Nan
Rating : HC1.2514/Y2013

                                                                 Water Year - 2013                                                                  
                                 Discharge, in Cubic Meter per Second, Water Year April 01, 2013 to March 31, 2014                                  

    Date       Apr       May       Jun       Jul       Aug       Sep       Oct       Nov       Dec       Jan       Feb       Mar    Annual
       1     10.84      4.96     13.80     28.40    503.30    333.90    119.03     54.43     30.00     24.15     14.25      9.50          
       2     11.33      4.96     21.15     27.28    483.05    258.45    120.27     51.98     31.74     24.15     14.25      9.00          
       3     10.84      8.52     44.00     22.32    309.42    213.79    123.99     50.75     31.74     24.15     13.50      9.00          
       4      9.68     16.28     23.94     21.15    240.40    175.80    122.75     48.30     31.74     23.20     13.50      9.00          
       5      9.10     17.93     31.74     51.98    211.06    159.00    110.33     45.85     29.51     23.20     12.75      8.50          
       6      8.52     23.49     38.40     42.18    186.30    305.17    107.85     43.40     26.17     22.25     12.75      8.50          
       7      7.94     21.15     28.40     30.00    217.88    479.00    105.37     42.18     26.17     22.25     12.75      8.50          
       8      7.94     19.98     24.66     26.17    382.60    310.83     87.98     42.18     25.05     21.30     12.75      8.00          
       9      7.36     23.49     25.83     27.28    495.20    309.42     87.60     40.95     25.05     21.30     12.00      8.00          
      10      6.78     42.60     27.00     39.73    803.14    272.95     78.60     40.95     23.94     20.35     12.00      8.00          
      11      6.78     26.17     75.97     35.60    600.50    215.15     78.40     39.73     23.94     19.40     11.50      7.50          
      12      6.78     18.81     61.37     67.45    417.00    195.60     75.97     42.60     25.05     18.45     11.50      7.50          
      13      6.78     17.93     31.74     58.93    293.83    212.43     73.53     39.73     23.94     18.75     11.50      5.80          
      14      7.36     15.30     23.49     97.92    275.85    197.15     71.10     54.43     22.82     18.75     11.00      5.80          
      15     10.26     12.98     15.30     96.68    251.80    262.80     67.45     39.73     28.40     18.00     11.00      5.80          
      16     12.00     12.00     13.80    127.72    238.98    305.17     65.02     43.40     87.60     18.00     11.00      5.80          
      17     10.84     10.26     11.33    115.30    253.23    233.28     66.23     44.00     87.60     17.25     11.50      5.80          
      18      8.52      9.68     11.42     92.95    208.34    208.34     77.18     41.20     45.85     17.25     11.50      5.80          
      19      7.36      9.10     12.00     99.16    175.80    192.50     89.40     42.60     39.80     17.25     11.00      5.52          
      20      7.36      9.68     12.00     87.60    206.98    181.65     79.62     40.95     34.20     16.50     11.00      5.52          
      21      6.78     16.28     32.80     69.88    208.34    154.80     71.10     45.85     31.40     16.50     10.50      5.52          
      22      6.78     14.63     25.83     67.45    336.60    142.13     65.02     44.00     30.63     16.50     10.50      5.52          
      23      5.80     14.63     18.81    146.80    356.20    131.44     68.67     41.20     28.40     16.50     10.50      5.52          
      24      6.78     12.98     17.10    164.60    325.80    122.75     67.45     38.40     27.28     16.50     10.50      7.50          
      25      8.52     30.63     15.30    149.00    292.42    140.20     93.00     35.60     26.17     16.50     10.00      8.50          
      26      7.94     22.82     25.83    200.25    243.25    146.80     75.00     32.80     25.05     16.50      9.50     10.50          
      27      7.36     17.64     27.00    138.00    240.40    195.60     65.02     31.40     23.94     15.75      9.50     11.00          
      28      6.78     14.63     29.51    142.40    221.96    197.15     58.93     31.40     23.94     15.75      9.50      8.50          
      29      5.80     12.00     30.63    565.60    195.60    154.80     63.00     30.00     22.82     15.75                8.50          
      30      5.24     10.84     31.74  1,212.00    184.75    129.13     60.55     32.80     27.00     15.75                8.50          
      31               11.33              657.50    300.92               58.10               24.66     15.00                5.80          

Total       242.15    503.68    801.89  4,709.28  9,660.90  6,537.18  2,553.51  1,252.79    991.60    582.90    323.50    232.20 28,391.58 CMSDAY   
Mean          8.07     16.25     26.73    151.91    311.64    217.91     82.37     41.76     31.99     18.80     11.55      7.49     77.78 CMS      
Max          12.00     42.60     75.97  1,212.00    803.14    479.00    123.99     54.43     87.60     24.15     14.25     11.00  1,212.00 CMS      
Min           5.24      4.96     11.33     21.15    175.80    122.75     58.10     30.00     22.82     15.00      9.50      5.52      4.96 CMS      
Runoff       20.92     43.52     69.28    406.88    834.70    564.81    220.62    108.24     85.67     50.36     27.95     20.06  2,453.01 MCM      
Momentary Peak    1224.40 CMS, at 199.31 M (MSL.) at 09:00 hours, on Jul 30, 2013
Runoff Yield      17.06 Liters/Second/Square KM, Momentary Peak Yield 268.52 Liters/Second/Square KM

----------------------------------------------------------------------------------------------------------------------------------------------------

Daily Mean Discharge
Computer Center : Royal Irrigation Department, Thailand, Hydrology Division (08-Sep-2026)
Station : (N.1) ,Forestry Office, Mueang, Nan
Stream : -
River : Nan
Basin : Nan
Rating : HC1.2648/Y2014

                                                                 Water Year - 2014                                                                  
                                 Discharge, in Cubic Meter per Second, Water Year April 01, 2014 to March 31, 2015                                  

    Date       Apr       May       Jun       Jul       Aug       Sep       Oct       Nov       Dec       Jan       Feb       Mar    Annual
       1      5.52     18.45     15.00     25.10    145.60    470.85    177.55     63.00     37.50     22.05     14.40      9.40          
       2      5.52     18.00     12.00     24.15    137.60    500.45    158.70     60.10     34.90     21.40     13.85      9.40          
       3      5.24     15.00     11.00     22.25    245.20    526.00    150.40     75.20     34.90     20.75     13.30      8.75          
       4      5.24     21.30     10.00     18.00    215.28    465.30    131.20    112.57     34.90     20.75     13.30      8.75          
       5      5.80     23.20     10.00     15.75    307.35    452.35    130.36     78.54     34.90     20.75     13.30      8.75          
       6      8.50     21.30      8.50     16.50    284.25    610.40    128.00     80.76     33.60     20.75     13.30      8.10          
       7     10.00     36.20     11.00     31.00    438.00    605.60    122.06    111.39     32.30     20.75     13.30      7.45          
       8     11.00     49.95     14.25    160.00    256.08    403.28    110.20    137.60     31.00     20.75     12.75      7.45          
       9     10.50     55.75     12.75    152.90    196.40    332.75    104.27    104.27     33.00     24.45     12.75      6.80          
      10      9.00     32.30     15.00    112.57    173.20    260.80     99.53     88.20     33.00     41.93     12.20      6.80          
      11      8.50     22.25     17.25     75.20    160.00    230.24     93.60     79.65     31.00     82.50     12.20      6.80          
      12     10.00     18.00     15.75     57.20    134.40    207.12     95.97     72.98     31.00     53.25     12.20      6.80          
      13      9.50     13.50     13.50     70.75    122.06    197.85    105.46     67.41     30.00     35.60     12.75      6.80          
      14      8.50     11.50     18.45    174.65    176.10    171.75     90.04     62.96     29.00     28.50     12.75      8.75          
      15      8.00     10.50     49.95    128.00    208.48    158.70     83.40     63.00     29.00     27.15     12.75      7.45          
      16      8.00     11.50     45.93     93.00    155.80    177.55     77.00     60.10     27.00     26.25     11.65      6.15          
      17      7.50     13.50     31.00     75.20    184.80    213.92     78.54     57.20     27.00     25.35     11.65      6.15          
      18      5.80     11.50     29.00     97.16    165.95    170.30     76.31     55.75     26.00     24.45     12.00      7.45          
      19      5.52     18.00     29.00    180.45    405.70    170.30     74.09     51.40     26.00     24.00     11.35      6.15          
      20      5.52     25.00     27.00    249.28    256.08    184.80     74.09     49.95     26.00     22.70     12.00      6.15          
      21      5.24     18.75     26.05    205.10    502.00    151.45     71.86     51.27     26.00     22.05     11.10      6.15          
      22      5.24     15.00     22.25    171.75    339.70    199.30     70.75     50.20     25.00     22.05     10.55      6.15          
      23      8.00     12.00     22.25    156.80    243.84    173.20     85.00     48.07     25.00     21.40     10.55      6.15          
      24      7.50     10.00     33.00    160.00    205.10    219.36     98.34     45.93     27.00     20.75     12.00      7.45          
      25      5.80      9.00     38.80    158.70    238.40    292.50     95.97     44.87     27.00     20.10     11.35      8.10          
      26      5.80      7.50     37.50    205.76    189.15    249.28     85.00     42.73     26.05     19.45     10.70     11.10          
      27     12.00      7.50     31.00    260.80    208.00    197.85     75.20     44.00     26.05     18.80     11.35     13.85          
      28     11.50      7.50     21.30    419.30    190.60    171.75     68.53     41.40     26.05     18.15     10.05     13.30          
      29     12.00     12.00     19.40    249.28    316.10    187.70     65.19     40.10     25.10     14.95               11.65          
      30     16.50     23.20     17.25    176.10  1,068.16    253.36     64.08     40.10     24.15     14.40               12.00          
      31               22.25              203.65    697.83               62.96               24.15     14.40               10.70          

Total       242.74    591.40    665.13  4,146.35  8,567.21  8,606.06  3,003.65  1,980.70    903.55    790.58    341.40    256.90 30,095.67 CMSDAY   
Mean          8.09     19.08     22.17    133.75    276.36    286.87     96.89     66.02     29.15     25.50     12.19      8.29     82.45 CMS      
Max          16.50     55.75     49.95    419.30  1,068.16    610.40    177.55    137.60     37.50     82.50     14.40     13.85  1,068.16 CMS      
Min           5.24      7.50      8.50     15.75    122.06    151.45     62.96     40.10     24.15     14.40     10.05      6.15      5.24 CMS      
Runoff       20.97     51.10     57.47    358.24    740.21    743.56    259.52    171.13     78.07     68.31     29.50     22.20  2,600.28 MCM      
Momentary Peak    1096 CMS, at 199.00 M (MSL.) at 14:00 hours, on Aug 30, 2014
Runoff Yield      18.08 Liters/Second/Square KM, Momentary Peak Yield 240.36 Liters/Second/Square KM

----------------------------------------------------------------------------------------------------------------------------------------------------

Daily Mean Discharge
Computer Center : Royal Irrigation Department, Thailand, Hydrology Division (08-Sep-2026)
Station : (N.1) ,Forestry Office, Mueang, Nan
Stream : -
River : Nan
Basin : Nan
Rating : HC1.2780/Y2015

                                                                 Water Year - 2015                                                                  
                                 Discharge, in Cubic Meter per Second, Water Year April 01, 2015 to March 31, 2016                                  

    Date       Apr       May       Jun       Jul       Aug       Sep       Oct       Nov       Dec       Jan       Feb       Mar    Annual
       1      8.75     25.35     12.75     12.00    129.38    141.75    181.00     55.15     26.25     21.22     20.58      9.75          
       2      6.80     18.80     12.20     10.70    145.88    183.88    156.56     54.68     26.25     20.58     19.31      9.50          
       3      6.15     12.75     11.10      9.40    389.10    234.19    172.38     54.20     26.25     19.95     18.04      9.25          
       4      7.00     11.10     11.10      8.75    574.25    456.00    162.31     53.25     33.30     18.68     16.50      8.75          
       5      6.60     12.00     11.10      6.80    396.90    505.13    150.00     51.83     78.60     17.41     13.90      8.25          
       6      6.60     10.70     13.30      6.80    291.00    313.50    125.25     50.88     95.00     17.41     13.25      8.50          
       7      6.20      9.40     18.80      7.45    247.13    267.40    121.40     49.93     56.58     16.77     12.60      8.25          
       8      6.60      8.10     10.55     14.40    235.63    238.50    128.00     42.50     50.40     16.14     12.60      8.50          
       9      8.10      8.10     22.05     98.10    195.38    208.31    160.88     41.93     40.20     16.14     11.30      8.00          
      10     13.85     11.35     49.93     40.78    195.38    195.38    168.06     41.35     36.75     15.85     10.65      7.75          
      11     27.60     18.80     26.25     25.80    152.25    172.38    241.38     51.83     34.45     15.85     10.65      8.00          
      12     39.05     18.80     24.00     53.25    142.19    155.13    316.00     52.78     33.88     15.20     10.00      7.75          
      13     50.40     11.10     27.60     50.40    242.81    170.94    218.38     58.00     32.15     15.20     10.00      7.75          
      14     35.03     11.35     24.90     32.15    264.75    146.50    175.25     76.10     28.50     14.55     10.00      5.50          
      15     23.35      9.40     22.05     25.80    246.75    136.44    140.75     56.58     27.60     13.90     10.65      5.50          
      16     14.40      7.45     26.70     24.90    371.55    123.05    130.75     51.35     27.60     13.90     10.00      5.50          
      17     11.65      8.75     24.00     26.25    489.00    104.90    126.35     49.93     27.15     13.90      9.75      5.38          
      18     12.00     11.10     20.10     32.73    295.60    124.70    109.85     42.50     27.15     13.25      9.50      5.38          
      19     10.70     12.00     18.15     49.45    237.06    168.06     99.95     40.78     27.15     13.25      9.25      5.38          
      20      9.40     11.35     23.35     91.60    185.31    165.19    100.70     39.05     26.70     13.25      9.50      5.38          
      21      9.40     12.00     25.35    119.75    179.56    125.25     91.60     36.75     26.25     12.60      9.75      5.38          
      22      8.10     11.35     22.70    118.10    169.50    108.20     86.40     35.60     25.35     13.25      9.50      5.26          
      23     10.05     11.35     13.85    145.06    158.00    206.88     81.20     35.03     24.45     13.25      9.25      5.26          
      24     11.65     11.10     11.65     99.40    160.88    379.35     76.20     34.45     23.35     13.25      9.25      5.26          
      25     11.65     12.20     10.55    121.40    140.38    224.13     76.60     33.88     23.35     13.25      9.25      5.26          
      26     11.10     12.20     12.00    129.38    119.75    165.19     76.80     32.73     24.90     19.95      9.50      5.14          
      27     13.30     13.85     12.20    196.81    109.85    168.06     77.00     32.15     25.80     37.21      9.50      5.14          
      28     14.95     20.10     14.40    162.31    121.40    209.75     65.60     31.58     26.25     39.89      9.75      5.14          
      29     36.75     22.70     15.50    183.88     96.65    136.44     59.90     28.50     24.90     29.84      9.75      5.14          
      30     36.75     24.00     12.75    153.69     98.30    137.88     57.05     27.15     24.45     23.12                5.14          
      31               18.15              145.06    104.90               56.10               24.00     21.85                5.14          

Total       473.93    416.75    560.93  2,202.35  6,886.47  6,072.46  3,989.65  1,342.42  1,034.96    559.86    333.53    205.28 24,078.59 CMSDAY   
Mean         15.80     13.44     18.70     71.04    222.14    202.42    128.70     44.75     33.39     18.06     11.50      6.62     65.79 CMS      
Max          50.40     25.35     49.93    196.81    574.25    505.13    316.00     76.10     95.00     39.89     20.58      9.75    574.25 CMS      
Min           6.15      7.45     10.55      6.80     96.65    104.90     56.10     27.15     23.35     12.60      9.25      5.14      5.14 CMS      
Runoff       40.95     36.01     48.46    190.28    594.99    524.66    344.71    115.99     89.42     48.37     28.82     17.74  2,080.40 MCM      
Momentary Peak    594.5 CMS, at 196.70 M (MSL.) at 11:00 hours, on Aug 04, 2015
Runoff Yield      14.43 Liters/Second/Square KM, Momentary Peak Yield 130.38 Liters/Second/Square KM

----------------------------------------------------------------------------------------------------------------------------------------------------

Daily Mean Discharge
Computer Center : Royal Irrigation Department, Thailand, Hydrology Division (08-Sep-2026)
Station : (N.1) ,Forestry Office, Mueang, Nan
Stream : -
River : Nan
Basin : Nan
Rating : HC1.2906/Y2016

                                                                 Water Year - 2016                                                                  
                                 Discharge, in Cubic Meter per Second, Water Year April 01, 2016 to March 31, 2017                                  

    Date       Apr       May       Jun       Jul       Aug       Sep       Oct       Nov       Dec       Jan       Feb       Mar    Annual
       1      5.38     16.77     60.40     75.65    131.55    368.40    133.73     63.33     31.18     20.53     13.68      6.94          
       2      5.38     18.68     56.45    176.75     98.45    282.20    154.66     60.40     30.51     20.53     13.68      6.61          
       3      5.26     18.68     50.25    308.22     84.25    231.00    165.13     67.23     29.84     21.12     13.21      6.61          
       4      5.26     20.58     69.18    175.00     79.95    201.60    132.70     57.48     29.84     23.00     13.21      6.28          
       5      5.50     16.77     73.08    120.05     79.95    177.80    114.30     56.45     29.17     24.56     13.21      6.28          
       6      8.25      9.75     54.90    191.80    162.54    358.68    120.05     53.35     28.20     30.60     13.21      6.28          
       7      9.00      9.00     44.83    318.66    251.80    669.40    179.20     52.58     27.57     32.98     12.27      5.95          
       8      9.50      8.25     48.70    253.70    240.00    500.35    169.00     53.35     27.57     27.68     11.80      5.95          
       9      9.25      7.75     47.15    180.60    161.25    330.84    126.95     57.48     27.57     26.12     11.37      5.62          
      10      8.50      5.38     34.53    141.12    129.25    267.00    114.30     62.35     26.93     25.60     11.37      5.62          
      11      8.25      5.26     29.84    112.00    102.75    482.10    107.05     59.43     26.30     27.68     11.80      5.62          
      12      9.00      5.02     26.30     95.23    109.20    684.80    133.85     59.43     25.66     34.76     10.94      5.29          
      13      8.75      4.90     23.76     91.78    355.20    522.25    169.00     54.90     25.66     40.73     10.94      5.29          
      14      8.25      5.02     21.85     92.85    303.28    379.20    121.20     51.03     25.03     34.76     10.51      4.63          
      15      8.00      5.26     19.31    133.73  1,105.60    298.25    105.98     47.93     25.03     27.16     10.51      4.20          
      16      8.00      9.75     16.14    101.68  1,303.20    270.80     96.30     46.38     25.03     24.56     10.51      3.96          
      17      7.75     29.17     14.55     85.33    627.95    224.40     95.00     45.60     24.39     23.52     10.08      3.96          
      18      5.50     67.23     18.04     69.18    334.32    216.15     89.63     43.28     25.03     21.71     10.08      3.96          
      19      5.38     85.33     27.57     65.28    261.30    204.60     83.18     41.90     26.93     20.53     10.08      3.96          
      20      5.38     47.93     39.89    144.81    964.20    245.40     78.88     40.56     25.03     19.94      9.65      3.96          
      21      5.26     51.80     66.25    172.88  1,097.80    303.28     75.65     39.22     23.76     19.94      9.22      3.72          
      22      5.26     51.03     36.54    153.50    637.70    201.60     74.05     37.88     23.76     19.94      8.79      3.72          
      23      8.00     33.86     29.17    138.66    514.95    176.75     72.10     37.21     22.49     19.94      8.79      3.72          
      24      7.75     25.66     29.17    129.25    441.95    157.38     95.23     36.54     21.85     20.53      8.36      3.48          
      25      5.50     23.12     33.86    101.68    346.50    161.25     75.03     35.87     21.85     19.35      7.60      3.48          
      26      5.50     21.85     29.84     94.15    289.88    158.67     90.70     35.20     21.22     14.62      7.27      3.24          
      27     10.00     23.76     26.30    123.50    308.30    161.25     89.63     33.86     20.58     14.15      6.94      3.24          
      28      9.75     23.76     35.20    134.96    487.58    147.28     75.03     33.19     20.58     14.15      6.94      3.24          
      29     10.00     29.17     54.13    118.90    360.42    143.58     67.23     32.52     20.58     13.68                3.00          
      30     13.90     50.25     83.18    124.65    363.00    130.40     68.20     31.85     19.95     13.68                3.24          
      31               68.20              165.13    386.18               66.25               19.95     13.68                3.72          

Total       226.46    798.94  1,200.36  4,390.68 12,120.25  8,656.66  3,339.19  1,427.78    779.04    711.73    296.02    144.77 34,091.88 CMSDAY   
Mean          7.55     25.77     40.01    141.63    390.98    288.56    107.72     47.59     25.13     22.96     10.57      4.67     93.40 CMS      
Max          13.90     85.33     83.18    318.66  1,303.20    684.80    179.20     67.23     31.18     40.73     13.68      6.94  1,303.20 CMS      
Min           5.26      4.90     14.55     65.28     79.95    130.40     66.25     31.85     19.95     13.68      6.94      3.00      3.00 CMS      
Runoff       19.57     69.03    103.71    379.35  1,047.19    747.94    288.51    123.36     67.31     61.49     25.58     12.51  2,945.55 MCM      
Momentary Peak    1535.50 CMS, at 200.55 M (MSL.) at 20:00 hours, on Aug 15, 2016
Runoff Yield      20.48 Liters/Second/Square KM, Momentary Peak Yield 336.74 Liters/Second/Square KM

----------------------------------------------------------------------------------------------------------------------------------------------------

Daily Mean Discharge
Computer Center : Royal Irrigation Department, Thailand, Hydrology Division (08-Sep-2026)
Station : (N.1) ,Forestry Office, Mueang, Nan
Stream : -
River : Nan
Basin : Nan
Rating : HC.1/3032

                                                                 Water Year - 2017                                                                  
                                 Discharge, in Cubic Meter per Second, Water Year April 01, 2017 to March 31, 2018                                  

    Date       Apr       May       Jun       Jul       Aug       Sep       Oct       Nov       Dec       Jan       Feb       Mar    Annual
       1      4.63     11.37     23.00     33.57    162.00    387.02    137.26     72.23     35.36     34.40     18.00     13.04          
       2     12.27      9.65     27.68     33.57    142.03    498.20    128.10     70.95     35.36     32.00     17.38     13.04          
       3     13.21      8.79     21.12     30.60    128.38    570.03    135.68     70.10     34.17     30.00     16.76     13.00          
       4     10.08      6.61     15.56     31.79    109.30    357.63    134.09     68.83     33.57     28.60     16.76     11.65          
       5      7.60      5.95     15.56     47.25    103.23    273.78    128.10     67.13     32.98     27.20     16.14      9.40          
       6      7.93      5.29     21.71     54.65    112.00    289.65    157.90     65.85     31.19     26.50     16.14      7.60          
       7      9.65      4.96     14.62     40.34    369.50    369.50    161.08     65.85     31.19     27.90     15.52      7.36          
       8     10.08      4.96     18.76     39.56    283.70    364.75    162.66     56.50     31.19     27.90     15.52      7.36          
       9      8.36      5.62     25.60     53.42    201.95    321.38    145.20     55.27     31.79     30.00     15.52      7.60          
      10      7.27      6.61     33.57     65.43    202.60    319.00    130.30     55.27     32.98     27.90     15.52     12.55          
      11      4.96      5.95     24.56     88.50    185.38    306.20    184.20     54.65     41.51     27.20     15.52     17.18          
      12      4.63      7.27     19.35    110.65    159.88    301.55    255.00     54.65     41.90     26.50     14.90     13.04          
      13      6.28     10.08     16.03    101.88    130.85    224.75    191.75     53.42     35.36     26.50     13.66     13.00          
      14     13.68     13.68     15.09    193.88    127.28    207.20    187.50     51.57     32.98     25.80     13.04     13.00          
      15     31.19     18.76     21.12    255.93    102.55    200.30    166.25     50.33     31.79     24.40     12.42     12.10          
      16     26.12     24.04    132.50    265.85    289.65    196.00    179.60     48.48     30.60     23.70     12.42     10.30          
      17     16.99     52.18     68.40    283.70    229.60    224.75    201.95     47.87     27.68     23.42     13.00      9.85          
      18     14.62     70.10     40.34    886.75    187.50    207.88    151.55     47.25     26.12     22.64     12.55      8.95          
      19     12.74     56.50     31.19    740.60    140.44    185.38    130.58     46.02     26.12     21.08     12.10      7.36          
      20     11.80     45.40     32.98    418.05    191.10    154.73    112.00     44.78     25.60     21.08     11.65      7.12          
      21     10.08     31.79     25.60    309.40    168.38    135.68     92.00     46.02     24.04     21.08     11.20      7.12          
      22      7.60     25.08     23.52    360.60    134.09    159.49     90.60     50.95     24.56     20.30     11.20      6.88          
      23      7.27     23.52     20.53    390.88    107.95    159.88     92.00     47.87     24.04     20.30     12.42      6.64          
      24      8.79     19.94     18.17    400.90    127.55    142.03    131.13     44.78     23.52     19.52     14.90      6.40          
      25     10.51     26.12     14.62    532.68    235.53    132.23    109.98     41.90     23.52     18.74     17.96      6.16          
      26     10.94     24.04     13.68    481.40    582.48    131.68    101.20     41.12     23.00     18.74     14.90      5.92          
      27      9.65     18.76     16.03    303.00    555.50    130.85    100.53     39.95     23.52     20.30     13.04      6.40          
      28      7.93     45.40     28.20    274.25    373.92    128.10    100.53     39.56     34.76     22.64     13.04      6.88          
      29      8.36     34.76     25.08    204.90    565.88    131.95     89.90     38.00     55.88     23.42                7.12          
      30     13.68     24.04     31.79    213.80    524.38    162.00     86.75     38.00     39.17     21.86                6.88          
      31               18.76              179.60    468.80               85.35               32.38     18.74                6.88          

Total       328.90    665.98    835.96  7,427.38  7,403.38  7,373.57  4,260.72  1,575.15    977.83    760.36    403.18    287.78 32,300.19 CMSDAY   
Mean         10.96     21.48     27.87    239.59    238.82    245.79    137.44     52.51     31.54     24.53     14.40      9.28     88.49 CMS      
Max          31.19     70.10    132.50    886.75    582.48    570.03    255.00     72.23     55.88     34.40     18.00     17.18    886.75 CMS      
Min           4.63      4.96     13.68     30.60    102.55    128.10     85.35     38.00     23.00     18.74     11.20      5.92      4.63 CMS      
Runoff       28.42     57.54     72.23    641.73    639.65    637.08    368.13    136.09     84.48     65.70     34.83     24.86  2,790.74 MCM      
Momentary Peak    965.00 CMS, at 198.57 M (MSL.) at 16:00 hours, on Jul 18, 2017
Runoff Yield      19.41 Liters/Second/Square KM, Momentary Peak Yield 211.63 Liters/Second/Square KM

----------------------------------------------------------------------------------------------------------------------------------------------------

Daily Mean Discharge
Computer Center : Royal Irrigation Department, Thailand, Hydrology Division (08-Sep-2026)
Station : (N.1) ,Forestry Office, Mueang, Nan
Stream : -
River : Nan
Basin : Nan
Rating : HC.1/3166

                                                                 Water Year - 2018                                                                  
                                 Discharge, in Cubic Meter per Second, Water Year April 01, 2018 to March 31, 2019                                  

    Date       Apr       May       Jun       Jul       Aug       Sep       Oct       Nov       Dec       Jan       Feb       Mar    Annual
       1     12.10     12.42     47.00    187.45    486.30    273.55    213.40     71.13     32.80     24.24     13.50      8.20          
       2     14.28     13.00     44.00    155.15    365.65    239.50    219.10     69.28     32.80     23.37     13.00      9.40          
       3     10.75     25.80     40.00    127.00    296.38    407.00    186.50     63.40     32.00     24.24     12.60      9.40          
       4      8.95     36.00     36.80    123.20    356.20    589.00    162.68     61.80     32.00     23.37     12.20      8.50          
       5     12.10     27.90     46.00    103.77    324.25    638.55    148.70     60.20     30.00     22.19     11.80      7.90          
       6     13.66     34.40     61.80     90.64    237.00    382.05    136.60     59.40     28.60     19.51     11.40      7.60          
       7     13.66     24.40     94.68     79.05    213.40    318.55    132.20     55.65     28.60     18.84     11.40      7.30          
       8     23.42     24.40    110.85     74.83    187.45    285.08    123.20     54.80     27.90     19.51     11.00      7.30          
       9     17.96     24.40     89.63     80.75    192.20    328.53    116.55     53.95     28.60     30.33     10.60      7.30          
      10     13.66     19.52     64.20     91.65    258.60    299.20    109.90     53.10     29.30     39.60     10.20      6.70          
      11     11.65     12.42     55.65    124.15    243.25    297.79    111.80     53.95     29.30     31.36     10.20      7.00          
      12      9.85     11.65     59.40    476.40    214.35    260.90    116.55     55.65     28.60     25.98     10.20      6.40          
      13      7.60     14.28     76.50    494.00    182.70    358.90    110.85     54.80     28.60     24.20      9.80      6.40          
      14      7.12     17.18     79.05    216.25    177.00    285.08    103.77     57.00     32.00     23.53      9.80      6.40          
      15      6.88     13.04     61.80    154.08    180.80    235.75     97.71     57.80     29.30     22.19     10.60      6.70          
      16      6.88     13.00     60.20    125.10    164.83    218.15     90.64     52.25     27.90     22.86     10.20      6.10          
      17      7.12     22.64     69.28    149.80    653.25    195.05     88.62     52.25     25.10     21.52     10.60      5.80          
      18     13.00     70.20     95.69    249.50  1,544.60    518.90     85.00     50.55     24.40     21.52     12.60      5.20          
      19     23.42     50.55    165.90    172.35  1,453.00    566.20     83.30     48.00     23.70     20.85     12.60      4.93          
      20     32.80    102.76    302.03    472.00    851.20    357.55     80.75     45.00     24.40     19.51     11.40      4.39          
      21     46.00     50.55    299.20    718.15    560.33    271.25     80.75     43.00     23.70     16.00     10.20      4.12          
      22     27.20     39.20    173.43    897.40    458.38    247.00    143.20     42.00     23.70     15.00      9.80      4.66          
      23     18.74     39.20    135.50    844.90    477.50    220.05    126.05     37.60     24.20     14.50      9.80      4.12          
      24     13.66     36.80    147.60    480.80    462.65    204.85    104.78     37.60     22.64     14.50      9.40      4.12          
      25     12.10     35.20    238.25    655.35    425.00    187.45    101.75     37.60     20.30     14.50      8.50      3.85          
      26     13.04     35.20    221.00    795.37    419.00    171.28    104.78     37.60     21.08     14.50      8.20      3.85          
      27     27.20     40.00    423.50    748.18    411.50    164.83     96.70     37.60     21.86     13.50      8.20      3.58          
      28     21.08     50.55    357.55    753.90    432.50    160.53     87.61     35.20     21.86     13.50      8.20      4.12          
      29     18.00     42.00    325.68    908.20    345.40    161.60     81.60     33.60     21.86     13.00                4.39          
      30     14.90     44.00    259.75    842.45    315.70    179.85     80.75     33.60     24.20     13.00                4.39          
      31               47.00              637.50    285.08               79.05               24.40     12.60                4.39          

Total       478.78  1,029.66  4,241.92 12,029.32 13,175.45  9,023.97  3,604.84  1,505.36    825.70    633.32    298.00    184.51 47,030.83 CMSDAY   
Mean         15.96     33.21    141.40    388.04    425.01    300.80    116.29     50.18     26.64     20.43     10.64      5.95    128.85 CMS      
Max          46.00    102.76    423.50    908.20  1,544.60    638.55    219.10     71.13     32.80     39.60     13.50      9.40  1,544.60 CMS      
Min           6.88     11.65     36.80     74.83    164.83    160.53     79.05     33.60     20.30     12.60      8.20      3.58      3.58 CMS      
Runoff       41.37     88.96    366.50  1,039.33  1,138.36    779.67    311.46    130.06     71.34     54.72     25.75     15.94  4,063.46 MCM      
Momentary Peak    1570.10 CMS, at 200.62 M (MSL.) at 11:00 hours, on Aug 18, 2018
Runoff Yield      28.26 Liters/Second/Square KM, Momentary Peak Yield 344.33 Liters/Second/Square KM

----------------------------------------------------------------------------------------------------------------------------------------------------

Daily Mean Discharge
Computer Center : Royal Irrigation Department, Thailand, Hydrology Division (08-Sep-2026)
Station : (N.1) ,Forestry Office, Mueang, Nan
Stream : -
River : Nan
Basin : Nan
Rating : HC.1/3296Y2019

                                                                 Water Year - 2019                                                                  
                                 Discharge, in Cubic Meter per Second, Water Year April 01, 2019 to March 31, 2020                                  

    Date       Apr       May       Jun       Jul       Aug       Sep       Oct       Nov       Dec       Jan       Feb       Mar    Annual
       1      3.58      3.85     20.18      4.66    627.50    393.55     57.25     33.60     15.50     11.35      6.30      2.50          
       2      3.31      3.04     20.85      5.80    244.35    475.90     49.85     31.36     15.50     11.68      6.30      2.50          
       3      3.04      2.77     15.50      6.70    115.60    600.00     50.40     29.12     15.50     11.35      5.50      2.39          
       4      3.04      2.77     19.51      6.70     92.25    393.55     47.10     31.36     15.00     10.03      5.50      2.39          
       5      3.58      2.77     11.00      6.70    745.98    292.00     52.05     31.36     14.00     10.03      5.30      2.39          
       6      3.31      3.31     20.85      6.10    590.00    241.83     62.80     30.33     13.50      9.00      5.30      2.50          
       7      3.31      2.77     39.20      6.40    264.00    220.50     55.40     30.33     12.60      9.00      5.30      4.70          
       8      3.31      2.50     20.18      5.80    197.00    199.75     55.35     35.84     12.60      8.70      5.10      4.70          
       9      3.04      2.35     15.50      5.20    131.80    178.25     42.15     32.48     12.60      8.40      5.10      4.50          
      10      2.77      2.05      9.80      5.20    360.80    136.55     48.00     29.12     12.60      8.40      4.90      2.50          
      11      2.77      2.05     11.40      4.66    271.50    131.80     43.80     29.46     12.60      8.40      4.90      2.50          
      12      2.50      1.90      8.20      4.39    226.68    137.50     43.80     26.85     12.60      8.10      4.90      2.50          
      13      2.20      1.75      6.70      4.66    250.65    133.20     43.80     24.24     12.60      8.10      4.70      2.28          
      14      2.20      2.20      6.70      4.39    202.00    113.40     47.10     23.37     12.20      7.80      4.70      2.17          
      15      2.35      6.10      6.70      4.39    140.35    122.20     65.95     24.20     12.20      7.50      4.70      2.17          
      16      2.35      4.12      6.10      4.39    189.50    113.40     58.05     24.20     11.80      7.50      4.50      2.17          
      17      2.20      4.12      5.80      3.58    588.00    108.00     49.85     23.53     11.40      7.50      3.90      2.17          
      18      2.50      2.77      6.10      3.31    981.30    117.18     50.40     22.19     11.40      7.50      3.90      2.17          
      19      2.50      2.77      7.60      3.31    630.50    111.48     55.35     22.19     11.00      7.20      3.90      2.06          
      20      3.85      2.77     11.00      3.31    396.00    117.18     45.45     20.18     10.60      7.20      3.90      2.06          
      21      3.58      4.39     10.20      3.04    486.20     99.25     43.80     20.18     10.20      7.20      3.90      1.95          
      22      3.04      4.66      7.30      3.58    492.20     83.50     38.20     19.51     10.20      7.20      3.70      1.95          
      23      3.31      3.31      6.10      3.85    380.00     70.30     39.20     20.18     10.20      7.20      3.70      1.84          
      24      3.85      2.77      4.93      7.00    485.00     72.40     34.72     20.85     10.20      7.20      3.70      1.84          
      25      3.31      4.12      4.93     14.50    638.00     72.40     35.84     21.52     10.20      6.90      3.70      1.84          
      26      3.31      7.90      5.80     26.85    503.00     62.80     39.20     18.17     10.20      6.60      2.50      1.62          
      27      3.04     10.20      9.80     48.00    396.00     64.65     36.96     17.50     10.60      6.30      2.50      1.62          
      28      3.58      6.10      7.60     38.20    388.60     80.00     35.84     17.50     11.00      5.50      2.50      1.51          
      29      7.00      4.39      5.20     27.72    362.40     76.50     38.08     16.00     11.00      6.30      2.50      1.51          
      30      4.93      4.12      4.66     31.36    268.00     62.15     45.20     15.50     11.00      6.30                1.73          
      31               12.60              312.00    286.90               39.60               11.00      6.30                1.73          

Total        96.66    123.29    335.39    615.75 11,932.06  5,081.17  1,450.54    742.22    373.60    247.74    127.30     72.46 21,198.18 CMSDAY   
Mean          3.22      3.98     11.18     19.86    384.91    169.37     46.79     24.74     12.05      7.99      4.39      2.34     57.92 CMS      
Max           7.00     12.60     39.20    312.00    981.30    600.00     65.95     35.84     15.50     11.68      6.30      4.70    981.30 CMS      
Min           2.20      1.75      4.66      3.04     92.25     62.15     34.72     15.50     10.20      5.50      2.50      1.51      1.51 CMS      
Runoff        8.35     10.65     28.98     53.20  1,030.93    439.01    125.33     64.13     32.28     21.40     11.00      6.26  1,831.52 MCM      
Momentary Peak    1005.00 CMS, at 198.54 M (MSL.) at 09:00 hours, on Aug 18, 2019
Runoff Yield      12.70 Liters/Second/Square KM, Momentary Peak Yield 220.40 Liters/Second/Square KM

----------------------------------------------------------------------------------------------------------------------------------------------------

Daily Mean Discharge
Computer Center : Royal Irrigation Department, Thailand, Hydrology Division (08-Sep-2026)
Station : (N.1) ,Forestry Office, Mueang, Nan
Stream : -
River : Nan
Basin : Nan
Rating : HC.1/3424

                                                                 Water Year - 2020                                                                  
                                 Discharge, in Cubic Meter per Second, Water Year April 01, 2020 to March 31, 2021                                  

    Date       Apr       May       Jun       Jul       Aug       Sep       Oct       Nov       Dec       Jan       Feb       Mar    Annual
       1      1.73      4.90     10.69     28.00     44.00    116.29    104.59     45.50     16.69     11.50      7.65      5.40          
       2      1.73      4.50     16.96     69.30    153.45    104.59    103.42     44.00     16.69     11.05      7.65      4.83          
       3      1.73      4.30     28.00     44.25    604.78     98.74     97.57     41.00     16.69     10.60      8.64      5.21          
       4      1.73      4.30     26.40     33.10    923.75    117.46    108.10     40.25     16.69     10.60      8.31      6.99          
       5      1.73      4.90     12.67     42.50    491.00    144.10     95.23     33.55     16.69     10.60      7.98      7.65          
       6      1.62      4.30     26.80     55.16    338.83    103.42    109.00     33.25     16.69     10.60      7.65      5.40          
       7      1.00      3.90     26.20     55.30    305.00    130.60    108.10     32.95     16.69     10.60      7.32      4.83          
       8      1.00      2.50     17.50     72.25    471.00    320.00     87.04     32.65     16.69     10.60      7.32      4.64          
       9      1.00      3.90     13.00     55.16    260.00    430.00     78.85     28.00     16.15     10.60      8.64      4.45          
      10      1.00      3.70      8.70     34.00    201.96    223.80     72.25     28.00     16.15     10.60     12.85      4.45          
      11      1.00      3.70     10.36     27.80    195.31    191.69     66.05     27.40     15.88     10.60     17.50      4.26          
      12      1.51      5.50     10.03     27.20    166.35    170.65     68.45     27.40     15.88     10.15     13.30      4.45          
      13      1.51      5.30      7.80     27.80    162.05    138.70     65.05     26.60     15.61     10.15     11.95      5.02          
      14      1.51      4.70      7.80     70.15    218.25    137.35     55.86     26.40     15.07     10.15      8.97      5.02          
      15      1.00      3.90      8.10     85.87    405.25    148.15     55.72     26.20     12.67     10.15      8.31      4.64          
      16      1.51      2.39     22.04     73.80    655.32    109.00     55.02     22.27     12.67     10.15      7.65      3.88          
      17      3.70      2.17     28.00     45.00    467.00     99.91     55.30     22.27     12.67     10.15      7.32      3.69          
      18      3.70      1.95     33.10     46.25    433.00    105.76     55.58     22.27     12.67      9.30      6.99      2.70          
      19      2.28      1.73    110.44     41.00    398.28    103.42     54.74     21.81     12.34      9.30      6.66      4.07          
      20      2.06      1.73    116.29     33.85    299.00    110.44     48.00     21.81     12.34      9.30      6.33      3.88          
      21      1.84      1.95     80.00     55.16    600.42    180.16     45.75     21.58     12.34      8.97      6.33      3.88          
      22      1.73      1.84     43.25     65.05  1,080.70    187.37     44.25     21.12     12.34      8.97      6.33      3.88          
      23      1.73      1.84     27.40     56.00    648.45    131.95     43.50     20.66     12.34      8.97      6.33      3.69          
      24      1.51      1.84     26.40     55.72    377.08    178.72     47.00     20.66     11.68      8.97      6.33      3.69          
      25      2.06      1.84     32.65     41.25    274.33    196.02     44.00     20.66     11.68      8.64      6.33      4.45          
      26      4.10      1.84     55.02     33.70    215.26    166.35     41.75     20.66     11.68      8.64      5.40      4.26          
      27     16.96      1.84     75.35     33.70    231.20    141.40     40.25     20.66     11.68      8.31      5.40      4.45          
      28     15.07      1.73     85.87     33.40    181.40    134.65     41.75     17.23     11.68      8.31      5.40      5.02          
      29      8.10      1.73     54.74     33.70    150.85    115.75     40.25     16.96     12.34      8.31                5.21          
      30      6.60      2.17     33.10     34.00    129.25    112.78     41.00     16.69     11.68      7.65                5.02          
      31                5.50               32.65    115.75               41.75               11.35      7.65                4.83          

Total        93.75     98.39  1,054.66  1,442.07 11,198.27  4,649.22  2,015.17    800.46    434.41    300.14    226.84    143.84 22,457.22 CMSDAY   
Mean          3.13      3.17     35.16     46.52    361.23    154.97     65.01     26.68     14.01      9.68      8.10      4.64     61.53 CMS      
Max          16.96      5.50    116.29     85.87  1,080.70    430.00    109.00     45.50     16.69     11.50     17.50      7.65  1,080.70 CMS      
Min           1.00      1.73      7.80     27.20     44.00     98.74     40.25     16.69     11.35      7.65      5.40      2.70      1.00 CMS      
Runoff        8.10      8.50     91.12    124.59    967.53    401.69    174.11     69.16     37.53     25.93     19.60     12.43  1,940.29 MCM      
Momentary Peak    1197.50 CMS, at 199.45 M (MSL.) at 01:00 hours, on Aug 22, 2020
Runoff Yield      13.49 Liters/Second/Square KM, Momentary Peak Yield 262.62 Liters/Second/Square KM

----------------------------------------------------------------------------------------------------------------------------------------------------

Daily Mean Discharge
Computer Center : Royal Irrigation Department, Thailand, Hydrology Division (08-Sep-2026)
Station : (N.1) ,Forestry Office, Mueang, Nan
Stream : -
River : Nan
Basin : Nan
Rating : HC.1/3554/2021

                                                                 Water Year - 2021                                                                  
                                 Discharge, in Cubic Meter per Second, Water Year April 01, 2021 to March 31, 2022                                  

    Date       Apr       May       Jun       Jul       Aug       Sep       Oct       Nov       Dec       Jan       Feb       Mar    Annual
       1      4.45     31.00     12.85     41.75    187.90    107.05     87.10     53.70     21.70     11.64      8.20      7.64          
       2      4.26     34.70     11.05     40.25    217.60     93.40    108.10     64.84     21.70     11.64      7.08      7.08          
       3      4.07     31.00      7.98     41.75    351.00     96.55    104.95     70.23     22.25     11.64      7.08      6.52          
       4      4.07     31.00      7.32     35.80    349.45    110.20    114.40     58.25     22.25     11.32      7.08      5.96          
       5      5.40     22.80      8.31     29.00    293.20    108.10    104.95     50.10     21.15     11.32      6.52      6.50          
       6     29.00     14.20     16.96     28.00    210.60    120.70     89.20     44.75     17.50     11.00      7.64      6.50          
       7    103.90     12.85     15.34     53.70    155.35    140.65     76.10     42.50     16.42     11.00      8.76      6.12          
       8     64.84     11.05     10.15     61.65    129.10    133.30     68.69     37.45     15.88     10.44      8.76      7.08          
       9     35.25     11.05     18.58    140.65    110.20    114.40     64.07     36.90     15.88      9.88      8.20      9.88          
      10     29.50     11.50     23.35    112.30     96.55    129.10     58.25     40.25     15.88      9.88      6.52      9.32          
      11     18.04     11.05     38.00     78.05     92.35    112.30     68.69     35.80     16.42      9.32      4.98      7.64          
      12     14.20      8.64     34.70     59.95    103.90     95.50     90.25     34.15     17.50      8.76      6.50      5.96          
      13     12.40      8.97     30.00     49.20     92.35     92.35    107.05     33.05     14.20      8.76      5.96      6.50          
      14     12.40      8.64    315.60     42.50     88.15     97.60     75.45     33.60     13.30      8.76      5.96      6.12          
      15      8.31      8.97    789.38     36.90     79.35    115.45     67.92     33.60     12.85      8.20      5.96      6.12          
      16      8.97      8.31    360.30     74.80    184.75    166.90     62.50     31.00     12.85      8.20      6.12      8.20          
      17     11.95      7.98    180.55     66.38    214.80    133.30     58.25     34.15     12.85      9.32      6.50     16.53          
      18     15.34      8.31    132.25     54.60    150.10    115.45     53.70     33.05     12.85     11.32      6.50     22.83          
      19     33.60      7.32     98.65     48.30    137.50    100.75     50.10     30.50     12.85     14.20      5.96     19.17          
      20     29.00      7.32     67.92     76.75    170.05     95.50     46.50     27.50     12.40     16.86     10.44     18.18          
      21     18.04      8.31     54.60    137.50    128.05    101.80     45.50     26.50     11.95     18.18     37.60     13.56          
      22     13.30      6.66     46.25    135.40    102.85    111.25     44.75     23.90     11.95     18.84     28.52     11.64          
      23     10.60      6.66     41.75     99.70     91.30    110.20     59.95     23.35     11.95     17.52     17.52     11.64          
      24      8.97      6.33     36.90     79.35     99.70     97.60     74.15     22.80     11.95     13.88     12.92     11.64          
      25      8.64      6.33     30.50    134.35    164.80     86.05     56.55     22.25     11.95     12.28     11.96     12.60          
      26      8.31      8.97     27.50    158.50    134.35     90.25     50.10     21.70     11.95     11.64     11.32     12.92          
      27      8.64     11.95     27.50    341.70    116.50    112.30     47.00     23.35     11.95     11.64     10.44     11.64          
      28      8.97     11.50     28.50    242.80    100.75    128.05     42.50     22.25     11.95     11.00      8.76      9.88          
      29     26.50     12.85     47.00    166.90     89.20    115.45     41.00     21.15     11.50      9.88               19.17          
      30     30.50     28.00     51.90    240.00     76.75     98.65     42.50     21.15     11.05      9.32               48.88          
      31               16.96              287.60     74.80               47.40               11.05      8.76               30.07          

Total       591.42    421.18  2,571.64  3,196.08  4,593.30  3,330.15  2,107.62  1,053.77    457.88    356.40    279.76    383.49 19,342.69 CMSDAY   
Mean         19.71     13.59     85.72    103.10    148.17    111.01     67.99     35.13     14.77     11.50      9.99     12.37     52.99 CMS      
Max         103.90     34.70    789.38    341.70    351.00    166.90    114.40     70.23     22.25     18.84     37.60     48.88    789.38 CMS      
Min           4.07      6.33      7.32     28.00     74.80     86.05     41.00     21.15     11.05      8.20      4.98      5.96      4.07 CMS      
Runoff       51.10     36.39    222.19    276.14    396.86    287.72    182.10     91.05     39.56     30.79     24.17     33.13  1,671.20 MCM      
Momentary Peak    811.20 CMS, at 197.79 M (MSL.) at 13:00 hours, on Jun 15, 2021
Runoff Yield      11.62 Liters/Second/Square KM, Momentary Peak Yield 177.90 Liters/Second/Square KM

----------------------------------------------------------------------------------------------------------------------------------------------------

Daily Mean Discharge
Computer Center : Royal Irrigation Department, Thailand, Hydrology Division (08-Sep-2026)
Station : (N.1) ,Forestry Office, Mueang, Nan
Stream : -
River : Nan
Basin : Nan
Rating : HC.1/3684

                                                                 Water Year - 2022                                                                  
                                 Discharge, in Cubic Meter per Second, Water Year April 01, 2022 to March 31, 2023                                  

    Date       Apr       May       Jun       Jul       Aug       Sep       Oct       Nov       Dec       Jan       Feb       Mar    Annual
       1     18.18     11.00     75.20    165.80    132.32    164.95    163.35     61.66     34.80     18.08     11.00      5.90          
       2     18.84     22.21     53.36    249.00    103.75    150.12    270.60     58.38     31.00     18.08     11.00      5.60          
       3     18.51     30.38     41.82    205.44    113.20    144.18    287.40     55.92     35.60     17.61     11.00      5.60          
       4     16.86     24.07     31.00    256.20    110.50    127.87    225.38     52.72     30.69     16.67     11.00      5.60          
       5     13.24     14.20     28.21    168.25    123.42    157.53    195.48     52.72     29.45     16.67     11.00      5.60          
       6     11.64     12.28     24.07    121.30    107.80    248.20    200.10     52.08     28.52     14.60     11.00      5.60          
       7     10.44     12.28     19.50    161.98    153.08    183.72    190.44     48.88     28.21     14.60     11.00      5.90          
       8      9.32     22.52     18.18    198.84    214.50    164.95    200.10     45.60     25.00     14.15     10.63      5.90          
       9      8.76     29.45     17.52    110.50    428.21    145.67    190.30     45.60     24.38     14.15     10.63      5.60          
      10      8.76     28.52     16.86     97.00    256.20    158.45    183.72     44.52     24.38     14.15     10.26      5.60          
      11      8.20     30.38     14.20    102.40    246.18    232.07    244.17     42.90     23.76     14.15      9.52      5.30          
      12      7.64     35.20     14.20    144.18    633.32    238.12    183.72     42.36     23.76     14.60      9.15      5.60          
      13      7.64     79.40     13.56    121.93  1,203.60    331.13    156.00     41.82     23.45     16.67      9.15      5.60          
      14      7.08     58.38     13.24    208.92    876.60    275.00    154.57     40.74     23.45     17.14      8.78      5.30          
      15      6.52     53.36     13.56    311.71    535.00    221.75    138.25     38.00     22.83     16.67      8.41      5.30          
      16      6.50     41.28    203.88    277.80    364.13    219.94    123.42     41.82     22.83     14.60      8.41      5.60          
      17      6.12     38.00    123.42    185.40    334.50    200.00    121.30     53.36     23.45     14.15      8.41      5.60          
      18      6.12     65.10     82.20    154.57    258.28    183.72    107.80     44.52     23.45     13.70      8.41      5.30          
      19      8.20     41.28     64.05    160.90    201.81    205.56    107.80     45.06     23.45     13.25      8.41      5.60          
      20     13.24     29.76     48.88    252.23    197.65    187.85    102.09     42.36     23.14     12.80      9.15      5.30          
      21     12.60     24.69     43.98    202.20    248.20    207.25     92.05     42.36     18.51     12.35      8.78      5.30          
      22     22.21     67.20     34.80    248.20    624.88    182.04     85.78     42.90     18.51     11.90      8.78      5.30          
      23     23.14    183.72     30.69    275.40    497.65    187.08     87.03     38.00     18.51     11.90      8.41      5.00          
      24     18.18    107.80     29.45    292.50    334.50    246.18     80.76     36.80     18.51     11.90      8.04      4.70          
      25     12.92     66.15     41.28    212.69    345.00    210.88     76.60     35.60     18.51     11.45      7.67      4.70          
      26     12.28     48.24     35.60    173.15    262.32    208.92     75.20     37.20     18.18     11.45      6.20      3.60          
      27     12.92     36.80     35.60    157.53    313.50    251.40     72.45     45.06     17.85     11.45      5.30      3.12          
      28     12.60     30.38     36.40    127.87    275.40    208.92     73.80     42.90     17.85     11.00      5.30      3.36          
      29     11.64     28.21     30.38    121.30    210.88    185.40     73.50     37.60     17.85     11.00                3.36          
      30     10.44     24.38     38.00    107.80    195.48    164.95     67.20     36.00     17.52     11.00                3.36          
      31               42.36              116.00    175.60               63.30               17.52     11.00                3.36          

Total       360.74  1,338.98  1,273.09  5,688.99 10,077.46  5,993.80  4,393.66  1,345.44    724.92    432.89    254.80    156.56 32,041.33 CMSDAY   
Mean         12.02     43.19     42.44    183.52    325.08    199.79    141.73     44.85     23.38     13.96      9.10      5.05     87.78 CMS      
Max          23.14    183.72    203.88    311.71  1,203.60    331.13    287.40     61.66     35.60     18.08     11.00      5.90  1,203.60 CMS      
Min           6.12     11.00     13.24     97.00    103.75    127.87     63.30     35.60     17.52     11.00      5.30      3.12      3.12 CMS      
Runoff       31.17    115.69    109.99    491.53    870.69    517.86    379.61    116.25     62.63     37.40     22.01     13.53  2,768.36 MCM      
Momentary Peak    1241.00 CMS, at 199.95 M (MSL.) at 11:00 hours, on Aug 13, 2022
Runoff Yield      19.25 Liters/Second/Square KM, Momentary Peak Yield 272.16 Liters/Second/Square KM

----------------------------------------------------------------------------------------------------------------------------------------------------

Daily Mean Discharge
Computer Center : Royal Irrigation Department, Thailand, Hydrology Division (08-Sep-2026)
Station : (N.1) ,Forestry Office, Mueang, Nan
Stream : -
River : Nan
Basin : Nan
Rating : HC.1/3814

                                                                 Water Year - 2023                                                                  
                                 Discharge, in Cubic Meter per Second, Water Year April 01, 2023 to March 31, 2024                                  

    Date       Apr       May       Jun       Jul       Aug       Sep       Oct       Nov       Dec       Jan       Feb       Mar    Annual
       1      3.12      2.64      8.41    131.73    171.20    140.58    144.52    129.77     36.00     20.35     14.96      7.40          
       2      3.36      5.30      7.67     85.75    136.65    110.50    129.77    103.00     36.00     20.35     14.87      7.40          
       3      3.12     10.26      7.67     71.30    134.68     99.25    118.95     86.38     36.00     20.13     14.69      7.40          
       4      2.88      8.78      9.15     57.13    173.10     90.13    108.25     80.75     36.00     19.91     11.30      6.75          
       5      2.64      8.78      8.04     51.24    265.90    101.50    104.50     72.50     35.60     19.91     10.50      6.75          
       6      2.40      5.60      6.50     36.80    639.92    100.00    102.25     71.60     29.62     19.91     10.50      6.10          
       7      2.40      5.00     25.58     30.05    594.66    117.97    112.00     67.40     29.62     15.50     10.50      5.45          
       8      2.16      3.12     29.62     24.66    904.15     99.25    124.85     66.30     32.20     15.50      9.30      5.45          
       9      1.92      2.88     19.96     23.74  1,065.61    132.72    173.10     64.65     31.34     15.41      9.30      4.15          
      10      2.40      2.64     19.02     23.74    990.76    195.40    173.10     65.75     31.34     15.41      9.30      6.40          
      11      2.40      4.40     17.14     26.04    603.25    264.60    124.85     56.26     29.19     15.32      9.30      4.15          
      12      1.92      5.00     13.25     29.19    346.95    315.50    109.00     55.97     28.33     15.32      9.30      4.15          
      13      1.92      5.90     11.00     28.33    256.80    273.70    106.75     55.68     26.50     15.32      9.70      4.15          
      14      1.92      8.04     10.63     31.77    205.75    281.50     99.25     56.55     26.04     15.50      9.70      4.15          
      15      1.92     17.61      9.89     29.19    182.75    342.60    122.88     56.26     28.33     20.24      9.70      6.40          
      16      2.16     22.36      9.52     37.60    201.15    493.25    174.05     56.55     28.33     20.02      8.90      6.40          
      17      1.92     19.02     12.80    212.65    209.20    470.91    125.83     55.10     28.33     15.50      8.90      6.06          
      18      1.68     13.25     22.82    110.50    166.45    342.60    102.25     51.24     26.50     15.41      8.50      6.06          
      19      2.40      9.89     29.62     80.13    149.43    335.35     87.63     51.24     26.50     15.32      8.10      5.72          
      20      1.30      8.04     22.82     71.60    126.82    345.50     82.63     43.24     26.04     15.14      7.70      5.38          
      21      1.30      5.60     18.55     92.00    111.25    297.10    102.25     42.48     19.96     15.14      7.70      6.06          
      22      1.44      4.70     16.67     90.13    109.75    248.38    123.87     42.48     19.96     14.96     10.00      6.06          
      23      1.92      4.70     11.45     65.75    124.85    203.45     98.50     38.00     19.96     14.96      9.35      4.80          
      24      3.80      4.40      9.89     51.76    110.50    175.00     84.50     37.20     19.96     14.78      9.35      8.05          
      25      3.60      3.60     10.26     74.00    107.50    163.60     73.70     36.40     19.96     14.69      8.70      8.70          
      26      3.36     19.02     24.20    104.50    110.50    154.35     73.70     36.00     19.96     11.30      8.70      5.45          
      27      2.40     20.90     63.55     80.75    103.75    137.63     73.10     35.60     19.49     14.69      8.70      4.80          
      28      2.40     12.35    112.00     55.97     90.75    129.77    101.50     34.40     19.49     14.96      8.70      6.40          
      29      2.40      9.89    102.25     57.42     87.63    134.68    111.25     32.20     19.02     15.05      8.70      6.06          
      30      2.64      9.52     64.10    239.40    103.75    137.63    123.87     34.40     19.02     15.14                6.06          
      31               10.63              310.10    161.70              135.67               18.55     15.14                5.04          

Total        71.20    273.82    734.03  2,414.92  8,747.11  6,434.40  3,528.32  1,715.35    823.14    506.28    284.92    183.35 25,716.84 CMSDAY   
Mean          2.37      8.83     24.47     77.90    282.16    214.48    113.82     57.18     26.55     16.33      9.82      5.91     70.26 CMS      
Max           3.80     22.36    112.00    310.10  1,065.61    493.25    174.05    129.77     36.00     20.35     14.96      8.70  1,065.61 CMS      
Min           1.30      2.64      6.50     23.74     87.63     90.13     73.10     32.20     18.55     11.30      7.70      4.15      1.30 CMS      
Runoff        6.15     23.66     63.42    208.65    755.75    555.93    304.85    148.21     71.12     43.74     24.62     15.84  2,221.94 MCM      
Momentary Peak    1053.00 CMS, at 199.29 M (MSL.) at 20:00 hours, on Aug 09, 2023
Runoff Yield      15.41 Liters/Second/Square KM, Momentary Peak Yield 230.93 Liters/Second/Square KM

----------------------------------------------------------------------------------------------------------------------------------------------------

Daily Mean Discharge
Computer Center : Royal Irrigation Department, Thailand, Hydrology Division (08-Sep-2026)
Station : (N.1) ,Forestry Office, Mueang, Nan
Stream : -
River : Nan
Basin : Nan
Rating : -

                                                                 Water Year - 2024                                                                  
                                 Discharge, in Cubic Meter per Second, Water Year April 01, 2024 to March 31, 2025                                  

    Date       Apr       May       Jun       Jul       Aug       Sep       Oct       Nov       Dec       Jan       Feb       Mar    Annual
       1      4.70      1.20    125.17    136.00    572.73    448.04    314.25     67.51     35.10     27.26     18.24     13.22          
       2      4.36      1.08    318.00    154.42    912.05    409.98    437.78     66.92     35.10     27.26     17.72     12.76          
       3      4.02      0.96    126.25    106.30  1,044.31    344.92    329.00     66.33     33.36     27.26     17.20     12.30          
       4      3.34      6.06     78.77     82.45    940.77    323.50    267.36     57.75     32.78     27.26     16.68     11.84          
       5      3.34     15.23     66.92     85.39    721.15    276.75    246.89     57.50     32.78     26.72     16.16     11.38          
       6      3.68     10.10     55.50    108.20    561.24    358.33    217.15     57.75     36.50     24.57     15.64     10.92          
       7      4.36      8.50     48.37     95.85    650.95    268.83    181.70     63.97     35.30     24.04     15.12     10.46          
       8      4.02      9.35     35.10     73.55    427.32    238.11    170.67     57.75     35.30     24.04     15.12     10.46          
       9      3.34      9.70     43.33     80.98    287.75    239.58    158.75     57.50     34.70     24.04     14.60     10.46          
      10      3.68     10.10    121.92    149.00    241.04    341.08    149.00     57.00     33.50     24.04     15.12     10.46          
      11      5.72     15.05    223.00    111.08    207.40    545.07    138.17     56.00     32.90     24.04     14.60     10.46          
      12      6.10     33.36    130.58    114.33    312.50    534.96    132.75     55.50     32.90     24.04     14.60     10.46          
      13      4.15     25.66    105.35    112.00    496.56    458.15    121.92     48.20     32.30     23.51     14.14     10.00          
      14      4.15     15.32     72.20     86.86    512.73    547.09    119.75     47.50     32.30     23.51     14.14     10.00          
      15      4.80     11.30     56.25     78.04    417.33    524.86    119.75     45.40     35.30     22.45     14.14     10.00          
      16      5.45      8.50     47.74     85.39    295.90    387.08    127.33     45.85     33.94     22.45     13.68     10.00          
      17      7.40      7.70     36.84    112.17    432.55    318.00    126.25     46.10     32.78     22.45     13.68      9.64          
      18      6.75      9.35     37.42    211.30    574.00    260.20    116.50     70.40     35.90     20.86     13.22      8.92          
      19      8.05      7.70     44.59    267.85    482.41    262.98    110.10     56.50     34.70     20.86     13.22      8.20          
      20      4.80     10.00     33.36    242.50    549.11    248.35    107.25     55.50     34.10     20.33     14.14      8.92          
      21      4.80      9.70     26.22    262.75    779.10    223.00    104.40     49.00     33.50     20.33     15.12      8.92          
      22      4.15     20.68     26.08    258.59  1,388.13    207.40    106.30     48.37     32.90     20.33     16.16     10.92          
      23      6.40     46.48     26.22    283.15  1,323.25    232.26    104.40     47.74     32.90     19.80     15.64     10.46          
      24      6.40     47.11     34.52    187.60  1,134.87    568.05     99.65     47.11     32.90     19.80     15.12     10.00          
      25      6.40     48.20     81.71    187.60    818.70    557.20     86.86     43.96     26.50     19.28     14.60      9.28          
      26      6.40     92.00    211.30    164.17    576.55    436.03     84.65     43.96     26.22     18.76     13.68      9.28          
      27      5.72     65.15    238.11    187.60    574.00    320.00     80.98     43.33     25.94     18.24     14.14      9.28          
      28      3.34     45.85    214.71    152.25    957.13    250.00     73.10     37.42     25.80     18.24     13.22      8.92          
      29      3.34     36.50    146.83    162.00    728.78    233.73     72.20     36.26     25.80     18.24                8.92          
      30      3.68     25.94    134.92    209.35    541.03    262.98     71.75     35.68     25.80     18.24                8.56          
      31               20.79              371.75    421.83               71.30               25.66     18.24                8.56          

Total       146.84    674.62  2,947.28  4,920.47 19,883.17 10,626.51  4,647.91  1,569.76    995.46    690.49    418.84    313.96 47,835.31 CMSDAY   
Mean          4.89     21.76     98.24    158.72    641.39    354.22    149.93     52.33     32.11     22.27     14.96     10.13    131.05 CMS      
Max           8.05     92.00    318.00    371.75  1,388.13    568.05    437.78     70.40     36.50     27.26     18.24     13.22  1,388.13 CMS      
Min           3.34      0.96     26.08     73.55    207.40    207.40     71.30     35.68     25.66     18.24     13.22      8.20      0.96 CMS      
Runoff       12.69     58.29    254.64    425.13  1,717.91    918.13    401.58    135.63     86.01     59.66     36.19     27.13  4,132.99 MCM      
Momentary Peak    1611.40 CMS, at 200.91 M (MSL.) at 23:00 hours, on Aug 22, 2024
Runoff Yield      28.74 Liters/Second/Square KM, Momentary Peak Yield 353.39 Liters/Second/Square KM

----------------------------------------------------------------------------------------------------------------------------------------------------

Daily Mean Discharge
Computer Center : Royal Irrigation Department, Thailand, Hydrology Division (08-Sep-2026)
Station : (N.1) ,Forestry Office, Mueang, Nan
Stream : -
River : Nan
Basin : Nan
Rating : HC.1/4068

                                                                 Water Year - 2025                                                                  
                                 Discharge, in Cubic Meter per Second, Water Year April 01, 2025 to March 31, 2026                                  

    Date       Apr       May       Jun       Jul       Aug       Sep       Oct       Nov       Dec       Jan       Feb       Mar    Annual
       1      8.20     16.68     43.33    154.10    651.80    235.70    588.40     98.10     56.84     42.70     32.90     27.26          
       2      7.84     21.39     43.96    131.60    551.90    220.30    402.90    100.65     56.84     43.96     32.30     26.72          
       3      7.84     18.76     45.22    200.50    445.60    234.60    309.00     95.55     56.17     45.22     31.10     25.64          
       4      7.84     16.16     44.59    461.60    359.40    203.80    477.60     91.43     56.17     41.46     31.10     25.10          
       5      7.84     15.64     44.59    271.60    295.00    191.70    438.00     89.08     55.50     41.46     31.10     24.04          
       6      8.20     15.64     45.22    201.60    275.40    170.00    293.60     87.51     54.20     40.84     30.50     23.51          
       7     12.76     15.12     45.22    187.30    254.80    206.00    252.40     85.94     53.55     40.84     30.50     23.51          
       8     26.18     13.22     45.22    196.10    234.60    209.30    244.17     85.94     52.90     40.22     29.96     22.98          
       9     18.76     12.76     41.46    158.80    215.90    193.90    231.30     90.65     52.25     39.60     29.96     22.45          
      10     16.16     11.38     33.50    162.60    215.90    217.00    220.30    109.15     52.90     39.60     29.96     22.45          
      11     14.14     10.00     40.84    223.60    282.40    245.29    204.90     95.55     52.25     39.60     29.42     22.98          
      12     12.30     16.68     90.65    387.40    268.00    214.80    183.29     89.86     54.85     38.98     28.88     11.90          
      13     11.38     24.57     89.08    307.60    222.50    199.40    184.00     84.37     63.66     38.36     28.88     12.70          
      14     17.20     18.24     84.37    239.00    239.00    223.60    183.29     81.23     59.52     37.74     28.34     13.90          
      15     54.20     19.80     64.39    240.83    229.10    204.90    202.70     78.87     54.85     37.74     28.34     14.70          
      16     44.59     37.74     52.90    370.60    272.80    189.50    202.70     75.74     54.85     37.74     28.34     13.90          
      17     31.10     37.74     47.11    740.00    204.90    183.29    183.29     73.40     52.90     37.12     28.34     13.90          
      18     20.33     40.22     43.33  1,165.60    199.40    164.00    165.00     76.52     54.20     37.12     28.34     12.70          
      19     25.10     44.59     43.33    750.00    172.00    191.70    153.20     82.01     50.95     37.12     27.80     12.70          
      20     25.64     59.52     52.25    397.20    154.10    181.14    154.10     81.23     48.37     36.50     27.80     12.30          
      21     25.64     65.12     45.22    423.00    145.10    184.36    140.60     78.09     47.74     35.90     26.72     11.19          
      22     22.98    144.20     43.33    402.90    143.30    226.90    130.70     73.40     46.48     35.90     26.72     10.26          
      23     22.98     83.58    105.75  1,190.40    164.00    374.80    124.40     71.84     45.85     34.10     26.72     10.26          
      24     22.45     80.44    147.80  2,568.00    172.00    480.80    121.70     68.04     45.85     33.50     26.72     10.26          
      25     21.92     87.51     99.80  1,975.00    169.00    653.70    115.40     66.58     45.85     34.10     26.72      9.64          
      26     16.68     73.40     73.40  1,060.80    165.00    469.60    113.60     64.39     45.22     34.70     27.26      9.33          
      27     13.68     64.39     73.40    742.00    567.20    401.45    109.15     62.93     44.59     34.10     27.80      8.71          
      28     13.22     50.30    442.50  1,086.45    680.30    342.60    104.90     62.20     43.96     34.10     27.80      8.71          
      29     17.20     43.96    413.05  1,236.30    444.00    268.00    100.65     65.85     43.96     33.50                8.40          
      30     14.14     38.36    229.10  1,139.40    337.00    355.20     97.25     61.53     43.33     33.50                8.40          
      31               39.60              861.00    283.80               96.40               43.33     33.50                8.40          

Total       568.49  1,236.71  2,713.91 19,632.88  9,015.20  7,837.33  6,528.89  2,427.63  1,589.88  1,170.82    810.32    488.90 54,020.96 CMSDAY   
Mean         18.95     39.89     90.46    633.32    290.81    261.24    210.61     80.92     51.29     37.77     28.94     15.77    148.00 CMS      
Max          54.20    144.20    442.50  2,568.00    680.30    653.70    588.40    109.15     63.66     45.22     32.90     27.26  2,568.00 CMS      
Min           7.84     10.00     33.50    131.60    143.30    164.00     96.40     61.53     43.33     33.50     26.72      8.40      7.84 CMS      
Runoff       49.12    106.85    234.48  1,696.28    778.91    677.15    564.10    209.75    137.37    101.16     70.01     42.24  4,667.42 MCM      
Momentary Peak    2738.00 CMS, at 201.69 M (MSL.) at 16:00 hours, on Jul 24, 2025
Runoff Yield      32.46 Liters/Second/Square KM, Momentary Peak Yield 600.46 Liters/Second/Square KM

----------------------------------------------------------------------------------------------------------------------------------------------------

