Daily Mean Discharge
Computer Center : Royal Irrigation Department, Thailand, Hydrology Division (08-Sep-2026)
Station : (N.13A) ,Ban Phai Ngam, Wiang Sa, Nan
Stream : -
River : Nan
Basin : Nan
Rating : HC1.0119Y/1989

                                                                 Water Year - 1989                                                                  
                                 Discharge, in Cubic Meter per Second, Water Year April 01, 1989 to March 31, 1990                                  

    Date       Apr       May       Jun       Jul       Aug       Sep       Oct       Nov       Dec       Jan       Feb       Mar    Annual
       1     16.80     28.80     80.75     93.00    194.00    321.80    286.10     82.50     19.80     35.20     22.24     19.00          
       2     15.80     27.80     87.75     70.30    176.15    292.40    286.10     77.25     19.80     35.20     22.24     19.00          
       3     15.80     25.80     89.50     80.75    164.45    228.15    258.90     73.75     18.80     34.60     22.24     18.09          
       4     17.80     21.80     84.25    178.10    154.70    204.00    222.00     72.00     17.80     29.80     22.24     17.02          
       5     16.80     19.80     60.10    196.00    144.95    180.05    232.25     70.30     16.80     29.80     21.16     15.96          
       6     15.80     21.80     50.50    180.05    170.30    166.40    220.00     70.30     16.80     29.80     21.16     15.96          
       7     15.80     40.00     53.50    252.75    158.60    269.30    220.00     70.30     15.80     34.60     21.16     14.89          
       8     13.80     46.00     50.50    198.00    166.40    218.00    188.00     70.30     15.80     29.80     21.16     14.89          
       9     13.80     29.80     43.00    146.90    150.80    208.00    170.30     70.30     16.80     28.72     21.16     15.96          
      10     13.80     23.80     38.98    114.20    166.40    271.40    164.45     66.90     16.80     28.72     21.16     15.96          
      11     12.80     22.80     56.70    100.00    192.00    294.50    148.85     66.90     16.80     28.72     21.16     15.96          
      12     12.80     21.80     77.25    176.15    234.30    256.85    139.40     66.90     16.80     27.64     21.16     15.96          
      13     12.80     22.80     86.00    421.90    188.00    218.00    128.60     65.20     18.80     27.64     21.16     18.09          
      14     12.80     47.50     98.25    284.00    330.40    350.20    123.20     65.20     18.80     27.64     26.56     18.09          
      15     12.80     79.00     91.25    224.05    798.90    298.70    135.80     63.50     25.80     27.64     28.72     25.48          
      16     11.80     93.00     93.00    194.00    551.20    330.40    164.45     61.80     23.80     27.64     26.56     23.32          
      17     11.80    121.40     94.75    144.95    374.40    232.25    134.00     61.80     23.80     26.56     21.16     23.32          
      18     10.80     91.25     80.75    144.95    279.80    200.00    123.20     60.10     23.80     26.56     20.08     23.32          
      19     10.80     55.00     68.60    152.75    228.15    188.00    114.20     60.10     22.80     25.48     20.08     22.24          
      20     10.80     40.00     55.00    202.00    192.00    172.25    108.80     60.10     22.80     24.40     20.08     22.24          
      21      7.84     34.90     49.00    202.00    208.00    168.35    105.25     58.40     22.80     24.40     20.08     22.24          
      22      7.84     27.80     41.50    174.20    190.00    260.95     98.25     56.70     21.80     24.40     20.08     21.16          
      23      7.84     22.80     40.00    150.80    260.95    467.90     93.00     56.70     21.80     24.40     18.09     21.16          
      24      7.84     22.80     37.96    184.00    275.60    608.80     91.25     55.00     21.80     24.40     18.09     21.16          
      25      8.82     22.80     35.92    242.50    267.20    725.50     89.50     55.00     20.80     24.40     18.09     20.08          
      26     11.80     26.80     43.00    648.00    541.60    777.40     86.00     53.50     19.80     24.40     18.09     19.00          
      27     14.80     24.80     70.30    444.90    582.40    563.20     82.50     52.00     19.80     23.32     19.00     19.00          
      28     14.80     73.75    143.00    330.40    401.20    417.30     82.50     52.00     18.80     23.32     19.00     18.09          
      29     18.80    162.50    141.20    246.60    378.80    352.40     91.25     52.00     17.80     23.32               17.02          
      30     18.80    150.80     91.25    202.00    309.20    317.60     91.25     52.00     17.80     23.32               17.02          
      31              123.20              196.00    328.20               91.25               17.80     23.32               17.02          

Total       395.18  1,572.90  2,133.51  6,576.20  8,759.05  9,560.05  4,570.60  1,898.80    609.80    849.16    593.16    587.70 38,106.11 CMSDAY   
Mean         13.17     50.74     71.12    212.14    282.55    318.67    147.44     63.29     19.67     27.39     21.18     18.96    104.40 CMS      
Max          18.80    162.50    143.00    648.00    798.90    777.40    286.10     82.50     25.80     35.20     28.72     25.48    798.90 CMS      
Min           7.84     19.80     35.92     70.30    144.95    166.40     82.50     52.00     15.80     23.32     18.09     14.89      7.84 CMS      
Runoff       34.14    135.90    184.34    568.18    756.78    825.99    394.90    164.06     52.69     73.37     51.25     50.78  3,292.38 MCM      
Momentary Peak    828.6 CMS, at 181.98 M (MSL.) at 09:00 hours, on Sep 26, 1989
Runoff Yield      11.99 Liters/Second/Square KM, Momentary Peak Yield 95.18 Liters/Second/Square KM

----------------------------------------------------------------------------------------------------------------------------------------------------

Daily Mean Discharge
Computer Center : Royal Irrigation Department, Thailand, Hydrology Division (08-Sep-2026)
Station : (N.13A) ,Ban Phai Ngam, Wiang Sa, Nan
Stream : -
River : Nan
Basin : Nan
Rating : HC1.0000Y/1990

                                                                 Water Year - 1990                                                                  
                                 Discharge, in Cubic Meter per Second, Water Year April 01, 1990 to March 31, 1991                                  

    Date       Apr       May       Jun       Jul       Aug       Sep       Oct       Nov       Dec       Jan       Feb       Mar    Annual
       1     14.89     22.24     87.75    126.75  1,080.10    319.15    135.50     80.75     53.50     35.60     27.04     17.00          
       2     13.83     17.02     74.75    105.25    788.95    252.75    130.50     80.75     53.50     35.60     25.70     17.00          
       3     12.76     19.00     54.00    100.00    569.50    359.37    129.25     77.25     53.50     32.40     24.36     17.00          
       4     12.76     21.16     79.70    129.25    511.80    447.00    126.75     75.50     53.00     32.40     24.36     17.00          
       5     14.89     21.16     81.35    215.45    398.90    478.45    123.00     83.00     52.50     32.40     24.36     15.94          
       6     14.89     25.48     76.40    428.80    334.20    359.37    120.50     83.00     52.00     32.40     24.36     15.94          
       7     23.32     52.50     53.50    461.80    271.10    268.40    126.75    126.75     51.50     37.20     23.02     14.88          
       8     25.48     39.40     50.50    417.30    246.60    252.75    126.75    101.75     51.00     35.60     23.02     14.88          
       9     26.56     38.20     75.50    271.10    256.85    273.80    141.75    101.75     51.00     35.60     23.02     13.82          
      10     21.16     23.32    412.70    203.75    387.60    260.95    213.50    119.25     50.50     32.40     23.02     13.82          
      11     18.09     23.32    197.90    166.40    390.17    284.60    158.60    125.50     50.50     32.40     23.02     12.76          
      12     17.02     21.16    317.00    131.75    435.70    279.20    130.50     91.25     50.50     32.40     23.02     12.76          
      13     15.96     21.16    223.25    121.75    410.40    339.60    124.25     82.50     40.00     32.40     21.68     12.76          
      14     14.89     19.00    165.10    107.00    292.70    454.40    107.00     75.50     39.40     32.40     21.68     12.76          
      15     13.83     19.00    100.00    101.75    234.30    410.40     98.25     81.35     38.80     31.06     21.68     13.82          
      16     13.83     35.80     77.25     91.25    228.15    476.60     93.00     79.70     38.80     31.06     21.68     12.76          
      17     12.76     36.40     76.40     84.25    205.70    397.87     91.25     74.75     38.20     31.06     20.34     12.76          
      18     12.76     77.25     69.80     87.75    197.90    329.90     91.25     73.10     38.20     31.06     20.34     12.76          
      19     12.76     76.40     54.00     80.75    179.40    268.40     89.50     73.10     37.60     31.06     20.34     12.76          
      20     12.76     54.50     52.50     79.00    166.40    233.00     84.25     71.45     37.00     29.72     20.34     13.82          
      21     11.70     51.00     51.00    130.50    165.10    215.45     84.25     69.80     36.40     29.72     20.34     13.82          
      22     11.70     81.35     50.50    276.50    139.25    211.55     93.00     68.15     36.40     29.72     20.34     13.82          
      23     11.70     96.50     79.70    346.40    133.00    178.10     89.50     69.80     36.40     28.38     20.34     12.76          
      24     10.63     79.00     73.10    617.25    121.75    175.50     82.50     68.15     36.40     28.38     20.34     11.70          
      25     10.63     81.35     89.50    799.55    119.25    197.90     80.75     68.15     36.40     28.38     20.34     11.70          
      26     13.83     78.05     87.75    507.40    129.25    205.70    126.75     55.00     35.80     28.38     20.34     10.64          
      27     22.24     68.15    126.75    394.30    133.00    172.90    141.75     54.50     35.80     28.38     20.34     10.64          
      28     35.80     71.45    133.00    361.93    180.70    159.90    105.25     54.00     35.80     28.38     20.34      9.58          
      29     29.80     77.25    158.60    448.85    159.90    143.00     89.50     54.00     35.20     29.72                9.58          
      30     25.48     69.80    140.50    595.75    217.40    141.75     84.25     54.00     35.20     28.38               10.64          
      31               83.00            1,226.70    298.10               86.00               35.20     28.38               15.94          

Total       508.71  1,500.37  3,369.75  9,216.23  9,383.12  8,547.71  3,505.60  2,373.50  1,326.00    972.42    619.10    417.82 41,740.33 CMSDAY   
Mean         16.96     48.40    112.33    297.30    302.68    284.92    113.08     79.12     42.77     31.37     22.11     13.48    114.36 CMS      
Max          35.80     96.50    412.70  1,226.70  1,080.10    478.45    213.50    126.75     53.50     37.20     27.04     17.00  1,226.70 CMS      
Min          10.63     17.02     50.50     79.00    119.25    141.75     80.75     54.00     35.20     28.38     20.34      9.58      9.58 CMS      
Runoff       43.95    129.63    291.15    796.28    810.70    738.52    302.88    205.07    114.57     84.02     53.49     36.10  3,606.36 MCM      
Momentary Peak    1248.30 CMS, at 183.59 M (MSL.) at 15:00 hours, on Jul 31, 1990
Runoff Yield      13.14 Liters/Second/Square KM, Momentary Peak Yield 143.39 Liters/Second/Square KM

----------------------------------------------------------------------------------------------------------------------------------------------------

Daily Mean Discharge
Computer Center : Royal Irrigation Department, Thailand, Hydrology Division (08-Sep-2026)
Station : (N.13A) ,Ban Phai Ngam, Wiang Sa, Nan
Stream : -
River : Nan
Basin : Nan
Rating : HC1.0251Y/1991

                                                                 Water Year - 1991                                                                  
                                 Discharge, in Cubic Meter per Second, Water Year April 01, 1991 to March 31, 1992                                  

    Date       Apr       May       Jun       Jul       Aug       Sep       Oct       Nov       Dec       Jan       Feb       Mar    Annual
       1     14.88     12.76     48.40    104.60    203.20    394.65    216.16     88.40     50.00     33.76     21.80     33.76          
       2     15.94     11.70     56.60     85.70    173.70    383.10    206.15     83.00     50.00     36.48     21.80     25.00          
       3     13.82     10.64     42.00     79.70    383.60    330.43    188.45     81.35     48.40     39.20     21.80     21.80          
       4      9.58      9.58     38.80    261.97    272.50    317.27    209.10     79.70     48.40     40.56     20.20     20.20          
       5     17.00      9.58     40.40    209.10    212.05    398.50    203.20     81.35     48.40     39.20     20.20     18.60          
       6     15.94     11.70     68.15    134.98    167.80    411.10    179.60     81.35     48.40     40.56     18.60     17.00          
       7     14.88     11.70    122.60    118.40    149.53    354.00    156.00     79.70     46.80     35.12     18.60     17.00          
       8     14.88     29.72     81.35     99.20    218.63    283.03    149.53     74.75     46.80     33.76     18.60     17.00          
       9     13.82     79.70    114.20     91.10    212.05    333.07    144.68     73.10     43.60     33.00     17.00     17.00          
      10     12.76    277.77    134.98     83.00    235.63    408.40    134.98     73.10     42.00     31.40     17.00     16.50          
      11     11.70    151.95    120.50     74.75    212.05    486.36    122.85     73.10     42.00     31.40     16.50     16.00          
      12     10.64    107.30     99.20     71.45    156.00    433.15    120.43     73.10     40.40     29.80     16.00     15.50          
      13     10.64     58.25     79.70     76.40    203.20    317.00    118.00     73.10     40.40     28.20     15.50     15.50          
      14      9.58     45.20     88.40     71.45    350.30    325.17    126.80     71.45     40.40     28.20     15.50     15.00          
      15      9.58     45.20    118.40    125.28    454.30    322.53    118.40     69.80     40.40     28.20     15.00     15.00          
      16      8.52     48.40     81.35    144.68    437.00    290.93    116.30     66.50     40.40     28.20     15.00     14.50          
      17      8.52     42.00     66.50    161.65    475.11    317.27    114.20     64.85     38.80     28.20     15.00     14.50          
      18      8.52     32.40     58.25    151.95    387.30    325.17    139.83     63.20     38.80     26.60     15.00     14.00          
      19      7.46     61.55     50.00    132.55    309.37    264.60    151.95     61.55     37.20     26.60     15.00     14.00          
      20      8.52     54.95     48.40    120.43    243.53    394.65    120.43     61.55     37.20     25.00     15.00     14.00          
      21     11.70     51.65     51.65    144.68    240.79    363.85    120.43     59.90     37.20     25.00     15.00     13.50          
      22     28.38     63.20     48.40    122.85    240.79    309.37    170.75     58.25     37.20     25.00     15.00     13.50          
      23     50.00    158.95     51.65    124.70    223.55    256.70    147.10     58.25     35.60     23.40     14.50     13.00          
      24     45.20    134.98     96.50    328.10    319.90    246.17    125.28     58.25     32.40     23.40     14.50     13.00          
      25     27.04     71.45    304.10    235.86    515.77    233.00    120.43     56.60     32.40     23.40     14.50     13.00          
      26     21.68     56.60    211.24    196.46    411.10    221.09    128.90     56.60     32.40     23.40     17.00     12.50          
      27     29.72     63.20    161.65    173.70    700.00    233.40    118.00     56.60     31.06     23.40     33.00     12.50          
      28     24.36     73.10    164.08    159.23    615.67    254.07    128.90     54.95     31.06     23.40     65.00     12.50          
      29     24.36     63.20    144.68    134.98    521.71    238.27    116.30     53.30     32.40     23.40     52.00     12.50          
      30     20.34     54.95    126.80    120.43    447.00    230.94    107.30     51.65     38.80     23.40               12.50          
      31               50.00              120.43    408.40               96.50               37.20     23.40               12.50          

Total       519.96  1,953.33  2,918.93  4,259.76 10,101.53  9,677.24  4,416.93  2,038.35  1,246.52    904.04    589.60    492.86 39,119.05 CMSDAY   
Mean         17.33     63.01     97.30    137.41    325.86    322.57    142.48     67.95     40.21     29.16     20.33     15.90    106.88 CMS      
Max          50.00    277.77    304.10    328.10    700.00    486.36    216.16     88.40     50.00     40.56     65.00     33.76    700.00 CMS      
Min           7.46      9.58     38.80     71.45    149.53    221.09     96.50     51.65     31.06     23.40     14.50     12.50      7.46 CMS      
Runoff       44.92    168.77    252.20    368.04    872.77    836.11    381.62    176.11    107.70     78.11     50.94     42.58  3,379.87 MCM      
Momentary Peak    730.0 CMS, at 181.42 M (MSL.) at 18:00 hours, on Aug 27, 1991
Runoff Yield      12.28 Liters/Second/Square KM, Momentary Peak Yield 83.85 Liters/Second/Square KM

----------------------------------------------------------------------------------------------------------------------------------------------------

Daily Mean Discharge
Computer Center : Royal Irrigation Department, Thailand, Hydrology Division (08-Sep-2026)
Station : (N.13A) ,Ban Phai Ngam, Wiang Sa, Nan
Stream : -
River : Nan
Basin : Nan
Rating : HC1.0307Y/1992

                                                                 Water Year - 1992                                                                  
                                 Discharge, in Cubic Meter per Second, Water Year April 01, 1992 to March 31, 1993                                  

    Date       Apr       May       Jun       Jul       Aug       Sep       Oct       Nov       Dec       Jan       Feb       Mar    Annual
       1      6.40      6.40     14.50     14.00    553.10    268.00    258.16     97.50     46.00     42.00     26.40     16.55          
       2      6.40     13.00     13.00     13.00    469.25    236.02    231.10     87.50     46.00     42.00     26.40     16.55          
       3     12.50     13.50     12.50     13.00    361.48    208.96    216.34     80.00     44.64     40.00     26.40     16.55          
       4      6.40     13.00      6.40     12.50    312.28    253.24    201.58     77.50     43.28     39.00     26.40     16.55          
       5      6.40     13.00      5.76     13.00    287.68    197.50    201.58     75.00     41.92     38.00     25.30     16.55          
       6      6.40      5.12     13.50     13.00    292.60    162.50    190.50     72.50     41.92     37.00     25.30     16.55          
       7      6.40      5.12     16.00     13.00    685.33    514.40    173.00     72.50     41.92     33.00     24.20     16.55          
       8      6.40      4.48     14.50     13.00    517.63    302.44    155.50     72.50     41.92     33.00     23.10     16.55          
       9      5.76      4.48     15.50     13.00    329.50    218.80    140.75     70.00     40.56     31.90     22.00     18.90          
      10      5.12      3.20     18.60    106.00    297.52    302.44    132.50     70.00     39.20     31.90     22.00     26.40          
      11      3.84      3.20     23.40     60.00    275.38    407.60    129.75     87.50     37.84     31.90     22.00     46.00          
      12      5.12      3.20     23.40     70.00    253.24    295.06    124.25     75.00     36.48     30.80     20.08     33.00          
      13      5.12      3.20     26.60     57.00    218.80    228.64    118.75     70.00     36.48     30.80     20.08     29.70          
      14      5.12      4.48     26.60     54.00    206.50    215.00    105.00     67.50     35.12     30.80     20.08     42.00          
      15      5.12      5.12     41.92    107.50    166.00    197.50    105.50     65.00     35.12     29.70     20.08     38.00          
      16      5.12     13.00     37.84    169.50    208.00    211.50    106.00     62.50     33.76     29.70     20.08     31.90          
      17      5.12     14.00     33.76    107.75    176.50    236.02    105.00     62.50     33.76     29.70     20.08     24.20          
      18      5.76     14.00     23.40     90.00    146.25    304.90    208.00     60.00     33.00     29.70     18.90     23.10          
      19      5.76     13.00     20.20     55.00    138.00    449.90    221.26     59.00     31.40     29.70     18.90     18.90          
      20      5.76      6.40     17.00     46.00    129.75    359.02    187.00     58.00     31.40     29.70     18.90     17.73          
      21     14.00      5.76     16.00     37.84    105.00    314.74    149.00     57.00     31.40     29.70     18.90     16.55          
      22      6.40      6.40     16.50     36.48    108.50    351.64    121.50     57.00     31.40     29.70     18.90     17.73          
      23      5.76      4.48     16.50  1,068.75    105.00    307.36    107.75     56.00     31.40     29.70     18.90     17.73          
      24      5.12      4.48     16.00  1,060.25    169.50    299.98    105.50     55.00     36.48     29.70     17.73     17.73          
      25      4.48      5.76     21.80    501.50    199.12    346.72    107.00     54.00    159.00     29.70     17.73     16.55          
      26      5.12      6.40     20.20    322.12    240.94    290.14    109.00     52.00    236.02     29.70     17.73     15.38          
      27      5.12      4.48     16.50    336.88    270.46    253.24    107.50     52.00    107.50     29.70     17.73     15.38          
      28      5.76      4.48     15.00    456.35    309.82    233.56     97.50     51.00     72.50     28.60     17.73     15.38          
      29      6.40     23.40     14.00    434.90    282.76    240.94     92.50     51.00     57.00     27.50               14.20          
      30     14.00     20.20     14.00    366.40    250.78    290.14     90.00     51.00     52.00     27.50               14.20          
      31               18.60              329.50    314.74               92.50               46.00     27.50               14.20          

Total       192.18    265.34    570.88  5,991.22  8,381.41  8,497.90  4,491.27  1,978.00  1,632.42    989.30    592.03    657.26 34,239.21 CMSDAY   
Mean          6.41      8.56     19.03    193.27    270.37    283.26    144.88     65.93     52.66     31.91     21.14     21.20     93.81 CMS      
Max          14.00     23.40     41.92  1,068.75    685.33    514.40    258.16     97.50    236.02     42.00     26.40     46.00  1,068.75 CMS      
Min           3.84      3.20      5.76     12.50    105.00    162.50     90.00     51.00     31.40     27.50     17.73     14.20      3.20 CMS      
Runoff       16.60     22.93     49.32    517.64    724.15    734.22    388.05    170.90    141.04     85.48     51.15     56.79  2,958.27 MCM      
Momentary Peak    1269.00 CMS, at 182.64 M (MSL.) at 18:00 hours, on Jul 23, 1992
Runoff Yield      10.78 Liters/Second/Square KM, Momentary Peak Yield 145.77 Liters/Second/Square KM

----------------------------------------------------------------------------------------------------------------------------------------------------

Daily Mean Discharge
Computer Center : Royal Irrigation Department, Thailand, Hydrology Division (08-Sep-2026)
Station : (N.13A) ,Ban Phai Ngam, Wiang Sa, Nan
Stream : -
River : Nan
Basin : Nan
Rating : HC1.0361Y/1993

                                                                 Water Year - 1993                                                                  
                                 Discharge, in Cubic Meter per Second, Water Year April 01, 1993 to March 31, 1994                                  

    Date       Apr       May       Jun       Jul       Aug       Sep       Oct       Nov       Dec       Jan       Feb       Mar    Annual
       1     14.20     18.90     59.20    161.20    105.20    458.75    166.60     79.83     46.00     28.50     20.20     14.80          
       2     13.03     15.38     59.20    180.10    238.07    366.03    238.07     74.53     45.00     28.50     20.20     14.80          
       3     13.03     14.20     58.40    150.40    337.06    380.51    254.97     69.23     44.00     28.50     19.30     15.70          
       4     13.03     13.03     57.60    124.20    329.81    327.40    207.10     66.58     42.00     28.50     19.30     15.70          
       5     11.85     11.85     70.55    105.80    366.03    279.11    169.30     60.00     41.00     28.50     19.30     15.70          
       6     11.85     11.85     89.10     89.10    296.01    271.87    143.70     66.58     41.00     28.50     19.30     15.70          
       7     10.68     15.38     83.80    201.70    274.29    269.46    132.00     60.00     40.00     27.00     19.30     14.80          
       8     11.85     15.38    105.90    420.95    240.49    279.11    126.80     59.20     39.00     27.00     20.20     14.80          
       9     11.85     27.50    105.90    310.50    247.73    233.24    105.00     59.20     39.00     27.00     19.30     14.80          
      10     14.20     29.70    259.80    293.60    235.66    220.60    105.10     59.20     38.00     25.50     19.30     14.80          
      11     17.73     26.40    137.20    490.25    185.50    286.36    121.60     59.20     38.00     24.00     24.00     14.80          
      12     15.38     25.30    135.90    332.23    153.10    291.19    122.90     59.20     38.00     24.00     20.20     14.80          
      13     14.20     27.50     90.43    506.00    138.50    296.01    105.40     59.20     38.00     24.00     19.30     14.80          
      14     17.73     28.60     79.83  1,383.00    129.40    252.56    105.90     58.40     38.00     24.00     19.30     14.80          
      15     16.55     26.40     86.45  1,338.00    128.10    212.50     89.10     58.40     38.00     24.00     19.30     14.80          
      16     16.55     25.30     73.20  1,206.40    161.20    207.10     89.10     58.40     37.00     24.00     19.30     14.80          
      17     16.55     22.00     69.23    904.60    158.50    180.10     83.80     58.40     33.00     24.00     18.40     14.80          
      18     15.38     24.20     57.60    619.40    145.00    247.73     81.15     58.40     31.90     24.00     17.50     13.90          
      19     14.20     20.08     52.80    395.75    174.70    296.01     78.50     57.60     30.80     22.50     17.50      9.50          
      20     13.03     24.20     46.00    383.15    565.85    226.00     77.18     57.60     30.80     22.50     17.50     13.90          
      21     11.85     27.50     44.00    327.40    584.75    230.83     77.18     57.60     29.70     22.50     17.50     13.90          
      22     15.38     33.00     41.00    252.56    368.44    217.90     79.83     56.00     29.70     22.00     16.60      9.50          
      23     28.60     44.00     40.00    242.90    308.09    172.00     82.48     55.20     29.70     22.00     15.70      9.50          
      24     13.03     55.20     37.00    242.90    446.15    145.00     81.15     55.20     29.70     22.00     15.70     16.60          
      25     20.08     43.00     42.00    226.00    591.05    147.70     79.83     54.40     29.70     22.00     15.70     18.40          
      26     44.00     41.00     79.83    201.70    424.10    158.50     77.18     53.60     28.60     21.10     15.70     20.20          
      27     27.50     42.00    105.70    163.90    337.06    153.10     73.20     52.80     27.50     21.10     14.80     43.20          
      28     20.08     58.40     82.48    141.10    288.77    139.80     71.88     52.80     27.50     20.20     14.80     78.50          
      29     23.10     70.55    105.20    130.70    274.29    129.40     70.55     46.00     27.50     20.20               96.00          
      30     20.08     83.80    105.30    126.80    327.40    124.20     70.55     46.00     27.50     20.20               58.50          
      31               70.55              122.90    606.80               78.50               27.50     20.20               43.20          

Total       506.57    992.15  2,460.60 11,775.19  9,167.10  7,200.07  3,445.60  1,768.75  1,083.10    748.00    514.50    700.00 40,361.63 CMSDAY   
Mean         16.89     32.00     82.02    379.84    295.71    240.00    111.15     58.96     34.94     24.13     18.38     22.58    110.58 CMS      
Max          44.00     83.80    259.80  1,383.00    606.80    458.75    254.97     79.83     46.00     28.50     24.00     96.00  1,383.00 CMS      
Min          10.68     11.85     37.00     89.10    105.20    124.20     70.55     46.00     27.50     20.20     14.80      9.50      9.50 CMS      
Runoff       43.77     85.72    212.60  1,017.38    792.04    622.09    297.70    152.82     93.58     64.63     44.45     60.48  3,487.26 MCM      
Momentary Peak    1386.00 CMS, at 183.72 M (MSL.) at 09:00 hours, on Jul 14, 1993
Runoff Yield      12.70 Liters/Second/Square KM, Momentary Peak Yield 159.21 Liters/Second/Square KM

----------------------------------------------------------------------------------------------------------------------------------------------------

Daily Mean Discharge
Computer Center : Royal Irrigation Department, Thailand, Hydrology Division (08-Sep-2026)
Station : (N.13A) ,Ban Phai Ngam, Wiang Sa, Nan
Stream : -
River : Nan
Basin : Nan
Rating : HC1.0000Y/1994

                                                                 Water Year - 1994                                                                  
                                 Discharge, in Cubic Meter per Second, Water Year April 01, 1994 to March 31, 1995                                  

    Date       Apr       May       Jun       Jul       Aug       Sep       Oct       Nov       Dec       Jan       Feb       Mar    Annual
       1     34.50     17.50    108.70    184.00  3,043.00  1,947.60    539.00    167.80    104.60     46.70     31.20     23.00          
       2     30.00     17.50    106.00    251.43  2,891.10  1,499.80    450.00    160.90    102.40     48.40     31.00     23.00          
       3     25.50     17.50    178.40    202.57  2,195.00  1,218.40    411.00    156.30    165.50     48.40     30.00     23.00          
       4     22.00     16.60    136.30    170.00  1,123.20  1,119.80    417.00    151.70    135.60     48.40     30.00     23.00          
       5     21.10     14.80    129.40    152.40  1,326.69  1,025.10    411.00    147.10    113.40     48.40     30.00     23.00          
       6     19.30     13.90    205.14    140.90  1,254.15    853.80    375.00    144.80    102.40     48.40     30.00     23.00          
       7     18.40     13.90    315.71    172.80  1,021.20    950.40    369.00    140.20     98.00     42.00     30.00     23.00          
       8     17.50     17.50    225.71    254.00    696.25    945.80    345.00    137.90    133.30     42.00     30.00     23.00          
       9     17.50     21.10    170.00    172.80    669.23    748.00    318.00    133.30    128.80     42.00     29.00     22.00          
      10     16.60     28.50    154.70    210.29    639.03    610.60    315.00    131.00    104.60     40.80     29.00     22.00          
      11     16.60     41.00    186.80    297.71    504.55    849.20    327.00    128.80     95.80     38.40     29.00     20.00          
      12     16.60    136.30    225.71    362.00    446.00    987.90    366.00    126.60     91.40     38.40     29.00     20.00          
      13     16.60    143.20    150.40    274.57    362.00    748.00    450.00    124.40     89.20     38.40     29.00     20.00          
      14     15.70    127.10    124.80    202.57    444.20    602.20    369.00    122.20     84.90     37.20     28.00     20.00          
      15     25.50     66.00     97.20    184.00    761.20    644.20    312.00    122.20     82.80     36.00     28.00     19.30          
      16     27.00     52.67     98.50    205.14  2,132.00    881.40    292.35    120.00     80.70     36.00     28.00     19.30          
      17     22.50     52.00     98.50    230.86  2,875.20  1,128.20    287.25    117.80     78.60     36.00     27.00     18.60          
      18     22.00     48.40     83.50    338.00  2,481.00  1,218.40    348.00    117.80     78.60     34.80     27.00     18.60          
      19     19.30     44.13     81.00    774.25  2,345.00  1,212.60    378.00    120.00     76.50     33.60     25.00     17.90          
      20     21.10     66.00     81.00    797.65  2,497.00    955.00    306.00    117.80     76.50     33.60     25.00     17.90          
      21     27.00     93.50     73.50    780.10  2,205.50    743.40    303.00    115.60     76.50     33.60     25.00     17.90          
      22     25.50     92.60     76.00    532.95  1,844.50    734.20    279.60    115.60     72.30     32.40     24.00     17.90          
      23     21.10    108.70    140.90    359.20  1,565.80    590.00    241.50    113.40     72.30     31.20     24.00     17.90          
      24     19.30    101.80    181.20    297.71  1,552.60    586.00    224.00    111.20     70.20     31.20     24.00     17.90          
      25     17.50    101.00    226.00    254.00  1,823.50    640.00    214.40    111.20     70.20     31.20     24.00     17.90          
      26     16.60     66.00    215.43    230.86  1,729.00    566.00    202.40    109.00     70.20     31.00     24.00     17.90          
      27     15.70     52.67    192.40    215.43  1,489.90    803.20    195.40    106.80     68.10     31.20     24.00     17.90          
      28     15.70     52.67    167.20    437.60  1,266.00    598.00    186.20    106.80     66.00     31.20     23.00     22.00          
      29     18.40     56.00    164.40  1,049.27  1,189.80    631.60    181.60    117.80     66.00     32.40               23.00          
      30     17.50     61.20    203.60    718.00  1,245.00    686.30    179.30    111.20     68.10     32.40               23.00          
      31              103.50            1,251.00  1,944.00              174.70               44.13     31.20               22.00          

Total       619.60  1,845.24  4,598.10 11,704.06 47,562.60 26,725.10  9,767.70  3,807.20  2,767.63  1,166.90    767.20    634.90111,966.23 CMSDAY   
Mean         20.65     59.52    153.27    377.55  1,534.28    890.84    315.09    126.91     89.28     37.64     27.40     20.48    306.76 CMS      
Max          34.50    143.20    315.71  1,251.00  3,043.00  1,947.60    539.00    167.80    165.50     48.40     31.20     23.00  3,043.00 CMS      
Min          15.70     13.90     73.50    140.90    362.00    566.00    174.70    106.80     44.13     31.00     23.00     17.90     13.90 CMS      
Runoff       53.53    159.43    397.28  1,011.23  4,109.41  2,309.05    843.93    328.94    239.12    100.82     66.29     54.86  9,673.89 MCM      
Momentary Peak    3195.00 CMS, at 187.71 M (MSL.) at 15:00 hours, on Aug 01, 1994
Runoff Yield      35.24 Liters/Second/Square KM, Momentary Peak Yield 367.01 Liters/Second/Square KM

----------------------------------------------------------------------------------------------------------------------------------------------------

Daily Mean Discharge
Computer Center : Royal Irrigation Department, Thailand, Hydrology Division (08-Sep-2026)
Station : (N.13A) ,Ban Phai Ngam, Wiang Sa, Nan
Stream : -
River : Nan
Basin : Nan
Rating : HC1.0483Y/1995

                                                                 Water Year - 1995                                                                  
                                 Discharge, in Cubic Meter per Second, Water Year April 01, 1995 to March 31, 1996                                  

    Date       Apr       May       Jun       Jul       Aug       Sep       Oct       Nov       Dec       Jan       Feb       Mar    Annual
       1     23.00     16.50     28.00    191.00  1,512.50  4,043.50    336.75    187.10    142.10     98.80     37.50     31.00          
       2     20.00     15.80     26.00    156.50  1,888.78  3,364.40    326.25    180.50    139.20     96.70     37.50     31.00          
       3     19.30     16.50     30.00    115.00  1,678.10  2,831.65    315.75    173.90    136.30     96.70     36.20     30.80          
       4     20.00     17.20    102.00    135.70    912.20  2,799.40    456.33    170.60    130.50     96.70     36.20     30.80          
       5     25.00     19.30    107.80    170.00    663.00  2,543.75    686.20    167.30    127.60     94.60     34.90     29.60          
       6     39.60     19.30     96.40    189.50  1,601.33  1,816.00    677.80    167.30    124.70     94.60     34.90     29.60          
       7     56.90     20.00     93.60    313.70  2,219.75  1,494.55    614.80    170.00    121.80     94.60     33.60     29.60          
       8     48.40     25.00     66.00    312.80  2,253.50  1,278.00    553.00    162.20    118.90     94.60     33.60     29.60          
       9     33.60     36.00     62.00    931.85  1,929.33  1,192.13    520.00    146.60    116.00     92.50     33.60     29.60          
      10     29.00     37.20     62.00    950.00  1,386.00  1,059.00    447.88    146.60    113.10     90.40     33.60     28.40          
      11     25.00     56.90     66.00    431.75    947.65    958.20    401.40    146.60    110.20     90.40     32.30     28.40          
      12     22.00     62.00     64.00    311.45  1,016.80    825.00    347.25    146.60    110.20     90.40     32.30     27.20          
      13     20.00     80.00     62.00    245.50  1,232.00    703.00    300.00    138.80    107.30     90.40     32.30     26.00          
      14     19.30     74.00    164.00    274.63  1,452.00    665.20    307.50    319.20    107.30     53.00     32.30     26.00          
      15     19.30     76.00    173.00    197.00  1,864.44    971.00    303.60  1,184.77    104.40     53.00     32.30     24.80          
      16     18.60     74.00    122.20    284.25  2,204.53    971.00    303.60    725.00    104.40     53.00     31.00     24.80          
      17     17.90     53.50     90.00    437.00  1,862.00    682.00    295.80    399.75    101.50     53.00     31.00     23.60          
      18     17.90     38.40     68.00    543.00  1,364.00    578.86    303.60    272.40    101.50     53.00     31.00     23.60          
      19     16.50     36.00     62.00    434.55  1,293.83    578.86    288.00    230.75    101.50     51.00     34.90     23.60          
      20     17.20     33.60     56.90    521.23  1,130.95    510.00    276.30    225.00     98.60     51.00     37.50     22.40          
      21     16.50     30.00     62.00    435.60    947.30    686.20    268.50    206.20     98.60     51.00     37.50     22.40          
      22     16.50     26.00     58.60    468.17  1,332.54    766.67    252.96    193.70     98.60     49.00     38.80     22.40          
      23     15.80     25.00     56.90    412.67  1,254.00    673.60    252.96    180.50     98.60     49.00     42.70     22.40          
      24     15.10     23.00     60.30    278.75  1,176.40    566.34    249.34    170.60     98.60     49.00     40.10     21.20          
      25     15.10     22.00     58.60    435.60  1,388.60    494.00    224.00    166.10     95.70     47.00     38.80     21.20          
      26     15.10     20.00     51.80    580.23  1,375.00    460.58    210.25    158.30     92.80     47.00     37.50     21.20          
      27     18.60     22.00     50.10    413.33  1,094.40    418.30    225.00    154.40     89.90     40.10     36.20     21.20          
      28     25.00     19.30     42.00    330.50    741.00    389.25    209.33    150.50     87.00     38.80     33.60     21.20          
      29     24.00     25.00     40.80    670.35    665.00    357.75    206.20    142.70     89.70     38.80     31.00     27.20          
      30     18.60     29.00    273.25    947.65    947.80    342.00    203.07    142.70     87.00     38.80               31.00          
      31               30.00            1,562.30  2,791.53              197.00               89.70     38.80               31.00          

Total       688.80  1,078.50  2,356.25 13,681.56 44,126.26 35,020.19 10,560.42  7,126.67  3,343.30  2,075.70  1,014.70    812.80121,885.15 CMSDAY   
Mean         22.96     34.79     78.54    441.34  1,423.43  1,167.34    340.66    237.56    107.85     66.96     34.99     26.22    333.02 CMS      
Max          56.90     80.00    273.25  1,562.30  2,791.53  4,043.50    686.20  1,184.77    142.10     98.80     42.70     31.00  4,043.50 CMS      
Min          15.10     15.80     26.00    115.00    663.00    342.00    197.00    138.80     87.00     38.80     31.00     21.20     15.10 CMS      
Runoff       59.51     93.18    203.58  1,182.09  3,812.51  3,025.74    912.42    615.74    288.86    179.34     87.67     70.23 10,530.87 MCM      
Momentary Peak    4153.00 CMS, at 188.75 M (MSL.) at 12:00 hours, on Sep 01, 1995
Runoff Yield      38.25 Liters/Second/Square KM, Momentary Peak Yield 477.05 Liters/Second/Square KM

----------------------------------------------------------------------------------------------------------------------------------------------------

Daily Mean Discharge
Computer Center : Royal Irrigation Department, Thailand, Hydrology Division (08-Sep-2026)
Station : (N.13A) ,Ban Phai Ngam, Wiang Sa, Nan
Stream : -
River : Nan
Basin : Nan
Rating : HC1.0917Y/1996

                                                                 Water Year - 1996                                                                  
                                 Discharge, in Cubic Meter per Second, Water Year April 01, 1996 to March 31, 1997                                  

    Date       Apr       May       Jun       Jul       Aug       Sep       Oct       Nov       Dec       Jan       Feb       Mar    Annual
       1     29.60     77.20     65.80     92.40    557.05    699.50    273.83    134.30     92.40     53.10     35.60     27.20          
       2     26.00     51.00     92.40     73.40    441.80    521.00    239.33    170.90     84.80     53.10     34.40     27.20          
       3     23.60     53.00     88.60     65.00    383.95    712.60    212.50    171.00     84.80     53.10     34.40     26.00          
       4     26.00     77.20     65.80     69.60    383.95    598.70    227.00    175.00     81.00     53.10     34.40     26.00          
       5     27.20     61.00     57.00     73.40    437.00    564.17    220.17    164.80     81.00     53.10     33.20     26.00          
       6     24.80     44.00     53.00     88.60    517.03    437.00    313.00    155.00     77.20     53.10     33.20     26.00          
       7     23.60     53.00     77.20    103.07    436.43    424.00    356.20    195.00     77.20     53.10     33.20     24.80          
       8     24.80     40.10     97.20     92.40    401.75    361.70    385.00    155.00     73.40     53.10     33.20     24.80          
       9     22.40     36.20    132.40    103.07    335.00    332.32    375.05    140.00     73.40     51.40     32.00     23.60          
      10     21.20     34.90    129.47     88.60    337.00    328.05    702.72    158.70     69.60     51.40     32.00     23.60          
      11     20.00     63.00     81.00     65.80    308.33    361.70    734.00    134.30     69.60     51.40     32.00     23.60          
      12     20.00     44.00     59.00     61.00    363.80    339.45    459.87    122.10     65.80     51.40     32.00     23.60          
      13     20.00     36.20     69.60    117.73    699.50    371.40    361.70    144.13     65.00     49.70     30.80     23.60          
      14     19.20     38.80    135.33     96.20  1,314.50    301.00    386.60    141.20     65.00     49.70     30.80     23.60          
      15     23.60     47.00    219.00     84.80    994.80    457.57    265.00    135.33     63.00     49.70     30.80     22.40          
      16     22.40     51.00    597.07     81.00    711.00    529.63    312.17    129.47     61.00     49.70     30.80     22.40          
      17     22.40     42.70    277.00    171.00    676.50    676.50    277.67    123.60     61.00     49.70     30.80     22.40          
      18     22.40     42.70    216.33    208.67    986.75    454.15    247.00    120.67     61.00     44.00     29.60     22.40          
      19     21.20     37.50    150.00  1,240.25  1,585.00    406.20    224.00    114.80     59.00     42.80     29.60     21.20          
      20     20.00     42.70    152.60  1,314.50  1,670.00    415.10    231.67    111.87     57.00     41.60     29.60     21.20          
      21     44.00     42.70    126.53    895.00  1,406.20    392.85    231.67    108.93     57.00     41.60     28.40     21.20          
      22     37.50     73.40    120.67    828.50  1,292.00    319.53    208.67    106.00     55.00     40.40     28.40     21.20          
      23     36.20     63.00    129.47    798.00  1,029.00    357.25    203.00    106.00     55.00     40.40     28.40     22.40          
      24     33.60     42.70    144.13    568.48  1,538.00    323.79    163.00    103.07     53.00     39.20     28.40     22.40          
      25     29.60     41.40    114.80    590.07  1,505.71    335.00    175.00     97.20     53.00     38.00     28.40     22.40          
      26     65.80     37.50    120.67  1,060.00  1,086.33    410.65    165.00     97.20     53.00     36.80     27.20     22.40          
      27     69.60     33.60    123.60  1,406.00    914.00    597.07    150.00     94.27     53.00     36.80     27.20     21.20          
      28    106.00     32.30    150.00  1,455.25    756.00    352.80    145.00    100.00     53.00     36.80     27.20     24.80          
      29    150.00     30.80    120.67  1,620.71    722.50    265.00    158.70     96.20     51.00     36.80               33.20          
      30    108.93     30.80     97.20  1,292.00    522.75    312.17    140.40     92.40     51.00     36.80               32.00          
      31               49.00              798.00    511.32              128.20               51.00     36.80               29.60          

Total     1,141.63  1,450.40  4,063.54 15,602.50 24,824.95 12,957.85  8,673.12  3,898.44  2,007.20  1,427.70    866.00    754.40 77,667.73 CMSDAY   
Mean         38.05     46.79    135.45    503.31    800.80    431.93    279.78    129.95     64.75     46.05     30.93     24.34    212.79 CMS      
Max         150.00     77.20    597.07  1,620.71  1,670.00    712.60    734.00    195.00     92.40     53.10     35.60     33.20  1,670.00 CMS      
Min          19.20     30.80     53.00     61.00    308.33    265.00    128.20     92.40     51.00     36.80     27.20     21.20     19.20 CMS      
Runoff       98.64    125.31    351.09  1,348.06  2,144.88  1,119.56    749.36    336.83    173.42    123.35     74.82     65.18  6,710.50 MCM      
Momentary Peak    1940.60 CMS, at 183.49 M (MSL.) at 21:00 hours, on Aug 24, 1996
Runoff Yield      24.44 Liters/Second/Square KM, Momentary Peak Yield 222.92 Liters/Second/Square KM

----------------------------------------------------------------------------------------------------------------------------------------------------

Daily Mean Discharge
Computer Center : Royal Irrigation Department, Thailand, Hydrology Division (08-Sep-2026)
Station : (N.13A) ,Ban Phai Ngam, Wiang Sa, Nan
Stream : -
River : Nan
Basin : Nan
Rating : HC1.0633Y/1997

                                                                 Water Year - 1997                                                                  
                                 Discharge, in Cubic Meter per Second, Water Year April 01, 1997 to March 31, 1998                                  

    Date       Apr       May       Jun       Jul       Aug       Sep       Oct       Nov       Dec       Jan       Feb       Mar    Annual
       1     33.20     33.20     38.00     35.60    225.32  2,002.08    711.25    177.00     74.00     41.38     38.00     23.38          
       2     32.00     38.00     41.60     40.40    362.10  1,743.00    546.96    167.80     71.00     41.38     35.75     23.38          
       3     32.00     95.00     44.00     41.60  1,189.00  2,053.95    485.67    155.93     71.00     40.25     34.63     23.38          
       4     32.00     71.00     39.20     61.60    760.95  2,035.28    520.00    145.60     68.00     40.25     34.63     23.38          
       5     28.40     41.60     33.20     42.80    509.70  1,623.00    529.86    143.20     65.00     40.25     33.50     23.38          
       6     26.00     34.40     29.60     38.00    390.00  1,213.00    564.06    140.80     65.00     39.12     33.50     22.25          
       7     24.80     29.60     27.20     32.00    346.60  1,166.70    686.40    140.80     63.30     39.12     32.37     22.25          
       8     24.80     27.20     34.40     33.20    275.30  1,063.50    633.90    136.00     61.60     39.12     31.25     22.25          
       9     24.80     27.20     33.20     33.20    225.32    826.50    523.02    131.20     61.60     38.00     31.25     22.25          
      10     26.00     30.80     33.20     30.80    219.28    672.20    468.50    131.20     59.90     38.00     31.25     22.25          
      11     27.20     54.80     29.60     29.60    371.40    553.80    417.00    128.80     58.20     38.00     31.25     22.25          
      12     26.00    104.80     27.20     29.60    368.30    533.28    391.75    126.40     58.20     38.00     31.25     22.25          
      13     24.80     58.20     26.00     27.20    365.20    492.53    359.00    124.00     56.50     38.00     31.25     22.25          
      14     24.80     42.80     24.80     34.40    328.00    420.43    401.88    121.60     56.50     36.88     30.13     21.13          
      15     23.60     36.80     24.80     38.00    365.20    388.38    371.40    119.20     56.50     36.88     29.00     21.13          
      16     23.60     30.80     24.80     35.60    516.57    368.30    337.30    114.40     56.50     36.88     27.88     21.13          
      17     23.60     28.40     30.80     41.60    640.79    346.60    321.80    109.60     54.80     36.88     27.88     21.13          
      18     26.00     27.20     38.00     51.40  1,008.90    331.10    297.00    104.80     54.80     35.75     26.75     21.13          
      19     23.60     26.00     41.60     59.90    875.70    315.60    293.90    107.20     53.10     35.75     26.75     21.13          
      20     23.60     30.80     39.20     74.00    588.00    315.60    281.50    104.80     53.10     34.63     26.75     21.13          
      21     23.60     27.20     32.00    287.70    609.80    331.10    262.90    102.40     53.10     34.63     26.75     21.13          
      22     23.60     26.00     28.40    961.90    859.05    592.59    238.10    102.40     51.40     34.63     26.75     20.00          
      23     35.60     24.80     30.80  1,561.80    581.16    423.87    225.32     95.00     51.40     34.63     26.75     20.00          
      24     35.60     26.00     27.20  1,307.27    526.44    331.10    216.26     92.00     51.40     34.63     26.75     23.07          
      25     39.20     32.00     28.40    778.70    553.80    297.00    204.18     89.00     49.70     34.63     25.62     23.07          
      26     49.70     41.60     27.20    536.70    771.60    312.50    195.12     83.00     49.70     33.50     25.62     23.07          
      27     63.30     65.00     24.80    451.33    874.80    395.13    192.10     80.00     49.70     33.50     25.62     23.07          
      28     56.50     42.80     23.60    374.50    905.50    633.90    238.10     80.00     44.00     33.50     25.62     20.00          
      29     41.60     39.20     27.20    331.10    637.34    924.30    290.80     77.00     44.00     33.50               25.62          
      30     39.20     35.60     27.20    315.60  1,048.90    718.35    222.30     77.00     44.00     32.37               23.38          
      31               36.80              262.90  1,481.11              192.10               42.80     39.12               25.62          

Total       938.70  1,265.60    937.20  7,980.00 18,781.13 23,424.67 11,619.43  3,508.13  1,749.80  1,143.16    834.50    690.84 72,873.16 CMSDAY   
Mean         31.29     40.83     31.24    257.42    605.84    780.82    374.82    116.94     56.45     36.88     29.80     22.29    199.65 CMS      
Max          63.30    104.80     44.00  1,561.80  1,481.11  2,053.95    711.25    177.00     74.00     41.38     38.00     25.62  2,053.95 CMS      
Min          23.60     24.80     23.60     27.20    219.28    297.00    192.10     77.00     42.80     32.37     25.62     20.00     20.00 CMS      
Runoff       81.10    109.35     80.97    689.47  1,622.69  2,023.89  1,003.92    303.10    151.18     98.77     72.10     59.69  6,296.23 MCM      
Momentary Peak    2053.25 CMS, at 183.93 M (MSL.) at 24:00 hours, on Sep 03, 1997
Runoff Yield      22.93 Liters/Second/Square KM, Momentary Peak Yield 235.86 Liters/Second/Square KM

----------------------------------------------------------------------------------------------------------------------------------------------------

Daily Mean Discharge
Computer Center : Royal Irrigation Department, Thailand, Hydrology Division (08-Sep-2026)
Station : (N.13A) ,Ban Phai Ngam, Wiang Sa, Nan
Stream : -
River : Nan
Basin : Nan
Rating : HC1.0721Y/1998

                                                                 Water Year - 1998                                                                  
                                 Discharge, in Cubic Meter per Second, Water Year April 01, 1998 to March 31, 1999                                  

    Date       Apr       May       Jun       Jul       Aug       Sep       Oct       Nov       Dec       Jan       Feb       Mar    Annual
       1     25.62     21.13     57.88     65.78    175.00    331.40    167.50     98.60     50.96     29.69     25.23     26.12          
       2     25.62     23.07     93.88     56.89    152.50    439.50    155.00     94.80     51.95     29.69     26.40     26.12          
       3     29.00     23.07     64.79     92.90    139.00    386.70    150.00     94.80     50.96     28.46     25.23     26.12          
       4     25.62     23.07     56.89    180.60    124.40    380.10    141.20     93.88     50.96     28.46     25.23     26.12          
       5     33.50     21.13     93.13    693.60    119.00    321.90    139.00     93.13     48.99     28.46     24.05     26.12          
       6     41.38     22.25     59.85    531.90    120.80    452.70    134.60     66.76     48.99     28.46     22.87     26.12          
       7     56.89     32.37    143.20    357.00    120.80    673.80    130.20     61.83     41.38     27.23     21.70     26.12          
       8     51.95     29.00    142.53    300.20    160.00    968.70    128.00     59.85     41.38     27.23     21.70     25.11          
       9     48.99     26.75     63.80    248.00    197.40  1,388.70    124.40     58.86     41.38     26.00     20.53     25.11          
      10     38.00     23.38     52.94    183.40    254.00  1,494.00    139.00     57.88     40.25     26.00     20.53     24.11          
      11     29.00     23.38     50.96    155.00    357.00  1,564.20    141.20     56.89     40.25     26.00     20.53     24.11          
      12     25.62     23.38     53.93    136.80    312.60  1,046.40    126.20     55.90     40.25     27.58     19.35     23.10          
      13     24.50     24.50     48.00    126.20    245.00    706.80    124.40     54.91     39.12     27.58     19.35     23.10          
      14     23.38     23.38     40.25    124.40    215.00    541.80    139.00     54.91     39.12     26.00     19.35     22.09          
      15     22.25     48.00     36.88    555.00    242.00    720.00    130.20     54.91     38.00     26.00     19.35     22.09          
      16     21.13     48.00     36.88    815.20    224.00    839.50    130.20     53.93     38.00     26.00     18.18     22.09          
      17     21.13     31.25     30.13    657.30    290.90    716.70    126.20     52.94     36.88     26.00     18.18     22.09          
      18     26.75     36.88     29.00    449.40    383.40    760.80    128.00     52.94     36.88     27.58     18.18     21.09          
      19     36.88     48.00     27.88    370.20    272.30    568.20    167.50     52.94     36.88     28.46     18.18     21.09          
      20     51.95     36.88     29.00    347.40    423.00    568.20    175.00     56.89     36.88     27.23     18.18     20.08          
      21     52.94     34.63     27.88    251.00    502.20    479.10    136.80     55.90     36.88     26.00     17.00     20.08          
      22     48.99     31.25     50.96    200.20    498.90    432.90    124.40     54.91     36.88     27.58     17.00     20.08          
      23     38.00     31.25     41.38    170.00    528.60    341.00    115.40     53.93     36.88     27.58     17.00     20.08          
      24     33.50     33.50     34.63    152.50    811.80    315.70    110.00     52.94     36.88     26.40     17.00     21.09          
      25     30.13     32.37     30.13    130.20    972.40    281.60    106.20     52.94     36.88     26.40     17.00     21.70          
      26     25.62     53.93     30.13    134.60    839.50    266.10    102.40     52.94     36.88     26.40     17.00     27.58          
      27     25.62     52.94     40.25    403.20    667.20    236.00     98.60     51.95     36.88     25.23     17.00     27.58          
      28     24.50     52.94     65.78    452.70    475.80    218.00    100.50     50.96     36.88     25.23     17.00     20.53          
      29     23.38     41.38    144.35    312.60    508.80    197.40    106.20     50.96     35.75     24.05               18.18          
      30     21.13     52.94     88.63    242.00    376.80    177.80    100.50     50.96     35.75     24.05               17.00          
      31               52.94              209.00    328.20              100.50               35.75     24.05               26.12          

Total       982.97  1,058.94  1,765.92  9,105.17 11,038.30 17,815.70  3,998.30  1,855.94  1,251.75    831.08    558.30    718.12 50,980.49 CMSDAY   
Mean         32.77     34.16     58.86    293.72    356.07    593.86    128.98     61.86     40.38     26.81     19.94     23.17    139.67 CMS      
Max          56.89     53.93    144.35    815.20    972.40  1,564.20    175.00     98.60     51.95     29.69     26.40     27.58  1,564.20 CMS      
Min          21.13     21.13     27.88     56.89    119.00    177.80     98.60     50.96     35.75     24.05     17.00     17.00     17.00 CMS      
Runoff       84.93     91.49    152.58    786.69    953.71  1,539.28    345.45    160.35    108.15     71.81     48.24     62.05  4,404.73 MCM      
Momentary Peak    1634.40 CMS, at 183.06 M (MSL.) at 06:00 hours, on Sep 11, 1998
Runoff Yield      16.04 Liters/Second/Square KM, Momentary Peak Yield 187.74 Liters/Second/Square KM

----------------------------------------------------------------------------------------------------------------------------------------------------

Daily Mean Discharge
Computer Center : Royal Irrigation Department, Thailand, Hydrology Division (08-Sep-2026)
Station : (N.13A) ,Ban Phai Ngam, Wiang Sa, Nan
Stream : -
River : Nan
Basin : Nan
Rating : HC1.0817Y/1999

                                                                 Water Year - 1999                                                                  
                                 Discharge, in Cubic Meter per Second, Water Year April 01, 1999 to March 31, 2000                                  

    Date       Apr       May       Jun       Jul       Aug       Sep       Oct       Nov       Dec       Jan       Feb       Mar    Annual
       1     25.11     26.00     48.31    108.81    184.80  1,201.00    616.50    201.60     70.27     81.50     52.00     48.00          
       2     24.11     26.40     45.94    106.13    711.00  1,267.50    697.00    142.00     69.48     81.50     52.00     42.00          
       3     23.10     24.05     66.35    102.36    707.50  1,061.00    781.00    184.80     68.70     81.50     52.00     40.00          
       4     22.09     22.87     90.00     87.88    585.00    812.50    655.00    108.28     67.92     84.00     54.00     46.00          
       5     22.09     27.58     90.00     88.38    795.00    669.00    571.00    106.13     67.92     84.00     54.00     52.00          
       6     20.53     30.92     69.48    388.20  1,257.00    690.00    543.00    104.51     69.48     84.00     54.00     56.00          
       7     17.00     37.07     71.05    854.50  1,068.00    742.50    494.00    102.90     89.75     84.00     54.00     58.00          
       8     17.00     89.13     65.57    721.50    753.00    823.00    452.80    101.29     89.63     86.50     54.00     26.00          
       9     18.18    101.29     71.05    408.60    574.50    847.50    487.00     87.50     90.00     86.50     56.00     27.20          
      10     20.53     71.05     68.70    306.60    525.50    742.50    463.00    101.29     69.48     86.50     56.00     27.20          
      11     27.58     90.00     67.92    333.80  1,159.00  1,110.00    466.40    107.20     68.70     40.00     56.00     28.40          
      12     24.05     69.48    142.80    320.20  2,169.20  1,910.20    405.20    134.40     67.92     40.00     56.00     28.40          
      13     18.18     48.31    306.60    192.00  2,110.00  2,446.70    412.00    109.89     66.35     42.00     56.00     29.60          
      14     26.12     41.19    107.20    201.60  1,579.00  1,895.40    361.00    103.98     65.57     42.00     58.00     29.60          
      15     25.23     37.07    103.44    107.20  1,250.00  1,386.50    337.20    101.29     66.35     44.00     58.00     30.80          
      16     26.00     37.07    159.60    102.90    959.50  1,425.00    320.20     87.88     65.57     44.00     58.00     30.80          
      17     32.15     41.19    102.36     87.75    809.00  1,411.00    316.80     88.00     64.00     46.00     58.00     32.00          
      18     26.00     37.07     88.50     88.38    896.50  1,320.00    299.80     88.38     50.69     46.00     56.00     33.20          
      19     64.78     45.94     89.63     88.88  1,005.00  1,176.50    152.00     88.50     49.50     48.00     56.00     33.20          
      20     37.07     90.00    184.80     89.25  1,117.00  1,470.50    212.00     88.88     48.31     48.00     48.00     34.40          
      21     29.69     88.00    686.50    103.98    861.50  1,873.20    126.00     88.88     47.13     46.00     50.00     32.00          
      22     30.92     70.27    508.00     88.00    679.50  1,579.00    159.60     89.13     45.94     46.00     50.00     33.20          
      23     28.46     89.25    316.80     88.88    718.00  1,631.50    184.80     89.25     45.94     46.00     50.00     33.20          
      24     26.40     87.88    192.00     89.25    658.50  1,733.00    201.60     89.38     44.75     46.00     52.00     33.20          
      25     24.05     88.25    525.50     89.75    658.50  1,428.50    110.43     89.13     44.75     46.00     58.00     32.00          
      26     20.53     89.50    882.50     88.00    578.00  1,145.00    108.81     89.50     44.75     48.00     26.00     30.80          
      27     18.18     65.57    665.50    201.60    473.20    952.50    159.60     89.63     44.75     48.00     26.00     28.40          
      28     24.11     47.13    435.80    107.74    494.00    886.00    299.80     89.88     44.75     50.00     56.00     29.60          
      29     29.69     49.50    313.40    108.81    641.00    756.50    159.60     90.00     44.75     50.00     50.00     30.80          
      30     30.92     90.00    134.40    107.20    837.00    658.50    201.60     71.05     44.75     50.00               30.80          
      31               65.57              110.43    998.00              108.81               44.75     50.00               30.80          

Total       779.85  1,824.60  6,699.70  5,968.56 27,812.70 37,052.00 10,863.55  3,114.53  1,862.60  1,806.00  1,516.00  1,077.60100,377.69 CMSDAY   
Mean         26.00     58.86    223.32    192.53    897.18  1,235.07    350.44    103.82     60.08     58.26     52.28     34.76    274.26 CMS      
Max          64.78    101.29    882.50    854.50  2,169.20  2,446.70    781.00    201.60     90.00     86.50     58.00     58.00  2,446.70 CMS      
Min          17.00     22.87     45.94     87.75    184.80    658.50    108.81     71.05     44.75     40.00     26.00     26.00     17.00 CMS      
Runoff       67.38    157.65    578.85    515.68  2,403.02  3,201.29    938.61    269.10    160.93    156.04    130.98     93.10  8,672.63 MCM      
Momentary Peak    2505.90 CMS, at 185.47 M (MSL.) at 06:00 hours, on Sep 13, 1999
Runoff Yield      31.50 Liters/Second/Square KM, Momentary Peak Yield 287.85 Liters/Second/Square KM

----------------------------------------------------------------------------------------------------------------------------------------------------

Daily Mean Discharge
Computer Center : Royal Irrigation Department, Thailand, Hydrology Division (08-Sep-2026)
Station : (N.13A) ,Ban Phai Ngam, Wiang Sa, Nan
Stream : -
River : Nan
Basin : Nan
Rating : HC1.0917Y/2000

                                                                 Water Year - 2000                                                                  
                                 Discharge, in Cubic Meter per Second, Water Year April 01, 2000 to March 31, 2001                                  

    Date       Apr       May       Jun       Jul       Aug       Sep       Oct       Nov       Dec       Jan       Feb       Mar    Annual
       1     14.20     17.60     66.50    235.00    491.73    578.90    617.60    324.84     81.50     47.98     31.05     24.15          
       2     14.60     19.40     66.50    206.36    480.00    626.20    566.00    214.17     79.00     47.98     31.05     24.15          
       3     14.60     18.20     98.70    186.34    438.20    566.00    492.90    184.52     84.00     47.98     31.05     24.15          
       4     14.00     18.80    166.32    329.20    355.36    840.64    450.73    168.14     40.00     46.55     31.05     23.00          
       5     13.60     32.00    151.76    242.00    476.82  1,159.17    446.92    160.86     42.00     45.13     31.05     23.00          
       6     13.60    142.66     92.90    412.04    501.50  1,360.75    403.32    159.04     86.50     46.55     28.75     24.15          
       7     13.40    104.50    113.20    247.50    566.00  1,282.17    442.56    155.40     40.00     45.13     28.75     23.00          
       8     13.60    110.30     74.00    179.06    954.17  1,275.33    442.56    149.94     42.00     45.13     28.75     22.68          
       9     13.40     40.00    166.32    175.42    940.50  1,189.92    420.76    146.30     44.00     45.13     27.60     24.15          
      10     13.20     28.40    416.40    285.60    852.00  1,019.08    368.44    142.66     48.00     45.13     28.75     47.98          
      11     13.20     17.00    351.00    425.12    650.57    865.66    342.28    140.84     50.00     43.70     28.75     64.55          
      12     13.20     50.00    184.52    514.40    535.90    758.88    294.32     90.00     52.00     42.28     28.75     60.65          
      13     14.00    160.86    151.76  2,314.60    469.36  1,227.50    250.72    101.60     28.40     42.28     28.75     60.65          
      14     14.60    175.42     98.70  2,450.93    451.28  1,502.40    230.83     98.70     29.60     42.28     27.60     64.55          
      15     14.40    142.66    113.20  2,344.53    394.60  1,128.42    210.00     95.80     29.60     42.28     28.75     62.60          
      16     14.20    149.94    110.30  1,505.70    359.72    850.86    202.72    101.60     30.80     40.85     27.60     50.83          
      17     13.80    186.34    110.30    933.67    381.52    686.27    195.44    107.40     27.20     39.43     26.45     49.40          
      18     13.40    179.06     98.70    741.85    407.68    574.60    191.80    104.50     58.00     40.85     26.45     45.13          
      19     13.40    140.84    200.90    662.47    435.82    480.00    197.26    107.40     26.00     43.70     26.45     45.13          
      20     13.60    210.00    561.70    514.40    473.09    458.18    188.16     64.00     56.00     42.28     26.45     50.83          
      21     13.80    412.04    390.24    480.00    351.00    433.84    180.88    116.10     56.00     43.70     26.45     43.70          
      22     13.80    242.00    289.96    670.40    368.44    385.88    179.06    116.10     26.00     42.28     26.45     42.28          
      23     13.40    168.14    222.50    527.30    329.20    364.08    175.42     69.00     26.00     42.28     25.30     32.20          
      24      7.00     95.80    239.17    495.45    333.56    337.92    180.88     71.50     28.40     39.43     25.30     31.05          
      25     13.40     69.00    337.92    480.00    535.90    646.60    189.98     69.00     28.40     34.50     24.15     28.75          
      26     13.40     40.00    206.36    527.30    862.25  1,377.83    186.34     74.00     28.40     33.35     24.15     27.60          
      27     13.40     40.00    195.44    600.40  1,077.17    823.61    171.78     76.50     28.40     32.20     25.30     29.90          
      28     13.40    110.30    473.09    465.64    782.73    626.20    164.50     76.50     29.60     31.05     24.15     34.50          
      29     28.40     79.00    359.72    442.56    830.42    639.10    175.42     76.50     29.60     28.75               32.20          
      30     32.00     42.00    263.80    600.40    639.10    527.30    333.56     79.00     29.60     31.05               28.75          
      31               71.50              600.40    646.60              316.12               29.60     31.05               27.60          

Total       438.00  3,313.76  6,371.88 20,796.04 17,372.19 24,593.29  9,209.26  3,641.91  1,314.60  1,272.26    775.10  1,173.26 90,271.55 CMSDAY   
Mean         14.60    106.90    212.40    670.84    560.39    819.78    297.07    121.40     42.41     41.04     27.68     37.85    247.32 CMS      
Max          32.00    412.04    561.70  2,450.93  1,077.17  1,502.40    617.60    324.84     86.50     47.98     31.05     64.55  2,450.93 CMS      
Min           7.00     17.00     66.50    175.42    329.20    337.92    164.50     64.00     26.00     28.75     24.15     22.68      7.00 CMS      
Runoff       37.84    286.31    550.53  1,796.78  1,500.96  2,124.86    795.68    314.66    113.58    109.92     66.97    101.37  7,799.46 MCM      
Momentary Peak    2493.20 CMS, at 185.34 M (MSL.) at 01:00 hours, on Jul 14, 2000
Runoff Yield      28.41 Liters/Second/Square KM, Momentary Peak Yield 286.39 Liters/Second/Square KM

----------------------------------------------------------------------------------------------------------------------------------------------------

Daily Mean Discharge
Computer Center : Royal Irrigation Department, Thailand, Hydrology Division (08-Sep-2026)
Station : (N.13A) ,Ban Phai Ngam, Wiang Sa, Nan
Stream : -
River : Nan
Basin : Nan
Rating : HC1.1021Y/2001

                                                                 Water Year - 2001                                                                  
                                 Discharge, in Cubic Meter per Second, Water Year April 01, 2001 to March 31, 2002                                  

    Date       Apr       May       Jun       Jul       Aug       Sep       Oct       Nov       Dec       Jan       Feb       Mar    Annual
       1     27.60     18.38    225.76    345.65  1,227.27  1,188.00    453.00    309.50    111.30     67.60     46.80     31.50          
       2     25.30     18.38    196.23    536.50  1,097.10  1,009.00    428.50    278.00    111.30     67.60     46.80     30.25          
       3     24.15     23.00    163.20    273.46  1,464.00    869.00    393.50    254.20    108.40     67.60     46.80     30.25          
       4     25.30     39.43    243.93    243.93  2,298.57  1,218.10    383.00    244.00    108.40     67.60     46.80     30.25          
       5     27.60     40.85    264.37    268.91  2,212.18  1,842.95    386.50    237.20    105.50     65.00     46.80     29.00          
       6     25.30     46.55    234.84    318.55  1,838.63  1,940.85    379.50    223.60    105.50     65.00     46.80     29.00          
       7     23.00     40.85    161.50    262.10  1,478.00  2,185.20    379.50    220.20     99.70     65.00     44.20     29.00          
       8     22.68     32.20    159.80    262.10  1,221.36  1,802.90    362.00    210.00     99.70     62.40     41.60     27.75          
       9     21.60     28.75    156.40    766.60  1,247.95  1,458.90    390.00    203.90     96.80     62.40     41.60     27.75          
      10     20.53     26.45    137.70    766.60  1,236.14  1,596.50    531.20    194.75     93.90     59.80     39.00     27.75          
      11     20.53     26.45    117.80    536.50  1,315.91  1,329.90    495.20    188.65     91.00     59.80     37.75     27.75          
      12     20.53     47.98    118.20    387.54  2,549.53  1,213.80    474.00    182.55     88.40     57.20     37.75     26.50          
      13     24.15     43.70    100.20    318.55  2,499.33  1,450.30    421.50    179.50     88.40     62.40     36.50     26.50          
      14     62.60     47.98     97.40    250.74  1,986.74  1,553.50    365.50    173.40     88.40     75.40     36.50     26.50          
      15     49.40     43.70    101.60    308.70  2,222.00  1,235.30    351.50    167.30     85.80     75.40     36.50     26.50          
      16     33.35     62.60    117.80    468.50  2,463.50  1,041.00    330.50    161.20     91.00     67.60     36.50     25.25          
      17     27.60    118.80    164.90    464.25  2,162.20    885.00    376.00    155.10     91.00     62.40     35.25     25.25          
      18     25.30    101.60    147.90    468.50  1,847.40    798.70    337.50    152.05     88.40     59.80     35.25     24.00          
      19     23.00     98.80    117.20    555.63  1,758.40    837.70    320.00    149.00     85.80     57.20     35.25     24.00          
      20     22.68    118.60    118.80    513.13  1,476.10    760.05    292.00    146.10     83.20     54.60     34.00     22.75          
      21     21.60    118.00     98.80    859.45  1,243.90    717.70    285.00    143.20     80.60     52.00     34.00     24.00          
      22     19.45    118.40     93.20  1,813.94  1,338.50    687.50    261.00    137.40     78.00     54.60     34.00     24.00          
      23     19.45    137.70     91.80  1,555.15  1,061.00    635.00    247.40    134.50     78.00     52.00     34.00     22.75          
      24     18.38     91.80    191.69  1,221.36    893.00    608.75    240.60    131.60     78.00     52.00     34.00     24.00          
      25     18.38    139.40    163.20    998.20    763.90    744.65    244.00    128.70     78.00     52.00     32.75     26.50          
      26     17.30    212.13    117.00  1,051.10    710.00    783.15    261.00    125.80     75.40     62.40     32.75     26.50          
      27     25.30    159.80    100.20  1,565.50  1,037.00    668.75    271.20    122.90     72.80     62.40     32.75     25.25          
      28     20.53    117.00    118.40  1,250.91  1,609.40    597.50    306.00    120.00     70.20     54.60     32.75     24.00          
      29     19.45    118.00    118.00    886.77  1,424.50    534.80    383.00    117.10     67.60     52.00               22.75          
      30     17.30    101.60    118.40    879.32  1,150.65    495.20    527.60    114.20     67.60     52.00               21.50          
      31              118.20            1,064.90  1,105.00              397.00               67.60     49.40               21.50          

Total       749.34  2,457.08  4,356.22 21,463.04 47,939.16 32,689.65 11,274.20  5,305.60  2,735.70  1,877.20  1,075.45    810.25132,732.89 CMSDAY   
Mean         24.98     79.26    145.21    692.36  1,546.42  1,089.66    363.68    176.85     88.25     60.55     38.41     26.14    363.65 CMS      
Max          62.60    212.13    264.37  1,813.94  2,549.53  2,185.20    531.20    309.50    111.30     75.40     46.80     31.50  2,549.53 CMS      
Min          17.30     18.38     91.80    243.93    710.00    495.20    240.60    114.20     67.60     49.40     32.75     21.50     17.30 CMS      
Runoff       64.74    212.29    376.38  1,854.41  4,141.94  2,824.39    974.09    458.40    236.36    162.19     92.92     70.01 11,468.12 MCM      
Momentary Peak    2796.10 CMS, at 186.49 M (MSL.) at 18:00 hours, on Aug 12, 2001
Runoff Yield      41.77 Liters/Second/Square KM, Momentary Peak Yield 321.19 Liters/Second/Square KM

----------------------------------------------------------------------------------------------------------------------------------------------------

Daily Mean Discharge
Computer Center : Royal Irrigation Department, Thailand, Hydrology Division (08-Sep-2026)
Station : (N.13A) ,Ban Phai Ngam, Wiang Sa, Nan
Stream : -
River : Nan
Basin : Nan
Rating : HC1.1123Y/2002

                                                                 Water Year - 2002                                                                  
                                 Discharge, in Cubic Meter per Second, Water Year April 01, 2002 to March 31, 2003                                  

    Date       Apr       May       Jun       Jul       Aug       Sep       Oct       Nov       Dec       Jan       Feb       Mar    Annual
       1     22.20     23.23    284.30    170.00  1,142.88    873.33    472.50    196.80    110.00     97.22     58.80     39.00          
       2     23.23     20.15    170.00    162.40    875.64    866.42    481.50    190.03    107.20     94.00     56.10     37.20          
       3     22.20     20.15    143.40    192.29    921.75  1,138.19    488.25    201.31    104.40     97.75     56.10     35.40          
       4     22.20     23.23    115.60    162.40    933.28    963.25    483.75    208.08    101.60     97.75     53.40     35.40          
       5     22.20     27.00    115.60    149.10  1,139.69    898.69    472.50    201.31     98.80     91.58     53.40     35.40          
       6     20.15     30.00    133.90    147.20  1,135.75    877.94    490.50    164.30     97.40     88.50     50.70     33.60          
       7     19.13     28.50    141.50    145.30  1,136.13  1,141.00    454.50    152.90     96.00     97.75     50.70     33.60          
       8     17.08     27.75    170.00    147.20    921.75  1,404.70    372.00    147.20     94.60     97.75     50.70     33.60          
       9     18.10     27.75    365.25    190.03    880.25  1,706.50    278.00    143.40     93.20     91.58     50.70     31.80          
      10     17.08     30.75    282.50    166.20    804.17  1,987.75    282.05    139.60     91.80     85.42     50.70     31.80          
      11     16.05     30.75    567.00    166.20    571.50  1,504.75    284.75    139.60     90.40     79.25     48.00     31.80          
      12     16.05     53.55  1,311.18    164.30    551.25  1,143.44    286.55    133.90     91.80     76.17     48.00     33.60          
      13     17.08     67.35    914.83    192.29    508.50  1,135.00    261.13    115.60     90.40     73.08     46.20     35.40          
      14     19.13     90.40    582.75    164.30    522.00    891.78    258.07    114.20     91.80     73.08     50.70     48.00          
      15     30.00    114.20  1,150.00    158.60    808.78    854.89    255.00    114.20     66.50     75.00     58.80    106.88          
      16     30.75    108.60    951.72    208.08    852.58  1,142.88    203.57    112.80     66.50     72.30     58.80     94.67          
      17     27.75    917.14    542.25    261.13    866.42  1,365.55    199.06    110.00     68.20     72.30     56.10     76.17          
      18     22.20  1,339.45    470.25    280.70  1,143.25  1,493.88    205.82    110.00     69.05     69.60     48.00     58.80          
      19     20.15    797.25    544.50    283.85  1,317.70  1,143.81    255.77    279.80     69.90     69.60     46.20     48.00          
      20     18.10    513.00    381.75    261.13  1,311.18    956.33    201.31    194.54     70.75     66.90     44.40     42.60          
      21     17.08    385.50    363.75    551.25    940.19    854.89    170.00    147.20     70.75     66.90     42.60     39.00          
      22     16.05    286.55    283.85  1,513.45    921.75    813.39    168.10    135.80     71.60     64.20     42.60     37.20          
      23     16.05    158.60    258.07  1,979.88  1,138.19    729.75    190.03    115.60     71.60     64.20     40.80     42.60          
      24     19.13    117.00    196.80  1,372.08  1,141.19    553.50    258.83    112.80     72.45     64.20     40.80     72.30          
      25     23.23    257.30    168.10    884.86  1,140.25    546.75    255.77    110.00     72.45     61.50     39.00     79.25          
      26     28.50    279.80    162.40    703.50    928.67    508.50    192.29    108.60     66.50     61.50     37.20     64.20          
      27     27.00    492.75    151.00    515.25    813.39    474.75    192.29    108.60    255.00     61.50     37.20     44.40          
      28     23.23    382.50    201.31    470.25    794.94    388.50    208.08    111.40    205.82     58.80     39.00     40.80          
      29     29.25    279.80    286.10    515.25  1,135.19    468.00    284.30    147.20    111.40     58.80               37.20          
      30     27.75    282.05    196.80    917.14  1,350.33    481.50    370.50    117.00    100.20     58.80               42.60          
      31              361.50            1,324.23  1,138.19              286.55               94.60     58.80               42.60          

Total       648.10  7,573.55 11,606.46 14,519.84 29,786.73 29,309.61  9,263.32  4,383.77  2,962.67  2,345.78  1,355.70  1,464.87115,220.40 CMSDAY   
Mean         21.60    244.31    386.88    468.38    960.86    976.99    298.82    146.13     95.57     75.67     48.42     47.25    315.67 CMS      
Max          30.75  1,339.45  1,311.18  1,979.88  1,350.33  1,987.75    490.50    279.80    255.00     97.75     58.80    106.88  1,987.75 CMS      
Min          16.05     20.15    115.60    145.30    508.50    388.50    168.10    108.60     66.50     58.80     37.20     31.80     16.05 CMS      
Runoff       56.00    654.35  1,002.80  1,254.51  2,573.57  2,532.35    800.35    378.76    255.97    202.68    117.13    126.56  9,955.03 MCM      
Momentary Peak    2296.00 CMS, at 183.88 M (MSL.) at 05:00 hours, on Jul 23, 2002
Runoff Yield      36.26 Liters/Second/Square KM, Momentary Peak Yield 263.74 Liters/Second/Square KM

----------------------------------------------------------------------------------------------------------------------------------------------------

Daily Mean Discharge
Computer Center : Royal Irrigation Department, Thailand, Hydrology Division (08-Sep-2026)
Station : (N.13A) ,Ban Phai Ngam, Wiang Sa, Nan
Stream : -
River : Nan
Basin : Nan
Rating : HC1.1229Y/2003

                                                                 Water Year - 2003                                                                  
                                 Discharge, in Cubic Meter per Second, Water Year April 01, 2003 to March 31, 2004                                  

    Date       Apr       May       Jun       Jul       Aug       Sep       Oct       Nov       Dec       Jan       Feb       Mar    Annual
       1     44.40     40.80     73.08    871.75    645.00    557.40    398.30    106.88     64.20     35.00     28.00     21.00          
       2     39.00     37.20     72.30  1,000.00    542.40    585.00    383.50    106.88     61.50     35.00     28.00     21.00          
       3     33.60     31.80     66.90    690.00    569.15    622.65    327.60    106.88     61.50     35.00     27.00     21.00          
       4     31.80     26.30     76.17    490.80    845.20    667.50    302.40    100.44     61.50     35.00     27.00     21.00          
       5     27.00     26.30     88.50    313.20    600.00    697.50    269.17     97.22     58.80     34.00     26.00     21.00          
       6     26.30     26.30     79.25    228.75    568.50    946.00    255.00     97.22     58.80     34.00     26.00     20.00          
       7     25.60     24.20     61.50    180.75    505.60  1,137.86    243.75     94.00     56.10     33.00     27.00     20.00          
       8     24.90     24.20     48.00    160.50    509.30  1,092.08    236.25     94.00     56.10     32.00     28.00     20.00          
       9     24.90     23.50     42.60    180.75    713.33  1,067.50    228.75     97.75     56.10     32.00     27.00     20.00          
      10     24.20     22.10     39.00    160.50    845.20  1,097.16    213.75     97.75     53.40     32.00     27.00     19.10          
      11     23.50     24.20     37.20    184.13    590.55  1,468.09    198.75     94.67     53.40     32.00     27.00     19.10          
      12     23.50     24.90     31.80    368.70    553.10  2,113.57    191.25     91.58     53.40     32.00     27.00     18.20          
      13     25.60     33.60     31.80    712.50  1,112.41  2,203.03    180.00     91.58     50.70     32.00     26.00     18.20          
      14     25.60     44.40     31.80    558.45  1,040.50  2,215.81    184.13     91.58     48.00     36.00     26.00     17.30          
      15     24.20     56.10     31.80    420.50    708.75  2,011.33    183.75     88.50     46.20     52.80     26.00     16.40          
      16     23.50     53.40     39.00    349.20    537.05  1,468.09    184.13     85.42     46.20     40.00     26.00     15.50          
      17     23.50     48.00     42.60    283.43    505.60  1,119.05    177.38     82.33     44.40     37.00     26.00     15.50          
      18     44.40     39.00     75.00    236.25    699.58    912.25    170.63     79.25     44.40     35.00     25.00     17.30          
      19     42.60     33.60     97.75    195.00    667.50    824.50    167.25     79.25     44.40     33.00     25.00     17.30          
      20     33.60     31.80     79.25    170.63    939.25    736.53    160.50     76.17     44.40     33.00     25.00     16.40          
      21     39.00     27.00     72.30    153.75  1,320.74    717.92    147.00     76.17     44.40     32.00     25.00     15.50          
      22     37.20     26.30     58.80    157.13  1,239.44    652.50    143.63     73.08     42.60     31.00     24.00     15.50          
      23     31.80     26.30    116.54    829.68    973.00    563.80    136.88     75.00     42.60     31.00     24.00     15.50          
      24     27.00     25.60    210.00  2,119.96    878.50    575.90    130.13     75.00     42.60     30.00     23.00     15.50          
      25     26.30     27.00    167.25  1,613.69  1,119.05    542.60    126.75     72.30     42.60     29.00     23.00     14.60          
      26     25.60     39.00     97.22    881.43    932.50    527.80    126.75     72.30     42.60     29.00     23.00     14.60          
      27     25.60     39.00     73.08    611.95    721.00    490.80    123.38     72.30     40.80     28.00     22.00     14.60          
      28     26.30     33.60     73.08    531.50    652.50    416.80    122.98     69.60     40.80     29.00     22.00     14.60          
      29     26.30     26.30    272.73    520.40    526.35    420.50    113.32     69.60     39.00     28.00     21.00     14.60          
      30     31.80     24.90    568.50    722.50    527.80    379.80    106.88     66.90     39.00     29.00               14.60          
      31               40.80              745.42    509.30              106.88               39.00     28.00               14.60          

Total       888.60  1,007.50  2,854.80 16,643.20 23,098.15 28,831.32  6,040.82  2,581.60  1,519.50  1,023.80    737.00    539.50 85,765.79 CMSDAY   
Mean         29.62     32.50     95.16    536.88    745.10    961.04    194.87     86.05     49.02     33.03     25.41     17.40    234.33 CMS      
Max          44.40     56.10    568.50  2,119.96  1,320.74  2,215.81    398.30    106.88     64.20     52.80     28.00     21.00  2,215.81 CMS      
Min          23.50     22.10     31.80    153.75    505.60    379.80    106.88     66.90     39.00     28.00     21.00     14.60     14.60 CMS      
Runoff       76.78     87.05    246.65  1,437.97  1,995.68  2,491.03    521.93    223.05    131.28     88.46     63.68     46.61  7,410.17 MCM      
Momentary Peak    2274.40 CMS, at 184.37 M (MSL.) at 24:00 hours, on Jul 23, 2003
Runoff Yield      26.92 Liters/Second/Square KM, Momentary Peak Yield 261.26 Liters/Second/Square KM

----------------------------------------------------------------------------------------------------------------------------------------------------

Daily Mean Discharge
Computer Center : Royal Irrigation Department, Thailand, Hydrology Division (08-Sep-2026)
Station : (N.13A) ,Ban Phai Ngam, Wiang Sa, Nan
Stream : -
River : Nan
Basin : Nan
Rating : HC1.1341Y/2004

                                                                 Water Year - 2004                                                                  
                                 Discharge, in Cubic Meter per Second, Water Year April 01, 2004 to March 31, 2005                                  

    Date       Apr       May       Jun       Jul       Aug       Sep       Oct       Nov       Dec       Jan       Feb       Mar    Annual
       1     13.70     24.00    175.00    372.83    866.50    727.00    435.88    130.00     78.00     40.00     30.00     21.00          
       2     13.70     23.00    603.00    274.00    726.00    865.80    417.97    128.33     97.80     40.00     30.00     21.00          
       3     15.50     39.00    530.40    240.00    725.50  1,168.49    353.33    126.67     76.00     40.00     29.00     21.00          
       4     31.00     56.00    228.00    171.00    601.50  1,073.40    318.00    121.67     73.00     39.00     29.00     21.00          
       5     59.20     33.00    135.00    173.00    591.75  1,242.80    296.00    121.67     71.00     39.00     29.00     20.00          
       6     39.00     33.00    101.60    252.00    588.75  1,156.19    288.00    120.00     70.00     38.00     29.00     20.00          
       7     28.00     49.60     95.90    738.50    615.00    867.50    292.00    111.10     62.40     38.00     29.00     20.00          
       8     29.00     95.90    140.00    614.25    725.00    866.40    276.00    109.20     62.40     37.00     29.00     20.00          
       9     27.00     76.00    171.00    600.75    615.00  1,235.00    270.00    109.20     60.80     37.00     29.00     20.00          
      10     25.00     52.80    133.33    868.30    867.70  1,666.75    276.00    105.40     59.20     37.00     28.00     20.00          
      11     36.00     34.00    107.30  1,168.49    956.80  1,689.80    260.00    103.50     57.60     36.00     27.00     19.00          
      12     35.00     29.00    176.00  1,077.65  1,082.70  2,076.87    256.00    101.60     56.00     35.00     27.00     19.00          
      13     39.00     26.00    131.67  1,071.70  1,070.43  2,487.40    254.00     99.70     56.00     35.00     27.00     18.00          
      14     33.00     25.00    123.33    955.10    868.10  2,167.80    236.00     97.80     54.40     35.00     27.00     18.00          
      15     27.00     31.00    140.00    739.00    958.50  1,563.50    226.00     95.90     54.40     35.00     27.00     18.00          
      16     21.00     76.00  1,430.90    600.75  1,429.85  1,489.75    218.00     80.00     52.80     35.00     26.00     21.00          
      17     21.00     80.00  1,631.35    453.79  1,210.00  1,690.40    212.00     80.00     52.80     35.00     26.00     23.00          
      18     19.10     73.00    727.50    362.00  1,242.80  1,687.40    208.00     80.00     52.80     35.00     25.00     25.00          
      19     18.20     95.90    364.17    318.00  1,183.86  1,168.49    204.00    101.60     52.80     35.00     25.00     24.00          
      20     26.00     95.90    278.00    280.00  1,075.53  1,031.10    171.00     95.90     52.80     35.00     24.00     22.00          
      21     38.00     75.00    240.00    254.00  1,165.41  1,150.04    174.00     78.00     51.20     35.00     24.00     21.00          
      22     49.60    101.60    206.00    306.00    867.70  1,077.23    175.00     78.00     51.20     34.00     24.00     20.00          
      23     36.00    105.40    177.00    446.12    865.50    867.90    171.00     76.00     51.20     34.00     23.00     21.00          
      24     28.00     77.00    148.33    737.50    868.10    865.30    175.00     76.00     51.20     34.00     23.00     21.00          
      25     24.00     75.00    138.33    960.20  1,274.45    728.00    180.00     75.00     49.60     34.00     23.00     19.00          
      26     24.00     60.80    126.67    869.00  1,048.30    603.75    146.67     74.00     49.60     34.00     22.00     17.00          
      27     28.00     76.00    109.20  1,073.83    866.00    600.75    143.33     78.00     49.60     33.00     21.00     17.00          
      28     24.00     76.00    125.00  1,297.40    612.00    598.50    140.00    105.40     49.60     33.00     21.00     19.00          
      29     24.00     79.00    179.00    867.00    588.75    598.50    136.67     95.90     49.60     32.00               17.00          
      30     25.00    103.50    336.00    723.50    607.50    541.37    135.00     77.00     49.60     32.00               15.00          
      31              140.00              934.70    867.40              131.67               40.00     31.00               15.00          

Total       857.00  2,017.40  9,208.98 19,800.36 27,632.38 35,553.18  7,176.52  2,932.54  1,795.40  1,102.00    733.00    613.00109,421.76 CMSDAY   
Mean         28.57     65.08    306.97    638.72    891.37  1,185.11    231.50     97.75     57.92     35.55     26.18     19.77    299.79 CMS      
Max          59.20    140.00  1,631.35  1,297.40  1,429.85  2,487.40    435.88    130.00     97.80     40.00     30.00     25.00  2,487.40 CMS      
Min          13.70     23.00     95.90    171.00    588.75    541.37    131.67     74.00     40.00     31.00     21.00     15.00     13.70 CMS      
Runoff       74.04    174.30    795.66  1,710.75  2,387.44  3,071.79    620.05    253.37    155.12     95.21     63.33     52.96  9,454.02 MCM      
Momentary Peak    1832.50 CMS, at 185.50 M (MSL.) at 03:00 hours, on Sep 13, 2004
Runoff Yield      34.44 Liters/Second/Square KM, Momentary Peak Yield 210.50 Liters/Second/Square KM

----------------------------------------------------------------------------------------------------------------------------------------------------

Daily Mean Discharge
Computer Center : Royal Irrigation Department, Thailand, Hydrology Division (08-Sep-2026)
Station : (N.13A) ,Ban Phai Ngam, Wiang Sa, Nan
Stream : -
River : Nan
Basin : Nan
Rating : HC1.1459Y/2005

                                                                 Water Year - 2005                                                                  
                                 Discharge, in Cubic Meter per Second, Water Year April 01, 2005 to March 31, 2006                                  

    Date       Apr       May       Jun       Jul       Aug       Sep       Oct       Nov       Dec       Jan       Feb       Mar    Annual
       1     13.00     20.00    110.00    149.38    420.33    843.80  1,413.57    198.50     75.00     67.25     43.00     33.75          
       2     13.00     16.00     68.75    156.88    854.60    763.00  1,147.28    170.00     73.75     65.40     43.00     32.50          
       3     12.00     15.00     76.25    138.13    751.27    886.60    886.60    158.75     73.75     63.55     43.00     31.25          
       4     25.00     22.00    115.63    198.50    511.00  1,279.86    779.13    151.25     72.50     61.70     41.25     30.00          
       5     31.00     25.00     77.50    140.00    420.33    854.60    690.95    147.50     71.25     59.85     41.25     30.00          
       6     31.00     20.00     77.50    141.88    350.94    776.20    592.75    141.88     70.00     55.00     41.25     29.80          
       7     27.00     19.00    153.13    151.25    325.63    970.00    556.54    143.75     70.00     53.80     45.40     29.80          
       8     24.00     17.00    239.00    128.75    367.81    852.20    519.50    160.63     68.75     53.80     44.20     29.80          
       9     21.00     18.00    153.13    121.25    325.63    765.93    468.50    243.50     68.75     52.60     43.00     28.60          
      10     18.00     21.00    200.75    156.88    290.75    855.40    406.17    191.75     67.50     51.40     43.00     28.60          
      11     16.00     29.00    156.88    134.38    266.00    767.40    367.81    160.63     66.25     51.40     41.25     27.40          
      12     15.00     25.00    119.38    166.25    281.75    835.40    336.88    160.63     66.25     51.40     40.00     27.40          
      13     14.00     25.00     77.50    232.25  1,252.97    801.80    315.50    156.88     65.00     50.20     40.00     27.40          
      14     14.00     24.00     66.25    320.00  1,887.30    615.00    315.50    143.75     65.00     50.20     40.00     27.40          
      15     14.00     21.00     61.25    259.25  1,584.00    502.50    304.25    134.38     62.50     50.20     43.00     27.40          
      16     14.00     20.00     63.75    288.50  1,094.20    474.17    299.75    128.75     61.25     49.00     41.25     27.40          
      17     14.00     18.00     77.50    236.75  1,016.93    434.50    275.00    126.88     61.25     49.00     40.00     27.40          
      18     13.00     16.00     62.50    194.00  1,655.00    426.00    254.75    125.00     60.00     49.00     38.75     27.40          
      19     13.00     15.00     67.50    306.50  1,527.13    770.33    243.50    119.38     60.00     47.80     41.25     27.40          
      20     12.00     16.00     66.25    261.50  1,536.14  1,391.29    236.75    117.50     60.00     47.80     43.00     27.40          
      21     17.00     15.00     58.75    234.50  1,108.68  1,499.00    288.50    113.75     60.00     47.80     41.25     29.80          
      22     20.00     19.00     68.75    313.25    987.98  1,142.45    234.50    110.00     60.00     46.60     40.00     28.60          
      23     15.00     24.00    236.75    471.33  1,036.23    801.80    214.25    110.00     60.00     46.60     38.75     28.60          
      24     13.00     26.00    317.75    731.90    963.80    779.13    203.00    104.38     60.00     46.60     37.50     27.40          
      25     12.00     29.00    727.35    677.30    886.60    704.60    196.25    102.50     58.75     46.60     36.25     26.20          
      26     13.00     20.00    448.67    767.40    783.53    583.85    200.75    100.63     58.75     45.40     35.00     25.00          
      27     25.00     19.00    241.25    659.10  1,103.85    570.50    198.50     98.75     65.00     45.40     35.00     23.80          
      28     28.00     23.00    160.63    727.35    860.60  1,190.70    187.25     96.88     75.00     45.40     35.00     23.80          
      29     30.00     23.00    136.25    601.65    895.60  1,669.30    168.13     80.00     71.25     45.40               22.60          
      30     25.00     35.00    151.25    485.50    749.80  1,688.43    162.50     78.75     63.75     44.20               25.00          
      31              115.63              414.67    690.95              198.50               62.50     44.20               50.20          

Total       552.00    750.63  4,637.80  9,966.23 26,787.33 26,495.74 12,662.81  4,076.93  2,033.75  1,584.55  1,135.60    889.10 91,572.47 CMSDAY   
Mean         18.40     24.21    154.59    321.49    864.11    883.19    408.48    135.90     65.60     51.11     40.56     28.68    250.88 CMS      
Max          31.00    115.63    727.35    767.40  1,887.30  1,688.43  1,413.57    243.50     75.00     67.25     45.40     50.20  1,887.30 CMS      
Min          12.00     15.00     58.75    121.25    266.00    426.00    162.50     78.75     58.75     44.20     35.00     22.60     12.00 CMS      
Runoff       47.69     64.85    400.71    861.08  2,314.43  2,289.23  1,094.07    352.25    175.72    136.91     98.12     76.82  7,911.88 MCM      
Momentary Peak    2107.80 CMS, at 184.83 M (MSL.) at 17:00 hours, on Aug 14, 2005
Runoff Yield      28.82 Liters/Second/Square KM, Momentary Peak Yield 242.12 Liters/Second/Square KM

----------------------------------------------------------------------------------------------------------------------------------------------------

Daily Mean Discharge
Computer Center : Royal Irrigation Department, Thailand, Hydrology Division (08-Sep-2026)
Station : (N.13A) ,Ban Phai Ngam, Wiang Sa, Nan
Stream : -
River : Nan
Basin : Nan
Rating : HC1.1583Y/2006

                                                                 Water Year - 2006                                                                  
                                 Discharge, in Cubic Meter per Second, Water Year April 01, 2006 to March 31, 2007                                  

    Date       Apr       May       Jun       Jul       Aug       Sep       Oct       Nov       Dec       Jan       Feb       Mar    Annual
       1     53.80    168.13    175.66     74.65    532.42  1,988.24    303.40    163.10     78.00     62.00     38.00     25.20          
       2     45.40    107.49    175.66     95.00    630.05  1,586.97    273.20    160.59     78.00     62.00     37.00     25.20          
       3     37.50     69.10    165.61     93.30    609.58  1,126.05    263.13    155.56     78.00     62.00     37.00     25.20          
       4     31.25     49.00    150.54     95.00    829.40    873.50    258.10    150.54     74.65     62.00     37.00     24.00          
       5     29.80     45.40    124.70    122.24    791.30    755.10    280.75    145.51     72.80     60.00     37.00     24.00          
       6     27.40     37.50     88.20    170.64    797.60    704.64    421.68    143.00     70.95     60.00     37.00     24.00          
       7     25.00     32.50     78.00    258.10    696.80    944.50    419.17    142.50     69.10     58.00     37.00     22.80          
       8     25.00     30.00     69.10    323.53    571.75    648.95    444.33    140.00     69.10     58.00     36.00     22.80          
       9     23.80     32.50     59.85    260.62  1,225.52    545.00    607.65    137.50     67.25     58.00     36.00     22.80          
      10     22.60     36.25     53.80    218.53  1,122.53    594.18    648.95    132.50     67.25     58.00     36.00     22.80          
      11     21.40     35.00     51.40    211.23    757.70    647.90    718.36    127.50     67.25     56.00     36.00     22.80          
      12     25.00     38.75     50.20    233.72    545.00    718.36    599.95    122.50     67.25     54.00     36.00     21.60          
      13     22.60     38.75     49.00    188.23    596.10    571.00    456.92    124.70     65.40     54.00     36.00     20.40          
      14     20.20     37.50     46.60    223.59    759.00    459.43    404.07    122.24     63.55     52.00     36.00     20.40          
      15     20.20    148.03     47.80    190.74    720.32    409.10    351.22    117.33     61.70     52.00     36.00     21.60          
      16     33.75    132.50     45.40    150.54    594.18    368.83    333.60    117.33     59.85     43.00     35.00     21.60          
      17     61.70    112.41     49.00    158.08    571.00    381.42    315.98    114.87     59.85     43.00     35.00     20.40          
      18     49.00     79.70     63.55    203.64    648.95    378.90    295.85    112.41     55.00     43.00     34.00     20.40          
      19     37.50     69.10     63.55    406.58  1,143.69    391.48    303.40    112.41     55.00     43.00     30.00     19.20          
      20     44.20     55.00     55.00    454.40  1,817.30    702.68    303.40    109.95     53.80     42.00     28.80     19.20          
      21     55.00     45.40     55.00    444.33  2,530.65    845.00    268.17    109.95     53.80     42.00     27.60     19.20          
      22     46.60     72.80     59.85    492.15  2,999.25  1,119.00    253.07    107.49     52.60     41.00     27.60     19.20          
      23     38.75    696.80     78.00    647.90  2,754.30    862.60    243.00    105.04     51.40     40.00     27.60     19.20          
      24     29.80    924.50    109.95    424.20  2,108.19    630.05    223.59     95.00     51.40     40.00     27.60     20.40          
      25     37.50    391.48    127.50    326.05  1,594.06    477.05    211.23     89.90     51.40     39.00     26.40     22.80          
      26     36.25    211.23    137.50    634.25  1,601.14    431.75    206.17     84.80     50.20     39.00     25.20     24.00          
      27     40.00    143.00    122.50  1,140.16  1,760.61    404.07    193.53     84.80     52.60     38.00     24.00     20.40          
      28     84.80    114.87    119.78  1,126.05  1,590.51    388.97    191.00     83.10     52.60     38.00     22.80     19.00          
      29     95.00     86.50    105.04    764.20  1,370.81    383.93    188.23     81.40     52.60     38.00               19.00          
      30    183.20     78.00     79.70    539.97  1,285.76    358.77    183.20     79.70     51.40     38.00               17.90          
      31              165.61              429.23  1,796.04              173.15               50.20     38.00               17.90          

Total     1,304.00  4,284.80  2,657.44 11,100.85 37,351.51 20,697.42 10,337.45  3,573.22  1,903.95  1,513.00    919.60    665.40 96,308.64 CMSDAY   
Mean         43.47    138.22     88.58    358.09  1,204.89    689.91    333.47    119.11     61.42     48.81     32.84     21.46    263.86 CMS      
Max         183.20    924.50    175.66  1,140.16  2,999.25  1,988.24    718.36    163.10     78.00     62.00     38.00     25.20  2,999.25 CMS      
Min          20.20     30.00     45.40     74.65    532.42    358.77    173.15     79.70     50.20     38.00     22.80     17.90     17.90 CMS      
Runoff      112.67    370.21    229.60    959.11  3,227.17  1,788.26    893.16    308.73    164.50    130.72     79.45     57.49  8,321.07 MCM      
Momentary Peak    3034.75 CMS, at 187.65 M (MSL.) at 12:00 hours, on Aug 22, 2006
Runoff Yield      30.31 Liters/Second/Square KM, Momentary Peak Yield 348.60 Liters/Second/Square KM

----------------------------------------------------------------------------------------------------------------------------------------------------

Daily Mean Discharge
Computer Center : Royal Irrigation Department, Thailand, Hydrology Division (08-Sep-2026)
Station : (N.13A) ,Ban Phai Ngam, Wiang Sa, Nan
Stream : -
River : Nan
Basin : Nan
Rating : HC.1/1703

                                                                 Water Year - 2007                                                                  
                                 Discharge, in Cubic Meter per Second, Water Year April 01, 2007 to March 31, 2008                                  

    Date       Apr       May       Jun       Jul       Aug       Sep       Oct       Nov       Dec       Jan       Feb       Mar    Annual
       1     17.90     39.00     88.40    182.20    747.00    438.08    316.32    196.20     77.20     50.00     50.00     21.50          
       2     16.80     37.00     98.80    149.40  1,165.58    358.62    276.84    225.00     74.80     50.00     82.50     21.50          
       3     15.70     34.00    123.20    152.60  1,300.03    344.52    249.60    197.60     72.40     50.00    139.20     23.80          
       4     14.60     37.00    132.80    129.60    829.70    576.23    231.00    187.80     72.40     46.50     79.33     23.80          
       5     13.50    106.60    111.80    152.60    584.38  1,101.60    243.00    182.20     72.40     46.50     38.17     21.50          
       6     13.50    243.00    126.40    149.40    481.11    953.40    592.35    175.00     70.00     46.50     44.00     19.20          
       7     12.40    139.20    132.80    142.40    481.11    823.00    815.30    149.40     70.00     43.00     50.00     16.90          
       8     12.40     78.00     93.60    175.00    392.18    691.05    772.95    152.00     67.60     43.00     43.00     16.90          
       9     12.40     68.00     65.20    272.70    406.52    547.09    669.15    132.80     67.60     43.00     36.00     14.60          
      10     13.50     54.00     60.00    207.50    535.61    506.93    743.25    132.80     65.20     39.50     36.00     12.30          
      11     13.50     40.00     43.00    155.80    504.06    463.89    728.25    126.40     62.80     39.50     32.50     12.30          
      12     12.40     36.00     43.00    126.40    397.91  1,118.60    672.80    130.00     62.80     36.00     29.00     12.30          
      13     13.50     80.60     42.00    109.20    344.52    687.40    769.10    127.40     60.40     36.00     25.50     12.30          
      14     14.60    106.60     41.00    106.60    321.96    558.56    627.83    124.80     58.00     36.00     22.00     18.00          
      15     16.80     79.60     42.00     96.20    266.10    570.04    584.38    122.20     68.00     36.00     18.50     18.00          
      16     19.00     62.80     65.20     93.60    256.20    581.51    608.48    122.20     66.00     36.00     18.50     16.80          
      17     17.90    104.00     67.60     88.40    713.25    486.84    585.90    117.00     64.00     32.50     33.00     16.80          
      18     17.90    104.00    256.20     91.00    687.40    409.39    489.71    114.40     64.00     32.50     33.00     15.60          
      19     20.40    123.20    527.01    127.40    481.11    438.08    438.08    109.20     62.00     32.50     33.00     21.50          
      20     22.80    139.20    347.34     98.80    341.70    486.84    381.18    104.00     62.00     29.00     30.70     12.30          
      21     58.00    122.20    207.50     88.40    361.44    381.18    341.70    109.20     60.00     29.00     30.70     18.00          
      22     60.00     85.80    145.60    122.20    472.50    321.96    313.50    104.00     60.00     29.00     28.40     18.00          
      23     36.00     65.20    119.60    122.20    555.69    231.00    288.12     98.80     58.00     25.50     26.10     15.60          
      24     37.00     60.00     93.60    101.40    661.85    240.00    269.40     93.60     56.00     25.50     26.10     15.60          
      25     34.00     58.00     83.20    173.80    799.90    224.00    249.60     91.00     56.00     25.50     23.80     15.60          
      26     21.60     58.00     93.60    193.40    813.90    222.00    231.00     88.40     54.00     22.00     23.80     16.80          
      27     19.20     52.00    237.00    152.00    598.80    310.68    224.00     83.20     54.00     22.00     21.50     15.60          
      28     30.00     58.00    532.74    412.26    469.63    841.55    207.50     80.60     54.00     18.50     19.20     21.50          
      29     62.00    123.20    400.78    321.96    489.71    506.93    197.60     78.00     54.00     25.50     19.20     12.30          
      30     52.00    119.60    252.90    262.80    527.01    372.72    193.40     79.60     52.00     32.50               16.80          
      31              130.00              262.80    509.79              187.80               43.00     46.50               16.80          

Total       721.30  2,643.80  4,673.87  5,020.02 17,497.65 15,793.69 13,499.09  3,834.80  1,940.60  1,105.50  1,092.70    530.50 68,353.52 CMSDAY   
Mean         24.04     85.28    155.80    161.94    564.44    526.46    435.45    127.83     62.60     35.66     37.68     17.11    186.76 CMS      
Max          62.00    243.00    532.74    412.26  1,300.03  1,118.60    815.30    225.00     77.20     50.00    139.20     23.80  1,300.03 CMS      
Min          12.40     34.00     41.00     88.40    256.20    222.00    187.80     78.00     43.00     18.50     18.50     12.30     12.30 CMS      
Runoff       62.32    228.42    403.82    433.73  1,511.80  1,364.57  1,166.32    331.33    167.67     95.52     94.41     45.84  5,905.75 MCM      
Momentary Peak    1490.70 CMS, at 183.06 M (MSL.) at 06:00 hours, on Aug 03, 2007
Runoff Yield      21.45 Liters/Second/Square KM, Momentary Peak Yield 171.24 Liters/Second/Square KM

----------------------------------------------------------------------------------------------------------------------------------------------------

Daily Mean Discharge
Computer Center : Royal Irrigation Department, Thailand, Hydrology Division (08-Sep-2026)
Station : (N.13A) ,Ban Phai Ngam, Wiang Sa, Nan
Stream : -
River : Nan
Basin : Nan
Rating : HC1.1821/2008

                                                                 Water Year - 2008                                                                  
                                 Discharge, in Cubic Meter per Second, Water Year April 01, 2008 to March 31, 2009                                  

    Date       Apr       May       Jun       Jul       Aug       Sep       Oct       Nov       Dec       Jan       Feb       Mar    Annual
       1     15.60    115.40    231.71    276.56  1,326.27    475.12    277.08    171.00     85.67     37.00     20.00     12.00          
       2     15.60    133.00    213.40    276.00    844.98    766.80    276.84    230.17     82.50     36.00     20.00     12.00          
       3     18.00     73.00    169.30    277.40    869.82    620.00    276.56    230.17     79.33     35.00     19.00     11.00          
       4     19.20     47.67    276.72    822.10    878.10    485.38    276.36    341.60     76.17     32.00     20.00     11.00          
       5     12.30     38.17    473.83    452.02    831.18    469.98    276.24    276.48     63.50     32.00     20.00     11.00          
       6     16.80     35.00    461.00    485.38  1,190.38    766.80    332.33    235.57     73.00     32.00     20.00     11.00          
       7     16.80     54.00    464.85    459.72  1,326.00    860.16    331.00    232.49     69.83     31.00     19.00     10.50          
       8     33.00     93.50    278.00    342.67  1,996.40    768.00    436.62    229.40     63.50     30.00     20.00     10.50          
       9     21.50     71.60    276.36    512.33  2,108.99    652.80    342.67    213.40     63.50     29.00     18.00     10.00          
      10     12.30     76.17    226.31    493.08  1,704.18    486.67    277.24    199.00     66.67     28.00     18.00     11.00          
      11     16.80    123.50    224.00    439.18  1,363.50    513.62    384.00    139.60     60.33     27.00     16.00     10.00          
      12     15.60    189.10    225.54    334.40  1,401.00    487.95    440.47    175.00     57.17     26.00     16.00      9.30          
      13     14.40    152.00  1,005.00    277.36  1,762.25    435.33    384.00    175.00     57.17     26.00     15.00      9.30          
      14     18.00     85.67  1,291.63    702.00  1,572.10    468.70    276.64    175.00     50.83     26.00     15.00      9.30          
      15     14.40     54.00  1,294.75    843.60  1,304.13    322.00    276.00    112.00     57.17     26.00     16.00      8.60          
      16     33.00     38.00    499.50    505.92  1,054.57    523.88    276.08    103.00     54.00     25.00     16.00      9.30          
      17     33.00     45.50    322.00    444.32    840.84    455.87    236.34    152.00     38.17     25.00     15.00     10.00          
      18     25.50     47.00    277.36    767.40    847.74    484.10    230.17    142.50     44.50     25.00     14.50     10.00          
      19     21.50     42.50    352.20  1,463.35  1,193.80    487.95    227.09    133.00     41.33     25.00     15.00     10.00          
      20     12.30    276.32    450.73  1,557.60    831.18    507.20    224.00    123.50     38.17     25.00     14.00     10.50          
      21     39.50    100.80    426.35  1,570.65    851.88    477.68    227.09    109.25     36.50     24.00     14.50     11.00          
      22     42.50     69.83    352.20  1,473.50    865.68    490.52    277.20    115.40     35.00     24.00     15.00     10.00          
      23     45.50     71.60    331.00  1,200.65    821.70    484.10    276.28    122.70     35.00     24.00     14.50     10.00          
      24     50.00    181.60    276.32  1,003.50    521.32    441.75    230.94    115.40     35.00     24.00     13.50      9.30          
      25     29.00    149.50    232.49  1,094.30    626.10    338.53    288.60    100.80     36.50     24.00     13.50     10.00          
      26     33.00    142.50    213.40  1,004.10    839.46    352.20    276.00     86.20     38.00     25.00     13.50     10.50          
      27     26.10    133.00    159.40    865.68  1,004.70    277.36    231.71     78.90     50.83     24.00     13.50      9.30          
      28     21.50    119.80    129.70    769.20  1,001.10    277.12    224.77     78.90     86.20     23.00     13.00     10.50          
      29     73.00    130.00    226.31    769.20    843.60    320.40    229.40     64.30     69.83     23.00               10.50          
      30     78.90     64.30    309.80  1,037.85    763.20    309.80    213.40     57.00     44.50     22.00                9.30          
      31               86.20              894.00    496.93              192.20               41.33     22.00                7.20          

Total       824.60  3,040.23 11,671.16 23,415.02 33,883.08 14,807.77  8,725.32  4,718.73  1,731.20    837.00    457.50    313.90104,425.51 CMSDAY   
Mean         27.49     98.07    389.04    755.32  1,093.00    493.59    281.46    157.29     55.85     27.00     16.34     10.13    286.10 CMS      
Max          78.90    276.32  1,294.75  1,570.65  2,108.99    860.16    440.47    341.60     86.20     37.00     20.00     12.00  2,108.99 CMS      
Min          12.30     35.00    129.70    276.00    496.93    277.12    192.20     57.00     35.00     22.00     13.00      7.20      7.20 CMS      
Runoff       71.25    262.68  1,008.39  2,023.06  2,927.50  1,279.39    753.87    407.70    149.58     72.32     39.53     27.12  9,022.39 MCM      
Momentary Peak    2067.50 CMS, at 185.53 M (MSL.) at 05:00 hours, on Aug 09, 2008
Runoff Yield      32.86 Liters/Second/Square KM, Momentary Peak Yield 237.49 Liters/Second/Square KM

----------------------------------------------------------------------------------------------------------------------------------------------------

Daily Mean Discharge
Computer Center : Royal Irrigation Department, Thailand, Hydrology Division (08-Sep-2026)
Station : (N.13A) ,Ban Phai Ngam, Wiang Sa, Nan
Stream : -
River : Nan
Basin : Nan
Rating : HC1.1941Y/2009

                                                                 Water Year - 2009                                                                  
                                 Discharge, in Cubic Meter per Second, Water Year April 01, 2009 to March 31, 2010                                  

    Date       Apr       May       Jun       Jul       Aug       Sep       Oct       Nov       Dec       Jan       Feb       Mar    Annual
       1      8.60     13.00     72.20    310.95    117.30    198.64    117.60     64.60     28.00     21.88     11.10     11.10          
       2      7.20     11.50     48.00    311.76    164.69    176.36    117.70     64.60     28.00     21.88     10.45     11.10          
       3     12.50     10.00     36.00    319.08    321.03    156.20     95.00     61.75     28.00     21.88      9.15      9.15          
       4      9.30     12.00     27.00    190.16    157.26    149.83     97.00     57.95     27.00     13.70      8.50     10.45          
       5      7.20     10.50     30.00    186.97    141.34    117.00    117.65     57.95     12.50     14.35      9.15     10.45          
       6      7.90     10.00     41.00    974.48    117.55    117.30    117.65     57.00     27.00     15.00      8.50     13.05          
       7      7.20      8.60     88.00    780.18    117.50    143.47     98.50     58.90     25.00     20.94      8.50     10.45          
       8      5.80      7.90     58.90    580.72    200.77    117.25    117.85     50.00     24.00     26.56      8.95     10.45          
       9     11.00      7.20     46.00    309.98    182.73    117.45     89.50     50.00     24.00     48.45      8.95     10.45          
      10     10.50      6.50     57.00    320.05    158.32    117.45     99.00     49.00     24.00     28.44      8.40     11.75          
      11     11.50      7.20     48.00    198.64    142.41    117.30     97.00     47.00     23.00     24.69      7.85     11.10          
      12     27.00      6.50     37.00    168.93    279.24    117.80    117.70     47.00     22.00     25.63      7.30     11.10          
      13     21.00      5.80     42.00    182.73    172.12    117.30    117.95     45.00     24.00     23.75      6.75     10.45          
      14     16.00      6.50     37.00    807.33    317.45    117.60     96.00     45.00     20.00     20.94      6.20     10.45          
      15     17.00      6.50     32.00    792.65    313.88    117.60    117.65     43.00     19.00     13.05      6.75     11.10          
      16     17.00     16.00     32.00    311.44    709.00    153.02     96.50     43.00     20.00     13.05     10.45      9.80          
      17     14.00     18.00     68.40    319.73    575.97    521.22     88.50     44.00      5.10     14.35     13.05      9.80          
      18     11.50     21.00    100.00    313.39    536.21    423.07     85.50     43.00     19.00     13.70     13.05      9.80          
      19     10.50     14.00    100.00    633.35    321.19    313.39     87.00     42.00     20.00     11.75     13.05      9.80          
      20     10.50     42.00     74.10    496.05    200.77    281.72     85.50     41.00     19.00     10.45      9.80      9.15          
      21      7.90     86.50     54.00    316.31    173.18    201.83    117.30     38.00     21.00     11.10      9.80     10.45          
      22      7.20     38.00     43.00    321.68    168.93    279.24    163.63     37.00     20.00     11.75     11.10     13.05          
      23      5.80     25.00     36.00    201.83    185.91    531.28    150.89     36.00     19.00     11.75     11.10     10.45          
      24      5.10     21.00     34.00    176.36    198.64    199.71    141.34     35.00     19.00     10.45     11.10      9.15          
      25      4.40     19.00     60.80    158.32    177.42    177.42    117.20     35.00     20.00      9.80     11.10      9.15          
      26      3.70     13.50     40.00    148.77    166.81    164.69    117.50     32.00     20.00     13.05     11.75      8.50          
      27      7.20     13.00     40.00    117.25    146.65    190.16     98.50     31.00     17.00     13.05     11.10      8.95          
      28     22.00     52.00     41.00    117.60    140.28    174.24     87.00     30.00     18.00     14.35     11.10      8.40          
      29     19.00     64.60    117.70    117.90    117.25    147.71     85.00     30.00     18.00     26.56                8.95          
      30     16.00     59.85    190.16    117.60    117.50    117.25     73.15     29.00     20.00     13.70                8.50          
      31               70.30              117.95    167.87               70.30               19.00     11.10                9.15          

Total       341.50    703.45  1,731.26 10,420.14  7,007.17  5,874.50  3,278.56  1,344.75    649.60    551.10    274.05    315.65 32,491.73 CMSDAY   
Mean         11.38     22.69     57.71    336.13    226.04    195.82    105.76     44.83     20.95     17.78      9.79     10.18     89.02 CMS      
Max          27.00     86.50    190.16    974.48    709.00    531.28    163.63     64.60     28.00     48.45     13.05     13.05    974.48 CMS      
Min           3.70      5.80     27.00    117.25    117.25    117.00     70.30     29.00      5.10      9.80      6.20      8.40      3.70 CMS      
Runoff       29.51     60.78    149.58    900.30    605.42    507.56    283.27    116.19     56.13     47.62     23.68     27.27  2,807.31 MCM      
Momentary Peak    651.00 CMS, at 183.15 M (MSL.) at 18:00 hours, on Jul 14, 2009
Runoff Yield      10.23 Liters/Second/Square KM, Momentary Peak Yield 74.78 Liters/Second/Square KM

----------------------------------------------------------------------------------------------------------------------------------------------------

Daily Mean Discharge
Computer Center : Royal Irrigation Department, Thailand, Hydrology Division (08-Sep-2026)
Station : (N.13A) ,Ban Phai Ngam, Wiang Sa, Nan
Stream : -
River : Nan
Basin : Nan
Rating : HC1.2071/2010

                                                                 Water Year - 2010                                                                  
                                 Discharge, in Cubic Meter per Second, Water Year April 01, 2010 to March 31, 2011                                  

    Date       Apr       May       Jun       Jul       Aug       Sep       Oct       Nov       Dec       Jan       Feb       Mar    Annual
       1      9.15     13.70      8.95     48.45    218.39  2,995.20    316.20     99.83     39.20     30.80     19.42     26.00          
       2      9.80     13.05      8.50     50.90    219.76  2,132.60    318.30     81.50     39.20     30.80     17.23     10.68          
       3      9.80     11.75      8.40     80.38    516.08    804.50    227.93     80.75     38.30     28.10     19.42     10.68          
       4      9.15     11.10      8.95     52.53    700.28    699.44    220.44     80.38     34.70     30.80     15.05     15.05          
       5      8.50     10.45      8.40     49.27    453.33    710.50    212.94     80.75     11.75     28.10     15.05     15.05          
       6      8.40      9.15      9.80     36.50  1,007.00    384.30    208.86     65.96     34.70     25.40     15.05     10.68          
       7      7.85      8.50      9.80     22.81  2,318.53    313.10    204.77     80.00     33.80     25.40     15.05     26.00          
       8      6.75      9.15     10.45     62.00  1,876.33    315.10    202.04     67.94     34.70     28.10     15.05     26.00          
       9      6.20      7.30     81.88     67.94    712.04    315.80    201.36     66.62     34.70     22.70     12.87     21.60          
      10      6.75      8.50     80.00     39.20  1,007.00    440.78    205.45     65.30     33.80     22.70     12.87     26.00          
      11      5.65     13.05     24.69     34.70    982.70    522.35    120.87     63.98     32.00     22.70     12.87     21.60          
      12      6.20      8.95     11.10     36.50    755.90    466.55    122.80     64.64     34.70     25.40     10.68     21.60          
      13      6.20      8.50      9.80     26.56    698.60    704.55    203.41     62.66     39.20     25.40     10.68     19.40          
      14      6.20     12.40      8.95     26.56    716.24    704.48    125.70     63.32     63.32     28.10     10.68     17.20          
      15      5.65     23.75     39.20     21.88    704.48    705.60    126.67     62.00     53.35     28.10     26.00     15.05          
      16      5.65     13.70     21.88     14.35    716.24  3,022.20    127.63     52.53     39.20     20.00     26.00     17.23          
      17      6.20     13.05     13.70     13.05    764.05  2,671.20    133.43     53.35      9.15     22.70     26.00     38.90          
      18      5.65     20.94     13.05    314.90  1,110.20  1,586.20    120.50     51.72     46.00     20.00     26.00     55.20          
      19      8.40     22.81      9.15  2,343.65  1,946.68    701.12    125.60     52.53     38.30     25.97     26.00     64.65          
      20      8.95     10.45      8.40    675.92    853.10    621.25    115.40     50.08     35.60     19.42     26.00     69.00          
      21     10.45      9.15      7.30    318.20    707.84    770.00    134.40     51.72     32.00     22.70     26.00     44.30          
      22      9.80     10.45      8.50    207.49    694.40    409.40    126.67     50.08     32.00     25.97     23.80     25.40          
      23      8.95     62.66      9.15    714.56    710.36    378.03    135.80     50.90     28.44     23.78     26.00     25.97          
      24      7.30     66.62     20.94    460.60    501.20    327.83    120.50     47.63     28.44     23.78     26.00     19.42          
      25      7.85     97.17     33.80    509.78    711.20    541.18     98.33     47.63     28.44     23.78     23.80     19.42          
      26      7.85     48.45     22.81    497.53  2,182.85    314.00     98.67     47.63     27.50     25.97     26.00     15.05          
      27      7.85     26.56     11.10    484.70  2,052.20    547.45     97.33     46.82     25.63     25.97     26.00     12.87          
      28      8.40     22.81     22.81    316.30    848.40    315.20    110.30     46.00     25.63     23.78     23.80     12.87          
      29     10.45      9.15     40.10    318.10    967.40    316.00     99.33     40.10     24.69     21.60               19.42          
      30     13.05     11.75     32.90    319.80  2,042.15    316.20     99.33     37.40     24.69     21.60               19.42          
      31                9.80              223.84  2,471.40               99.67               24.69     21.60               19.42          

Total       239.05    624.82    604.46  8,388.95 32,166.33 25,052.11  4,860.63  1,811.75  1,027.82    771.22    559.37    761.13 76,867.64 CMSDAY   
Mean          7.97     20.16     20.15    270.61  1,037.62    835.07    156.79     60.39     33.16     24.88     19.98     24.55    210.60 CMS      
Max          13.05     97.17     81.88  2,343.65  2,471.40  3,022.20    318.30     99.83     63.32     30.80     26.00     69.00  3,022.20 CMS      
Min           5.65      7.30      7.30     13.05    218.39    313.10     97.33     37.40      9.15     19.42     10.68     10.68      5.65 CMS      
Runoff       20.65     53.98     52.23    724.81  2,779.17  2,164.50    419.96    156.54     88.80     66.63     48.33     65.76  6,641.36 MCM      
Momentary Peak    3115.0 CMS, at 185.70 M (MSL.) at 04:00 hours, on Sep 01, 2010
Runoff Yield      24.19 Liters/Second/Square KM, Momentary Peak Yield 357.82 Liters/Second/Square KM

----------------------------------------------------------------------------------------------------------------------------------------------------

Daily Mean Discharge
Computer Center : Royal Irrigation Department, Thailand, Hydrology Division (08-Sep-2026)
Station : (N.13A) ,Ban Phai Ngam, Wiang Sa, Nan
Stream : -
River : Nan
Basin : Nan
Rating : HC1.2222Y/2011

                                                                 Water Year - 2011                                                                  
                                 Discharge, in Cubic Meter per Second, Water Year April 01, 2011 to March 31, 2012                                  

    Date       Apr       May       Jun       Jul       Aug       Sep       Oct       Nov       Dec       Jan       Feb       Mar    Annual
       1     17.23     82.80    198.70  1,223.75  2,208.60    798.50    827.75    249.70     85.85     66.00     55.90     26.00          
       2     15.05    127.20    152.20  1,233.38  1,930.45  1,163.38  1,219.38    200.00     83.20     64.40     55.90     26.00          
       3     12.87     69.95    137.40    847.25  1,933.18    750.50  1,147.63    203.50     80.55     64.40     60.50     34.20          
       4     10.68     85.87    155.30    759.50  1,407.07    620.00    814.75    204.90     80.55     61.20     55.90     34.20          
       5     26.00    155.30    152.20    614.00  1,250.00  1,147.63    762.50    198.50     77.90     61.20     55.90     32.40          
       6     10.68    110.20    164.60    497.47    860.25  1,539.89    603.50    195.60     69.95     62.80     53.60     32.40          
       7     26.00    203.50    561.70    427.64  1,244.63  1,382.88    560.80    177.00     64.65     61.20     49.00     32.40          
       8     44.30    130.60    330.67    340.00  1,916.60  1,387.33    505.53    170.80     92.00     59.60     46.70     30.60          
       9     61.40     85.87    256.80    369.87  1,400.49  1,665.76    486.71    164.60     92.00     69.70     46.70     30.60          
      10     28.10     80.55    221.30    560.20  1,343.38  1,402.63    462.51    204.90     92.00     72.00     44.40     30.60          
      11     41.60    186.30    180.10    847.25  1,644.79  1,061.00    441.44    192.50     92.00     69.70     42.10     28.30          
      12     38.90    246.15    154.40    710.00  1,800.54    844.00    390.40    158.40     92.00     69.70     39.80     30.60          
      13     22.70    144.20    198.70    481.33  1,439.98    801.75    393.33    164.60     87.40     69.70     42.10     26.00          
      14     21.60    123.80    177.00  1,294.00  1,225.50    762.75    378.67    157.80     78.20     72.00     44.40     32.40          
      15     17.23    134.00    151.00  2,261.30  1,029.50    795.25    408.32    147.60     73.60     72.00     39.80     34.20          
      16     12.87    144.20    123.80  2,248.20    840.75    922.00    387.47    137.40     69.00     69.70     42.10     39.80          
      17     10.68    201.80    103.40  2,456.10  1,005.88  1,045.25    390.40    134.00     64.40     69.70     39.80     51.30          
      18     26.00    320.00    103.47  2,370.20  1,479.46    950.75    348.00    127.20     64.40     72.00     39.80     35.20          
      19     23.80    360.00    100.53  1,244.63  1,233.38  1,701.06    328.00    123.80     59.80     67.40     37.50     34.20          
      20     21.60    396.27    103.40  1,194.88  2,032.25  1,693.74    300.63    117.00     59.80     67.40     37.50     32.40          
      21     21.60    336.00    110.20  1,274.25  2,636.33  1,435.00    280.50    110.20     55.20     62.80     32.90     27.00          
      22     19.40    283.38    103.40  1,243.00  2,759.33  1,717.64    263.25    103.40     74.00     60.50     32.90     25.20          
      23     17.20    189.40     97.60  1,202.75  2,327.40  1,343.38    260.35    106.40     69.80     58.20     30.60     25.20          
      24     19.42    137.40     85.85    918.75  1,933.18  1,229.88    242.60    106.40     69.80     58.20     28.30     23.40          
      25     53.00    180.10    208.00  1,217.63  1,560.63    974.38    221.30    103.47     65.60     55.90     28.30     21.60          
      26     75.25    294.88  2,658.50    873.25  1,420.23    899.25    214.20     97.60     61.40     55.90     28.30     19.80          
      27     32.00    207.10  3,558.00    758.00  1,224.88  1,131.88    207.10     91.73     53.00     55.90     26.00     19.80          
      28     28.15    192.50  3,463.00    772.50  1,402.63    873.25    203.55     88.80     53.00     53.60     26.00     19.80          
      29     23.78    267.45  3,079.60    811.50  1,242.13    785.50    213.50     85.87     57.20     53.60     34.20     19.80          
      30     38.90    221.30  2,103.24    603.50    844.00    756.50    200.00     82.93     57.20     51.30               21.60          
      31              217.75            1,891.73    909.00              283.38               53.00     51.30               25.20          

Total       817.99  5,915.82 19,194.06 33,547.81 47,486.42 33,582.71 13,747.45  4,406.60  2,228.45  1,959.00  1,196.90    902.20164,985.41 CMSDAY   
Mean         27.27    190.83    639.80  1,082.19  1,531.82  1,119.42    443.47    146.89     71.89     63.19     41.27     29.10    450.78 CMS      
Max          75.25    396.27  3,558.00  2,456.10  2,759.33  1,717.64  1,219.38    249.70     92.00     72.00     60.50     51.30  3,558.00 CMS      
Min          10.68     69.95     85.85    340.00    840.75    620.00    200.00     82.93     53.00     51.30     26.00     19.80     10.68 CMS      
Runoff       70.67    511.13  1,658.37  2,898.53  4,102.83  2,901.55  1,187.78    380.73    192.54    169.26    103.41     77.95 14,254.75 MCM      
Momentary Peak    3593.70 CMS, at 187.87 M (MSL.) at 03:00 hours, on Jun 27, 2011
Runoff Yield      51.78 Liters/Second/Square KM, Momentary Peak Yield 412.81 Liters/Second/Square KM

----------------------------------------------------------------------------------------------------------------------------------------------------

Daily Mean Discharge
Computer Center : Royal Irrigation Department, Thailand, Hydrology Division (08-Sep-2026)
Station : (N.13A) ,Ban Phai Ngam, Wiang Sa, Nan
Stream : -
River : Nan
Basin : Nan
Rating : HC1.2370Y/2012

                                                                 Water Year - 2012                                                                  
                                 Discharge, in Cubic Meter per Second, Water Year April 01, 2012 to March 31, 2013                                  

    Date       Apr       May       Jun       Jul       Aug       Sep       Oct       Nov       Dec       Jan       Feb       Mar    Annual
       1     32.40     70.80    125.00     39.80    476.92    669.00    193.60    124.90    159.30     68.00    107.50     44.40          
       2     30.60     69.70    125.00     42.10    609.37    923.80    196.30    116.75    129.60     67.00     83.42     44.40          
       3     32.90     60.50    118.40    141.90    464.02  1,155.38    200.20    111.80    120.05     65.00     68.00     42.00          
       4     32.90     30.60    159.30    105.20    476.06  1,092.00    257.20    128.03    113.45     65.00     64.00     44.40          
       5     30.60     32.40    124.90    236.50    465.74    932.20    264.10    156.40    101.90     63.00     62.00     44.40          
       6    115.10     64.40    105.20    257.20    343.50    615.63    272.63    125.00     96.95     62.00     56.40     45.60          
       7     75.70    134.30    106.85    246.85    317.00    582.50    342.80    123.35     87.60     62.00     54.00     46.80          
       8     62.80    264.15    129.60    187.87    286.90    552.50    267.55    115.10     85.90     58.80     54.00     45.60          
       9     70.80    222.70    135.87    168.60    597.77    543.70    205.07    105.20     80.80     58.80     52.80     43.20          
      10     62.80    168.80    126.47    156.40  1,571.20    607.43    200.20    100.25     75.70     57.60     51.60     44.40          
      11     69.20    111.80    118.40    132.73  1,509.10    605.00    169.00     96.95     77.40     57.60     50.40     24.00          
      12     65.10     89.30    118.40    129.60  1,116.60    467.46    168.30    101.90     74.00     57.60     50.40     28.80          
      13     42.10     77.40     98.60    205.07    813.48    425.27    168.10     80.80     75.70     56.40     49.20     24.44          
      14     32.90     62.80     85.90    168.70    604.53    471.76    168.40     89.30     69.20     56.40     48.00     24.44          
      15     26.00     67.40     69.20    131.17    531.50    592.93    168.10     84.20     66.00     56.40     48.00     23.28          
      16     34.20     75.70     62.80    233.05    469.18    479.50    168.10     89.30     66.00     55.20     45.60     24.44          
      17     26.00     67.40     59.60    176.80    461.44    349.80    150.60     87.60     66.00     55.20     46.80     24.44          
      18     28.80     67.60     59.60    128.03    417.30    347.10    168.20     84.20     64.40     55.20     46.80     26.40          
      19     30.60     64.40     64.40    123.35    324.60    317.00    190.73     82.50     61.20     55.20     45.60     24.44          
      20     27.00     65.10     72.00    168.30    345.60    312.18    169.00     82.50     69.70     54.00     46.80     24.44          
      21     23.40     72.00     65.10    168.60    330.90    292.40    168.40     87.60     69.70     54.00     45.60     38.40          
      22     23.40     69.70     62.80    134.30    491.54    282.60    168.60     82.50     67.40     54.00     48.00     38.40          
      23     21.60     62.80     65.10    123.35    339.30    272.63    162.20     85.90     65.10     50.40     49.20     38.40          
      24     23.40     59.60     60.50    168.10    462.30    239.95    153.50     77.40     65.10     50.40     50.40     38.40          
      25     25.20     62.80     55.90  1,092.00    537.60    243.40    137.43     74.00     62.80     50.40     48.00     37.20          
      26     23.40     79.10     49.00    711.60    482.94    253.75    131.17     84.20     62.80     50.40     46.80     34.80          
      27     21.60    264.10     55.90    474.34    552.93    246.85    128.03     84.20     60.50     50.40     44.40     36.00          
      28     28.30    169.00     58.20    414.64    600.67    289.58    126.47    120.05     60.50     50.40     44.40     36.00          
      29     51.30    132.73     51.30    426.60    488.96    289.58    121.70    292.40     58.20     50.40               36.00          
      30     65.10    135.87     46.70    554.07    605.50    229.60    121.70    208.90     60.50     51.60               36.00          
      31              124.90              488.10    555.90              115.10               62.80     63.00               36.00          

Total     1,235.20  3,099.85  2,635.99  7,934.92 17,650.35 14,682.48  5,622.48  3,283.18  2,436.25  1,761.80  1,508.12  1,099.92 62,950.54 CMSDAY   
Mean         41.17    100.00     87.87    255.97    569.37    489.42    181.37    109.44     78.59     56.83     53.86     35.48    172.47 CMS      
Max         115.10    264.15    159.30  1,092.00  1,571.20  1,155.38    342.80    292.40    159.30     68.00    107.50     46.80  1,571.20 CMS      
Min          21.60     30.60     46.70     39.80    286.90    229.60    115.10     74.00     58.20     50.40     44.40     23.28     21.60 CMS      
Runoff      106.72    267.83    227.75    685.58  1,524.99  1,268.57    485.78    283.67    210.49    152.22    130.30     95.03  5,438.93 MCM      
Momentary Peak    1540.60 CMS, at 183.86 M (MSL.) at 19:00 hours, on Aug 10, 2012
Runoff Yield      19.81 Liters/Second/Square KM, Momentary Peak Yield 176.97 Liters/Second/Square KM

----------------------------------------------------------------------------------------------------------------------------------------------------

Daily Mean Discharge
Computer Center : Royal Irrigation Department, Thailand, Hydrology Division (08-Sep-2026)
Station : (N.13A) ,Ban Phai Ngam, Wiang Sa, Nan
Stream : -
River : Nan
Basin : Nan
Rating : HC1.2516/Y2013

                                                                 Water Year - 2013                                                                  
                                 Discharge, in Cubic Meter per Second, Water Year April 01, 2013 to March 31, 2014                                  

    Date       Apr       May       Jun       Jul       Aug       Sep       Oct       Nov       Dec       Jan       Feb       Mar    Annual
       1     37.20     38.40     44.40     75.86    817.75    605.55    234.40    112.17     77.12     40.00     37.80     36.40          
       2     37.20     37.20     48.00     75.86    907.00    498.27    236.80    108.67     79.64     39.40     37.60     36.40          
       3     39.60     37.20     69.00     64.00    588.40    424.50    236.80    108.67     77.12     39.60     37.80     36.40          
       4     37.20     43.20     69.00     54.00    469.57    352.50    250.00    106.33     75.86     39.60     37.60     36.20          
       5     37.20     51.60     84.68     69.00    422.80    341.50    232.00    104.00     70.00     39.40     37.60     36.20          
       6     36.00     54.00     71.00     97.00    372.67    587.10    199.60     99.33     68.00     39.40     37.40     36.00          
       7     34.80     55.20     69.00    101.67    370.83  1,109.69    198.40     97.00     69.00     39.20     37.40     36.00          
       8     34.80     49.20     58.80     91.17    613.43    720.52    188.00     98.17     67.00     39.00     37.20     36.00          
       9     34.80     51.60     56.40     78.38    764.55    570.20    161.95     97.00     67.00     39.00     37.20     28.80          
      10     33.60     54.00     62.00     79.64  1,469.75    519.50    153.73     97.00     66.00     39.00     37.20     28.80          
      11     32.40     57.60    122.90     84.68  1,336.97    427.90    150.20     97.00     65.00     38.80     37.20     17.90          
      12     32.40     62.00    157.25    149.03    935.40    383.67    146.68     95.83     65.00     38.80     37.00     17.90          
      13     31.20     58.80     92.33    131.35    650.10    392.83    139.00     97.00     65.00     38.60     37.00     17.90          
      14     30.00     54.00     63.00    232.00    550.60    391.00    135.60     97.00     66.00     38.60     36.80     17.25          
      15     30.00     49.20     56.40    197.80    516.10    416.00    132.20     98.17     66.00     38.40     36.80     17.25          
      16     30.00     42.00     49.20    251.20    422.80    576.70    125.00    101.67     82.16     38.40     36.80     17.25          
      17     28.80     36.00     45.60    239.20    461.37    465.47    124.70     94.67    159.60     38.40     36.80     17.25          
      18     31.20     33.60     43.20    199.60    405.67    402.00    154.90     91.17     93.50     38.40     37.00     17.25          
      19     30.00     30.00     48.00    197.20    352.50    391.00    229.60     94.67     78.38     38.40     37.00     17.25          
      20     30.00     30.00     43.20    186.50    438.10    354.33    164.30     93.50     75.86     38.40     37.00     17.25          
      21     28.80     32.40     48.00    156.08    472.30    297.67    153.73     97.00     71.00     38.40     36.80     28.20          
      22     45.60     49.20     52.80    138.15    469.57    264.40    136.45     97.00     68.00     38.20     36.80     31.00          
      23     44.40     45.60     55.20    188.50    730.88    250.00    134.75     93.50     67.00     38.20     36.60     31.00          
      24     43.20     46.80     54.00    262.00    576.70    241.60    134.75     84.68     66.00     38.20     36.60     31.00          
      25     39.60     67.00     51.60    258.40    574.10    260.80    152.55     82.16     66.00     38.20     36.60     31.00          
      26     42.00     75.86     78.38    381.83    488.70    262.00    161.95     83.42     65.00     38.20     36.60     31.00          
      27     42.00     62.00     71.00    268.00    438.10    363.50    137.30     82.16     64.00     38.00     36.40     36.60          
      28     42.00     50.40     69.00    258.40    429.60    374.50    125.00     78.38     62.00     38.00     36.40     36.60          
      29     39.60     42.00     77.12    848.35    400.17    297.67    124.40     78.38     62.00     38.00               31.00          
      30     39.60     39.60     77.12  1,686.75    374.50    251.20    122.00     77.12     62.00     37.80               31.00          
      31               39.60            1,450.25    477.77              122.00               57.60     37.80               31.00          

Total     1,075.20  1,475.26  1,987.58  8,551.85 18,298.75 12,793.57  5,098.74  2,842.82  2,243.84  1,197.80  1,037.00    871.05 57,473.46 CMSDAY   
Mean         35.84     47.59     66.25    275.87    590.28    426.45    164.48     94.76     72.38     38.64     37.04     28.10    157.46 CMS      
Max          45.60     75.86    157.25  1,686.75  1,469.75  1,109.69    250.00    112.17    159.60     40.00     37.80     36.60  1,686.75 CMS      
Min          28.80     30.00     43.20     54.00    352.50    241.60    122.00     77.12     57.60     37.80     36.40     17.25     17.25 CMS      
Runoff       92.90    127.46    171.73    738.88  1,581.01  1,105.36    440.53    245.62    193.87    103.49     89.60     75.26  4,965.71 MCM      
Momentary Peak    1632.50 CMS, at 184.55 M (MSL.) at 18:00 hours, on Jul 30, 2013
Runoff Yield      18.09 Liters/Second/Square KM, Momentary Peak Yield 187.52 Liters/Second/Square KM

----------------------------------------------------------------------------------------------------------------------------------------------------

Daily Mean Discharge
Computer Center : Royal Irrigation Department, Thailand, Hydrology Division (08-Sep-2026)
Station : (N.13A) ,Ban Phai Ngam, Wiang Sa, Nan
Stream : -
River : Nan
Basin : Nan
Rating : HC1.2650/Y2014

                                                                 Water Year - 2014                                                                  
                                 Discharge, in Cubic Meter per Second, Water Year April 01, 2014 to March 31, 2015                                  

    Date       Apr       May       Jun       Jul       Aug       Sep       Oct       Nov       Dec       Jan       Feb       Mar    Annual
       1     38.80     73.18     40.00     77.48    336.06    853.60    336.06    110.10     91.00     50.40     40.00     22.00          
       2     38.40     57.80     72.32     77.48    269.34    817.15    290.49    110.10     90.50     48.10     40.00     22.00          
       3     38.40     77.48     57.10     57.80    421.40  1,155.97    269.34    113.50     90.50     45.80     40.00     22.00          
       4     38.20    113.50     39.80     56.40    377.33    974.53    251.37    146.32     90.50     45.80     38.00     24.00          
       5     38.60     78.34     39.00     57.80    519.40    979.88    245.03    140.24     90.50     43.50     36.00     24.00          
       6     38.40     56.40     39.00     58.50    579.87    929.05    260.89    137.96     90.00     43.50     34.00     28.00          
       7     38.40     96.00     38.80     57.10    730.00  1,253.16    245.03    166.00     90.00     41.20     34.00     28.00          
       8     39.80    147.08     40.00    423.20    514.00    819.18    227.06    264.06     77.48     38.90     32.00     28.00          
       9     39.60    137.96     59.20    371.21    374.27    642.00    203.44    212.00     76.62     41.20     32.00     21.80          
      10     39.20     97.00     61.30    343.70    334.53    553.47    169.00    148.60     75.76     55.00     32.00     32.00          
      11     39.00     55.00     57.10    169.00    286.26    457.00    181.00    141.00     75.76     98.70     32.00     36.00          
      12     39.40     58.50     58.50    138.72    279.91    416.00    169.00    120.40     75.76     86.10     36.00     36.00          
      13     39.20     61.30     57.10    110.10    251.37    363.57    205.89    120.70     75.76     59.27     34.00     36.00          
      14     39.00     61.30     55.00    340.64    270.40    298.94    187.00    108.40     74.04     56.82     32.00     32.00          
      15     39.40     39.20    137.96    342.17    444.00    295.77    147.08    111.80     74.04     52.44     32.00     32.00          
      16     39.00     60.60     98.50    237.63    340.64    352.87    141.76    115.20     73.18     49.52     30.00     30.00          
      17     39.40     60.60     93.00    150.88    424.40    357.46    139.48    116.90     73.18     55.00     30.00     24.00          
      18     39.00     61.30     90.00    288.37    345.23    454.00    120.00    118.60     72.32     52.70     28.00     20.00          
      19     38.80     57.80     90.00    261.94    552.00    362.04    120.10    118.60     55.00     50.40     28.00     24.60          
      20     38.80     78.34     91.00    576.93    517.60    374.27    120.40    118.60     55.00     45.80     26.00     24.60          
      21     38.60     57.80     77.48    451.00    713.60    292.60    120.60    122.00     55.00     43.50     26.00     20.00          
      22     38.80     60.60     71.46    360.51    685.72    352.87    120.60     98.50     55.00     41.20     26.00     20.00          
      23     38.80     39.80     56.40    363.57    443.00    460.00    143.28     96.00     55.00     38.90     24.00     20.00          
      24     39.00     39.20     57.80    298.94    369.69    460.00    166.00     95.50     55.00     38.90     24.00     20.00          
      25     38.60     39.00     91.50    336.06    368.16    565.20    184.00     95.00     55.70     36.60     22.00     30.00          
      26     38.60     39.40     74.90    419.00    368.16    444.00    145.56     92.50     55.70     36.60     22.00     34.00          
      27     39.40     59.20     73.18    606.27    371.21    371.21    137.96     92.50     55.70     36.60     20.00     38.00          
      28     40.00     39.20     56.40    849.55    297.89    336.06    120.30     92.50     55.70     36.60     22.00     38.00          
      29     57.80     39.60     59.20    563.73    298.94    287.31    120.70     92.00     55.70     36.60               32.00          
      30     90.00     74.90     59.20    355.93  1,477.44    425.60    106.70     91.50     56.40     36.60               28.00          
      31               91.50              419.60  1,226.99              106.70               56.40     36.60               26.00          

Total     1,238.40  2,108.88  1,992.20  9,221.21 14,788.81 16,704.76  5,501.82  3,707.08  2,178.20  1,478.85    852.00    853.00 60,625.21 CMSDAY   
Mean         41.28     68.03     66.41    297.46    477.06    556.83    177.48    123.57     70.26     47.70     30.43     27.52    166.10 CMS      
Max          90.00    147.08    137.96    849.55  1,477.44  1,253.16    336.06    264.06     91.00     98.70     40.00     38.00  1,477.44 CMS      
Min          38.20     39.00     38.80     56.40    251.37    287.31    106.70     91.50     55.00     36.60     20.00     20.00     20.00 CMS      
Runoff      107.00    182.21    172.13    796.71  1,277.75  1,443.29    475.36    320.29    188.20    127.77     73.61     73.70  5,238.02 MCM      
Momentary Peak    1592.54 CMS, at 183.83 M (MSL.) at 22:00 hours, on Aug 30, 2014
Runoff Yield      19.08 Liters/Second/Square KM, Momentary Peak Yield 182.93 Liters/Second/Square KM

----------------------------------------------------------------------------------------------------------------------------------------------------

Daily Mean Discharge
Computer Center : Royal Irrigation Department, Thailand, Hydrology Division (08-Sep-2026)
Station : (N.13A) ,Ban Phai Ngam, Wiang Sa, Nan
Stream : -
River : Nan
Basin : Nan
Rating : HC1.2782/Y2015

                                                                 Water Year - 2015                                                                  
                                 Discharge, in Cubic Meter per Second, Water Year April 01, 2015 to March 31, 2016                                  

    Date       Apr       May       Jun       Jul       Aug       Sep       Oct       Nov       Dec       Jan       Feb       Mar    Annual
       1     26.00     49.52     36.00     26.00    239.32    196.29    314.42    105.00     55.36     48.50     51.00     20.60          
       2     24.00     36.60     32.00     23.20    236.04    327.16    265.00    100.80     53.90     48.50     48.00     20.90          
       3     24.00     32.00     32.00     21.80    514.00    327.16    270.60     98.70     52.44     48.00     47.50     21.20          
       4     24.00     26.00     30.00     20.40  1,013.20    560.00    258.00     94.50     57.63     47.50     47.00     21.20          
       5     22.00     26.00     30.00     20.40    853.00    886.00    236.04     92.40    120.00     47.50     32.00     21.20          
       6     22.00     26.00     28.00     17.60    650.80    649.00    204.65     90.30    172.87     47.50     32.00     21.50          
       7     22.00     24.00     30.00     16.20    508.00    606.25    202.98     88.20    107.40     46.50     31.10     21.20          
       8     26.00     24.00     26.00     43.50    402.40    484.00    192.95     88.20     83.77     32.00     30.65     21.50          
       9     22.00     26.00     24.00    138.00    364.80    399.27    273.40     84.00     64.17     32.00     30.65     21.50          
      10     22.00     26.00     38.90    109.20    291.60    366.37    375.77     84.00     64.17     32.00     30.20     21.80          
      11     38.00     26.00     53.90     57.63    273.40    318.06    385.17     84.00     60.90     32.00     29.30     21.80          
      12     45.80     32.00     50.40     69.07    321.70    270.60    599.50     88.20     56.00     31.55     28.85     21.80          
      13     70.70     32.00     36.60    100.80    358.53    247.52    440.00     94.50     59.74     31.10     28.85     22.10          
      14     65.80     28.00     48.10     77.23    651.40    263.60    349.13    145.33     58.28     31.10     28.40     22.10          
      15     50.98     28.00     69.07     64.17    440.00    280.40    258.00    100.80     53.90     31.55     28.40     22.10          
      16     38.00     28.00     67.43     57.63    652.00    214.69    240.96     88.20     52.44     31.55     28.40     22.10          
      17     34.00     26.00     53.90     53.90    979.75    181.24    224.56     88.20     49.52     31.55     20.00     22.10          
      18     32.00     32.00     50.40     57.63    643.60    182.91    206.33     85.40     49.52     31.10     20.00     22.40          
      19     30.00     28.00     45.80     78.87    504.00    295.80    189.60     72.33     49.52     31.10     20.00     22.40          
      20     28.00     26.00     45.80    143.87    367.93    321.70    182.91     70.70     49.52     31.10     20.00     22.40          
      21     28.00     26.00     38.90    247.52    352.27    218.00    171.20     69.07     49.52     30.65     20.00     22.70          
      22     28.00     26.00     41.20    192.95    316.24    177.89    152.67     67.43     52.70     30.65     20.00     22.70          
      23     30.00     26.00     34.00    284.60    295.80    222.92    140.93     64.17     50.40     30.65     20.30     22.70          
      24     30.00     28.00     28.00    176.22    328.98    726.67    138.00     62.53     50.40     30.65     20.30     22.70          
      25     38.00     30.00     26.00    194.62    239.32    440.00    130.67     60.90     52.70     30.65     20.30     22.70          
      26     30.00     28.00     24.00    240.96    202.98    294.40    126.27     59.27     45.80     47.00     20.60     22.70          
      27     32.00     28.00     24.60    385.17    176.22    269.20    120.00     56.00     55.00     81.40     20.60     12.00          
      28     36.00     40.00     28.00    314.42    186.25    394.57    116.40     59.74     48.06    107.50     20.60     12.00          
      29     32.00     38.00     34.00    349.13    157.07    245.88    112.80     56.00     52.70     74.25     20.60     12.00          
      30     52.44     38.90     34.00    277.60    157.07    211.35    107.40     55.36     48.10     54.00               12.00          
      31               43.50              279.00    157.07              105.00               45.80     51.50               12.00          

Total     1,003.72    934.52  1,141.00  4,139.29 12,834.74 10,578.90  7,091.31  2,454.23  1,922.23  1,312.60    815.60    630.10 44,858.24 CMSDAY   
Mean         33.46     30.15     38.03    133.53    414.02    352.63    228.75     81.81     62.01     42.34     28.12     20.33    122.56 CMS      
Max          70.70     49.52     69.07    385.17  1,013.20    886.00    599.50    145.33    172.87    107.50     51.00     22.70  1,013.20 CMS      
Min          22.00     24.00     24.00     16.20    157.07    177.89    105.00     55.36     45.80     30.65     20.00     12.00     12.00 CMS      
Runoff       86.72     80.74     98.58    357.63  1,108.92    914.02    612.69    212.05    166.08    113.41     70.47     54.44  3,875.75 MCM      
Momentary Peak    1094.5 CMS, at 182.46 M (MSL.) at 16:00 hours, on Aug 04, 2015
Runoff Yield      14.08 Liters/Second/Square KM, Momentary Peak Yield 125.72 Liters/Second/Square KM

----------------------------------------------------------------------------------------------------------------------------------------------------

Daily Mean Discharge
Computer Center : Royal Irrigation Department, Thailand, Hydrology Division (08-Sep-2026)
Station : (N.13A) ,Ban Phai Ngam, Wiang Sa, Nan
Stream : -
River : Nan
Basin : Nan
Rating : HC1.2908/Y2016

                                                                 Water Year - 2016                                                                  
                                 Discharge, in Cubic Meter per Second, Water Year April 01, 2016 to March 31, 2017                                  

    Date       Apr       May       Jun       Jul       Aug       Sep       Oct       Nov       Dec       Jan       Feb       Mar    Annual
       1     12.00     20.60    155.00    252.00    288.97    854.42    429.00    112.60     54.50     76.25     45.75     36.60          
       2     12.00     48.00    110.90    240.00    205.00    586.25    435.00    112.60     54.00     76.60     29.50     36.60          
       3     12.00     30.20    100.70    620.10    167.00    513.00    438.00    135.50     54.00     76.60     29.50     35.40          
       4     12.00     47.00    137.00    453.00    171.50    426.00    330.27    112.60     54.00     76.60     29.50     34.20          
       5     12.00     48.00    115.15    281.10    161.00    380.00    271.27    108.35     53.50     75.20     29.50     33.00          
       6     12.00     29.30    102.40    391.24    298.80    474.00    256.50    105.80     53.00     94.20     29.50     30.60          
       7     12.40     20.60     74.25    653.00    389.00    978.25    380.00    102.40     52.50    100.00     26.25     29.40          
       8     12.40     21.50     78.15    658.70    513.00  1,098.75    374.28    102.40     52.50    100.00     39.00     28.20          
       9     12.40     21.80     82.70    404.00    365.80    769.46    271.27    106.65     52.50     88.40     36.60     16.00          
      10     12.80     22.10     74.90    316.50    283.07    571.67    249.00    115.15     52.50    100.00     36.60     16.00          
      11     12.80     22.40     55.50    235.50    207.60    691.58    237.00    105.80     52.50     77.30     36.60     15.38          
      12     12.80     22.40     53.00    205.00    186.50  1,244.07    231.00    104.95     52.00     75.90     36.60     14.76          
      13     12.80     12.00     51.00    173.00    684.50  1,230.79    422.00    104.10     52.00     82.60     36.60     14.76          
      14     12.80     49.50     51.00    167.00    751.76    825.90    281.10    100.70     52.00     99.53     35.40     14.76          
      15     12.80     51.50     50.00    370.04  1,994.00    675.80    214.10     83.35     52.00     76.80     35.40     14.76          
      16     12.80     29.75     48.00    214.10  2,347.50    592.08    202.40     80.10     52.00     77.30     34.20     14.14          
      17     12.80     29.75     46.50    186.50  1,857.50    489.00    198.50     79.45     52.00     49.00     34.20     12.90          
      18     12.80     82.05     49.00    155.00    905.60    435.00    182.00     78.15     52.00     39.00     34.20     12.90          
      19     12.80    155.00     72.30    132.50    601.70    495.00    168.50     76.85     51.50     39.00     34.20     12.90          
      20     30.20    137.00     54.50    346.00  1,717.50    468.00    162.50     76.20     51.00     32.75     31.80     12.28          
      21     12.00    108.35    109.20    357.32  2,043.00    670.10    155.00     76.20     51.00     49.00     31.80     11.04          
      22     22.70    104.10     77.50    322.40  1,596.75    483.00    147.50     75.55     51.00     53.60     30.60     11.04          
      23     12.00     73.60     73.60    302.73  1,368.07    391.24    140.00     75.55     51.00     39.25     29.40     11.04          
      24     12.40     51.50     78.15    287.00  1,264.00    336.17    144.50     74.25     50.50     45.75     28.20     11.04          
      25     12.40     51.00     82.70    207.60    815.48    344.03    152.00     72.95     50.00     50.75     28.20     10.42          
      26     12.40     53.50     75.55    193.30    641.60    346.00    158.00     72.95     50.00     53.60     39.00     10.42          
      27     12.40     53.50     71.65    216.70    652.00    344.03    141.50     71.65     50.00     52.25     39.00     16.85          
      28     12.80     71.65     55.50    288.97  1,058.88    320.43    135.50     56.00     50.00     49.00     39.00     16.85          
      29     12.80     50.00    111.75    258.00    865.04    395.00    116.00     56.00     49.50     49.00               32.75          
      30     22.70     52.50    387.00    215.40    670.34    395.00    114.30     54.50     48.50     42.50               37.80          
      31              138.50              374.28    855.10              129.50               48.50     32.75               16.00          

Total       412.00  1,708.65  2,684.55  9,477.98 25,927.56 17,824.02  7,267.49  2,689.30  1,602.00  2,030.48    946.10    620.79 73,190.92 CMSDAY   
Mean         13.73     55.12     89.49    305.74    836.37    594.13    234.44     89.64     51.68     65.50     33.79     20.03    200.52 CMS      
Max          30.20    155.00    387.00    658.70  2,347.50  1,244.07    438.00    135.50     54.50    100.00     45.75     37.80  2,347.50 CMS      
Min          12.00     12.00     46.50    132.50    161.00    320.43    114.30     54.50     48.50     32.75     26.25     10.42     10.42 CMS      
Runoff       35.60    147.63    231.95    818.90  2,240.14  1,540.00    627.91    232.36    138.41    175.43     81.74     53.64  6,323.71 MCM      
Momentary Peak    2354.50 CMS, at 186.67 M (MSL.) at 04:00 hours, on Aug 16, 2016
Runoff Yield      23.03 Liters/Second/Square KM, Momentary Peak Yield 270.46 Liters/Second/Square KM

----------------------------------------------------------------------------------------------------------------------------------------------------

Daily Mean Discharge
Computer Center : Royal Irrigation Department, Thailand, Hydrology Division (08-Sep-2026)
Station : (N.13A) ,Ban Phai Ngam, Wiang Sa, Nan
Stream : -
River : Nan
Basin : Nan
Rating : HC.1/3034

                                                                 Water Year - 2017                                                                  
                                 Discharge, in Cubic Meter per Second, Water Year April 01, 2017 to March 31, 2018                                  

    Date       Apr       May       Jun       Jul       Aug       Sep       Oct       Nov       Dec       Jan       Feb       Mar    Annual
       1     28.20     12.30     99.63     36.60    324.10    875.10    412.30    170.00     93.10    127.58     78.40     88.48          
       2     33.00     12.30     37.80     36.60    312.70    864.50    294.40    161.30     92.00    129.55     78.40     65.70          
       3     33.00     11.65     31.80     37.80    262.00  1,169.00    299.80    158.40     89.80    129.55     83.00     55.60          
       4     33.00     11.65     12.90     37.80    236.80    848.60    490.00    152.60     87.60    130.53     83.00     49.00          
       5     33.00     11.65     16.20     53.60    238.60    622.50    380.70    148.25     87.60    130.53     83.00     54.00          
       6     37.80      4.80     15.55     88.40    278.20    615.00    421.50    145.35     87.60    130.53     83.00     57.75          
       7     35.40      4.80     11.04     76.60    662.50    795.60    380.70    134.50     86.50    130.53     87.60     20.00          
       8     34.20      4.80     13.52     55.50    575.00    800.90    419.20    135.80     85.40    130.53     87.60     34.25          
       9     28.20      4.80     42.50    110.20    437.70    677.50    403.10    130.60     81.00     70.00     87.60     37.10          
      10     12.90      4.52     54.55    187.05    433.00    647.50    339.30    130.60     81.00     70.00     92.20     14.00          
      11     12.28      4.80     47.90    149.70    400.80    630.00    374.40    131.90     84.30     74.90     92.20     34.25          
      12     17.50      4.80     31.80    260.20    389.30    600.00    617.50    131.90     92.00     74.90     92.20     50.25          
      13     12.28      4.80     14.14    238.60    292.60    492.50    451.80    130.60     88.70     74.90     96.80     50.25          
      14     39.25     12.90     11.66    274.60    251.20    407.70    372.30    129.30     85.40     84.70     96.80     52.75          
      15     76.95     49.80     15.38    560.00    228.20    359.70    378.60    128.00     85.40    109.20     96.80     51.50          
      16     76.25    198.98    217.80    597.50    625.00    398.50    382.80    120.20     82.10    109.20     96.80     52.75          
      17     51.70    196.95    145.50    517.50    497.50    587.50    560.00    116.30     81.00    114.10     96.80     55.25          
      18     29.50    198.30     75.90  1,783.30    374.40    510.00    468.25    111.40     79.90     60.00     96.80     56.50          
      19     31.80    149.00     49.00  1,670.45    310.80    393.90    289.00    110.20     75.50     60.00     96.80     57.75          
      20     13.52    145.50     36.60  1,082.50    357.60    327.90    294.40    110.20     73.30     60.00    106.00     20.00          
      21     12.90    196.73     36.60    898.95    341.20    308.90    269.20    111.40     71.10     60.00     80.10     20.00          
      22     12.90    213.50     16.00    824.75    303.40    310.80    244.00    110.20     69.00     60.00     81.78     25.70          
      23     12.28    217.80     12.28    803.55    260.20    361.80    247.60    103.00     67.00     60.00     83.45     37.10          
      24     17.50    197.18     17.50    763.80    251.20    303.40    263.80    103.00     68.00     64.60     80.10     39.95          
      25     13.60    198.08     15.55    914.85    361.80    278.20    260.20    100.80     69.00     69.20     81.78     42.80          
      26     11.66    198.08     12.95    898.95    917.50    303.40    224.80    100.80     68.00     69.20     80.10     14.00          
      27     15.38    197.18     12.95    706.00  1,006.40    258.40    212.90     97.50     69.00     73.80     92.20     14.00          
      28     16.20    196.95     14.76    550.00    779.70    256.60    212.90     92.00     75.50     73.80     78.43     14.00          
      29     12.30    207.05     14.76    492.50    851.25    271.00    202.70     93.10     78.80     73.80               34.25          
      30     12.30    215.65     16.00    465.90  1,198.00    416.90    185.50     93.10     76.60     69.20               28.55          
      31              198.08              426.10    859.20              179.30               74.40     69.20               28.55          

Total       806.75  3,285.38  1,150.52 15,599.85 14,617.85 15,693.30 10,532.95  3,692.30  2,485.60  2,744.03  2,469.74  1,256.03 74,334.30 CMSDAY   
Mean         26.89    105.98     38.35    503.22    471.54    523.11    339.77    123.08     80.18     88.52     88.21     40.52    203.66 CMS      
Max          76.95    217.80    217.80  1,783.30  1,198.00  1,169.00    617.50    170.00     93.10    130.53    106.00     88.48  1,783.30 CMS      
Min          11.66      4.52     11.04     36.60    228.20    256.60    179.30     92.00     67.00     60.00     78.40     14.00      4.52 CMS      
Runoff       69.70    283.86     99.40  1,347.83  1,262.98  1,355.90    910.05    319.01    214.76    237.08    213.39    108.52  6,422.48 MCM      
Momentary Peak    2154.00 CMS, at 185.85 M (MSL.) at 15:00 hours, on Jul 18, 2017
Runoff Yield      23.39 Liters/Second/Square KM, Momentary Peak Yield 247.43 Liters/Second/Square KM

----------------------------------------------------------------------------------------------------------------------------------------------------

Daily Mean Discharge
Computer Center : Royal Irrigation Department, Thailand, Hydrology Division (08-Sep-2026)
Station : (N.13A) ,Ban Phai Ngam, Wiang Sa, Nan
Stream : -
River : Nan
Basin : Nan
Rating : HC.1/3168

                                                                 Water Year - 2018                                                                  
                                 Discharge, in Cubic Meter per Second, Water Year April 01, 2018 to March 31, 2019                                  

    Date       Apr       May       Jun       Jul       Aug       Sep       Oct       Nov       Dec       Jan       Feb       Mar    Annual
       1     26.67     19.20     27.00    476.40  1,135.75    621.20    350.40    143.60     96.80     49.78     54.27     45.00          
       2     26.67     14.40    104.25    323.10    942.50    598.80    380.75    129.10    101.40     53.30     54.27     45.00          
       3     22.40     40.50     34.25    239.60    712.50    813.82    369.00    133.45    101.40     56.83     54.27     45.60          
       4     32.00     30.80     92.25    241.90    690.00  1,218.30    235.00    135.63    101.40     56.83     54.27     46.20          
       5     19.38     73.90     63.25    218.10    885.33  1,212.50    238.45    133.45    101.40     56.83     58.20     45.60          
       6      9.60     38.65     75.25    205.10    584.80    934.40    232.35    124.63    101.40     56.83     60.17     45.00          
       7      4.80     52.75     75.25    152.67    460.90    725.00    232.35    128.57     87.60     60.35     60.17     43.80          
       8     33.60     17.50    150.60    159.67    364.50    622.60    232.35    130.53    101.40     60.35     62.13     43.20          
       9     31.60     37.40    174.05    146.83    403.25    680.58    252.30    131.52    101.40     85.25     62.13     42.60          
      10     31.60     21.09    113.40    221.30    510.00    594.60    199.70     70.00    101.40     78.70     62.13     39.50          
      11     22.40     51.50     62.35    244.20    495.00    619.80    141.00     70.00    101.40     67.00     66.07     39.50          
      12     27.73      0.00     76.05    413.00    451.60    570.80    141.00    130.53    101.40     69.60     68.03     38.75          
      13     32.00     24.00    115.30    993.60    354.75    680.98    207.80    130.53     92.20     83.25     50.60     38.00          
      14     30.93      7.50    174.90    433.00    380.75    607.20    143.33    128.57     87.60     35.75     50.60     38.75          
      15     28.80     40.50    120.40    324.25    403.50    442.30    153.83    129.55     83.00     52.25     49.40     39.50          
      16     27.73     38.40    101.60    245.35    575.00    390.25    158.50     70.00     92.20     52.25     49.40     39.50          
      17     27.73     48.00     83.90    243.63  1,209.60    351.50    162.00     79.80     96.80     49.78     48.20     39.50          
      18     27.65     82.90    120.40    504.00  2,034.10    680.88    115.00     79.80    106.00     49.78     70.00     39.50          
      19     24.00     76.05    245.35    345.00  2,440.50  1,199.45    115.00     74.90     80.10     49.78     70.00     39.50          
      20     57.20    131.10    403.25    817.38  2,067.70    731.05    145.50     99.40     83.45     53.30     68.03     42.60          
      21     34.25     82.50    680.73  1,203.08  1,227.00    486.00    103.00     89.60     85.13     60.35     66.07     39.50          
      22     63.25     85.00    406.75  1,544.44    983.70    439.20    157.33    109.20     86.80     67.40     66.07     38.75          
      23      0.00     17.50    238.45  1,778.15    935.90    419.50    191.60    114.10     86.80     67.40     68.03     38.75          
      24     14.40     39.00    237.88  1,222.65    983.70    384.00    142.17     64.60     88.48     70.93     68.03     38.00          
      25     23.70    131.10    598.80  1,219.75    893.87    307.00    150.33     64.60     45.95     70.93     68.03     37.25          
      26     38.40     53.50    600.20  1,539.96    896.00    359.70    153.83     73.80     45.95     74.45     70.00     37.25          
      27      9.60     60.75    804.90  1,448.70    994.70    325.40    152.67     83.00     91.83     81.50     46.80     37.25          
      28      9.60     53.50    731.85  1,539.96  1,025.03    236.15    133.30     92.20     91.83     81.50     46.80     38.00          
      29      9.60     97.00    730.00  1,769.45    828.08    241.90    114.60     92.20     91.83     52.30               38.75          
      30      4.80     46.25    586.20  1,726.55    812.03    322.53    169.90     96.80     90.15     52.30               38.00          
      31               75.25            1,431.10    690.00              114.60               90.15     54.27               38.00          

Total       752.09  1,587.49  8,028.81 23,371.87 27,372.04 17,817.39  5,788.94  3,133.66  2,814.65  1,911.12  1,672.17  1,256.10 95,506.33 CMSDAY   
Mean         25.07     51.21    267.63    753.93    882.97    593.91    186.74    104.46     90.80     61.65     59.72     40.52    261.66 CMS      
Max          63.25    131.10    804.90  1,778.15  2,440.50  1,218.30    380.75    143.60    106.00     85.25     70.00     46.20  2,440.50 CMS      
Min           0.00      0.00     27.00    146.83    354.75    236.15    103.00     64.60     45.95     35.75     46.80     37.25      0.00 CMS      
Runoff       64.98    137.16    693.69  2,019.33  2,364.94  1,539.42    500.16    270.75    243.19    165.12    144.48    108.53  8,251.75 MCM      
Momentary Peak    2463.70 CMS, at 186.62 M (MSL.) at 13:00 hours, on Aug 19, 2018
Runoff Yield      30.06 Liters/Second/Square KM, Momentary Peak Yield 283.00 Liters/Second/Square KM

----------------------------------------------------------------------------------------------------------------------------------------------------

Daily Mean Discharge
Computer Center : Royal Irrigation Department, Thailand, Hydrology Division (08-Sep-2026)
Station : (N.13A) ,Ban Phai Ngam, Wiang Sa, Nan
Stream : -
River : Nan
Basin : Nan
Rating : HC.1/3298Y2019

                                                                 Water Year - 2019                                                                  
                                 Discharge, in Cubic Meter per Second, Water Year April 01, 2019 to March 31, 2020                                  

    Date       Apr       May       Jun       Jul       Aug       Sep       Oct       Nov       Dec       Jan       Feb       Mar    Annual
       1     38.00     39.50     55.00     43.20  1,385.00  1,167.30    147.20    135.27    161.00     59.17     19.90     27.80          
       2     38.75     37.25     71.50     45.60    863.63  1,123.80    180.80    141.53    161.00     59.17     19.90     27.80          
       3     38.00     36.50     74.40     50.80    407.98  1,355.00    219.20    141.53    161.00     59.17     19.90     27.80          
       4     38.00     36.50     75.85     57.80    227.18  1,211.00    214.40    141.53    144.35     59.53     19.90     27.80          
       5     37.25     35.75     77.30     47.40  1,089.00    863.63    195.20    141.53    149.90     59.53     29.70     27.80          
       6     42.60     38.00     68.60     47.40  1,457.00    739.25    137.60     50.00    136.85     60.27     29.70     27.80          
       7     39.50     38.00     75.85     58.45    817.66    631.47    180.80     87.80    140.07     60.27     29.70     27.00          
       8     38.75     35.75     67.15     55.00    563.99    558.53    219.20     62.60     42.50     59.53     29.70     27.00          
       9     38.75     35.75     67.15     49.40    367.17    457.34     82.00     75.20     42.50     59.53     29.70     27.00          
      10     39.50     34.25     67.15     50.80    695.99    425.53    219.20     62.60     42.50     60.27     32.15     27.00          
      11     42.60     34.25     62.00     46.20    706.80    398.83    110.20     62.60     42.50     20.00     32.15     25.40          
      12     45.60     33.00     71.50     45.00    704.10    386.17    103.93    100.40     65.00     20.00     32.15     27.80          
      13     37.25     32.75     58.45     45.00    652.73    348.17     85.13    176.00     76.25     20.00     32.15     27.80          
      14     32.75     34.25     47.40     44.40    563.99    332.33    200.00    176.00     87.50     59.90     34.60     28.60          
      15     32.75     36.50     46.20     49.40    398.83    288.00    156.80    176.00     87.50     59.90     34.60     11.00          
      16     36.50     39.50     49.40     46.80    399.20    265.20    176.00    150.80     87.50     59.90     23.80     11.00          
      17     32.20     39.50     52.20     43.80    993.30    209.25    219.20    111.05     76.25     40.65     23.80     11.00          
      18     32.20     39.50     55.00     43.80  1,851.30    202.75     88.27    111.05     87.50     40.65     23.80     11.00          
      19     33.00     38.00     61.35     43.20  1,475.00    266.70    185.60    122.15     15.00     40.65     24.60     11.00          
      20     35.00     38.00     71.50     39.50  1,176.00    365.00    219.20    122.15     15.00     40.65     24.60     11.00          
      21     31.40     42.60     70.05     38.75  1,181.80    264.90    103.93    122.15     15.00     37.70     24.60     11.00          
      22     38.00     52.20     59.20     35.75  1,570.10    235.25    113.33    127.70     25.40     37.70     25.40     11.00          
      23     32.20     46.20     53.60     48.00  1,100.60    254.75    119.60    127.70     46.20     37.70     25.40     11.00          
      24     38.00     38.00     45.00     55.00  1,307.00    137.60    135.27    127.70     46.20     37.70     27.00     11.00          
      25     37.25     39.50     43.80     75.85  1,737.50    132.80    129.00    122.15     46.20     37.70     27.00     11.00          
      26     38.00     47.40     46.20     67.15  1,343.00    132.80    119.60    133.25     46.20     40.65     27.00     11.00          
      27     38.00     57.80     48.00    134.20  1,253.00    254.75    129.00    138.80     25.40     43.60     27.80     11.00          
      28     38.00     56.40     49.40    143.90  1,152.80    248.25    135.27    155.45     15.00     17.45     27.80     11.00          
      29     42.60     46.20     46.20    107.60  1,062.90    142.40    135.27    155.45    130.42     17.45     27.80     11.00          
      30     45.60     43.20     43.80     94.55    823.07    142.40    132.13    161.00    130.42     17.45               11.00          
      31               43.80              623.35    904.18              113.33              130.42     19.90               11.00          

Total     1,128.00  1,245.80  1,780.20  2,377.05 30,231.80 13,541.15  4,705.66  3,719.14  2,478.53  1,343.74    786.30    571.40 63,908.77 CMSDAY   
Mean         37.60     40.19     59.34     76.68    975.22    451.37    151.80    123.97     79.95     43.35     27.11     18.43    174.61 CMS      
Max          45.60     57.80     77.30    623.35  1,851.30  1,355.00    219.20    176.00    161.00     60.27     34.60     28.60  1,851.30 CMS      
Min          31.40     32.75     43.80     35.75    227.18    132.80     82.00     50.00     15.00     17.45     19.90     11.00     11.00 CMS      
Runoff       97.46    107.64    153.81    205.38  2,612.03  1,169.96    406.57    321.33    214.14    116.10     67.94     49.37  5,521.73 MCM      
Momentary Peak    1937.10 CMS, at 184.37 M (MSL.) at 12:00 hours, on Aug 18, 2019
Runoff Yield      20.06 Liters/Second/Square KM, Momentary Peak Yield 222.51 Liters/Second/Square KM

----------------------------------------------------------------------------------------------------------------------------------------------------

Daily Mean Discharge
Computer Center : Royal Irrigation Department, Thailand, Hydrology Division (08-Sep-2026)
Station : (N.13A) ,Ban Phai Ngam, Wiang Sa, Nan
Stream : -
River : Nan
Basin : Nan
Rating : HC.1/3426

                                                                 Water Year - 2020                                                                  
                                 Discharge, in Cubic Meter per Second, Water Year April 01, 2020 to March 31, 2021                                  

    Date       Apr       May       Jun       Jul       Aug       Sep       Oct       Nov       Dec       Jan       Feb       Mar    Annual
       1     11.30     11.30     26.20     37.70     60.63    258.00    265.00     73.00     27.80     34.40     27.40     25.96          
       2     11.30     11.30     31.80    189.70    356.80    193.00    240.00     58.07     28.60     33.55     27.40     24.52          
       3     11.30     11.30     22.35     98.65  1,562.80    184.20    228.00     59.90     28.60     33.55     27.40     25.24          
       4     11.30     11.30     58.80     60.27  1,945.00    186.40    216.00     20.00     29.40     32.70     27.40     27.40          
       5     11.30     11.30     29.70     57.70  1,381.00    397.50    191.90     25.90     29.40     32.70     26.68     30.28          
       6     11.30     11.30     62.65    133.60    843.40    187.50    231.00     31.80     30.20     32.70     26.68     31.00          
       7     11.30     11.30     66.10     93.10    768.30    246.00    186.40     34.75     29.40     31.85     26.68     28.84          
       8     11.30     11.30     43.60     84.78    589.70    495.00    177.60     34.75     30.20     30.28     26.68     27.40          
       9     11.30     11.30     39.50     94.95    649.70  1,150.30    173.20     40.65     11.00     30.28     28.84     25.24          
      10     11.30     11.30     29.40     58.43    432.50    627.50     82.00     43.60     12.28     30.28     29.56     25.24          
      11     11.30     11.30     11.00     31.80    359.15    477.50     92.18     15.00     12.28     28.84     39.50     23.80          
      12     11.30     11.30     17.40     15.00    326.50    430.00     92.18     17.45     12.28     28.12     36.10     20.65          
      13     11.30     11.30     18.68     22.95    349.75    317.30     96.80     22.35     12.28     28.12     33.55     20.65          
      14     11.30     11.30     22.52     60.80    553.20    333.40     53.60     19.90     12.28     31.85     32.70     20.65          
      15     11.30     11.30     19.96    132.90    926.60    397.50     64.40     22.35     18.68     35.25     31.00     20.65          
      16     11.30     11.30     27.00     83.85  1,411.60    317.50     98.65     27.25     21.24     35.25     28.84     20.65          
      17     11.30     11.30     70.70     68.40  1,176.70    193.00     99.58     29.70     22.52     35.25     27.40     19.39          
      18     11.30     11.30     66.10     58.43  1,074.40    191.90     57.20     27.25     23.80     34.40     27.40     19.39          
      19     11.30     23.98     82.00     60.63  1,104.10    191.90     86.00     29.70     14.58     34.40     26.68     19.39          
      20     11.30     45.95    270.00     43.60    790.00    355.00     75.20     32.15     14.58     34.40     25.96     19.39          
      21     11.30     51.30    178.70     60.80  1,741.40    675.80     66.10     34.60     14.58     34.40     25.96     20.02          
      22     11.30     51.30     60.27     82.40  3,090.50    652.60     64.95     37.05     14.90     33.55     25.96     18.76          
      23     11.30     45.95     58.07     50.00  2,538.20    415.00     67.25     39.50     14.90     33.55     25.96     18.13          
      24     11.30     45.95     19.90     88.48  1,422.00    555.80     70.70     37.05     14.90     34.40     25.96     18.13          
      25     11.30     40.60     17.45     71.60    862.60    600.50     58.07     34.60     14.90     33.55     25.96     17.05          
      26     11.30     35.25     68.40     60.27    614.00    482.50     58.80     23.80     22.52     31.85     25.24     17.05          
      27     78.92     35.25    172.10     31.80    589.70    390.00     59.17     25.40     17.40     30.28     25.24     17.05          
      28     36.13     35.25    132.55     40.65    450.00    417.50     58.43     26.20     17.40     30.28     25.24     17.05          
      29     46.10      9.51     64.40     46.55    342.70    328.80     58.43     27.00     30.20     28.84               18.13          
      30     11.30      7.71     28.85     59.53    296.60    377.50     59.17     27.80     26.20     27.40               17.05          
      31                7.71               34.75    332.50               58.07               27.00     27.40               17.05          

Total       466.25    639.11  1,816.15  2,114.07 28,942.03 12,026.40  3,486.03    978.52    636.30    993.67    789.37    671.20 53,559.10 CMSDAY   
Mean         15.54     20.62     60.54     68.20    933.61    400.88    112.45     32.62     20.53     32.05     28.19     21.65    146.74 CMS      
Max          78.92     51.30    270.00    189.70  3,090.50  1,150.30    265.00     73.00     30.20     35.25     39.50     31.00  3,090.50 CMS      
Min          11.30      7.71     11.00     15.00     60.63    184.20     53.60     15.00     11.00     27.40     25.24     17.05      7.71 CMS      
Runoff       40.28     55.22    156.92    182.66  2,500.59  1,039.08    301.19     84.54     54.98     85.85     68.20     57.99  4,627.50 MCM      
Momentary Peak    3288.50 CMS, at 187.35 M (MSL.) at 04:00 hours, on Aug 22, 2020
Runoff Yield      16.86 Liters/Second/Square KM, Momentary Peak Yield 377.75 Liters/Second/Square KM

----------------------------------------------------------------------------------------------------------------------------------------------------

Daily Mean Discharge
Computer Center : Royal Irrigation Department, Thailand, Hydrology Division (08-Sep-2026)
Station : (N.13A) ,Ban Phai Ngam, Wiang Sa, Nan
Stream : -
River : Nan
Basin : Nan
Rating : HC.1/3556/2021

                                                                 Water Year - 2021                                                                  
                                 Discharge, in Cubic Meter per Second, Water Year April 01, 2021 to March 31, 2022                                  

    Date       Apr       May       Jun       Jul       Aug       Sep       Oct       Nov       Dec       Jan       Feb       Mar    Annual
       1      5.90     15.20     26.72    131.80    368.30    166.80    189.25    136.45     36.87     28.65     20.58     20.58          
       2     13.90     36.87     14.00     84.25    340.40    150.80    231.25    120.95     36.87     28.65     20.51     20.58          
       3     13.30     33.01     16.70     68.60    494.00    147.60    227.75    124.05     36.87     28.65     20.51     20.51          
       4     11.50     34.94      9.70     72.80    678.00    162.00    220.75    107.00     15.20     28.65     20.44     20.44          
       5     19.40     17.76     18.50     19.50    542.00    166.80    213.75     88.60     19.04     28.65     20.44     20.37          
       6     51.30     21.60     31.08     23.36    390.85    171.75    173.50     75.60     20.32     28.65     20.44     13.00          
       7     93.05     25.44     29.15     78.45    297.50    191.00    163.60     70.00     20.32     28.65     20.44     13.00          
       8    116.30     26.72     31.08    111.65    238.25    227.75    146.00     65.80     19.04     28.65     20.44     20.37          
       9     51.30     14.90     17.76    149.20    170.00    217.25    120.95     60.40     20.32     28.65     20.58     20.51          
      10     27.22     14.90     27.22    192.75    163.60    352.10    119.40     56.50     20.32     28.65     20.58     20.72          
      11     15.20     14.90     63.00    141.20    150.80    305.30    141.20     52.60     20.32     20.93     20.37     20.51          
      12     20.32     15.80     64.40    114.75    158.80    206.75    184.00     56.50     22.88     20.79     13.00     20.44          
      13     20.32      8.50     67.20     94.60    155.60    180.50    270.40     55.20     22.88     20.79     13.60     13.45          
      14     20.32     18.50    336.50     87.15    147.60    192.75    175.25     53.90     22.88     20.79     13.75     13.75          
      15     36.87     19.40  1,281.00     71.40    162.00    229.50    149.20     55.20     24.16     20.72     13.45     14.05          
      16     24.16     18.50    798.55     79.90    289.70    305.30    136.45     52.60     21.60     20.72     13.45     13.60          
      17     14.00     17.60    340.40    105.45    467.00    278.00    130.25     51.30     19.04     20.72     13.30     20.51          
      18     16.48     19.40    238.25     93.05    317.00    227.75    116.30     19.50     21.60     20.79     13.30     29.95          
      19     51.30      8.50    155.60     77.00    243.80    187.50    103.90     21.43     24.16     29.95     13.00     47.36          
      20     53.90     15.80    111.65     94.60    299.45    173.50     97.70     25.29     24.16     31.90     20.79     40.94          
      21     17.76     19.40     93.05    168.40    241.90    171.75     94.60     29.15     22.88     33.20     31.25     39.87          
      22     24.16     17.60     71.40    226.00    184.00    194.50     99.25     31.08     24.16     42.01     51.50     20.93          
      23     26.72      8.50     61.70    168.40    152.40    259.00    113.20     31.08     22.88     34.50     39.87     20.86          
      24     14.00      8.50     57.80    136.45    138.00    208.50    136.45     31.08     24.16     31.25     21.00     20.86          
      25     14.90      9.10     21.43    268.50    247.60    187.50    110.10     29.15     24.16     20.93     20.86     31.25          
      26     14.00     15.80     27.22    313.10    219.00    171.75     91.50     31.08     25.44     20.86     20.79     31.90          
      27     14.00     24.16     27.22    685.65    185.75    334.55     87.15     29.15     25.44     20.79     20.79     20.86          
      28     14.00     24.16     21.43    516.50    157.20    346.25     81.35     33.01     25.44     20.79     20.72     20.72          
      29     12.20     21.60     59.10    342.35    134.90    297.50     79.90     33.01     25.44     20.79               20.93          
      30     27.22     19.04    122.50    301.40    125.60    227.75     93.05     34.94     24.16     20.72               93.65          
      31               21.60              625.50    119.40              116.30               24.16     20.58               91.40          

Total       855.00    587.70  4,241.31  5,643.71  7,980.40  6,639.75  4,413.70  1,661.60    737.17    801.02    579.75    837.87 34,978.98 CMSDAY   
Mean         28.50     18.96    141.38    182.06    257.43    221.33    142.38     55.39     23.78     25.84     20.71     27.03     95.83 CMS      
Max         116.30     36.87  1,281.00    685.65    678.00    352.10    270.40    136.45     36.87     42.01     51.50     93.65  1,281.00 CMS      
Min           5.90      8.50      9.70     19.50    119.40    147.60     79.90     19.50     15.20     20.58     13.00     13.00      5.90 CMS      
Runoff       73.87     50.78    366.45    487.62    689.51    573.67    381.34    143.56     63.69     69.21     50.09     72.39  3,022.18 MCM      
Momentary Peak    1430.00 CMS, at 183.50 M (MSL.) at 06:00 hours, on Jun 15, 2021
Runoff Yield      11.01 Liters/Second/Square KM, Momentary Peak Yield 164.26 Liters/Second/Square KM

----------------------------------------------------------------------------------------------------------------------------------------------------

Daily Mean Discharge
Computer Center : Royal Irrigation Department, Thailand, Hydrology Division (08-Sep-2026)
Station : (N.13A) ,Ban Phai Ngam, Wiang Sa, Nan
Stream : -
River : Nan
Basin : Nan
Rating : HC.1/3686

                                                                 Water Year - 2022                                                                  
                                 Discharge, in Cubic Meter per Second, Water Year April 01, 2022 to March 31, 2023                                  

    Date       Apr       May       Jun       Jul       Aug       Sep       Oct       Nov       Dec       Jan       Feb       Mar    Annual
       1     63.50     20.72    178.53    182.80    245.80    290.75    346.85    100.10     64.80     40.75     19.80      9.64          
       2     46.29     29.30    130.92    561.28    197.73    300.95    730.00     95.80     68.40     33.00     19.50      9.64          
       3     40.94     40.94     86.00    382.55    189.20    280.60    948.85     89.60     57.50     34.50     19.80     10.12          
       4     33.20     40.94     64.80    547.33    195.60    246.80    758.50     91.50     57.50     32.25     19.50      9.64          
       5     21.00     29.95     59.00    359.60    236.13    248.70    612.50     87.80     56.00     33.75     19.80      9.64          
       6     20.79     20.86     48.43    216.93    189.20    434.40    477.20     89.60     53.00     33.00     19.80      9.64          
       7     20.79     20.86     45.22    240.00    246.80    407.20    431.00     80.60     51.50     30.00     19.80      9.64          
       8     20.65     34.50     42.01    624.00    364.70    391.40    397.30     81.00     49.50     30.75     19.20      9.64          
       9     20.65     48.43     42.01    318.80    775.50    357.05    361.90     75.60     49.50     30.75     18.90      9.16          
      10     20.58     30.60     39.87    223.33    530.00    370.75    444.65     75.60     48.43     30.75     18.60      8.68          
      11     20.58     63.50     32.55    221.20    477.20    533.00    507.47     73.80     47.36     30.00     18.30      9.64          
      12     20.44     72.00     33.85    246.80    919.13    592.55    409.10     73.80     49.50     30.00     12.52      9.64          
      13     20.58     93.65     32.55    245.80  1,973.00    693.00    344.30     73.80     49.50     30.00     12.52     11.08          
      14     13.30     91.40     31.90    364.70  1,888.00    624.00    290.75     66.60     46.29     32.25     12.52     11.56          
      15     13.60     79.20     31.90    592.55  1,210.50    477.20    263.20     66.60     45.22     30.00     11.56      9.16          
      16     13.75     75.60    138.43    550.40  1,019.50    424.20    244.67     64.80     44.15     30.00     12.04      9.64          
      17     13.90    104.40    236.13    382.55    736.50    516.67    219.07     72.00     43.08     29.25     12.04      9.64          
      18     13.45    152.00    127.17    280.60    597.17    400.40    202.00     84.20     40.94     28.50     11.56      9.16          
      19     13.00     84.20    104.40    236.13    481.85    417.40    176.40     81.00     39.87     29.25     11.08     10.12          
      20     20.79     60.50     75.60    500.45    376.65    364.70    160.00     75.60     39.87     27.75     12.04      9.64          
      21     20.86     57.50     75.60    391.40    528.93    458.60    152.00     72.00     39.87     27.75     12.04      9.16          
      22     31.90    112.15     64.80    528.35  1,027.53    397.30    148.00     68.40     33.85     20.40     11.56      9.16          
      23     44.15    388.45     56.00    578.65  1,066.60    361.90    170.00     68.40     33.85     20.70     11.08      8.68          
      24     39.87    240.00     56.00    723.67    612.50    434.40    162.00     65.00     31.90     20.40     11.56     11.00          
      25     29.30    136.55     80.60    513.60    601.00    495.80    144.00     62.00     31.25     20.40     11.08     11.00          
      26     20.79     93.20     66.60    369.80    547.33    394.35    134.68     65.00     31.25     20.40     11.08     10.16          
      27     20.72     73.80     60.50    280.60    525.87    528.93    125.29     68.40     33.20     20.40     10.12      9.74          
      28     20.86     63.50     66.60    248.93    538.13    420.80    121.54     81.00     33.85     20.10      9.64      9.32          
      29     20.86     70.20     65.00    210.53    391.40    354.50    127.17     84.20     34.50     19.80                8.48          
      30     20.72     49.50     57.50    202.00    357.05    313.70    114.03     72.00     39.87     19.80                8.06          
      31               73.80              229.73    298.40              102.25               43.08     20.10                8.06          

Total       741.81  2,552.20  2,230.47 11,555.06 19,344.90 12,532.00  9,826.67  2,305.80  1,388.38    856.75    409.04    297.54 64,040.62 CMSDAY   
Mean         24.73     82.33     74.35    372.74    624.03    417.73    316.99     76.86     44.79     27.64     14.61      9.60    175.45 CMS      
Max          63.50    388.45    236.13    723.67  1,973.00    693.00    948.85    100.10     68.40     40.75     19.80     11.56  1,973.00 CMS      
Min          13.00     20.72     31.90    182.80    189.20    246.80    102.25     62.00     31.25     19.80      9.64      8.06      8.06 CMS      
Runoff       64.09    220.51    192.71    998.36  1,671.40  1,082.76    849.02    199.22    119.96     74.02     35.34     25.71  5,533.10 MCM      
Momentary Peak    2135.50 CMS, at 185.15 M (MSL.) at 11:00 hours, on Aug 13, 2022
Runoff Yield      20.15 Liters/Second/Square KM, Momentary Peak Yield 245.30 Liters/Second/Square KM

----------------------------------------------------------------------------------------------------------------------------------------------------

Daily Mean Discharge
Computer Center : Royal Irrigation Department, Thailand, Hydrology Division (08-Sep-2026)
Station : (N.13A) ,Ban Phai Ngam, Wiang Sa, Nan
Stream : -
River : Nan
Basin : Nan
Rating : HC.1/3814

                                                                 Water Year - 2023                                                                  
                                 Discharge, in Cubic Meter per Second, Water Year April 01, 2023 to March 31, 2024                                  

    Date       Apr       May       Jun       Jul       Aug       Sep       Oct       Nov       Dec       Jan       Feb       Mar    Annual
       1      9.74      9.32     18.60    333.42    391.38    262.76    441.29    253.40     59.90     37.80     24.40     20.40          
       2      8.48      9.74     10.60    211.28    267.44    219.08    362.40    208.16     51.40     34.20     25.20     21.20          
       3      8.06     10.60     11.08    191.00    247.16    189.44    317.32    178.52     49.70     34.20     23.60     21.20          
       4      8.06     12.52     10.60    142.64    346.30    187.88    261.20    159.80     54.80     34.20     22.80     22.00          
       5      8.06     18.30     13.00    111.20    444.51    223.76    236.24    153.56     54.80     33.40     22.00     22.80          
       6      8.06     11.08     20.40     93.20  1,128.69    245.60    217.52    144.20     56.50     33.40     21.20     16.60          
       7      7.64      9.16     51.40     63.90  1,128.38    364.01    236.24    131.72     51.40     35.00     20.40     13.10          
       8      8.06     10.16     77.20     65.00  1,771.08    336.64    362.40    131.72     53.10     33.40     21.20     12.40          
       9      8.06     11.00     54.80     61.60  2,060.92    314.10    568.36    122.36     51.40     31.80     20.40     10.58          
      10      8.48     13.00     40.75     73.40  1,817.88    407.48    590.12    116.12     53.10     32.60     19.60     11.70          
      11      8.48     20.10     39.50     77.20  1,392.26    607.80    343.08    104.00     54.80     32.60     18.80     11.00          
      12      8.48     18.60     33.75     69.60    835.54    594.20    251.84    100.40     53.10     31.80     18.80     10.58          
      13      8.90     19.20     20.40     61.60    573.80    601.00    237.80    107.60     53.10     31.00     19.60     11.00          
      14      8.48     40.75     18.60     61.60    426.80    618.68    223.76    102.20     51.40     31.00     18.00     11.70          
      15      8.90     39.50     19.20     63.30    417.14    829.06    261.20    105.80     49.50     33.40     18.00     11.00          
      16      8.48     49.70     19.20     82.40    383.33    884.14    357.57    100.40     48.25     33.40     18.00     11.00          
      17      7.64     56.50     19.80    256.52    449.34  1,103.58    259.64     98.60     49.50     31.80     18.00     11.70          
      18      7.64     40.75     28.50    208.16    373.67    851.74    211.28     95.00     47.00     30.20     18.00     11.00          
      19      8.06     19.50     80.60    133.28    330.20    822.58    186.32     86.00     42.00     28.60     18.00     11.70          
      20      8.48     11.08     65.00    122.36    259.64    831.49    170.72     84.20     43.25     28.60     18.80     11.70          
      21      7.64      9.16     44.50    128.60    239.36    633.64    184.76     80.60     43.25     27.80     18.00     11.70          
      22      8.06      9.16     42.00    145.76    222.20    577.88    261.20     81.00     42.00     28.60     18.80     11.70          
      23      8.90     10.12     30.75    114.56    262.76    431.63    201.92     69.60     40.75     26.00     19.60     11.70          
      24      8.90     10.60     18.90     89.60    228.44    378.50    172.28     73.40     38.25     27.80     18.80     11.00          
      25      9.32     10.12     19.80    130.16    220.64    339.86    148.88     71.50     33.75     24.40     19.60     11.00          
      26     10.58     11.56     33.75    158.24    251.84    322.15    153.56     69.60     39.50     22.80     19.60     11.00          
      27      8.48     54.80    128.60    141.08    228.44    264.32    148.88     69.60     38.25     24.40     19.60     11.00          
      28      8.90     20.70    225.32    102.20    205.04    250.28    211.28     81.00     34.50     24.40     20.40     11.00          
      29      9.32     18.90    211.28    161.36    173.84    317.32    247.16     65.80     39.50     32.60     20.40     11.00          
      30      9.32     18.60    134.84    622.76    180.08    386.55    242.48     58.20     38.25     26.00               11.00          
      31               18.90              664.92    306.05              254.96               38.25     24.40               11.00          

Total       255.66    623.18  1,542.72  4,941.90 17,564.15 14,397.15  8,323.66  3,304.06  1,454.25    941.60    579.60    407.46 54,335.39 CMSDAY   
Mean          8.52     20.10     51.42    159.42    566.59    479.91    268.51    110.14     46.91     30.37     19.99     13.14    148.46 CMS      
Max          10.58     56.50    225.32    664.92  2,060.92  1,103.58    590.12    253.40     59.90     37.80     25.20     22.80  2,060.92 CMS      
Min           7.64      9.16     10.60     61.60    173.84    187.88    148.88     58.20     33.75     22.80     18.00     10.58      7.64 CMS      
Runoff       22.09     53.84    133.29    426.98  1,517.54  1,243.91    719.16    285.47    125.65     81.35     50.08     35.20  4,694.56 MCM      
Momentary Peak    1706.60 CMS, at 185.26 M (MSL.) at 18:00 hours, on Aug 09, 2023
Runoff Yield      17.05 Liters/Second/Square KM, Momentary Peak Yield 196.04 Liters/Second/Square KM

----------------------------------------------------------------------------------------------------------------------------------------------------

Daily Mean Discharge
Computer Center : Royal Irrigation Department, Thailand, Hydrology Division (08-Sep-2026)
Station : (N.13A) ,Ban Phai Ngam, Wiang Sa, Nan
Stream : -
River : Nan
Basin : Nan
Rating : -

                                                                 Water Year - 2024                                                                  
                                 Discharge, in Cubic Meter per Second, Water Year April 01, 2024 to March 31, 2025                                  

    Date       Apr       May       Jun       Jul       Aug       Sep       Oct       Nov       Dec       Jan       Feb       Mar    Annual
       1     11.00      8.90     38.60    316.60  1,039.60    962.97    657.00    126.20     65.50     40.25     27.80     24.05          
       2     11.00      8.90    565.60    355.76  1,553.40    868.70    956.59    127.88     64.80     41.20     28.60     22.75          
       3     10.58      8.90    247.16    215.24  1,747.80    716.52    796.88    124.52     63.40     39.30     28.60     21.45          
       4      9.74      9.32    119.48    168.20  1,687.80    614.48    653.00    111.08     64.10     39.30     25.35     20.15          
       5      9.74     11.70     92.41    136.28  1,517.40    606.96    559.96    112.76     63.40     39.30     24.70     20.15          
       6      9.32     11.70     82.60    196.76  1,253.92    664.00    497.92    119.48     63.40     39.30     24.05     18.00          
       7     10.16     11.00     78.40    185.00  1,232.72    552.44    416.28    122.84     64.80     38.35     24.05     18.00          
       8      9.74     13.80     63.40    144.68    958.71    455.44    380.68    111.08     65.50     38.35     24.05     16.90          
       9      9.32     13.80     41.00    129.56    696.92    482.88    339.74    104.36     64.80     38.35     24.05     15.25          
      10      9.32     13.80    181.64    227.00    552.44    552.44    313.04    102.68     56.00     38.35     24.05     15.25          
      11      9.32     22.00    387.80    247.16    439.42    868.70    304.14    104.36     56.00     38.35     24.05     15.25          
      12     11.00     52.00    242.12    208.52    556.20    922.53    293.46     97.45     56.00     37.40     23.40     15.25          
      13     10.16     53.60    183.32    235.40  1,082.17    870.15    262.28     92.41     63.40     36.45     23.40     15.25          
      14     10.16     31.80    121.16    196.76  1,107.71    939.56    248.84     92.41     62.70     36.45     23.40     15.80          
      15     10.58     22.80     87.36    153.08    918.27  1,024.70    250.52     92.41     54.40     35.00     23.40     15.80          
      16     10.58     16.60     77.70    173.24    663.00    763.56    302.36     85.68     65.50     35.00     23.40     15.80          
      17     10.58     16.60     67.60    233.72    742.00    623.88    288.12     84.00     64.10     34.20     22.75     15.25          
      18     10.58     16.60     78.40    426.96  1,075.79    541.16    284.56     83.30     64.10     31.00     22.10     13.60          
      19     10.58     17.30     80.50    745.92  1,058.76    578.76    238.76     95.77     64.10     31.00     20.80     13.60          
      20     10.16     18.00     66.20    622.00  1,056.63    524.24    237.08     90.73     56.00     30.20     20.80     13.60          
      21     10.58     55.20     53.60    726.32  1,457.36    455.44    227.00     85.68     55.20     32.60     22.10     13.60          
      22     10.58     64.10     50.40    591.92  1,986.30    421.62    218.60     81.90     53.60     30.20     23.40     14.15          
      23      9.74     64.80     65.50    667.00  2,221.20    732.20    215.24     81.90     52.80     30.20     24.05     14.70          
      24     10.16     79.80    132.92    446.54  2,183.40  1,527.00    196.76     81.20     52.80     30.20     24.05     14.70          
      25      9.74    102.68    124.52    416.28  1,776.60  1,618.20    183.32     78.40     49.60     31.00     24.05     14.15          
      26     10.16    137.96    350.42    380.68  1,306.92  1,258.16    171.56     69.00     48.80     30.20     24.70     14.15          
      27      9.74    114.44    490.40    353.98  1,003.41    877.40    159.80     67.60     48.80     29.40     24.70     14.15          
      28     10.16     79.10    516.72    327.28  1,432.96    708.68    151.40     66.20     45.00     29.40     24.05     13.60          
      29     10.16     62.70    302.36    314.82  1,524.60    597.56    144.68     66.90     42.60     28.60               13.60          
      30      9.74     44.20    313.04    396.70  1,099.20    599.44    137.96     66.90     42.60     27.80               13.05          
      31               40.20              573.12    862.90              134.60               41.00     27.80               13.05          

Total       304.38  1,224.30  5,302.33 10,512.48 37,795.51 22,929.77 10,222.13  2,827.08  1,774.80  1,064.50    673.90    494.05 95,125.23 CMSDAY   
Mean         10.15     39.49    176.74    339.11  1,219.21    764.33    329.75     94.24     57.25     34.34     24.07     15.94    260.62 CMS      
Max          11.00    137.96    565.60    745.92  2,221.20  1,618.20    956.59    127.88     65.50     41.20     28.60     24.05  2,221.20 CMS      
Min           9.32      8.90     38.60    129.56    439.42    421.62    134.60     66.20     41.00     27.80     20.80     13.05      8.90 CMS      
Runoff       26.30    105.78    458.12    908.28  3,265.53  1,981.13    883.19    244.26    153.34     91.97     58.22     42.69  8,218.81 MCM      
Momentary Peak    2281.40 CMS, at 187.28 M (MSL.) at 22:00 hours, on Aug 23, 2024
Runoff Yield      29.94 Liters/Second/Square KM, Momentary Peak Yield 262.06 Liters/Second/Square KM

----------------------------------------------------------------------------------------------------------------------------------------------------

Daily Mean Discharge
Computer Center : Royal Irrigation Department, Thailand, Hydrology Division (08-Sep-2026)
Station : (N.13A) ,Ban Phai Ngam, Wiang Sa, Nan
Stream : -
River : Nan
Basin : Nan
Rating : HC.1/4070

                                                                 Water Year - 2025                                                                  
                                 Discharge, in Cubic Meter per Second, Water Year April 01, 2025 to March 31, 2026                                  

    Date       Apr       May       Jun       Jul       Aug       Sep       Oct       Nov       Dec       Jan       Feb       Mar    Annual
       1     11.00     20.15     70.80    338.44  1,328.90    621.80  1,020.65    177.40    101.70     55.00     35.50     28.70          
       2     11.00     22.10     64.20    281.00  1,083.85    509.60    840.33    172.47     89.60     55.00     35.50     26.25          
       3     10.60     27.80     63.00    343.72    880.60    587.80    639.20    160.13     86.40     56.00     34.65     26.25          
       4      9.80     24.05     53.80    716.83    808.17    458.60    694.50    137.93     88.00     56.00     34.65     26.25          
       5      9.80     22.75     64.20    591.20    683.52    470.44    920.88    127.40     86.40     51.00     32.10     24.00          
       6      9.40     22.10     61.80    401.80    621.80    404.44    561.57    127.40     85.60     51.00     34.65     24.75          
       7     10.20     24.05     60.60    330.52    611.60    425.56    543.60    127.40     84.80     51.00     31.25     24.00          
       8      9.80     20.80     65.40    341.08    496.00    404.20    475.60    128.20     86.40     50.00     31.25     24.75          
       9      9.40     24.05     70.80    261.88    411.00    407.08    431.40    165.07     87.20     47.00     31.25     23.25          
      10      9.40     25.35     66.60    407.08    481.00    475.72    459.88    239.15     85.60     45.00     29.55     20.25          
      11      9.40     22.10     73.80  1,019.33    390.60    465.40    425.56    181.18     75.00     44.05     29.55     20.25          
      12     11.00     25.35    130.60  1,215.53    560.60    404.20    367.48    160.13     74.40     44.05     29.55     21.75          
      13     10.20     31.80    172.47    778.50    400.80    401.80    351.64    135.47    102.75     44.05     29.55     21.75          
      14     10.20     32.60    129.80    632.96    428.00    457.24    425.56    129.00     91.20     44.05     29.55     28.70          
      15     10.60     24.70    120.20    550.40    621.80    451.96    454.60    126.60     84.80     46.00     29.55     27.85          
      16     10.60     40.25    103.80    792.50    584.40    409.72    383.80    121.80     88.00     45.00     29.55     27.85          
      17     10.60     66.60     90.40  1,147.05    506.20    370.12    412.36    117.80     88.00     45.00     29.55     26.25          
      18     10.60     69.60     75.00  1,577.01    489.20    341.08    322.60    118.60     74.40     44.05     27.85     25.50          
      19     10.60     91.20     72.60  1,445.87    438.76    385.96    290.92    128.20     71.40     43.10     26.25     25.50          
      20     10.20     88.00     73.20    835.85    354.28    433.48    288.28    129.00     71.40     43.10     26.25     25.50          
      21     10.60    123.40     87.20    785.33    309.40    385.96    256.60    125.80     70.80     41.20     26.25     24.75          
      22     10.60    150.27     89.60    778.50    290.92    438.76    253.10    118.60     70.80     39.30     27.00     24.00          
      23      9.80    160.13    137.93  1,654.99    351.64    689.84    215.90    106.95     69.00     41.20     24.75     21.75          
      24     10.20    124.20    253.96  2,806.10    399.16    789.90    205.38    106.60     65.40     39.30     24.75     20.25          
      25      9.80    122.60    187.23  2,950.40    399.16  1,001.43    193.28    104.50     64.20     40.25     24.75     19.50          
      26     10.20    120.20    127.40  2,452.00    404.44    831.38    205.38    103.45     61.80     41.20     28.70     18.80          
      27      9.80    106.25    107.65  1,809.17  1,204.60    753.37    190.25    103.10     60.60     41.20     29.55     17.40          
      28     10.20     90.40    753.37  2,207.80  1,555.74    602.67    172.10    102.05     59.40     41.20     29.55     16.70          
      29     10.20     87.20    810.00  2,308.30  1,162.53    540.20    179.87    102.40     59.40     36.45               15.30          
      30      9.80     73.20    543.60  2,188.00    708.50    575.27    167.53    101.00     58.20     35.50               15.30          
      31               74.40            1,865.57    666.60              165.07               58.20     35.50               15.30          

Total       305.60  1,957.65  4,781.01 35,814.71 19,633.77 15,494.98 12,514.87  3,984.78  2,400.85  1,391.75    832.85    708.40 99,821.22 CMSDAY   
Mean         10.19     63.15    159.37  1,155.31    633.35    516.50    403.71    132.83     77.45     44.90     29.74     22.85    273.48 CMS      
Max          11.00    160.13    810.00  2,950.40  1,555.74  1,001.43  1,020.65    239.15    102.75     56.00     35.50     28.70  2,950.40 CMS      
Min           9.40     20.15     53.80    261.88    290.92    341.08    165.07    101.00     58.20     35.50     24.75     15.30      9.40 CMS      
Runoff       26.40    169.14    413.08  3,094.39  1,696.36  1,338.77  1,081.28    344.28    207.43    120.25     71.96     61.21  8,624.55 MCM      
Momentary Peak    3005.90 CMS, at 189.57 M (MSL.) at 05:00 hours, on Jul 25, 2025
Runoff Yield      31.41 Liters/Second/Square KM, Momentary Peak Yield 345.29 Liters/Second/Square KM

----------------------------------------------------------------------------------------------------------------------------------------------------

