date,capacity,usable,level,storage,pct,inflow,release
1977-01-01,9510,4875.0,0.0,7725.0,81.23,0.0,0.0
1977-01-02,9510,4870.4,0.0,7720.4,81.18,5.89,0.0
1977-01-03,9510,4865.8,0.0,7715.8,81.13,7.75,0.0
1977-01-04,9510,4861.2,0.0,7711.2,81.09,17.45,0.0
1977-01-05,9510,4856.6,0.0,7706.6,81.04,16.81,0.0
1977-01-06,9510,4851.99,0.0,7701.99,80.99,11.9,0.0
1977-01-07,9510,4847.39,0.0,7697.39,80.94,10.2,0.0
1977-01-08,9510,4840.5,0.0,7690.5,80.87,8.19,0.0
1977-01-09,9510,4831.3,0.0,7681.3,80.77,2.62,0.0
1977-01-10,9510,4822.09,0.0,7672.09,80.67,7.82,0.0
1977-01-11,9510,4812.9,0.0,7662.9,80.58,9.22,0.0
1977-01-12,9510,4799.1,0.0,7649.1,80.43,5.93,0.0
1977-01-13,9510,4782.99,0.0,7632.99,80.26,4.27,0.0
1977-01-14,9510,4773.8,0.0,7623.8,80.17,15.59,0.0
1977-01-15,9510,4748.5,0.0,7598.5,79.9,0.0,0.0
1977-01-16,9510,4741.6,0.0,7591.6,79.83,3.01,0.0
1977-01-17,9510,4730.1,0.0,7580.1,79.71,6.47,0.0
1977-01-18,9510,4713.99,0.0,7563.99,79.54,5.63,0.0
1977-01-19,9510,4700.2,0.0,7550.2,79.39,5.37,0.0
1977-01-20,9510,4693.3,0.0,7543.3,79.32,5.08,0.0
1977-01-21,9510,4677.2,0.0,7527.2,79.15,2.14,0.0
1977-01-22,9510,4661.1,0.0,7511.1,78.98,7.23,0.0
1977-01-23,9510,4651.9,0.0,7501.9,78.88,4.23,0.0
1977-01-24,9510,4631.2,0.0,7481.2,78.67,0.86,0.0
1977-01-25,9510,4619.69,0.0,7469.69,78.55,9.42,0.0
1977-01-26,9510,4601.3,0.0,7451.3,78.35,3.11,0.0
1977-01-27,9510,4585.2,0.0,7435.2,78.18,7.6,0.0
1977-01-28,9510,4564.5,0.0,7414.5,77.97,3.19,0.0
1977-01-29,9510,4550.7,0.0,7400.7,77.82,5.2,0.0
1977-01-30,9510,4541.5,0.0,7391.5,77.72,4.41,0.0
1977-01-31,9510,4523.09,0.0,7373.09,77.53,5.76,0.0
1977-02-01,9510,4497.79,0.0,7347.79,77.26,0.0,0.0
1977-02-02,9510,4483.99,0.0,7333.99,77.12,10.48,0.0
1977-02-03,9510,4467.9,0.0,7317.9,76.95,8.08,0.0
1977-02-04,9510,4447.2,0.0,7297.2,76.73,0.93,0.0
1977-02-05,9510,4417.3,0.0,7267.3,76.42,3.0,0.0
1977-02-06,9510,4394.3,0.0,7244.3,76.18,0.03,0.0
1977-02-07,9510,4373.6,0.0,7223.6,75.96,6.74,0.0
1977-02-08,9510,4350.6,0.0,7200.6,75.72,2.39,0.0
1977-02-09,9510,4332.2,0.0,7182.2,75.52,4.46,0.0
1977-02-10,9510,4313.8,0.0,7163.8,75.33,0.78,0.0
1977-02-11,9510,4297.5,0.0,7147.5,75.16,4.56,0.0
1977-02-12,9510,4277.5,0.0,7127.5,74.95,4.47,0.0
1977-02-13,9510,4264.99,0.0,7114.99,74.82,1.81,0.0
1977-02-14,9510,4247.5,0.0,7097.5,74.63,5.1,0.0
1977-02-15,9510,4229.99,0.0,7079.99,74.45,1.88,0.0
1977-02-16,9510,4214.99,0.0,7064.99,74.29,2.96,0.0
1977-02-17,9510,4202.5,0.0,7052.5,74.16,0.0,0.0
1977-02-18,9510,4194.99,0.0,7044.99,74.08,3.76,0.0
1977-02-19,9510,4187.5,0.0,7037.5,74.0,2.77,0.0
1977-02-20,9510,4179.99,0.0,7029.99,73.92,3.53,0.0
1977-02-21,9510,4159.99,0.0,7009.99,73.71,2.44,0.0
1977-02-22,9510,4149.99,0.0,6999.99,73.61,2.25,0.0
1977-02-23,9510,4139.99,0.0,6989.99,73.5,3.28,0.0
1977-02-24,9510,4117.5,0.0,6967.5,73.26,0.36,0.0
1977-02-25,9510,4092.5,0.0,6942.5,73.0,0.82,0.0
1977-02-26,9510,4062.5,0.0,6912.5,72.69,0.34,0.0
1977-02-27,9510,4044.99,0.0,6894.99,72.5,0.0,0.0
1977-02-28,9510,4046.99,0.0,6896.99,72.52,0.0,0.0
1977-03-01,9510,3999.99,0.0,6849.99,72.03,0.0,0.0
1977-03-02,9510,3982.5,0.0,6832.5,71.85,2.19,0.0
1977-03-03,9510,3959.97,0.0,6809.97,71.61,5.56,0.0
1977-03-04,9510,3942.5,0.0,6792.5,71.42,0.0,0.0
1977-03-05,9510,3917.5,0.0,6767.5,71.16,2.71,0.0
1977-03-06,9510,3897.5,0.0,6747.5,70.95,0.0,0.0
1977-03-07,9510,3872.5,0.0,6722.5,70.69,2.03,0.0
1977-03-08,9510,3852.5,0.0,6702.5,70.48,0.0,0.0
1977-03-09,9510,3829.99,0.0,6679.99,70.24,3.36,0.0
1977-03-10,9510,3809.99,0.0,6659.99,70.03,0.0,0.0
1977-03-11,9510,3791.8,0.0,6641.8,69.84,2.33,0.0
1977-03-12,9510,3771.3,0.0,6621.3,69.62,5.5,0.0
1977-03-13,9510,3758.99,0.0,6608.99,69.5,3.75,0.0
1977-03-14,9510,3738.5,0.0,6588.5,69.28,8.67,0.0
1977-03-15,9510,3717.99,0.0,6567.99,69.06,5.66,0.0
1977-03-16,9510,3703.65,0.0,6553.65,68.91,7.15,0.0
1977-03-17,9510,3685.2,0.0,6535.2,68.72,11.47,0.0
1977-03-18,9510,3666.75,0.0,6516.75,68.53,2.59,0.0
1977-03-19,9510,3646.25,0.0,6496.25,68.31,1.94,0.0
1977-03-20,9510,3631.9,0.0,6481.9,68.16,4.92,0.0
1977-03-21,9510,3617.55,0.0,6467.55,68.01,5.63,0.0
1977-03-22,9510,3597.05,0.0,6447.05,67.79,8.59,0.0
1977-03-23,9510,3578.13,0.0,6428.13,67.59,2.77,0.0
1977-03-24,9510,3553.99,0.0,6403.99,67.34,8.2,0.0
1977-03-25,9510,3529.4,0.0,6379.4,67.08,8.76,0.0
1977-03-26,9510,3506.85,0.0,6356.85,66.84,8.11,0.0
1977-03-27,9510,3496.6,0.0,6346.6,66.74,4.62,0.0
1977-03-28,9510,3465.85,0.0,6315.85,66.41,5.83,0.0
1977-03-29,9510,3443.3,0.0,6293.3,66.18,3.0,0.0
1977-03-30,9510,3418.7,0.0,6268.7,65.92,4.8,0.0
1977-03-31,9510,3402.3,0.0,6252.3,65.74,2.82,0.0
1977-04-01,9510,3394.1,0.0,6244.1,65.66,0.0,0.0
1977-04-02,9510,3381.2,0.0,6231.2,65.52,5.47,0.0
1977-04-03,9510,3372.4,0.0,6222.4,65.43,0.71,0.0
1977-04-04,9510,3370.2,0.0,6220.2,65.41,2.73,0.0
1977-04-05,9510,3356.99,0.0,6206.99,65.27,8.6,0.0
1977-04-06,9510,3350.39,0.0,6200.39,65.2,1.43,0.0
1977-04-07,9510,3337.2,0.0,6187.2,65.06,5.64,0.0
1977-04-08,9510,3323.99,0.0,6173.99,64.92,5.26,0.0
1977-04-09,9510,3304.2,0.0,6154.2,64.71,7.96,0.0
1977-04-10,9510,3282.2,0.0,6132.2,64.48,5.15,0.0
1977-04-11,9510,3262.4,0.0,6112.4,64.27,0.0,0.0
1977-04-12,9510,3242.59,0.0,6092.59,64.07,4.64,0.0
1977-04-13,9510,3229.4,0.0,6079.4,63.93,7.11,0.0
1977-04-14,9510,3211.8,0.0,6061.8,63.74,0.4,0.0
1977-04-15,9510,3185.4,0.0,6035.4,63.46,6.7,0.0
1977-04-16,9510,3161.2,0.0,6011.2,63.21,2.06,0.0
1977-04-17,9510,3150.2,0.0,6000.2,63.09,4.33,0.0
1977-04-18,9510,3117.2,0.0,5967.2,62.75,7.89,0.0
1977-04-19,9510,3092.99,0.0,5942.99,62.49,0.5,0.0
1977-04-20,9510,3066.13,0.0,5916.13,62.21,7.67,0.0
1977-04-21,9510,3037.99,0.0,5887.99,61.91,3.46,0.0
1977-04-22,9510,3007.2,0.0,5857.2,61.59,6.11,0.0
1977-04-23,9510,2985.2,0.0,5835.2,61.36,4.11,0.0
1977-04-24,9510,2974.2,0.0,5824.2,61.24,5.07,0.0
1977-04-25,9510,2943.62,0.0,5793.62,60.92,3.94,0.0
1977-04-26,9510,2911.75,0.0,5761.75,60.59,2.41,0.0
1977-04-27,9510,2877.75,0.0,5727.75,60.23,2.1,0.0
1977-04-28,9510,2839.5,0.0,5689.5,59.83,1.33,0.0
1977-04-29,9510,2803.37,0.0,5653.37,59.45,0.0,0.0
1977-04-30,9510,2769.37,0.0,5619.37,59.09,1.08,0.0
1977-05-01,9510,2756.62,0.0,5606.62,58.95,3.98,0.0
1977-05-02,9510,2745.99,0.0,5595.99,58.84,0.2,0.0
1977-05-03,9510,2720.5,0.0,5570.5,58.58,0.43,0.0
1977-05-04,9510,2690.75,0.0,5540.75,58.26,6.9,0.0
1977-05-05,9510,2673.75,0.0,5523.75,58.08,2.21,0.0
1977-05-06,9510,2650.37,0.0,5500.37,57.84,7.22,0.0
1977-05-07,9510,2633.37,0.0,5483.37,57.66,1.61,0.0
1977-05-08,9510,2624.87,0.0,5474.87,57.57,2.07,0.0
1977-05-09,9510,2616.37,0.0,5466.37,57.48,3.21,0.0
1977-05-10,9510,2595.12,0.0,5445.12,57.26,12.61,0.0
1977-05-11,9510,2569.62,0.0,5419.62,56.99,14.38,0.0
1977-05-12,9510,2548.37,0.0,5398.37,56.77,10.79,0.0
1977-05-13,9510,2529.25,0.0,5379.25,56.56,13.59,0.0
1977-05-14,9510,2509.99,0.0,5359.99,56.36,12.73,0.0
1977-05-15,9510,2502.5,0.0,5352.5,56.28,8.34,0.0
1977-05-16,9510,2479.99,0.0,5329.99,56.05,5.49,0.0
1977-05-17,9510,2461.25,0.0,5311.25,55.85,3.26,0.0
1977-05-18,9510,2436.87,0.0,5286.87,55.59,9.73,0.0
1977-05-19,9510,2412.5,0.0,5262.5,55.34,6.21,0.0
1977-05-20,9510,2389.99,0.0,5239.99,55.1,5.85,0.0
1977-05-21,9510,2367.5,0.0,5217.5,54.86,8.03,0.0
1977-05-22,9510,2352.5,0.0,5202.5,54.71,4.64,0.0
1977-05-23,9510,2337.5,0.0,5187.5,54.55,2.25,0.0
1977-05-24,9510,2324.37,0.0,5174.37,54.41,8.53,0.0
1977-05-25,9510,2303.75,0.0,5153.75,54.19,13.07,0.0
1977-05-26,9510,2284.99,0.0,5134.99,54.0,6.43,0.0
1977-05-27,9510,2264.37,0.0,5114.37,53.78,9.53,0.0
1977-05-28,9510,2247.5,0.0,5097.5,53.6,8.45,0.0
1977-05-29,9510,2239.99,0.0,5089.99,53.52,8.56,0.0
1977-05-30,9510,2219.37,0.0,5069.37,53.31,5.33,0.0
1977-05-31,9510,2200.62,0.0,5050.62,53.11,6.81,0.0
1977-06-01,9510,2191.25,0.0,5041.25,53.01,8.25,0.0
1977-06-02,9510,2174.37,0.0,5024.37,52.83,4.38,0.0
1977-06-03,9510,2150.0,0.0,5000.0,52.58,8.65,0.0
1977-06-04,9510,2134.25,0.0,4984.25,52.41,4.08,0.0
1977-06-05,9510,2125.5,0.0,4975.5,52.32,9.5,0.0
1977-06-06,9510,2113.25,0.0,4963.25,52.19,5.2,0.0
1977-06-07,9510,2088.75,0.0,4938.75,51.93,10.33,0.0
1977-06-08,9510,2060.75,0.0,4910.75,51.64,4.93,0.0
1977-06-09,9510,2034.5,0.0,4884.5,51.36,2.99,0.0
1977-06-10,9510,2006.5,0.0,4856.5,51.07,7.19,0.0
1977-06-11,9510,1988.99,0.0,4838.99,50.88,3.93,0.0
1977-06-12,9510,1978.5,0.0,4828.5,50.77,5.36,0.0
1977-06-13,9510,1959.25,0.0,4809.25,50.57,4.7,0.0
1977-06-14,9510,1936.5,0.0,4786.5,50.33,7.34,0.0
1977-06-15,9510,1922.5,0.0,4772.5,50.18,3.23,0.0
1977-06-16,9510,1903.25,0.0,4753.25,49.98,6.87,0.0
1977-06-17,9510,1887.5,0.0,4737.5,49.82,3.98,0.0
1977-06-18,9510,1869.99,0.0,4719.99,49.63,7.35,0.0
1977-06-19,9510,1861.25,0.0,4711.25,49.54,4.55,0.0
1977-06-20,9510,1834.99,0.0,4684.99,49.26,5.86,0.0
1977-06-21,9510,1808.75,0.0,4658.75,48.99,2.76,0.0
1977-06-22,9510,1786.4,0.0,4636.4,48.75,5.57,0.0
1977-06-23,9510,1757.5,0.0,4607.5,48.45,2.95,0.0
1977-06-24,9510,1731.99,0.0,4581.99,48.18,1.93,0.0
1977-06-25,9510,1703.1,0.0,4553.1,47.88,3.11,0.0
1977-06-26,9510,1687.8,0.0,4537.8,47.72,2.83,0.0
1977-06-27,9510,1662.3,0.0,4512.3,47.45,3.37,0.0
1977-06-28,9510,1638.5,0.0,4488.5,47.2,4.49,0.0
1977-06-29,9510,1612.99,0.0,4462.99,46.93,5.85,0.0
1977-06-30,9510,1594.3,0.0,4444.3,46.73,3.18,0.0
1977-07-01,9510,1573.9,0.0,4423.9,46.52,2.16,0.0
1977-07-02,9510,1558.13,0.0,4408.13,46.35,5.37,0.0
1977-07-03,9510,1548.39,0.0,4398.39,46.25,8.79,0.0
1977-07-04,9510,1529.7,0.0,4379.7,46.05,12.0,0.0
1977-07-05,9510,1512.7,0.0,4362.7,45.87,8.16,0.0
1977-07-06,9510,1495.7,0.0,4345.7,45.7,7.44,0.0
1977-07-07,9510,1478.7,0.0,4328.7,45.52,6.4,0.0
1977-07-08,9510,1453.8,0.0,4303.8,45.26,7.23,0.0
1977-07-09,9510,1436.75,0.0,4286.75,45.08,4.76,0.0
1977-07-10,9510,1430.55,0.0,4280.55,45.01,9.91,0.0
1977-07-11,9510,1415.05,0.0,4265.05,44.85,15.25,0.0
1977-07-12,9510,1399.55,0.0,4249.55,44.69,9.42,0.0
1977-07-13,9510,1380.95,0.0,4230.95,44.49,8.11,0.0
1977-07-14,9510,1368.55,0.0,4218.55,44.36,5.42,0.0
1977-07-15,9510,1353.05,0.0,4203.05,44.2,9.07,0.0
1977-07-16,9510,1340.65,0.0,4190.65,44.07,7.37,0.0
1977-07-17,9510,1337.55,0.0,4187.55,44.03,11.13,0.0
1977-07-18,9510,1331.35,0.0,4181.35,43.97,18.08,0.0
1977-07-19,9510,1323.6,0.0,4173.6,43.89,19.38,0.0
1977-07-20,9510,1317.4,0.0,4167.4,43.82,16.5,0.0
1977-07-21,9510,1303.45,0.0,4153.45,43.67,17.32,0.0
1977-07-22,9510,1297.25,0.0,4147.25,43.61,15.19,0.0
1977-07-23,9510,1298.8,0.0,4148.8,43.63,20.74,0.0
1977-07-24,9510,1305.0,0.0,4155.0,43.69,26.27,0.0
1977-07-25,9510,1312.75,0.0,4162.75,43.77,23.24,0.0
1977-07-26,9510,1314.3,0.0,4164.3,43.79,31.68,0.0
1977-07-27,9510,1308.1,0.0,4158.1,43.72,22.62,0.0
1977-07-28,9510,1301.9,0.0,4151.9,43.66,21.21,0.0
1977-07-29,9510,1298.8,0.0,4148.8,43.63,18.97,0.0
1977-07-30,9510,1320.5,0.0,4170.5,43.85,21.98,0.0
1977-07-31,9510,1382.5,0.0,4232.5,44.51,40.67,0.0
1977-08-01,9510,1444.5,0.0,4294.5,45.16,79.99,0.0
1977-08-02,9510,1468.5,0.0,4318.5,45.41,80.87,0.0
1977-08-03,9510,1514.4,0.0,4364.4,45.89,50.5,0.0
1977-08-04,9510,1555.2,0.0,4405.2,46.32,67.28,0.0
1977-08-05,9510,1573.9,0.0,4423.9,46.52,59.73,0.0
1977-08-06,9510,1589.2,0.0,4439.2,46.68,43.46,0.0
1977-08-07,9510,1597.7,0.0,4447.7,46.77,37.84,0.0
1977-08-08,9510,1595.99,0.0,4445.99,46.75,32.83,0.0
1977-08-09,9510,1595.99,0.0,4445.99,46.75,29.55,0.0
1977-08-10,9510,1597.7,0.0,4447.7,46.77,31.08,0.0
1977-08-11,9510,1595.99,0.0,4445.99,46.75,26.02,0.0
1977-08-12,9510,1601.1,0.0,4451.1,46.8,26.48,0.0
1977-08-13,9510,1602.8,0.0,4452.8,46.82,24.02,0.0
1977-08-14,9510,1595.99,0.0,4445.99,46.75,26.47,0.0
1977-08-15,9510,1587.5,0.0,4437.5,46.66,20.39,0.0
1977-08-16,9510,1575.6,0.0,4425.6,46.54,17.48,0.0
1977-08-17,9510,1567.1,0.0,4417.1,46.45,16.61,0.0
1977-08-18,9510,1568.8,0.0,4418.8,46.46,20.02,0.0
1977-08-19,9510,1568.8,0.0,4418.8,46.46,26.33,0.0
1977-08-20,9510,1570.5,0.0,4420.5,46.48,22.01,0.0
1977-08-21,9510,1578.99,0.0,4428.99,46.57,28.3,0.0
1977-08-22,9510,1584.1,0.0,4434.1,46.63,24.17,0.0
1977-08-23,9510,1584.1,0.0,4434.1,46.63,30.58,0.0
1977-08-24,9510,1595.99,0.0,4445.99,46.75,26.27,0.0
1977-08-25,9510,1601.1,0.0,4451.1,46.8,33.63,0.0
1977-08-26,9510,1594.3,0.0,4444.3,46.73,32.14,0.0
1977-08-27,9510,1592.6,0.0,4442.6,46.72,20.86,0.0
1977-08-28,9510,1594.3,0.0,4444.3,46.73,26.01,0.0
1977-08-29,9510,1592.6,0.0,4442.6,46.72,17.34,0.0
1977-08-30,9510,1597.7,0.0,4447.7,46.77,20.78,0.0
1977-08-31,9510,1626.6,0.0,4476.6,47.07,32.08,0.0
1977-09-01,9510,1662.3,0.0,4512.3,47.45,47.03,0.0
1977-09-02,9510,1686.1,0.0,4536.1,47.7,47.32,0.0
1977-09-03,9510,1703.1,0.0,4553.1,47.88,39.43,0.0
1977-09-04,9510,1721.8,0.0,4571.8,48.07,28.88,0.0
1977-09-05,9510,1745.6,0.0,4595.6,48.32,26.79,0.0
1977-09-06,9510,1762.6,0.0,4612.6,48.5,36.04,0.0
1977-09-07,9510,1782.99,0.0,4632.99,48.72,32.92,0.0
1977-09-08,9510,1801.75,0.0,4651.75,48.91,34.95,0.0
1977-09-09,9510,1827.99,0.0,4677.99,49.19,25.56,0.0
1977-09-10,9510,1855.99,0.0,4705.99,49.48,32.98,0.0
1977-09-11,9510,1882.25,0.0,4732.25,49.76,32.58,0.0
1977-09-12,9510,1910.25,0.0,4760.25,50.06,27.57,0.0
1977-09-13,9510,1927.75,0.0,4777.75,50.24,32.76,0.0
1977-09-14,9510,1955.75,0.0,4805.75,50.53,23.13,0.0
1977-09-15,9510,1990.75,0.0,4840.75,50.9,34.38,0.0
1977-09-16,9510,2011.75,0.0,4861.75,51.12,40.55,0.0
1977-09-17,9510,2037.99,0.0,4887.99,51.4,26.4,0.0
1977-09-18,9510,2057.25,0.0,4907.25,51.6,28.8,0.0
1977-09-19,9510,2079.99,0.0,4929.99,51.84,19.85,0.0
1977-09-20,9510,2120.25,0.0,4970.25,52.26,30.72,0.0
1977-09-21,9510,2146.5,0.0,4996.5,52.54,51.33,0.0
1977-09-22,9510,2202.5,0.0,5052.5,53.13,39.74,0.0
1977-09-23,9510,2258.75,0.0,5108.75,53.72,67.49,0.0
1977-09-24,9510,2311.25,0.0,5161.25,54.27,67.18,0.0
1977-09-25,9510,2344.99,0.0,5194.99,54.63,61.81,0.0
1977-09-26,9510,2361.87,0.0,5211.87,54.8,36.0,0.0
1977-09-27,9510,2374.99,0.0,5224.99,54.94,29.78,0.0
1977-09-28,9510,2380.62,0.0,5230.62,55.0,29.41,0.0
1977-09-29,9510,2382.49,0.0,5232.49,55.02,24.03,0.0
1977-09-30,9510,2388.12,0.0,5238.12,55.08,19.61,0.0
1977-10-01,9510,2397.5,0.0,5247.5,55.18,19.33,0.0
1977-10-02,9510,2412.5,0.0,5262.5,55.34,20.39,0.0
1977-10-03,9510,2321.87,0.0,5171.87,54.38,21.37,0.0
1977-10-04,9510,2427.5,0.0,5277.5,55.49,22.55,0.0
1977-10-05,9510,2423.75,0.0,5273.75,55.45,19.3,0.0
1977-10-06,9510,2427.5,0.0,5277.5,55.49,9.64,0.0
1977-10-07,9510,2429.37,0.0,5279.37,55.51,18.6,0.0
1977-10-08,9510,2433.12,0.0,5283.12,55.55,16.2,0.0
1977-10-09,9510,2444.37,0.0,5294.37,55.67,14.64,0.0
1977-10-10,9510,2449.99,0.0,5299.99,55.73,14.34,0.0
1977-10-11,9510,2459.37,0.0,5309.37,55.83,15.49,0.0
1977-10-12,9510,2461.25,0.0,5311.25,55.85,18.42,0.0
1977-10-13,9510,2464.99,0.0,5314.99,55.89,11.51,0.0
1977-10-14,9510,2472.5,0.0,5322.5,55.97,12.5,0.0
1977-10-15,9510,2478.13,0.0,5328.13,56.03,21.25,0.0
1977-10-16,9510,2489.37,0.0,5339.37,56.14,12.33,0.0
1977-10-17,9510,2493.12,0.0,5343.12,56.18,13.34,0.0
1977-10-18,9510,2489.37,0.0,5339.37,56.14,13.58,0.0
1977-10-19,9510,2489.37,0.0,5339.37,56.14,7.16,0.0
1977-10-20,9510,2496.87,0.0,5346.87,56.22,11.07,0.0
1977-10-21,9510,2494.99,0.0,5344.99,56.2,17.35,0.0
1977-10-22,9510,2496.87,0.0,5346.87,56.22,7.24,0.0
1977-10-23,9510,2502.5,0.0,5352.5,56.28,7.76,0.0
1977-10-24,9510,2509.99,0.0,5359.99,56.36,7.81,0.0
1977-10-25,9510,2508.12,0.0,5358.12,56.34,15.92,0.0
1977-10-26,9510,2508.12,0.0,5358.12,56.34,10.13,0.0
1977-10-27,9510,2509.99,0.0,5359.99,56.36,10.83,0.0
1977-10-28,9510,2509.99,0.0,5359.99,56.36,12.52,0.0
1977-10-29,9510,2509.99,0.0,5359.99,56.36,13.86,0.0
1977-10-30,9510,2506.25,0.0,5356.25,56.32,11.64,0.0
1977-10-31,9510,2511.87,0.0,5361.87,56.38,9.42,0.0
1977-11-01,9510,2509.99,0.0,5359.99,56.36,26.62,0.0
1977-11-02,9510,2506.25,0.0,5356.25,56.32,15.56,0.0
1977-11-03,9510,2508.12,0.0,5358.12,56.34,12.09,0.0
1977-11-04,9510,2502.5,0.0,5352.5,56.28,19.02,0.0
1977-11-05,9510,2500.62,0.0,5350.62,56.26,12.08,0.0
1977-11-06,9510,2500.62,0.0,5350.62,56.26,11.26,0.0
1977-11-07,9510,2491.25,0.0,5341.25,56.16,8.74,0.0
1977-11-08,9510,2472.5,0.0,5322.5,55.97,14.1,0.0
1977-11-09,9510,2457.5,0.0,5307.5,55.81,6.52,0.0
1977-11-10,9510,2464.99,0.0,5314.99,55.89,6.63,0.0
1977-11-11,9510,2455.62,0.0,5305.62,55.79,20.06,0.0
1977-11-12,9510,2451.87,0.0,5301.87,55.75,3.96,0.0
1977-11-13,9510,2444.37,0.0,5294.37,55.67,10.2,0.0
1977-11-14,9510,2434.99,0.0,5284.99,55.57,1.8,0.0
1977-11-15,9510,2419.99,0.0,5269.99,55.42,12.18,0.0
1977-11-16,9510,2403.12,0.0,5253.12,55.24,7.72,0.0
1977-11-17,9510,2386.25,0.0,5236.25,55.06,4.02,0.0
1977-11-18,9510,2373.12,0.0,5223.12,54.92,6.75,0.0
1977-11-19,9510,2352.5,0.0,5202.5,54.71,9.69,0.0
1977-11-20,9510,2350.62,0.0,5200.62,54.69,0.03,0.0
1977-11-21,9510,2337.5,0.0,5187.5,54.55,9.52,0.0
1977-11-22,9510,2322.5,0.0,5172.5,54.39,7.23,0.0
1977-11-23,9510,2305.62,0.0,5155.62,54.21,7.63,0.0
1977-11-24,9510,2294.37,0.0,5144.37,54.09,7.48,0.0
1977-11-25,9510,2277.5,0.0,5127.5,53.92,11.61,0.0
1977-11-26,9510,2268.12,0.0,5118.12,53.82,2.15,0.0
1977-11-27,9510,2256.87,0.0,5106.87,53.7,7.15,0.0
1977-11-28,9510,2249.37,0.0,5099.37,53.62,6.9,0.0
1977-11-29,9510,2239.99,0.0,5089.99,53.52,8.09,0.0
1977-11-30,9510,2230.62,0.0,5080.62,53.42,8.61,0.0
1977-12-01,9510,2226.87,0.0,5076.87,53.38,6.72,0.0
1977-12-02,9510,2230.62,0.0,5080.62,53.42,4.73,0.0
1977-12-03,9510,2230.62,0.0,5080.62,53.42,8.02,0.0
1977-12-04,9510,2230.62,0.0,5080.62,53.42,1.48,0.0
1977-12-05,9510,2230.62,0.0,5080.62,53.42,1.41,0.0
1977-12-06,9510,2232.5,0.0,5082.5,53.44,2.41,0.0
1977-12-07,9510,2236.25,0.0,5086.25,53.48,8.91,0.0
1977-12-08,9510,2224.99,0.0,5074.99,53.36,10.12,0.0
1977-12-09,9510,2217.5,0.0,5067.5,53.29,2.66,0.0
1977-12-10,9510,2213.75,0.0,5063.75,53.25,6.03,0.0
1977-12-11,9510,2209.99,0.0,5059.99,53.21,1.69,0.0
1977-12-12,9510,2209.99,0.0,5059.99,53.21,2.42,0.0
1977-12-13,9510,2204.37,0.0,5054.37,53.15,4.92,0.0
1977-12-14,9510,2196.88,0.0,5046.88,53.07,2.89,0.0
1977-12-15,9510,2196.88,0.0,5046.88,53.07,5.38,0.0
1977-12-16,9510,2198.75,0.0,5048.75,53.09,4.69,0.0
1977-12-17,9510,2196.88,0.0,5046.88,53.07,7.85,0.0
1977-12-18,9510,2194.99,0.0,5044.99,53.05,4.25,0.0
1977-12-19,9510,2193.12,0.0,5043.12,53.03,3.22,0.0
1977-12-20,9510,2176.25,0.0,5026.25,52.85,6.11,0.0
1977-12-21,9510,2166.87,0.0,5016.87,52.75,3.72,0.0
1977-12-22,9510,2157.5,0.0,5007.5,52.66,5.96,0.0
1977-12-23,9510,2150.0,0.0,5000.0,52.58,5.05,0.0
1977-12-24,9510,2146.5,0.0,4996.5,52.54,5.32,0.0
1977-12-25,9510,2142.99,0.0,4992.99,52.5,3.54,0.0
1977-12-26,9510,2130.75,0.0,4980.75,52.37,2.58,0.0
1977-12-27,9510,2118.5,0.0,4968.5,52.25,3.42,0.0
1977-12-28,9510,2107.99,0.0,4957.99,52.13,6.56,0.0
1977-12-29,9510,2093.99,0.0,4943.99,51.99,7.35,0.0
1977-12-30,9510,2092.25,0.0,4942.25,51.97,7.34,0.0
1977-12-31,9510,2088.75,0.0,4938.75,51.93,3.21,0.0
1978-01-01,9510,2085.25,0.0,4935.25,51.9,1.39,0.0
1978-01-02,9510,2081.75,0.0,4931.75,51.86,1.3,0.0
1978-01-03,9510,2076.5,0.0,4926.5,51.8,1.88,0.0
1978-01-04,9510,2076.5,0.0,4926.5,51.8,5.02,0.0
1978-01-05,9510,2076.5,0.0,4926.5,51.8,5.24,0.0
1978-01-06,9510,2078.25,0.0,4928.25,51.82,7.29,0.0
1978-01-07,9510,2079.99,0.0,4929.99,51.84,7.54,0.0
1978-01-08,9510,2079.99,0.0,4929.99,51.84,5.13,0.0
1978-01-09,9510,2079.99,0.0,4929.99,51.84,6.25,0.0
1978-01-10,9510,2078.25,0.0,4928.25,51.82,8.75,0.0
1978-01-11,9510,2072.99,0.0,4922.99,51.77,4.54,0.0
1978-01-12,9510,2067.75,0.0,4917.75,51.71,3.88,0.0
1978-01-13,9510,2064.25,0.0,4914.25,51.67,4.91,0.0
1978-01-14,9510,2064.25,0.0,4914.25,51.67,6.44,0.0
1978-01-15,9510,2064.25,0.0,4914.25,51.67,4.01,0.0
1978-01-16,9510,2060.75,0.0,4910.75,51.64,1.37,0.0
1978-01-17,9510,2055.5,0.0,4905.5,51.58,1.29,0.0
1978-01-18,9510,2050.25,0.0,4900.25,51.53,1.24,0.0
1978-01-19,9510,2048.5,0.0,4898.5,51.51,3.31,0.0
1978-01-20,9510,2046.75,0.0,4896.75,51.49,3.66,0.0
1978-01-21,9510,2044.99,0.0,4894.99,51.47,3.85,0.0
1978-01-22,9510,2041.5,0.0,4891.5,51.44,1.81,0.0
1978-01-23,9510,2039.75,0.0,4889.75,51.42,3.98,0.0
1978-01-24,9510,2037.99,0.0,4887.99,51.4,3.28,0.0
1978-01-25,9510,2036.25,0.0,4886.25,51.38,3.84,0.0
1978-01-26,9510,2030.99,0.0,4880.99,51.32,4.23,0.0
1978-01-27,9510,2025.75,0.0,4875.75,51.27,5.08,0.0
1978-01-28,9510,2016.99,0.0,4866.99,51.18,1.23,0.0
1978-01-29,9510,2008.25,0.0,4858.25,51.09,1.57,0.0
1978-01-30,9510,2004.75,0.0,4854.75,51.05,6.48,0.0
1978-01-31,9510,1997.75,0.0,4847.75,50.98,2.4,0.0
1978-02-01,9510,1987.25,0.0,4837.25,50.86,0.0,0.0
1978-02-02,9510,1983.75,0.0,4833.75,50.83,6.72,0.0
1978-02-03,9510,1978.5,0.0,4828.5,50.77,4.32,0.0
1978-02-04,9510,1969.75,0.0,4819.75,50.68,0.86,0.0
1978-02-05,9510,1966.25,0.0,4816.25,50.64,6.26,0.0
1978-02-06,9510,1960.99,0.0,4810.99,50.59,5.68,0.0
1978-02-07,9510,1953.99,0.0,4803.99,50.52,3.51,0.0
1978-02-08,9510,1946.99,0.0,4796.99,50.44,4.32,0.0
1978-02-09,9510,1941.75,0.0,4791.75,50.39,3.81,0.0
1978-02-10,9510,1938.25,0.0,4788.25,50.35,5.09,0.0
1978-02-11,9510,1929.5,0.0,4779.5,50.26,3.94,0.0
1978-02-12,9510,1924.25,0.0,4774.25,50.2,2.28,0.0
1978-02-13,9510,1920.75,0.0,4770.75,50.17,6.2,0.0
1978-02-14,9510,1913.75,0.0,4763.75,50.09,1.63,0.0
1978-02-15,9510,1910.25,0.0,4760.25,50.06,4.32,0.0
1978-02-16,9510,1903.25,0.0,4753.25,49.98,0.8,0.0
1978-02-17,9510,1897.99,0.0,4747.99,49.93,1.58,0.0
1978-02-18,9510,1892.75,0.0,4742.75,49.87,0.36,0.0
1978-02-19,9510,1890.99,0.0,4740.99,49.85,2.8,0.0
1978-02-20,9510,1883.99,0.0,4733.99,49.78,1.15,0.0
1978-02-21,9510,1880.5,0.0,4730.5,49.74,4.88,0.0
1978-02-22,9510,1875.25,0.0,4725.25,49.69,4.01,0.0
1978-02-23,9510,1868.25,0.0,4718.25,49.61,2.51,0.0
1978-02-24,9510,1862.99,0.0,4712.99,49.56,4.51,0.0
1978-02-25,9510,1857.75,0.0,4707.75,49.5,4.48,0.0
1978-02-26,9510,1850.75,0.0,4700.75,49.43,3.64,0.0
1978-02-27,9510,1838.5,0.0,4688.5,49.3,1.48,0.0
1978-02-28,9510,1833.25,0.0,4683.25,49.25,7.61,0.0
1978-03-01,9510,1826.25,0.0,4676.25,49.17,7.61,0.0
1978-03-02,9510,1815.75,0.0,4665.75,49.06,5.45,0.0
1978-03-03,9510,1805.25,0.0,4655.25,48.95,2.71,0.0
1978-03-04,9510,1789.8,0.0,4639.8,48.79,2.62,0.0
1978-03-05,9510,1779.6,0.0,4629.6,48.68,5.58,0.0
1978-03-06,9510,1765.99,0.0,4615.99,48.54,2.1,0.0
1978-03-07,9510,1757.5,0.0,4607.5,48.45,0.63,0.0
1978-03-08,9510,1747.3,0.0,4597.3,48.34,7.31,0.0
1978-03-09,9510,1738.8,0.0,4588.8,48.25,1.52,0.0
1978-03-10,9510,1728.6,0.0,4578.6,48.15,3.65,0.0
1978-03-11,9510,1721.8,0.0,4571.8,48.07,1.67,0.0
1978-03-12,9510,1711.6,0.0,4561.6,47.97,5.01,0.0
1978-03-13,9510,1706.5,0.0,4556.5,47.91,0.95,0.0
1978-03-14,9510,1699.7,0.0,4549.7,47.84,6.07,0.0
1978-03-15,9510,1689.5,0.0,4539.5,47.73,2.93,0.0
1978-03-16,9510,1679.3,0.0,4529.3,47.63,2.12,0.0
1978-03-17,9510,1674.2,0.0,4524.2,47.57,4.03,0.0
1978-03-18,9510,1660.6,0.0,4510.6,47.43,8.94,0.0
1978-03-19,9510,1646.99,0.0,4496.99,47.29,9.18,0.0
1978-03-20,9510,1628.3,0.0,4478.3,47.09,0.8,0.0
1978-03-21,9510,1614.7,0.0,4464.7,46.95,0.22,0.0
1978-03-22,9510,1599.4,0.0,4449.4,46.79,0.51,0.0
1978-03-23,9510,1589.2,0.0,4439.2,46.68,0.8,0.0
1978-03-24,9510,1575.6,0.0,4425.6,46.54,5.15,0.0
1978-03-25,9510,1561.99,0.0,4411.99,46.39,1.62,0.0
1978-03-26,9510,1548.39,0.0,4398.39,46.25,0.12,0.0
1978-03-27,9510,1534.8,0.0,4384.8,46.11,0.53,0.0
1978-03-28,9510,1522.9,0.0,4372.9,45.98,0.37,0.0
1978-03-29,9510,1512.7,0.0,4362.7,45.87,2.08,0.0
1978-03-30,9510,1502.5,0.0,4352.5,45.77,4.09,0.0
1978-03-31,9510,1487.2,0.0,4337.2,45.61,3.11,0.0
1978-04-01,9510,1473.6,0.0,4323.6,45.46,2.97,0.0
1978-04-02,9510,1463.39,0.0,4313.39,45.36,3.42,0.0
1978-04-03,9510,1444.49,0.0,4294.49,45.16,5.82,0.0
1978-04-04,9510,1427.45,0.0,4277.45,44.98,0.62,0.0
1978-04-05,9510,1410.4,0.0,4260.4,44.8,2.01,0.0
1978-04-06,9510,1396.45,0.0,4246.45,44.65,1.75,0.0
1978-04-07,9510,1377.85,0.0,4227.85,44.46,3.39,0.0
1978-04-08,9510,1366.99,0.0,4216.99,44.34,1.01,0.0
1978-04-09,9510,1354.6,0.0,4204.6,44.21,5.33,0.0
1978-04-10,9510,1340.65,0.0,4190.65,44.07,3.95,0.0
1978-04-11,9510,1329.8,0.0,4179.8,43.95,2.98,0.0
1978-04-12,9510,1328.25,0.0,4178.25,43.94,3.34,0.0
1978-04-13,9510,1323.13,0.0,4173.13,43.88,11.51,0.0
1978-04-14,9510,1317.39,0.0,4167.39,43.82,3.43,0.0
1978-04-15,9510,1309.65,0.0,4159.65,43.74,3.63,0.0
1978-04-16,9510,1305.0,0.0,4155.0,43.69,5.94,0.0
1978-04-17,9510,1298.8,0.0,4148.8,43.63,7.77,0.0
1978-04-18,9510,1284.85,0.0,4134.85,43.48,6.7,0.0
1978-04-19,9510,1273.99,0.0,4123.99,43.36,4.77,0.0
1978-04-20,9510,1255.4,0.0,4105.4,43.17,7.76,0.0
1978-04-21,9510,1239.9,0.0,4089.9,43.01,0.58,0.0
1978-04-22,9510,1227.5,0.0,4077.5,42.88,3.64,0.0
1978-04-23,9510,1211.99,0.0,4061.99,42.71,7.08,0.0
1978-04-24,9510,1191.85,0.0,4041.85,42.5,3.45,0.0
1978-04-25,9510,1177.9,0.0,4027.9,42.35,2.84,0.0
1978-04-26,9510,1160.85,0.0,4010.85,42.18,5.03,0.0
1978-04-27,9510,1150.0,0.0,4000.0,42.06,0.84,0.0
1978-04-28,9510,1135.37,0.0,3985.37,41.91,6.3,0.0
1978-04-29,9510,1122.37,0.0,3972.37,41.77,2.92,0.0
1978-04-30,9510,1109.38,0.0,3959.38,41.63,4.66,0.0
1978-05-01,9510,1094.75,0.0,3944.75,41.48,6.31,0.0
1978-05-02,9510,1078.5,0.0,3928.5,41.31,0.83,0.0
1978-05-03,9510,1065.5,0.0,3915.5,41.17,1.8,0.0
1978-05-04,9510,1052.5,0.0,3902.5,41.04,2.52,0.0
1978-05-05,9510,1041.12,0.0,3891.12,40.92,5.22,0.0
1978-05-06,9510,1031.37,0.0,3881.37,40.81,0.45,0.0
1978-05-07,9510,1024.87,0.0,3874.87,40.75,1.44,0.0
1978-05-08,9510,1015.12,0.0,3865.12,40.64,4.35,0.0
1978-05-09,9510,1002.12,0.0,3852.12,40.51,4.8,0.0
1978-05-10,9510,993.99,0.0,3843.99,40.42,0.77,0.0
1978-05-11,9510,985.87,0.0,3835.87,40.34,0.69,0.0
1978-05-12,9510,987.5,0.0,3837.5,40.35,0.95,0.0
1978-05-13,9510,977.75,0.0,3827.75,40.25,9.42,0.0
1978-05-14,9510,974.5,0.0,3824.5,40.22,0.09,0.0
1978-05-15,9510,972.87,0.0,3822.87,40.2,4.48,0.0
1978-05-16,9510,974.5,0.0,3824.5,40.22,4.35,0.0
1978-05-17,9510,971.25,0.0,3821.25,40.18,8.71,0.0
1978-05-18,9510,966.37,0.0,3816.37,40.13,4.84,0.0
1978-05-19,9510,963.12,0.0,3813.12,40.1,3.23,0.0
1978-05-20,9510,961.5,0.0,3811.5,40.08,3.68,0.0
1978-05-21,9510,961.5,0.0,3811.5,40.08,2.86,0.0
1978-05-22,9510,961.5,0.0,3811.5,40.08,3.02,0.0
1978-05-23,9510,958.25,0.0,3808.25,40.04,4.8,0.0
1978-05-24,9510,953.37,0.0,3803.37,39.99,4.96,0.0
1978-05-25,9510,946.88,0.0,3796.88,39.93,4.88,0.0
1978-05-26,9510,943.62,0.0,3793.62,39.89,2.81,0.0
1978-05-27,9510,946.88,0.0,3796.88,39.93,4.08,0.0
1978-05-28,9510,946.88,0.0,3796.88,39.93,8.53,0.0
1978-05-29,9510,946.88,0.0,3796.88,39.93,4.51,0.0
1978-05-30,9510,945.25,0.0,3795.25,39.91,5.51,0.0
1978-05-31,9510,940.37,0.0,3790.37,39.86,5.1,0.0
1978-06-01,9510,933.87,0.0,3783.87,39.79,3.87,0.0
1978-06-02,9510,927.37,0.0,3777.37,39.72,2.85,0.0
1978-06-03,9510,922.5,0.0,3772.5,39.67,0.68,0.0
1978-06-04,9510,922.5,0.0,3772.5,39.67,0.02,0.0
1978-06-05,9510,917.62,0.0,3767.62,39.62,1.07,0.0
1978-06-06,9510,914.37,0.0,3764.37,39.58,3.14,0.0
1978-06-07,9510,902.99,0.0,3752.99,39.46,3.9,0.0
1978-06-08,9510,885.12,0.0,3735.12,39.28,9.6,0.0
1978-06-09,9510,867.25,0.0,3717.25,39.09,6.81,0.0
1978-06-10,9510,859.12,0.0,3709.12,39.0,4.91,0.0
1978-06-11,9510,855.87,0.0,3705.87,38.97,8.36,0.0
1978-06-12,9510,842.87,0.0,3692.87,38.83,4.85,0.0
1978-06-13,9510,828.25,0.0,3678.25,38.68,5.16,0.0
1978-06-14,9510,820.72,0.0,3670.72,38.6,3.07,0.0
1978-06-15,9510,815.02,0.0,3665.02,38.54,4.72,0.0
1978-06-16,9510,812.17,0.0,3662.17,38.51,5.38,0.0
1978-06-17,9510,807.9,0.0,3657.9,38.46,9.62,0.0
1978-06-18,9510,807.9,0.0,3657.9,38.46,3.4,0.0
1978-06-19,9510,806.47,0.0,3656.47,38.45,4.1,0.0
1978-06-20,9510,800.77,0.0,3650.77,38.39,6.36,0.0
1978-06-21,9510,795.67,0.0,3645.67,38.34,5.07,0.0
1978-06-22,9510,797.92,0.0,3647.92,38.36,5.36,0.0
1978-06-23,9510,802.2,0.0,3652.2,38.4,13.96,0.0
1978-06-24,9510,812.17,0.0,3662.17,38.51,18.78,0.0
1978-06-25,9510,815.02,0.0,3665.02,38.54,17.35,0.0
1978-06-26,9510,819.3,0.0,3669.3,38.58,6.84,0.0
1978-06-27,9510,822.15,0.0,3672.15,38.61,10.21,0.0
1978-06-28,9510,873.75,0.0,3723.75,39.16,7.83,0.0
1978-06-29,9510,935.5,0.0,3785.5,39.81,59.71,0.0
1978-06-30,9510,974.5,0.0,3824.5,40.22,71.97,0.0
1978-07-01,9510,995.62,0.0,3845.62,40.44,50.97,0.0
1978-07-02,9510,1037.87,0.0,3887.87,40.88,29.66,0.0
1978-07-03,9510,1075.25,0.0,3925.25,41.27,44.79,0.0
1978-07-04,9510,1096.37,0.0,3946.37,41.5,49.85,0.0
1978-07-05,9510,1119.12,0.0,3969.12,41.74,28.68,0.0
1978-07-06,9510,1135.37,0.0,3985.37,41.91,27.2,0.0
1978-07-07,9510,1150.0,0.0,4000.0,42.06,23.53,0.0
1978-07-08,9510,1165.5,0.0,4015.5,42.22,21.17,0.0
1978-07-09,9510,1190.3,0.0,4040.3,42.48,25.31,0.0
1978-07-10,9510,1215.1,0.0,4065.1,42.75,27.2,0.0
1978-07-11,9510,1227.5,0.0,4077.5,42.88,36.16,0.0
1978-07-12,9510,1236.8,0.0,4086.8,42.97,23.7,0.0
1978-07-13,9510,1232.15,0.0,4082.15,42.92,21.67,0.0
1978-07-14,9510,1252.3,0.0,4102.3,43.14,10.72,0.0
1978-07-15,9510,1277.1,0.0,4127.1,43.4,34.96,0.0
1978-07-16,9510,1298.8,0.0,4148.8,43.63,34.16,0.0
1978-07-17,9510,1303.45,0.0,4153.45,43.67,24.51,0.0
1978-07-18,9510,1306.55,0.0,4156.55,43.71,20.22,0.0
1978-07-19,9510,1305.0,0.0,4155.0,43.69,14.64,0.0
1978-07-20,9510,1311.2,0.0,4161.2,43.76,18.5,0.0
1978-07-21,9510,1314.3,0.0,4164.3,43.79,12.99,0.0
1978-07-22,9510,1331.35,0.0,4181.35,43.97,24.19,0.0
1978-07-23,9510,1348.4,0.0,4198.4,44.15,35.59,0.0
1978-07-24,9510,1362.35,0.0,4212.35,44.29,24.67,0.0
1978-07-25,9510,1377.85,0.0,4227.85,44.46,34.32,0.0
1978-07-26,9510,1399.55,0.0,4249.55,44.69,30.28,0.0
1978-07-27,9510,1424.35,0.0,4274.35,44.95,32.01,0.0
1978-07-28,9510,1487.2,0.0,4337.2,45.61,36.54,0.0
1978-07-29,9510,1551.8,0.0,4401.8,46.29,76.42,0.0
1978-07-30,9510,1607.9,0.0,4457.9,46.88,76.03,0.0
1978-07-31,9510,1650.4,0.0,4500.4,47.32,58.83,0.0
1978-08-01,9510,1686.1,0.0,4536.1,47.7,46.4,0.0
1978-08-02,9510,1716.7,0.0,4566.7,48.02,44.2,0.0
1978-08-03,9510,1748.99,0.0,4598.99,48.36,40.52,0.0
1978-08-04,9510,1798.3,0.0,4648.3,48.88,43.63,0.0
1978-08-05,9510,1834.99,0.0,4684.99,49.26,58.61,0.0
1978-08-06,9510,1868.25,0.0,4718.25,49.61,44.15,0.0
1978-08-07,9510,1892.75,0.0,4742.75,49.87,36.54,0.0
1978-08-08,9510,1908.5,0.0,4758.5,50.04,32.34,0.0
1978-08-09,9510,1936.5,0.0,4786.5,50.33,27.69,0.0
1978-08-10,9510,1967.99,0.0,4817.99,50.66,34.0,0.0
1978-08-11,9510,2016.99,0.0,4866.99,51.18,37.34,0.0
1978-08-12,9510,2076.5,0.0,4926.5,51.8,53.42,0.0
1978-08-13,9510,2193.12,0.0,5043.12,53.03,60.07,0.0
1978-08-14,9510,2292.13,0.0,5142.13,54.07,117.45,0.0
1978-08-15,9510,2399.37,0.0,5249.37,55.2,101.75,0.0
1978-08-16,9510,2491.25,0.0,5341.25,56.16,113.69,0.0
1978-08-17,9510,2554.75,0.0,5404.75,56.83,101.32,0.0
1978-08-18,9510,2626.99,0.0,5476.99,57.59,73.08,0.0
1978-08-19,9510,2669.5,0.0,5519.5,58.04,78.48,0.0
1978-08-20,9510,2720.5,0.0,5570.5,58.58,49.79,0.0
1978-08-21,9510,2769.37,0.0,5619.37,59.09,53.35,0.0
1978-08-22,9510,2826.75,0.0,5676.75,59.69,58.02,0.0
1978-08-23,9510,2875.62,0.0,5725.62,60.21,64.81,0.0
1978-08-24,9510,2814.99,0.0,5664.99,59.57,58.12,0.0
1978-08-25,9510,2974.2,0.0,5824.2,61.24,63.97,0.0
1978-08-26,9510,3031.4,0.0,5881.4,61.84,46.05,0.0
1978-08-27,9510,3077.13,0.0,5927.13,62.33,58.2,0.0
1978-08-28,9510,3121.13,0.0,5971.13,62.79,48.59,0.0
1978-08-29,9510,3174.39,0.0,6024.39,63.35,56.89,0.0
1978-08-30,9510,3207.4,0.0,6057.4,63.7,64.32,0.0
1978-08-31,9510,3229.5,0.0,6079.5,63.93,46.66,0.0
1978-09-01,9510,3268.99,0.0,6118.99,64.34,36.82,0.0
1978-09-02,9510,3308.6,0.0,6158.6,64.76,51.53,0.0
1978-09-03,9510,3352.6,0.0,6202.6,65.22,47.29,0.0
1978-09-04,9510,3396.15,0.0,6246.15,65.68,45.99,0.0
1978-09-05,9510,3424.85,0.0,6274.85,65.98,54.56,0.0
1978-09-06,9510,3443.3,0.0,6293.3,66.18,40.62,0.0
1978-09-07,9510,3461.75,0.0,6311.75,66.37,32.96,0.0
1978-09-08,9510,3508.89,0.0,6358.89,66.87,36.89,0.0
1978-09-09,9510,3570.39,0.0,6420.39,67.51,60.85,0.0
1978-09-10,9510,3635.99,0.0,6485.99,68.2,71.61,0.0
1978-09-11,9510,3685.2,0.0,6535.2,68.72,68.6,0.0
1978-09-12,9510,3744.65,0.0,6594.65,69.34,62.67,0.0
1978-09-13,9510,3832.5,0.0,6682.5,70.27,66.37,0.0
1978-09-14,9510,3925.0,0.0,6775.0,71.24,93.87,0.0
1978-09-15,9510,4012.5,0.0,6862.5,72.16,99.14,0.0
1978-09-16,9510,4064.99,0.0,6914.99,72.71,94.83,0.0
1978-09-17,9510,4119.99,0.0,6969.99,73.29,64.42,0.0
1978-09-18,9510,4164.99,0.0,7014.99,73.76,57.88,0.0
1978-09-19,9510,4197.5,0.0,7047.5,74.11,55.96,0.0
1978-09-20,9510,4222.5,0.0,7072.5,74.37,43.53,0.0
1978-09-21,9510,4242.5,0.0,7092.5,74.58,41.84,0.0
1978-09-22,9510,4279.99,0.0,7129.99,74.97,38.74,0.0
1978-09-23,9510,4320.7,0.0,7170.7,75.4,52.12,0.0
1978-09-24,9510,4380.5,0.0,7230.5,76.03,51.73,0.0
1978-09-25,9510,4437.99,0.0,7287.99,76.64,65.87,0.0
1978-09-26,9510,4481.7,0.0,7331.7,77.09,70.23,0.0
1978-09-27,9510,4506.99,0.0,7356.99,77.36,51.31,0.0
1978-09-28,9510,4525.4,0.0,7375.4,77.55,37.29,0.0
1978-09-29,9510,4548.39,0.0,7398.39,77.8,27.4,0.0
1978-09-30,9510,4564.5,0.0,7414.5,77.97,33.84,0.0
1978-10-01,9510,4582.9,0.0,7432.9,78.16,23.0,0.0
1978-10-02,9510,4596.7,0.0,7446.7,78.3,20.37,0.0
1978-10-03,9510,4592.09,0.0,7442.09,78.26,26.18,0.0
1978-10-04,9510,4594.4,0.0,7444.4,78.28,16.6,0.0
1978-10-05,9510,4624.3,0.0,7474.3,78.59,19.56,0.0
1978-10-06,9510,4663.39,0.0,7513.39,79.01,40.48,0.0
1978-10-07,9510,4695.59,0.0,7545.59,79.34,47.09,0.0
1978-10-08,9510,4723.2,0.0,7573.2,79.63,36.6,0.0
1978-10-09,9510,4743.89,0.0,7593.89,79.85,28.98,0.0
1978-10-10,9510,4773.8,0.0,7623.8,80.17,29.71,0.0
1978-10-11,9510,4819.8,0.0,7669.8,80.65,37.67,0.0
1978-10-12,9510,4854.3,0.0,7704.3,81.01,55.4,0.0
1978-10-13,9510,4872.7,0.0,7722.7,81.21,48.0,0.0
1978-10-14,9510,4877.3,0.0,7727.3,81.25,37.72,0.0
1978-10-15,9510,4891.1,0.0,7741.1,81.4,21.93,0.0
1978-10-16,9510,4900.29,0.0,7750.29,81.5,17.16,0.0
1978-10-17,9510,4918.7,0.0,7768.7,81.69,25.62,0.0
1978-10-18,9510,4923.3,0.0,7773.3,81.74,34.11,0.0
1978-10-19,9510,4932.5,0.0,7782.5,81.83,14.74,0.0
1978-10-20,9510,4937.09,0.0,7787.09,81.88,17.69,0.0
1978-10-21,9510,4937.09,0.0,7787.09,81.88,18.81,0.0
1978-10-22,9510,4946.3,0.0,7796.3,81.98,13.88,0.0
1978-10-23,9510,4957.79,0.0,7807.79,82.1,12.35,0.0
1978-10-24,9510,4960.1,0.0,7810.1,82.13,14.63,0.0
1978-10-25,9510,4960.1,0.0,7810.1,82.13,14.68,0.0
1978-10-26,9510,4962.4,0.0,7812.4,82.15,14.96,0.0
1978-10-27,9510,4962.4,0.0,7812.4,82.15,17.95,0.0
1978-10-28,9510,4966.99,0.0,7816.99,82.2,14.98,0.0
1978-10-29,9510,4971.6,0.0,7821.6,82.25,10.78,0.0
1978-10-30,9510,4976.2,0.0,7826.2,82.29,5.93,0.0
1978-10-31,9510,4983.09,0.0,7833.09,82.37,9.51,0.0
1978-11-01,9510,4985.4,0.0,7835.4,82.39,10.98,0.0
1978-11-02,9510,4992.3,0.0,7842.3,82.46,8.21,0.0
1978-11-03,9510,4999.2,0.0,7849.2,82.54,13.02,0.0
1978-11-04,9510,4999.2,0.0,7849.2,82.54,15.63,0.0
1978-11-05,9510,4999.2,0.0,7849.2,82.54,3.0,0.0
1978-11-06,9510,4994.59,0.0,7844.59,82.49,1.55,0.0
1978-11-07,9510,5008.39,0.0,7858.39,82.63,6.92,0.0
1978-11-08,9510,5003.8,0.0,7853.8,82.58,25.62,0.0
1978-11-09,9510,5006.1,0.0,7856.1,82.61,11.24,0.0
1978-11-10,9510,5006.1,0.0,7856.1,82.61,11.37,0.0
1978-11-11,9510,5003.8,0.0,7853.8,82.58,7.67,0.0
1978-11-12,9510,5003.8,0.0,7853.8,82.58,5.67,0.0
1978-11-13,9510,5006.1,0.0,7856.1,82.61,5.14,0.0
1978-11-14,9510,5003.8,0.0,7853.8,82.58,10.89,0.0
1978-11-15,9510,4999.2,0.0,7849.2,82.54,6.41,0.0
1978-11-16,9510,4999.2,0.0,7849.2,82.54,4.73,0.0
1978-11-17,9510,5001.5,0.0,7851.5,82.56,10.41,0.0
1978-11-18,9510,4999.2,0.0,7849.2,82.54,11.85,0.0
1978-11-19,9510,4999.2,0.0,7849.2,82.54,6.53,0.0
1978-11-20,9510,4994.59,0.0,7844.59,82.49,7.25,0.0
1978-11-21,9510,4983.09,0.0,7833.09,82.37,5.98,0.0
1978-11-22,9510,5412.2,0.0,8262.2,86.88,5.4,0.0
1978-11-23,9510,4966.99,0.0,7816.99,82.2,9.7,0.0
1978-11-24,9510,4957.79,0.0,7807.79,82.1,6.52,0.0
1978-11-25,9510,4953.2,0.0,7803.2,82.05,6.78,0.0
1978-11-26,9510,4953.2,0.0,7803.2,82.05,6.24,0.0
1978-11-27,9510,4950.89,0.0,7800.89,82.03,6.69,0.0
1978-11-28,9510,4946.3,0.0,7796.3,81.98,10.29,0.0
1978-11-29,9510,4946.3,0.0,7796.3,81.98,7.6,0.0
1978-11-30,9510,4932.5,0.0,7782.5,81.83,11.91,0.0
1978-12-01,9510,4925.59,0.0,7775.59,81.76,0.0,0.0
1978-12-02,9510,4918.7,0.0,7768.7,81.69,5.28,0.0
1978-12-03,9510,4916.39,0.0,7766.39,81.67,3.22,0.0
1978-12-04,9510,4911.1,0.0,7761.1,81.61,4.36,0.0
1978-12-05,9510,4909.5,0.0,7759.5,81.59,7.31,0.0
1978-12-06,9510,4909.5,0.0,7759.5,81.59,1.74,0.0
1978-12-07,9510,4900.29,0.0,7750.29,81.5,5.78,0.0
1978-12-08,9510,4888.8,0.0,7738.8,81.38,7.55,0.0
1978-12-09,9510,4872.7,0.0,7722.7,81.21,8.0,0.0
1978-12-10,9510,4865.8,0.0,7715.8,81.13,2.28,0.0
1978-12-11,9510,4861.2,0.0,7711.2,81.09,4.6,0.0
1978-12-12,9510,4845.1,0.0,7695.1,80.92,10.88,0.0
1978-12-13,9510,4831.3,0.0,7681.3,80.77,1.78,0.0
1978-12-14,9510,4822.09,0.0,7672.09,80.67,3.82,0.0
1978-12-15,9510,4815.2,0.0,7665.2,80.6,1.21,0.0
1978-12-16,9510,4817.5,0.0,7667.5,80.63,1.65,0.0
1978-12-17,9510,4810.59,0.0,7660.59,80.55,9.9,0.0
1978-12-18,9510,4799.1,0.0,7649.1,80.43,2.83,0.0
1978-12-19,9510,4787.6,0.0,7637.6,80.31,5.24,0.0
1978-12-20,9510,4771.5,0.0,7621.5,80.14,4.48,0.0
1978-12-21,9510,4762.3,0.0,7612.3,80.05,3.98,0.0
1978-12-22,9510,4746.2,0.0,7596.2,79.88,6.44,0.0
1978-12-23,9510,4732.39,0.0,7582.39,79.73,2.22,0.0
1978-12-24,9510,4734.7,0.0,7584.7,79.75,2.22,0.0
1978-12-25,9510,4727.79,0.0,7577.79,79.68,8.91,0.0
1978-12-26,9510,4713.99,0.0,7563.99,79.54,8.8,0.0
1978-12-27,9510,4695.59,0.0,7545.59,79.34,4.22,0.0
1978-12-28,9510,4688.7,0.0,7538.7,79.27,1.4,0.0
1978-12-29,9510,4681.8,0.0,7531.8,79.2,3.69,0.0
1978-12-30,9510,4674.89,0.0,7524.89,79.13,2.16,0.0
1978-12-31,9510,4672.6,0.0,7522.6,79.1,1.7,0.0
1979-01-01,9510,4672.6,0.0,7522.6,79.1,3.78,0.0
1979-01-02,9510,4672.6,0.0,7522.6,79.1,10.59,0.0
1979-01-03,9510,4658.8,0.0,7508.8,78.96,3.29,0.0
1979-01-04,9510,4645.0,0.0,7495.0,78.81,6.03,0.0
1979-01-05,9510,4626.6,0.0,7476.6,78.62,2.14,0.0
1979-01-06,9510,4610.5,0.0,7460.5,78.45,1.06,0.0
1979-01-07,9510,4610.5,0.0,7460.5,78.45,10.33,0.0
1979-01-08,9510,4594.4,0.0,7444.4,78.28,10.41,0.0
1979-01-09,9510,4580.59,0.0,7430.59,78.13,2.97,0.0
1979-01-10,9510,4564.5,0.0,7414.5,77.97,0.0,0.0
1979-01-11,9510,4548.39,0.0,7398.39,77.8,3.08,0.0
1979-01-12,9510,4534.59,0.0,7384.59,77.65,4.17,0.0
1979-01-13,9510,4527.7,0.0,7377.7,77.58,6.1,0.0
1979-01-14,9510,4520.8,0.0,7370.8,77.51,1.3,0.0
1979-01-15,9510,4506.99,0.0,7356.99,77.36,1.5,0.0
1979-01-16,9510,4502.39,0.0,7352.39,77.31,10.25,0.0
1979-01-17,9510,4493.2,0.0,7343.2,77.22,3.19,0.0
1979-01-18,9510,4483.99,0.0,7333.99,77.12,4.2,0.0
1979-01-19,9510,4474.8,0.0,7324.8,77.02,2.61,0.0
1979-01-20,9510,4467.9,0.0,7317.9,76.95,1.43,0.0
1979-01-21,9510,4460.99,0.0,7310.99,76.88,1.91,0.0
1979-01-22,9510,4454.1,0.0,7304.1,76.8,5.88,0.0
1979-01-23,9510,4437.99,0.0,7287.99,76.64,0.57,0.0
1979-01-24,9510,4428.8,0.0,7278.8,76.54,5.88,0.0
1979-01-25,9510,4415.0,0.0,7265.0,76.39,1.16,0.0
1979-01-26,9510,4405.8,0.0,7255.8,76.3,2.2,0.0
1979-01-27,9510,4396.6,0.0,7246.6,76.2,1.17,0.0
1979-01-28,9510,4389.7,0.0,7239.7,76.13,1.86,0.0
1979-01-29,9510,4380.5,0.0,7230.5,76.03,1.01,0.0
1979-01-30,9510,4378.2,0.0,7228.2,76.01,10.07,0.0
1979-01-31,9510,4359.8,0.0,7209.8,75.81,3.23,0.0
1979-02-01,9510,4339.1,0.0,7189.1,75.6,0.43,0.0
1979-02-02,9510,4325.29,0.0,7175.29,75.45,2.12,0.0
1979-02-03,9510,4320.7,0.0,7170.7,75.4,5.28,0.0
1979-02-04,9510,4313.8,0.0,7163.8,75.33,2.59,0.0
1979-02-05,9510,4302.3,0.0,7152.3,75.21,4.35,0.0
1979-02-06,9510,4287.5,0.0,7137.5,75.05,2.4,0.0
1979-02-07,9510,4272.5,0.0,7122.5,74.89,4.09,0.0
1979-02-08,9510,4254.99,0.0,7104.99,74.71,2.68,0.0
1979-02-09,9510,4237.5,0.0,7087.5,74.53,1.49,0.0
1979-02-10,9510,4227.5,0.0,7077.5,74.42,2.52,0.0
1979-02-11,9510,4217.5,0.0,7067.5,74.32,0.91,0.0
1979-02-12,9510,4204.99,0.0,7054.99,74.18,5.25,0.0
1979-02-13,9510,4189.99,0.0,7039.99,74.03,2.67,0.0
1979-02-14,9510,4162.5,0.0,7012.5,73.74,0.0,0.0
1979-02-15,9510,4137.5,0.0,6987.5,73.48,2.12,0.0
1979-02-16,9510,4114.99,0.0,6964.99,73.24,0.77,0.0
1979-02-17,9510,4092.5,0.0,6942.5,73.0,0.45,0.0
1979-02-18,9510,4082.5,0.0,6932.5,72.9,2.5,0.0
1979-02-19,9510,4062.5,0.0,6912.5,72.69,3.71,0.0
1979-02-20,9510,4037.5,0.0,6887.5,72.42,1.25,0.0
1979-02-21,9510,4009.99,0.0,6859.99,72.13,0.0,0.0
1979-02-22,9510,3989.99,0.0,6839.99,71.92,0.0,0.0
1979-02-23,9510,3972.5,0.0,6822.5,71.74,0.12,0.0
1979-02-24,9510,3952.5,0.0,6802.5,71.53,0.0,0.0
1979-02-25,9510,3947.5,0.0,6797.5,71.48,3.56,0.0
1979-02-26,9510,3929.99,0.0,6779.99,71.29,1.05,0.0
1979-02-27,9510,3917.5,0.0,6767.5,71.16,5.73,0.0
1979-02-28,9510,3892.5,0.0,6742.5,70.9,2.91,0.0
1979-03-01,9510,3869.99,0.0,6719.99,70.66,2.91,0.0
1979-03-02,9510,3842.5,0.0,6692.5,70.37,4.48,0.0
1979-03-03,9510,3814.99,0.0,6664.99,70.08,0.0,0.0
1979-03-04,9510,3795.9,0.0,6645.9,69.88,0.9,0.0
1979-03-05,9510,3775.39,0.0,6625.39,69.67,0.92,0.0
1979-03-06,9510,3754.9,0.0,6604.9,69.45,6.67,0.0
1979-03-07,9510,3730.3,0.0,6580.3,69.19,7.05,0.0
1979-03-08,9510,3699.55,0.0,6549.55,68.87,3.29,0.0
1979-03-09,9510,3674.95,0.0,6524.95,68.61,0.0,0.0
1979-03-10,9510,3648.3,0.0,6498.3,68.33,6.04,0.0
1979-03-11,9510,3633.95,0.0,6483.95,68.18,3.89,0.0
1979-03-12,9510,3605.25,0.0,6455.25,67.88,6.57,0.0
1979-03-13,9510,3578.6,0.0,6428.6,67.6,0.87,0.0
1979-03-14,9510,3551.95,0.0,6401.95,67.32,3.89,0.0
1979-03-15,9510,3527.35,0.0,6377.35,67.06,3.35,0.0
1979-03-16,9510,3502.75,0.0,6352.75,66.8,4.66,0.0
1979-03-17,9510,3478.15,0.0,6328.15,66.54,5.47,0.0
1979-03-18,9510,3457.64,0.0,6307.64,66.33,5.96,0.0
1979-03-19,9510,3428.95,0.0,6278.95,66.02,4.09,0.0
1979-03-20,9510,3404.35,0.0,6254.35,65.77,1.84,0.0
1979-03-21,9510,3378.99,0.0,6228.99,65.5,4.36,0.0
1979-03-22,9510,3352.59,0.0,6202.59,65.22,4.65,0.0
1979-03-23,9510,3323.99,0.0,6173.99,64.92,4.4,0.0
1979-03-24,9510,3293.2,0.0,6143.2,64.6,1.11,0.0
1979-03-25,9510,3271.2,0.0,6121.2,64.37,0.57,0.0
1979-03-26,9510,3242.59,0.0,6092.59,64.07,3.08,0.0
1979-03-27,9510,3213.99,0.0,6063.99,63.76,1.85,0.0
1979-03-28,9510,3183.2,0.0,6033.2,63.44,1.02,0.0
1979-03-29,9510,3154.6,0.0,6004.6,63.14,0.0,0.0
1979-03-30,9510,3128.2,0.0,5978.2,62.86,1.01,0.0
1979-03-31,9510,3097.4,0.0,5947.4,62.54,4.37,0.0
1979-04-01,9510,3068.8,0.0,5918.8,62.24,0.0,0.0
1979-04-02,9510,3033.6,0.0,5883.6,61.87,0.34,0.0
1979-04-03,9510,2814.39,0.0,5664.39,59.56,0.0,0.0
1979-04-04,9510,2960.99,0.0,5810.99,61.1,0.0,0.0
1979-04-05,9510,2930.87,0.0,5780.87,60.79,0.0,0.0
1979-04-06,9510,2898.99,0.0,5748.99,60.45,5.28,0.0
1979-04-07,9510,2864.99,0.0,5714.99,60.09,0.0,0.0
1979-04-08,9510,2835.25,0.0,5685.25,59.78,1.83,0.0
1979-04-09,9510,2809.75,0.0,5659.75,59.51,4.75,0.0
1979-04-10,9510,2773.62,0.0,5623.62,59.13,7.15,0.0
1979-04-11,9510,2737.5,0.0,5587.5,58.75,0.0,0.0
1979-04-12,9510,2718.37,0.0,5568.37,58.55,0.0,0.0
1979-04-13,9510,2699.25,0.0,5549.25,58.35,6.59,0.0
1979-04-14,9510,2671.62,0.0,5521.62,58.06,4.54,0.0
1979-04-15,9510,2650.37,0.0,5500.37,57.84,0.0,0.0
1979-04-16,9510,2626.99,0.0,5476.99,57.59,3.86,0.0
1979-04-17,9510,2601.5,0.0,5451.5,57.32,0.0,0.0
1979-04-18,9510,2575.99,0.0,5425.99,57.06,0.0,0.0
1979-04-19,9510,2550.5,0.0,5400.5,56.79,0.0,0.0
1979-04-20,9510,2527.12,0.0,5377.12,56.54,0.0,0.0
1979-04-21,9510,2509.99,0.0,5359.99,56.36,0.0,0.0
1979-04-22,9510,2494.99,0.0,5344.99,56.2,5.34,0.0
1979-04-23,9510,2472.5,0.0,5322.5,55.97,7.5,0.0
1979-04-24,9510,2451.87,0.0,5301.87,55.75,0.57,0.0
1979-04-25,9510,2433.12,0.0,5283.12,55.55,1.37,0.0
1979-04-26,9510,2412.5,0.0,5262.5,55.34,3.94,0.0
1979-04-27,9510,2393.75,0.0,5243.75,55.14,3.56,0.0
1979-04-28,9510,2373.12,0.0,5223.12,54.92,6.19,0.0
1979-04-29,9510,2348.75,0.0,5198.75,54.67,3.46,0.0
1979-04-30,9510,2326.25,0.0,5176.25,54.43,2.18,0.0
1979-05-01,9510,2320.62,0.0,5170.62,54.37,1.26,0.0
1979-05-02,9510,2298.12,0.0,5148.12,54.13,15.04,0.0
1979-05-03,9510,2279.37,0.0,5129.37,53.94,2.3,0.0
1979-05-04,9510,2258.75,0.0,5108.75,53.72,4.76,0.0
1979-05-05,9510,2239.99,0.0,5089.99,53.52,9.73,0.0
1979-05-06,9510,2221.25,0.0,5071.25,53.33,3.05,0.0
1979-05-07,9510,2209.99,0.0,5059.99,53.21,8.01,0.0
1979-05-08,9510,2200.62,0.0,5050.62,53.11,15.67,0.0
1979-05-09,9510,2179.99,0.0,5029.99,52.89,16.49,0.0
1979-05-10,9510,2164.99,0.0,5014.99,52.73,8.7,0.0
1979-05-11,9510,2134.25,0.0,4984.25,52.41,6.38,0.0
1979-05-12,9510,2106.25,0.0,4956.25,52.12,0.0,0.0
1979-05-13,9510,2088.75,0.0,4938.75,51.93,3.05,0.0
1979-05-14,9510,2060.75,0.0,4910.75,51.64,3.1,0.0
1979-05-15,9510,2030.99,0.0,4880.99,51.32,3.9,0.0
1979-05-16,9510,2006.5,0.0,4856.5,51.07,2.67,0.0
1979-05-17,9510,1983.75,0.0,4833.75,50.83,4.95,0.0
1979-05-18,9510,1957.5,0.0,4807.5,50.55,6.36,0.0
1979-05-19,9510,1939.99,0.0,4789.99,50.37,0.0,0.0
1979-05-20,9510,1929.5,0.0,4779.5,50.26,0.59,0.0
1979-05-21,9510,1911.99,0.0,4761.99,50.07,2.22,0.0
1979-05-22,9510,1903.25,0.0,4753.25,49.98,6.75,0.0
1979-05-23,9510,1880.5,0.0,4730.5,49.74,17.98,0.0
1979-05-24,9510,1871.75,0.0,4721.75,49.65,3.74,0.0
1979-05-25,9510,1869.99,0.0,4719.99,49.63,12.82,0.0
1979-05-26,9510,1868.25,0.0,4718.25,49.61,17.33,0.0
1979-05-27,9510,1864.75,0.0,4714.75,49.58,17.96,0.0
1979-05-28,9510,4847.25,0.0,7697.25,80.94,8.17,0.0
1979-05-29,9510,1829.75,0.0,4679.75,49.21,6.92,0.0
1979-05-30,9510,1808.75,0.0,4658.75,48.99,8.57,0.0
1979-05-31,9510,1796.13,0.0,4646.13,48.86,5.08,0.0
1979-06-01,9510,1776.2,0.0,4626.2,48.65,14.95,0.0
1979-06-02,9510,1767.7,0.0,4617.7,48.56,2.39,0.0
1979-06-03,9510,1769.4,0.0,4619.4,48.57,8.11,0.0
1979-06-04,9510,1759.2,0.0,4609.2,48.47,8.72,0.0
1979-06-05,9510,1750.7,0.0,4600.7,48.38,7.32,0.0
1979-06-06,9510,1742.2,0.0,4592.2,48.29,8.02,0.0
1979-06-07,9510,1738.8,0.0,4588.8,48.25,6.93,0.0
1979-06-08,9510,1730.3,0.0,4580.3,48.16,11.18,0.0
1979-06-09,9510,1725.2,0.0,4575.2,48.11,6.63,0.0
1979-06-10,9510,1730.3,0.0,4580.3,48.16,8.3,0.0
1979-06-11,9510,1721.8,0.0,4571.8,48.07,12.14,0.0
1979-06-12,9510,1720.1,0.0,4570.1,48.06,7.28,0.0
1979-06-13,9510,1762.13,0.0,4612.13,48.5,13.51,0.0
1979-06-14,9510,1801.75,0.0,4651.75,48.91,58.62,0.0
1979-06-15,9510,1841.99,0.0,4691.99,49.34,58.28,0.0
1979-06-16,9510,1859.5,0.0,4709.5,49.52,60.47,0.0
1979-06-17,9510,1876.99,0.0,4726.99,49.71,35.96,0.0
1979-06-18,9510,1883.99,0.0,4733.99,49.78,24.66,0.0
1979-06-19,9510,1885.75,0.0,4735.75,49.8,23.81,0.0
1979-06-20,9510,1882.25,0.0,4732.25,49.76,17.8,0.0
1979-06-21,9510,1880.5,0.0,4730.5,49.74,22.55,0.0
1979-06-22,9510,1882.25,0.0,4732.25,49.76,16.99,0.0
1979-06-23,9510,1880.5,0.0,4730.5,49.74,17.23,0.0
1979-06-24,9510,1885.75,0.0,4735.75,49.8,11.29,0.0
1979-06-25,9510,1887.5,0.0,4737.5,49.82,9.59,0.0
1979-06-26,9510,1883.99,0.0,4733.99,49.78,15.99,0.0
1979-06-27,9510,1873.5,0.0,4723.5,49.67,11.83,0.0
1979-06-28,9510,1869.99,0.0,4719.99,49.63,10.15,0.0
1979-06-29,9510,1861.25,0.0,4711.25,49.54,11.69,0.0
1979-06-30,9510,1847.25,0.0,4697.25,49.39,18.0,0.0
1979-07-01,9510,4845.5,0.0,7695.5,80.92,6.55,0.0
1979-07-02,9510,1843.75,0.0,4693.75,49.36,3.47,0.0
1979-07-03,9510,1827.99,0.0,4677.99,49.19,17.79,0.0
1979-07-04,9510,1819.25,0.0,4669.25,49.1,9.29,0.0
1979-07-05,9510,1806.99,0.0,4656.99,48.97,10.91,0.0
1979-07-06,9510,1789.8,0.0,4639.8,48.79,8.95,0.0
1979-07-07,9510,1774.5,0.0,4624.5,48.63,2.58,0.0
1979-07-08,9510,1771.1,0.0,4621.1,48.59,0.93,0.0
1979-07-09,9510,1765.99,0.0,4615.99,48.54,4.44,0.0
1979-07-10,9510,1777.9,0.0,4627.9,48.66,3.84,0.0
1979-07-11,9510,1771.1,0.0,4621.1,48.59,18.64,0.0
1979-07-12,9510,1754.1,0.0,4604.1,48.41,14.75,0.0
1979-07-13,9510,1752.39,0.0,4602.39,48.4,8.83,0.0
1979-07-14,9510,1748.99,0.0,4598.99,48.36,16.49,0.0
1979-07-15,9510,1745.6,0.0,4595.6,48.32,13.38,0.0
1979-07-16,9510,1731.99,0.0,4581.99,48.18,14.68,0.0
1979-07-17,9510,1718.39,0.0,4568.39,48.04,11.92,0.0
1979-07-18,9510,1711.6,0.0,4561.6,47.97,5.85,0.0
1979-07-19,9510,1694.6,0.0,4544.6,47.79,11.79,0.0
1979-07-20,9510,1696.3,0.0,4546.3,47.81,1.29,0.0
1979-07-21,9510,1686.1,0.0,4536.1,47.7,20.94,0.0
1979-07-22,9510,1684.4,0.0,4534.4,47.68,12.77,0.0
1979-07-23,9510,1677.6,0.0,4527.6,47.61,11.07,0.0
1979-07-24,9510,1670.8,0.0,4520.8,47.54,12.94,0.0
1979-07-25,9510,1658.9,0.0,4508.9,47.41,12.28,0.0
1979-07-26,9510,1643.6,0.0,4493.6,47.25,8.92,0.0
1979-07-27,9510,1630.0,0.0,4480.0,47.11,5.4,0.0
1979-07-28,9510,1619.8,0.0,4469.8,47.0,9.04,0.0
1979-07-29,9510,1612.99,0.0,4462.99,46.93,10.22,0.0
1979-07-30,9510,1595.99,0.0,4445.99,46.75,10.13,0.0
1979-07-31,9510,1580.7,0.0,4430.7,46.59,6.88,0.0
1979-08-01,9510,1572.2,0.0,4422.2,46.5,5.78,0.0
1979-08-02,9510,1561.99,0.0,4411.99,46.39,10.81,0.0
1979-08-03,9510,1553.5,0.0,4403.5,46.3,11.12,0.0
1979-08-04,9510,1548.39,0.0,4398.39,46.25,11.38,0.0
1979-08-05,9510,1567.1,0.0,4417.1,46.45,16.7,0.0
1979-08-06,9510,1592.6,0.0,4442.6,46.72,34.92,0.0
1979-08-07,9510,1630.0,0.0,4480.0,47.11,45.83,0.0
1979-08-08,9510,1669.1,0.0,4519.1,47.52,56.82,0.0
1979-08-09,9510,1694.6,0.0,4544.6,47.79,64.9,0.0
1979-08-10,9510,1711.6,0.0,4561.6,47.97,54.48,0.0
1979-08-11,9510,1534.99,0.0,4384.99,46.11,45.2,0.0
1979-08-12,9510,1765.99,0.0,4615.99,48.54,47.87,0.0
1979-08-13,9510,1776.2,0.0,4626.2,48.65,45.09,0.0
1979-08-14,9510,1774.5,0.0,4624.5,48.63,34.32,0.0
1979-08-15,9510,1772.8,0.0,4622.8,48.61,26.28,0.0
1979-08-16,9510,1774.5,0.0,4624.5,48.63,23.31,0.0
1979-08-17,9510,1774.5,0.0,4624.5,48.63,21.46,0.0
1979-08-18,9510,1772.8,0.0,4622.8,48.61,18.99,0.0
1979-08-19,9510,1813.99,0.0,4663.99,49.04,16.34,0.0
1979-08-20,9510,1845.5,0.0,4695.5,49.37,52.52,0.0
1979-08-21,9510,1862.99,0.0,4712.99,49.56,50.1,0.0
1979-08-22,9510,1875.25,0.0,4725.25,49.69,38.91,0.0
1979-08-23,9510,1880.5,0.0,4730.5,49.74,36.74,0.0
1979-08-24,9510,1885.75,0.0,4735.75,49.8,30.76,0.0
1979-08-25,9510,1890.99,0.0,4740.99,49.85,30.34,0.0
1979-08-26,9510,1929.5,0.0,4779.5,50.26,29.5,0.0
1979-08-27,9510,1950.5,0.0,4800.5,50.48,55.47,0.0
1979-08-28,9510,1964.5,0.0,4814.5,50.63,47.18,0.0
1979-08-29,9510,1975.0,0.0,4825.0,50.74,39.64,0.0
1979-08-30,9510,1975.0,0.0,4825.0,50.74,36.39,0.0
1979-08-31,9510,1975.0,0.0,4825.0,50.74,25.43,0.0
1979-09-01,9510,1975.0,0.0,4825.0,50.74,25.95,0.0
1979-09-02,9510,1980.25,0.0,4830.25,50.79,27.06,0.0
1979-09-03,9510,1980.25,0.0,4830.25,50.79,21.35,0.0
1979-09-04,9510,1983.75,0.0,4833.75,50.83,26.04,0.0
1979-09-05,9510,1997.75,0.0,4847.75,50.98,29.72,0.0
1979-09-06,9510,2008.25,0.0,4858.25,51.09,38.18,0.0
1979-09-07,9510,2025.75,0.0,4875.75,51.27,28.26,0.0
1979-09-08,9510,2044.99,0.0,4894.99,51.47,35.78,0.0
1979-09-09,9510,2074.75,0.0,4924.75,51.78,32.78,0.0
1979-09-10,9510,2088.75,0.0,4938.75,51.93,37.17,0.0
1979-09-11,9510,2095.75,0.0,4945.75,52.01,30.6,0.0
1979-09-12,9510,2100.99,0.0,4950.99,52.06,25.7,0.0
1979-09-13,9510,2107.99,0.0,4957.99,52.13,24.08,0.0
1979-09-14,9510,2120.25,0.0,4970.25,52.26,28.61,0.0
1979-09-15,9510,2135.99,0.0,4985.99,52.43,29.28,0.0
1979-09-16,9510,2163.12,0.0,5013.12,52.71,21.31,0.0
1979-09-17,9510,2172.5,0.0,5022.5,52.81,31.23,0.0
1979-09-18,9510,2179.99,0.0,5029.99,52.89,21.44,0.0
1979-09-19,9510,2187.5,0.0,5037.5,52.97,20.8,0.0
1979-09-20,9510,2187.5,0.0,5037.5,52.97,19.13,0.0
1979-09-21,9510,2194.99,0.0,5044.99,53.05,14.11,0.0
1979-09-22,9510,2196.88,0.0,5046.88,53.07,22.57,0.0
1979-09-23,9510,2202.5,0.0,5052.5,53.13,14.98,0.0
1979-09-24,9510,2204.37,0.0,5054.37,53.15,11.94,0.0
1979-09-25,9510,2217.5,0.0,5067.5,53.29,16.01,0.0
1979-09-26,9510,2219.37,0.0,5069.37,53.31,23.22,0.0
1979-09-27,9510,2213.75,0.0,5063.75,53.25,12.87,0.0
1979-09-28,9510,2215.62,0.0,5065.62,53.27,10.85,0.0
1979-09-29,9510,2219.37,0.0,5069.37,53.31,10.51,0.0
1979-09-30,9510,2046.87,0.0,4896.87,51.49,10.73,0.0
1979-10-01,9510,2234.37,0.0,5084.37,53.46,11.47,0.0
1979-10-02,9510,2238.12,0.0,5088.12,53.5,17.58,0.0
1979-10-03,9510,2238.12,0.0,5088.12,53.5,14.41,0.0
1979-10-04,9510,2251.25,0.0,5101.25,53.64,11.27,0.0
1979-10-05,9510,2254.99,0.0,5104.99,53.68,22.86,0.0
1979-10-06,9510,2266.25,0.0,5116.25,53.8,14.58,0.0
1979-10-07,9510,2273.75,0.0,5123.75,53.88,16.62,0.0
1979-10-08,9510,2284.99,0.0,5134.99,54.0,11.32,0.0
1979-10-09,9510,2290.63,0.0,5140.63,54.05,16.11,0.0
1979-10-10,9510,2294.37,0.0,5144.37,54.09,12.12,0.0
1979-10-11,9510,2296.25,0.0,5146.25,54.11,11.78,0.0
1979-10-12,9510,2298.12,0.0,5148.12,54.13,9.37,0.0
1979-10-13,9510,2299.99,0.0,5149.99,54.15,9.32,0.0
1979-10-14,9510,2292.5,0.0,5142.5,54.07,11.03,0.0
1979-10-15,9510,2294.37,0.0,5144.37,54.09,1.75,0.0
1979-10-16,9510,2298.12,0.0,5148.12,54.13,9.97,0.0
1979-10-17,9510,2298.12,0.0,5148.12,54.13,11.24,0.0
1979-10-18,9510,2277.5,0.0,5127.5,53.92,8.25,0.0
1979-10-19,9510,2254.99,0.0,5104.99,53.68,3.21,0.0
1979-10-20,9510,2234.37,0.0,5084.37,53.46,10.69,0.0
1979-10-21,9510,2221.25,0.0,5071.25,53.33,4.98,0.0
1979-10-22,9510,2200.62,0.0,5050.62,53.11,5.78,0.0
1979-10-23,9510,2191.25,0.0,5041.25,53.01,4.99,0.0
1979-10-24,9510,2176.25,0.0,5026.25,52.85,6.71,0.0
1979-10-25,9510,2161.25,0.0,5011.25,52.69,10.03,0.0
1979-10-26,9510,2139.5,0.0,4989.5,52.47,9.79,0.0
1979-10-27,9510,2118.5,0.0,4968.5,52.25,7.64,0.0
1979-10-28,9510,2108.75,0.0,4958.75,52.14,4.97,0.0
1979-10-29,9510,2085.25,0.0,4935.25,51.9,15.86,0.0
1979-10-30,9510,2067.75,0.0,4917.75,51.71,2.91,0.0
1979-10-31,9510,2050.25,0.0,4900.25,51.53,7.87,0.0
1979-11-01,9510,2032.75,0.0,4882.75,51.34,6.46,0.0
1979-11-02,9510,2015.25,0.0,4865.25,51.16,5.79,0.0
1979-11-03,9510,1997.75,0.0,4847.75,50.98,6.98,0.0
1979-11-04,9510,1987.25,0.0,4837.25,50.86,5.43,0.0
1979-11-05,9510,1964.5,0.0,4814.5,50.63,1.66,0.0
1979-11-06,9510,1943.5,0.0,4793.5,50.4,1.28,0.0
1979-11-07,9510,1927.75,0.0,4777.75,50.24,3.94,0.0
1979-11-08,9510,1917.25,0.0,4767.25,50.13,9.66,0.0
1979-11-09,9510,1892.75,0.0,4742.75,49.87,13.77,0.0
1979-11-10,9510,1871.75,0.0,4721.75,49.65,4.16,0.0
1979-11-11,9510,1855.99,0.0,4705.99,49.48,4.2,0.0
1979-11-12,9510,1834.99,0.0,4684.99,49.26,7.75,0.0
1979-11-13,9510,1822.75,0.0,4672.75,49.14,4.31,0.0
1979-11-14,9510,1801.75,0.0,4651.75,48.91,7.99,0.0
1979-11-15,9510,1782.99,0.0,4632.99,48.72,3.44,0.0
1979-11-16,9510,1767.7,0.0,4617.7,48.56,2.7,0.0
1979-11-17,9510,1762.6,0.0,4612.6,48.5,5.57,0.0
1979-11-18,9510,1755.8,0.0,4605.8,48.43,7.2,0.0
1979-11-19,9510,1747.3,0.0,4597.3,48.34,2.09,0.0
1979-11-20,9510,1737.1,0.0,4587.1,48.23,3.98,0.0
1979-11-21,9510,1725.2,0.0,4575.2,48.11,3.21,0.0
1979-11-22,9510,1718.39,0.0,4568.39,48.04,2.32,0.0
1979-11-23,9510,1708.2,0.0,4558.2,47.93,6.6,0.0
1979-11-24,9510,1701.4,0.0,4551.4,47.86,2.27,0.0
1979-11-25,9510,1694.6,0.0,4544.6,47.79,4.35,0.0
1979-11-26,9510,1687.8,0.0,4537.8,47.72,3.35,0.0
1979-11-27,9510,1679.3,0.0,4529.3,47.63,6.11,0.0
1979-11-28,9510,1672.5,0.0,4522.5,47.56,4.61,0.0
1979-11-29,9510,1663.99,0.0,4513.99,47.47,3.29,0.0
1979-11-30,9510,1658.9,0.0,4508.9,47.41,1.95,0.0
1979-12-01,9510,1652.1,0.0,4502.1,47.34,5.92,0.0
1979-12-02,9510,1645.3,0.0,4495.3,47.27,2.54,0.0
1979-12-03,9510,1640.2,0.0,4490.2,47.22,1.87,0.0
1979-12-04,9510,1633.39,0.0,4483.39,47.14,5.56,0.0
1979-12-05,9510,1631.7,0.0,4481.7,47.13,5.71,0.0
1979-12-06,9510,1616.4,0.0,4466.4,46.97,5.68,0.0
1979-12-07,9510,1606.2,0.0,4456.2,46.86,1.21,0.0
1979-12-08,9510,1601.1,0.0,4451.1,46.8,1.69,0.0
1979-12-09,9510,1595.99,0.0,4445.99,46.75,5.6,0.0
1979-12-10,9510,1590.89,0.0,4440.89,46.7,0.92,0.0
1979-12-11,9510,1575.6,0.0,4425.6,46.54,3.46,0.0
1979-12-12,9510,1560.3,0.0,4410.3,46.38,1.53,0.0
1979-12-13,9510,1545.0,0.0,4395.0,46.21,4.2,0.0
1979-12-14,9510,1533.1,0.0,4383.1,46.09,2.56,0.0
1979-12-15,9510,1526.3,0.0,4376.3,46.02,0.41,0.0
1979-12-16,9510,1527.99,0.0,4377.99,46.04,0.08,0.0
1979-12-17,9510,1524.6,0.0,4374.6,46.0,8.79,0.0
1979-12-18,9510,1517.8,0.0,4367.8,45.93,4.85,0.0
1979-12-19,9510,1507.6,0.0,4357.6,45.82,3.95,0.0
1979-12-20,9510,1500.8,0.0,4350.8,45.75,1.58,0.0
1979-12-21,9510,1487.2,0.0,4337.2,45.61,6.28,0.0
1979-12-22,9510,1468.5,0.0,4318.5,45.41,0.28,0.0
1979-12-23,9510,1458.45,0.0,4308.45,45.3,4.53,0.0
1979-12-24,9510,1452.25,0.0,4302.25,45.24,2.11,0.0
1979-12-25,9510,1447.6,0.0,4297.6,45.19,2.06,0.0
1979-12-26,9510,1442.95,0.0,4292.95,45.14,2.8,0.0
1979-12-27,9510,1438.3,0.0,4288.3,45.09,2.94,0.0
1979-12-28,9510,1433.64,0.0,4283.64,45.04,3.69,0.0
1979-12-29,9510,1428.99,0.0,4278.99,44.99,1.55,0.0
1979-12-30,9510,1428.99,0.0,4278.99,44.99,0.25,0.0
1979-12-31,9510,1425.9,0.0,4275.9,44.96,2.12,0.0
1980-01-01,9510,1424.35,0.0,4274.35,44.95,0.35,0.0
1980-01-02,9510,1421.25,0.0,4271.25,44.91,3.2,0.0
1980-01-03,9510,1415.05,0.0,4265.05,44.85,0.0,0.0
1980-01-04,9510,1411.95,0.0,4261.95,44.82,3.55,0.0
1980-01-05,9510,1408.85,0.0,4258.85,44.78,3.17,0.0
1980-01-06,9510,1405.75,0.0,4255.75,44.75,3.12,0.0
1980-01-07,9510,1402.64,0.0,4252.64,44.72,3.34,0.0
1980-01-08,9510,1399.55,0.0,4249.55,44.69,2.39,0.0
1980-01-09,9510,1396.45,0.0,4246.45,44.65,1.94,0.0
1980-01-10,9510,1393.35,0.0,4243.35,44.62,3.01,0.0
1980-01-11,9510,1388.7,0.0,4238.7,44.57,1.4,0.0
1980-01-12,9510,1384.05,0.0,4234.05,44.52,6.47,0.0
1980-01-13,9510,1376.3,0.0,4226.3,44.44,1.88,0.0
1980-01-14,9510,1370.1,0.0,4220.1,44.38,7.85,0.0
1980-01-15,9510,1359.25,0.0,4209.25,44.26,3.96,0.0
1980-01-16,9510,1349.95,0.0,4199.95,44.16,4.82,0.0
1980-01-17,9510,1339.1,0.0,4189.1,44.05,2.17,0.0
1980-01-18,9510,1329.8,0.0,4179.8,43.95,2.44,0.0
1980-01-19,9510,1322.05,0.0,4172.05,43.87,0.02,0.0
1980-01-20,9510,1318.95,0.0,4168.95,43.84,2.21,0.0
1980-01-21,9510,1311.2,0.0,4161.2,43.76,1.03,0.0
1980-01-22,9510,1305.0,0.0,4155.0,43.69,3.77,0.0
1980-01-23,9510,1301.9,0.0,4151.9,43.66,2.87,0.0
1980-01-24,9510,1298.8,0.0,4148.8,43.63,4.65,0.0
1980-01-25,9510,1295.7,0.0,4145.7,43.59,6.56,0.0
1980-01-26,9510,1295.7,0.0,4145.7,43.59,1.19,0.0
1980-01-27,9510,1297.25,0.0,4147.25,43.61,2.15,0.0
1980-01-28,9510,1295.7,0.0,4145.7,43.59,4.14,0.0
1980-01-29,9510,1292.13,0.0,4142.13,43.56,3.03,0.0
1980-01-30,9510,1291.05,0.0,4141.05,43.54,4.31,0.0
1980-01-31,9510,1289.5,0.0,4139.5,43.53,4.71,0.0
1980-02-01,9510,1281.75,0.0,4131.75,43.45,1.0,0.0
1980-02-02,9510,1275.55,0.0,4125.55,43.38,1.07,0.0
1980-02-03,9510,1273.99,0.0,4123.99,43.36,3.6,0.0
1980-02-04,9510,1264.7,0.0,4114.7,43.27,0.85,0.0
1980-02-05,9510,1256.95,0.0,4106.95,43.19,3.92,0.0
1980-02-06,9510,1255.4,0.0,4105.4,43.17,6.89,0.0
1980-02-07,9510,1247.64,0.0,4097.64,43.09,0.29,0.0
1980-02-08,9510,1241.45,0.0,4091.45,43.02,0.84,0.0
1980-02-09,9510,1236.8,0.0,4086.8,42.97,1.14,0.0
1980-02-10,9510,1232.15,0.0,4082.15,42.92,0.14,0.0
1980-02-11,9510,1225.95,0.0,4075.95,42.86,0.81,0.0
1980-02-12,9510,1218.2,0.0,4068.2,42.78,0.5,0.0
1980-02-13,9510,1207.35,0.0,4057.35,42.66,1.8,0.0
1980-02-14,9510,1205.8,0.0,4055.8,42.65,4.51,0.0
1980-02-15,9510,1204.25,0.0,4054.25,42.63,2.75,0.0
1980-02-16,9510,1201.15,0.0,4051.15,42.6,0.64,0.0
1980-02-17,9510,1198.05,0.0,4048.05,42.57,1.13,0.0
1980-02-18,9510,1194.95,0.0,4044.95,42.53,0.91,0.0
1980-02-19,9510,1189.75,0.0,4039.75,42.48,1.59,0.0
1980-02-20,9510,1184.1,0.0,4034.1,42.42,0.03,0.0
1980-02-21,9510,1179.45,0.0,4029.45,42.37,1.43,0.0
1980-02-22,9510,1173.25,0.0,4023.25,42.31,0.56,0.0
1980-02-23,9510,1168.6,0.0,4018.6,42.26,1.52,0.0
1980-02-24,9510,1163.95,0.0,4013.95,42.21,1.56,0.0
1980-02-25,9510,1159.06,0.0,4009.06,42.16,1.55,0.0
1980-02-26,9510,1153.1,0.0,4003.1,42.09,0.49,0.0
1980-02-27,9510,1146.75,0.0,3996.75,42.03,0.81,0.0
1980-02-28,9510,1141.87,0.0,3991.87,41.98,1.15,0.0
1980-03-01,9510,1128.87,0.0,3978.87,41.84,0.0,0.0
1980-03-02,9510,1125.62,0.0,3975.62,41.8,1.61,0.0
1980-03-03,9510,1120.75,0.0,3970.75,41.75,1.56,0.0
1980-03-04,9510,1117.5,0.0,3967.5,41.72,2.67,0.0
1980-03-05,9510,1114.25,0.0,3964.25,41.69,3.1,0.0
1980-03-06,9510,1109.37,0.0,3959.37,41.63,3.6,0.0
1980-03-07,9510,1104.5,0.0,3954.5,41.58,3.69,0.0
1980-03-08,9510,1101.25,0.0,3951.25,41.55,2.79,0.0
1980-03-09,9510,1097.99,0.0,3947.99,41.51,2.63,0.0
1980-03-10,9510,1091.5,0.0,3941.5,41.45,3.1,0.0
1980-03-11,9510,1081.75,0.0,3931.75,41.34,0.88,0.0
1980-03-12,9510,1073.62,0.0,3923.62,41.26,2.63,0.0
1980-03-13,9510,1067.12,0.0,3917.12,41.19,4.72,0.0
1980-03-14,9510,1057.37,0.0,3907.37,41.09,1.42,0.0
1980-03-15,9510,1050.87,0.0,3900.87,41.02,4.19,0.0
1980-03-16,9510,1044.37,0.0,3894.37,40.95,0.93,0.0
1980-03-17,9510,1034.62,0.0,3884.62,40.85,1.6,0.0
1980-03-18,9510,1026.5,0.0,3876.5,40.76,3.36,0.0
1980-03-19,9510,1019.99,0.0,3869.99,40.69,4.03,0.0
1980-03-20,9510,1015.12,0.0,3865.12,40.64,6.55,0.0
1980-03-21,9510,1010.25,0.0,3860.25,40.59,7.71,0.0
1980-03-22,9510,1000.5,0.0,3850.5,40.49,1.38,0.0
1980-03-23,9510,992.37,0.0,3842.37,40.4,0.31,0.0
1980-03-24,9510,980.99,0.0,3830.99,40.28,0.43,0.0
1980-03-25,9510,967.99,0.0,3817.99,40.15,0.07,0.0
1980-03-26,9510,956.62,0.0,3806.62,40.03,2.09,0.0
1980-03-27,9510,945.25,0.0,3795.25,39.91,0.64,0.0
1980-03-28,9510,933.87,0.0,3783.87,39.79,0.51,0.0
1980-03-29,9510,927.37,0.0,3777.37,39.72,4.7,0.0
1980-03-30,9510,922.5,0.0,3772.5,39.67,3.61,0.0
1980-03-31,9510,911.12,0.0,3761.12,39.55,1.59,0.0
1980-04-01,9510,896.5,0.0,3746.5,39.4,0.0,0.0
1980-04-02,9510,886.75,0.0,3736.75,39.29,0.0,0.0
1980-04-03,9510,875.37,0.0,3725.37,39.17,0.79,0.0
1980-04-04,9510,863.99,0.0,3713.99,39.05,1.18,0.0
1980-04-05,9510,862.37,0.0,3712.37,39.04,7.76,0.0
1980-04-06,9510,852.62,0.0,3702.62,38.93,1.12,0.0
1980-04-07,9510,844.5,0.0,3694.5,38.85,0.0,0.0
1980-04-08,9510,839.62,0.0,3689.62,38.8,8.83,0.0
1980-04-09,9510,829.87,0.0,3679.87,38.69,1.6,0.0
1980-04-10,9510,819.3,0.0,3669.3,38.58,1.42,0.0
1980-04-11,9510,810.75,0.0,3660.75,38.49,1.4,0.0
1980-04-12,9510,806.47,0.0,3656.47,38.45,0.67,0.0
1980-04-13,9510,800.77,0.0,3650.77,38.39,1.06,0.0
1980-04-14,9510,790.8,0.0,3640.8,38.28,0.43,0.0
1980-04-15,9510,779.4,0.0,3629.4,38.16,0.53,0.0
1980-04-16,9510,767.99,0.0,3617.99,38.04,0.05,0.0
1980-04-17,9510,758.02,0.0,3608.02,37.94,0.44,0.0
1980-04-18,9510,749.47,0.0,3599.47,37.85,2.0,0.0
1980-04-19,9510,740.92,0.0,3590.92,37.76,2.39,0.0
1980-04-20,9510,733.8,0.0,3583.8,37.68,0.96,0.0
1980-04-21,9510,725.25,0.0,3575.25,37.59,2.65,0.0
1980-04-22,9510,716.7,0.0,3566.7,37.5,3.04,0.0
1980-04-23,9510,708.15,0.0,3558.15,37.41,1.08,0.0
1980-04-24,9510,698.17,0.0,3548.17,37.31,2.08,0.0
1980-04-25,9510,691.05,0.0,3541.05,37.24,4.75,0.0
1980-04-26,9510,682.5,0.0,3532.5,37.15,3.39,0.0
1980-04-27,9510,678.22,0.0,3528.22,37.1,5.6,0.0
1980-04-28,9510,671.1,0.0,3521.1,37.03,5.5,0.0
1980-04-29,9510,665.4,0.0,3515.4,36.97,6.88,0.0
1980-04-30,9510,655.42,0.0,3505.42,36.86,1.41,0.0
1980-05-01,9510,648.3,0.0,3498.3,36.79,2.45,0.0
1980-05-02,9510,639.75,0.0,3489.75,36.7,2.15,0.0
1980-05-03,9510,628.35,0.0,3478.35,36.58,5.35,0.0
1980-05-04,9510,624.07,0.0,3474.07,36.53,2.98,0.0
1980-05-05,9510,615.52,0.0,3465.52,36.44,0.97,0.0
1980-05-06,9510,602.7,0.0,3452.7,36.31,2.43,0.0
1980-05-07,9510,589.87,0.0,3439.87,36.17,1.17,0.0
1980-05-08,9510,578.47,0.0,3428.47,36.05,5.09,0.0
1980-05-09,9510,565.65,0.0,3415.65,35.92,3.66,0.0
1980-05-10,9510,562.8,0.0,3412.8,35.89,9.49,0.0
1980-05-11,9510,562.8,0.0,3412.8,35.89,3.59,0.0
1980-05-12,9510,559.95,0.0,3409.95,35.86,9.46,0.0
1980-05-13,9510,548.55,0.0,3398.55,35.74,1.7,0.0
1980-05-14,9510,528.4,0.0,3378.4,35.52,4.05,0.0
1980-05-15,9510,509.55,0.0,3359.55,35.33,3.66,0.0
1980-05-16,9510,496.5,0.0,3346.5,35.19,1.85,0.0
1980-05-17,9510,493.6,0.0,3343.6,35.16,4.1,0.0
1980-05-18,9510,492.15,0.0,3342.15,35.14,1.16,0.0
1980-05-19,9510,487.8,0.0,3337.8,35.1,1.87,0.0
1980-05-20,9510,483.45,0.0,3333.45,35.05,2.53,0.0
1980-05-21,9510,476.2,0.0,3326.2,34.98,3.58,0.0
1980-05-22,9510,468.95,0.0,3318.95,34.9,0.83,0.0
1980-05-23,9510,467.5,0.0,3317.5,34.88,8.55,0.0
1980-05-24,9510,464.6,0.0,3314.6,34.85,3.26,0.0
1980-05-25,9510,464.6,0.0,3314.6,34.85,7.12,0.0
1980-05-26,9510,457.35,0.0,3307.35,34.78,1.95,0.0
1980-05-27,9510,454.45,0.0,3304.45,34.75,8.06,0.0
1980-05-28,9510,454.45,0.0,3304.45,34.75,5.71,0.0
1980-05-29,9510,460.25,0.0,3310.25,34.81,7.86,0.0
1980-05-30,9510,458.8,0.0,3308.8,34.79,8.08,0.0
1980-05-31,9510,450.1,0.0,3300.1,34.7,5.4,0.0
1980-06-01,9510,450.1,0.0,3300.1,34.7,0.62,0.0
1980-06-02,9510,447.2,0.0,3297.2,34.67,7.99,0.0
1980-06-03,9510,444.3,0.0,3294.3,34.64,6.35,0.0
1980-06-04,9510,452.99,0.0,3302.99,34.73,17.48,0.0
1980-06-05,9510,457.35,0.0,3307.35,34.78,13.01,0.0
1980-06-06,9510,457.35,0.0,3307.35,34.78,11.62,0.0
1980-06-07,9510,451.55,0.0,3301.55,34.72,10.43,0.0
1980-06-08,9510,444.3,0.0,3294.3,34.64,6.35,0.0
1980-06-09,9510,434.15,0.0,3284.15,34.53,3.89,0.0
1980-06-10,9510,423.99,0.0,3273.99,34.43,1.48,0.0
1980-06-11,9510,423.99,0.0,3273.99,34.43,6.23,0.0
1980-06-12,9510,421.1,0.0,3271.1,34.4,2.16,0.0
1980-06-13,9510,421.1,0.0,3271.1,34.4,12.94,0.0
1980-06-14,9510,421.1,0.0,3271.1,34.4,7.92,0.0
1980-06-15,9510,431.25,0.0,3281.25,34.5,13.03,0.0
1980-06-16,9510,435.6,0.0,3285.6,34.55,9.94,0.0
1980-06-17,9510,445.75,0.0,3295.75,34.66,15.17,0.0
1980-06-18,9510,455.9,0.0,3305.9,34.76,15.92,0.0
1980-06-19,9510,468.95,0.0,3318.95,34.9,17.5,0.0
1980-06-20,9510,480.55,0.0,3330.55,35.02,16.02,0.0
1980-06-21,9510,495.05,0.0,3345.05,35.17,15.84,0.0
1980-06-22,9510,503.75,0.0,3353.75,35.27,9.33,0.0
1980-06-23,9510,510.99,0.0,3360.99,35.34,11.23,0.0
1980-06-24,9510,516.8,0.0,3366.8,35.4,10.54,0.0
1980-06-25,9510,518.25,0.0,3368.25,35.42,8.79,0.0
1980-06-26,9510,534.2,0.0,3384.2,35.59,24.0,0.0
1980-06-27,9510,559.95,0.0,3409.95,35.86,29.93,0.0
1980-06-28,9510,588.45,0.0,3438.45,36.16,35.07,0.0
1980-06-29,9510,611.25,0.0,3461.25,36.4,24.57,0.0
1980-06-30,9510,625.5,0.0,3475.5,36.55,16.88,0.0
1980-07-01,9510,635.47,0.0,3485.47,36.65,13.71,0.0
1980-07-02,9510,641.17,0.0,3491.17,36.71,11.03,0.0
1980-07-03,9510,646.88,0.0,3496.88,36.77,11.48,0.0
1980-07-04,9510,648.4,0.0,3498.4,36.79,9.55,0.0
1980-07-05,9510,651.15,0.0,3501.15,36.82,7.09,0.0
1980-07-06,9510,655.42,0.0,3505.42,36.86,5.82,0.0
1980-07-07,9510,658.27,0.0,3508.27,36.89,9.55,0.0
1980-07-08,9510,658.27,0.0,3508.27,36.89,4.61,0.0
1980-07-09,9510,655.42,0.0,3505.42,36.86,10.06,0.0
1980-07-10,9510,653.99,0.0,3503.99,36.85,1.77,0.0
1980-07-11,9510,648.06,0.0,3498.06,36.78,5.63,0.0
1980-07-12,9510,646.58,0.0,3496.58,36.77,2.24,0.0
1980-07-13,9510,649.72,0.0,3499.72,36.8,5.89,0.0
1980-07-14,9510,648.3,0.0,3498.3,36.79,4.54,0.0
1980-07-15,9510,646.88,0.0,3496.88,36.77,7.6,0.0
1980-07-16,9510,645.45,0.0,3495.45,36.76,5.38,0.0
1980-07-17,9510,638.32,0.0,3488.32,36.68,4.95,0.0
1980-07-18,9510,636.9,0.0,3486.9,36.67,3.85,0.0
1980-07-19,9510,642.6,0.0,3492.6,36.73,9.65,0.0
1980-07-20,9510,675.37,0.0,3525.37,37.07,34.37,0.0
1980-07-21,9510,738.07,0.0,3588.07,37.73,67.28,0.0
1980-07-22,9510,785.1,0.0,3635.1,38.22,56.92,0.0
1980-07-23,9510,813.6,0.0,3663.6,38.52,40.57,0.0
1980-07-24,9510,847.75,0.0,3697.75,38.88,47.54,0.0
1980-07-25,9510,941.99,0.0,3791.99,39.87,107.88,0.0
1980-07-26,9510,1021.62,0.0,3871.62,40.71,84.98,0.0
1980-07-27,9510,1096.37,0.0,3946.37,41.5,76.23,0.0
1980-07-28,9510,1230.6,0.0,4080.6,42.91,134.95,0.0
1980-07-29,9510,1346.85,0.0,4196.85,44.13,124.66,0.0
1980-07-30,9510,1430.55,0.0,4280.55,45.01,97.7,0.0
1980-07-31,9510,1485.5,0.0,4335.5,45.59,61.6,0.0
1980-08-01,9510,1539.9,0.0,4389.9,46.16,58.66,0.0
1980-08-02,9510,1577.3,0.0,4427.3,46.55,44.31,0.0
1980-08-03,9510,1618.1,0.0,4468.1,46.98,44.47,0.0
1980-08-04,9510,1645.3,0.0,4495.3,47.27,34.26,0.0
1980-08-05,9510,1667.39,0.0,4517.39,47.5,29.38,0.0
1980-08-06,9510,1686.1,0.0,4536.1,47.7,27.91,0.0
1980-08-07,9510,1716.7,0.0,4566.7,48.02,38.74,0.0
1980-08-08,9510,1743.9,0.0,4593.9,48.31,31.4,0.0
1980-08-09,9510,1748.99,0.0,4598.99,48.36,13.55,0.0
1980-08-10,9510,1747.3,0.0,4597.3,48.34,0.66,0.0
1980-08-11,9510,1810.5,0.0,4660.5,49.01,67.05,0.0
1980-08-12,9510,1813.99,0.0,4663.99,49.04,4.05,0.0
1980-08-13,9510,1840.25,0.0,4690.25,49.32,28.83,0.0
1980-08-14,9510,1859.5,0.0,4709.5,49.52,25.26,0.0
1980-08-15,9510,1873.5,0.0,4723.5,49.67,18.88,0.0
1980-08-16,9510,1883.99,0.0,4733.99,49.78,15.25,0.0
1980-08-17,9510,1897.99,0.0,4747.99,49.93,14.71,0.0
1980-08-18,9510,1908.5,0.0,4758.5,50.04,15.45,0.0
1980-08-19,9510,1918.99,0.0,4768.99,50.15,18.6,0.0
1980-08-20,9510,1939.99,0.0,4789.99,50.37,28.37,0.0
1980-08-21,9510,1967.99,0.0,4817.99,50.66,33.93,0.0
1980-08-22,9510,1995.99,0.0,4845.99,50.96,31.75,0.0
1980-08-23,9510,2018.75,0.0,4868.75,51.2,23.91,0.0
1980-08-24,9510,2093.99,0.0,4943.99,51.99,76.11,0.0
1980-08-25,9510,2185.62,0.0,5035.62,52.95,92.73,0.0
1980-08-26,9510,2260.62,0.0,5110.62,53.74,77.95,0.0
1980-08-27,9510,2307.5,0.0,5157.5,54.23,53.37,0.0
1980-08-28,9510,2348.75,0.0,5198.75,54.67,46.11,0.0
1980-08-29,9510,2376.57,0.0,5226.57,54.96,34.82,0.0
1980-08-30,9510,2401.25,0.0,5251.25,55.22,39.89,0.0
1980-08-31,9510,2459.37,0.0,5309.37,55.83,59.29,0.0
1980-09-01,9510,2533.5,0.0,5383.5,56.61,80.09,0.0
1980-09-02,9510,2641.87,0.0,5491.87,57.75,116.16,0.0
1980-09-03,9510,2756.62,0.0,5606.62,58.95,125.03,0.0
1980-09-04,9510,2922.37,0.0,5772.37,60.7,173.8,0.0
1980-09-05,9510,3108.39,0.0,5958.39,62.65,193.23,0.0
1980-09-06,9510,3290.99,0.0,6140.99,64.57,195.06,0.0
1980-09-07,9510,3463.8,0.0,6313.8,66.39,175.66,0.0
1980-09-08,9510,3547.85,0.0,6397.85,67.27,106.94,0.0
1980-09-09,9510,3615.5,0.0,6465.5,67.99,85.86,0.0
1980-09-10,9510,3664.7,0.0,6514.7,68.5,58.28,0.0
1980-09-11,9510,3732.35,0.0,6582.35,69.22,79.88,0.0
1980-09-12,9510,3783.13,0.0,6633.13,69.75,59.99,0.0
1980-09-13,9510,3839.99,0.0,6689.99,70.35,63.4,0.0
1980-09-14,9510,3914.99,0.0,6764.99,71.14,75.98,0.0
1980-09-15,9510,3989.99,0.0,6839.99,71.92,84.88,0.0
1980-09-16,9510,4059.99,0.0,6909.99,72.66,84.23,0.0
1980-09-17,9510,4154.99,0.0,7004.99,73.66,108.98,0.0
1980-09-18,9510,4232.5,0.0,7082.5,74.47,91.24,0.0
1980-09-19,9510,4284.99,0.0,7134.99,75.03,67.66,0.0
1980-09-20,9510,4306.9,0.0,7156.9,75.26,51.3,0.0
1980-09-21,9510,4341.39,0.0,7191.39,75.62,47.87,0.0
1980-09-22,9510,4368.99,0.0,7218.99,75.91,40.56,0.0
1980-09-23,9510,4401.19,0.0,7251.19,76.25,41.27,0.0
1980-09-24,9510,4433.39,0.0,7283.39,76.59,38.09,0.0
1980-09-25,9510,4454.98,0.0,7304.98,76.81,30.25,0.0
1980-09-26,9510,4486.3,0.0,7336.3,77.14,40.21,0.0
1980-09-27,9510,4509.3,0.0,7359.3,77.38,26.39,0.0
1980-09-28,9510,4534.13,0.0,7384.13,77.65,26.86,0.0
1980-09-29,9510,4557.13,0.0,7407.13,77.89,31.84,0.0
1980-09-30,9510,4578.3,0.0,7428.3,78.11,26.27,0.0
1980-10-01,9510,4596.7,0.0,7446.7,78.3,24.71,0.0
1980-10-02,9510,4619.7,0.0,7469.7,78.55,28.16,0.0
1980-10-03,9510,4631.2,0.0,7481.2,78.67,22.11,0.0
1980-10-04,9510,4631.2,0.0,7481.2,78.67,22.09,0.0
1980-10-05,9510,4635.8,0.0,7485.8,78.72,11.42,0.0
1980-10-06,9510,4642.7,0.0,7492.7,78.79,27.91,0.0
1980-10-07,9510,4649.13,0.0,7499.13,78.86,17.65,0.0
1980-10-08,9510,4656.5,0.0,7506.5,78.93,18.57,0.0
1980-10-09,9510,4667.99,0.0,7517.99,79.05,18.15,0.0
1980-10-10,9510,4681.8,0.0,7531.8,79.2,25.95,0.0
1980-10-11,9510,4686.39,0.0,7536.39,79.25,13.18,0.0
1980-10-12,9510,4704.8,0.0,7554.8,79.44,20.08,0.0
1980-10-13,9510,4709.4,0.0,7559.4,79.49,14.75,0.0
1980-10-14,9510,4713.99,0.0,7563.99,79.54,14.27,0.0
1980-10-15,9510,4713.99,0.0,7563.99,79.54,22.16,0.0
1980-10-16,9510,4711.7,0.0,7561.7,79.51,9.94,0.0
1980-10-17,9510,4711.7,0.0,7561.7,79.51,13.46,0.0
1980-10-18,9510,4709.4,0.0,7559.4,79.49,22.76,0.0
1980-10-19,9510,4711.7,0.0,7561.7,79.51,9.91,0.0
1980-10-20,9510,4711.7,0.0,7561.7,79.51,23.59,0.0
1980-10-21,9510,4704.8,0.0,7554.8,79.44,11.45,0.0
1980-10-22,9510,4702.5,0.0,7552.5,79.42,4.69,0.0
1980-10-23,9510,4713.99,0.0,7563.99,79.54,12.52,0.0
1980-10-24,9510,4732.39,0.0,7582.39,79.73,25.99,0.0
1980-10-25,9510,4739.3,0.0,7589.3,79.8,10.59,0.0
1980-10-26,9510,4753.09,0.0,7603.09,79.95,14.55,0.0
1980-10-27,9510,4750.8,0.0,7600.8,79.92,12.82,0.0
1980-10-28,9510,4748.5,0.0,7598.5,79.9,7.7,0.0
1980-10-29,9510,4746.2,0.0,7596.2,79.88,2.21,0.0
1980-10-30,9510,4753.09,0.0,7603.09,79.95,12.77,0.0
1980-10-31,9510,4753.09,0.0,7603.09,79.95,7.52,0.0
1980-11-01,9510,4762.3,0.0,7612.3,80.05,13.18,0.0
1980-11-02,9510,4771.5,0.0,7621.5,80.14,10.37,0.0
1980-11-03,9510,4778.39,0.0,7628.39,80.21,12.92,0.0
1980-11-04,9510,4780.7,0.0,7630.7,80.24,7.04,0.0
1980-11-05,9510,4785.29,0.0,7635.29,80.29,12.15,0.0
1980-11-06,9510,4785.29,0.0,7635.29,80.29,6.39,0.0
1980-11-07,9510,4785.29,0.0,7635.29,80.29,8.24,0.0
1980-11-08,9510,4787.6,0.0,7637.6,80.31,13.62,0.0
1980-11-09,9510,4787.6,0.0,7637.6,80.31,2.89,0.0
1980-11-10,9510,4785.29,0.0,7635.29,80.29,3.47,0.0
1980-11-11,9510,4787.6,0.0,7637.6,80.31,6.57,0.0
1980-11-12,9510,4787.6,0.0,7637.6,80.31,6.4,0.0
1980-11-13,9510,4789.29,0.0,7639.29,80.33,8.07,0.0
1980-11-14,9510,4792.2,0.0,7642.2,80.36,7.32,0.0
1980-11-15,9510,4792.2,0.0,7642.2,80.36,5.92,0.0
1980-11-16,9510,4792.2,0.0,7642.2,80.36,1.76,0.0
1980-11-17,9510,4796.8,0.0,7646.8,80.41,13.3,0.0
1980-11-18,9510,4799.1,0.0,7649.1,80.43,15.3,0.0
1980-11-19,9510,4792.2,0.0,7642.2,80.36,5.45,0.0
1980-11-20,9510,4785.29,0.0,7635.29,80.29,9.07,0.0
1980-11-21,9510,4776.1,0.0,7626.1,80.19,7.27,0.0
1980-11-22,9510,4771.5,0.0,7621.5,80.14,0.86,0.0
1980-11-23,9510,4769.2,0.0,7619.2,80.12,1.73,0.0
1980-11-24,9510,4762.3,0.0,7612.3,80.05,7.98,0.0
1980-11-25,9510,4757.7,0.0,7607.7,80.0,5.15,0.0
1980-11-26,9510,4755.4,0.0,7605.4,79.97,6.48,0.0
1980-11-27,9510,4748.5,0.0,7598.5,79.9,6.66,0.0
1980-11-28,9510,4746.2,0.0,7596.2,79.88,8.14,0.0
1980-11-29,9510,4746.2,0.0,7596.2,79.88,7.52,0.0
1980-11-30,9510,4746.2,0.0,7596.2,79.88,1.88,0.0
1980-12-01,9510,4746.2,0.0,7596.2,79.88,12.07,0.0
1980-12-02,9510,4739.3,0.0,7589.3,79.8,5.41,0.0
1980-12-03,9510,4732.39,0.0,7582.39,79.73,4.27,0.0
1980-12-04,9510,4725.5,0.0,7575.5,79.66,3.13,0.0
1980-12-05,9510,4725.5,0.0,7575.5,79.66,3.87,0.0
1980-12-06,9510,4720.89,0.0,7570.89,79.61,8.91,0.0
1980-12-07,9510,4716.3,0.0,7566.3,79.56,5.94,0.0
1980-12-08,9510,4700.2,0.0,7550.2,79.39,5.59,0.0
1980-12-09,9510,4688.7,0.0,7538.7,79.27,4.21,0.0
1980-12-10,9510,4684.1,0.0,7534.1,79.22,0.44,0.0
1980-12-11,9510,4679.5,0.0,7529.5,79.17,1.28,0.0
1980-12-12,9510,4672.6,0.0,7522.6,79.1,4.59,0.0
1980-12-13,9510,4661.1,0.0,7511.1,78.98,2.72,0.0
1980-12-14,9510,4658.8,0.0,7508.8,78.96,1.8,0.0
1980-12-15,9510,4656.5,0.0,7506.5,78.93,13.83,0.0
1980-12-16,9510,4647.3,0.0,7497.3,78.84,12.41,0.0
1980-12-17,9510,4631.2,0.0,7481.2,78.67,5.38,0.0
1980-12-18,9510,4621.99,0.0,7471.99,78.57,1.58,0.0
1980-12-19,9510,4615.1,0.0,7465.1,78.5,1.19,0.0
1980-12-20,9510,4610.5,0.0,7460.5,78.45,1.05,0.0
1980-12-21,9510,4610.5,0.0,7460.5,78.45,1.26,0.0
1980-12-22,9510,4608.2,0.0,7458.2,78.42,0.06,0.0
1980-12-23,9510,4603.6,0.0,7453.6,78.38,0.22,0.0
1980-12-24,9510,4603.6,0.0,7453.6,78.38,4.63,0.0
1980-12-25,9510,4603.6,0.0,7453.6,78.38,4.92,0.0
1980-12-26,9510,4605.89,0.0,7455.89,78.4,7.02,0.0
1980-12-27,9510,4603.6,0.0,7453.6,78.38,2.47,0.0
1980-12-28,9510,4603.6,0.0,7453.6,78.38,4.52,0.0
1980-12-29,9510,4601.3,0.0,7451.3,78.35,3.64,0.0
1980-12-30,9510,4598.99,0.0,7448.99,78.33,3.01,0.0
1980-12-31,9510,4598.99,0.0,7448.99,78.33,3.24,0.0
1981-01-01,9510,4596.7,0.0,7446.7,78.3,0.56,0.0
1981-01-02,9510,4596.7,0.0,7446.7,78.3,9.82,0.0
1981-01-03,9510,4596.7,0.0,7446.7,78.3,8.08,0.0
1981-01-04,9510,4594.4,0.0,7444.4,78.28,2.79,0.0
1981-01-05,9510,4587.5,0.0,7437.5,78.21,1.17,0.0
1981-01-06,9510,4578.3,0.0,7428.3,78.11,8.17,0.0
1981-01-07,9510,4566.8,0.0,7416.8,77.99,10.7,0.0
1981-01-08,9510,4548.39,0.0,7398.39,77.8,0.95,0.0
1981-01-09,9510,4532.3,0.0,7382.3,77.63,2.26,0.0
1981-01-10,9510,4516.2,0.0,7366.2,77.46,1.45,0.0
1981-01-11,9510,4511.6,0.0,7361.6,77.41,2.06,0.0
1981-01-12,9510,4497.79,0.0,7347.79,77.26,0.23,0.0
1981-01-13,9510,4483.99,0.0,7333.99,77.12,0.22,0.0
1981-01-14,9510,4479.4,0.0,7329.4,77.07,7.06,0.0
1981-01-15,9510,4477.09,0.0,7327.09,77.05,1.9,0.0
1981-01-16,9510,4474.8,0.0,7324.8,77.02,5.62,0.0
1981-01-17,9510,4465.59,0.0,7315.59,76.93,0.19,0.0
1981-01-18,9510,4463.3,0.0,7313.3,76.9,1.87,0.0
1981-01-19,9510,4454.1,0.0,7304.1,76.8,2.68,0.0
1981-01-20,9510,4440.29,0.0,7290.29,76.66,1.06,0.0
1981-01-21,9510,4428.8,0.0,7278.8,76.54,3.67,0.0
1981-01-22,9510,4412.7,0.0,7262.7,76.37,0.98,0.0
1981-01-23,9510,4398.89,0.0,7248.89,76.22,1.54,0.0
1981-01-24,9510,4385.1,0.0,7235.1,76.08,0.54,0.0
1981-01-25,9510,4380.5,0.0,7230.5,76.03,0.56,0.0
1981-01-26,9510,4368.99,0.0,7218.99,75.91,1.28,0.0
1981-01-27,9510,4357.5,0.0,7207.5,75.79,2.61,0.0
1981-01-28,9510,4343.7,0.0,7193.7,75.64,4.09,0.0
1981-01-29,9510,4332.2,0.0,7182.2,75.52,4.03,0.0
1981-01-30,9510,4318.39,0.0,7168.39,75.38,4.37,0.0
1981-01-31,9510,4297.5,0.0,7147.5,75.16,7.63,0.0
1981-02-01,9510,4282.5,0.0,7132.5,75.0,2.25,0.0
1981-02-02,9510,4267.5,0.0,7117.5,74.84,0.58,0.0
1981-02-03,9510,4252.5,0.0,7102.5,74.68,0.76,0.0
1981-02-04,9510,4232.5,0.0,7082.5,74.47,0.48,0.0
1981-02-05,9510,4219.99,0.0,7069.99,74.34,0.04,0.0
1981-02-06,9510,4204.99,0.0,7054.99,74.18,1.31,0.0
1981-02-07,9510,4192.5,0.0,7042.5,74.05,0.82,0.0
1981-02-08,9510,4184.99,0.0,7034.99,73.97,2.72,0.0
1981-02-09,9510,4167.5,0.0,7017.5,73.79,1.08,0.0
1981-02-10,9510,4152.5,0.0,7002.5,73.63,2.92,0.0
1981-02-11,9510,4134.99,0.0,6984.99,73.45,0.55,0.0
1981-02-12,9510,4104.99,0.0,6954.99,73.13,1.3,0.0
1981-02-13,9510,4077.5,0.0,6927.5,72.84,1.13,0.0
1981-02-14,9510,4054.99,0.0,6904.99,72.61,1.12,0.0
1981-02-15,9510,4052.5,0.0,6902.5,72.58,0.95,0.0
1981-02-16,9510,4037.5,0.0,6887.5,72.42,0.75,0.0
1981-02-17,9510,4022.5,0.0,6872.5,72.27,2.38,0.0
1981-02-18,9510,4007.5,0.0,6857.5,72.11,0.68,0.0
1981-02-19,9510,3992.5,0.0,6842.5,71.95,0.78,0.0
1981-02-20,9510,3977.5,0.0,6827.5,71.79,0.89,0.0
1981-02-21,9510,3967.5,0.0,6817.5,71.69,0.37,0.0
1981-02-22,9510,3957.5,0.0,6807.5,71.58,1.32,0.0
1981-02-23,9510,3934.99,0.0,6784.99,71.35,1.1,0.0
1981-02-24,9510,3912.5,0.0,6762.5,71.11,0.03,0.0
1981-02-25,9510,3889.99,0.0,6739.99,70.87,2.08,0.0
1981-02-26,9510,3867.5,0.0,6717.5,70.64,2.47,0.0
1981-02-27,9510,3849.99,0.0,6699.99,70.45,0.62,0.0
1981-02-28,9510,3827.5,0.0,6677.5,70.22,2.5,0.0
1981-03-01,9510,3812.5,0.0,6662.5,70.06,2.5,0.0
1981-03-02,9510,3795.9,0.0,6645.9,69.88,0.0,0.0
1981-03-03,9510,3779.5,0.0,6629.5,69.71,5.29,0.0
1981-03-04,9510,3763.1,0.0,6613.1,69.54,3.2,0.0
1981-03-05,9510,3742.6,0.0,6592.6,69.32,4.88,0.0
1981-03-06,9510,3726.2,0.0,6576.2,69.15,1.99,0.0
1981-03-07,9510,3709.8,0.0,6559.8,68.98,4.99,0.0
1981-03-08,9510,3699.55,0.0,6549.55,68.87,4.6,0.0
1981-03-09,9510,3676.99,0.0,6526.99,68.63,3.93,0.0
1981-03-10,9510,3660.6,0.0,6510.6,68.46,0.64,0.0
1981-03-11,9510,3650.35,0.0,6500.35,68.35,1.83,0.0
1981-03-12,9510,3631.9,0.0,6481.9,68.16,11.63,0.0
1981-03-13,9510,3611.39,0.0,6461.39,67.94,5.8,0.0
1981-03-14,9510,3588.84,0.0,6438.84,67.71,1.56,0.0
1981-03-15,9510,3572.45,0.0,6422.45,67.53,6.68,0.0
1981-03-16,9510,3558.1,0.0,6408.1,67.38,0.93,0.0
1981-03-17,9510,3539.65,0.0,6389.65,67.19,7.3,0.0
1981-03-18,9510,3521.2,0.0,6371.2,66.99,5.0,0.0
1981-03-19,9510,3500.7,0.0,6350.7,66.78,2.56,0.0
1981-03-20,9510,3484.3,0.0,6334.3,66.61,2.89,0.0
1981-03-21,9510,3461.75,0.0,6311.75,66.37,5.68,0.0
1981-03-22,9510,3445.35,0.0,6295.35,66.2,1.89,0.0
1981-03-23,9510,3424.85,0.0,6274.85,65.98,0.19,0.0
1981-03-24,9510,3400.25,0.0,6250.25,65.72,2.45,0.0
1981-03-25,9510,3376.8,0.0,6226.8,65.48,1.22,0.0
1981-03-26,9510,3352.6,0.0,6202.6,65.22,0.91,0.0
1981-03-27,9510,3330.6,0.0,6180.6,64.99,1.89,0.0
1981-03-28,9510,3308.6,0.0,6158.6,64.76,2.26,0.0
1981-03-29,9510,3295.39,0.0,6145.39,64.62,2.0,0.0
1981-03-30,9510,3280.0,0.0,6130.0,64.46,1.79,0.0
1981-03-31,9510,3266.8,0.0,6116.8,64.32,0.76,0.0
1981-04-01,9510,3249.2,0.0,6099.2,64.13,2.44,0.0
1981-04-02,9510,3231.6,0.0,6081.6,63.95,2.37,0.0
1981-04-03,9510,3209.6,0.0,6059.6,63.72,5.46,0.0
1981-04-04,9510,3185.39,0.0,6035.39,63.46,3.43,0.0
1981-04-05,9510,3167.8,0.0,6017.8,63.28,0.96,0.0
1981-04-06,9510,3152.4,0.0,6002.4,63.12,1.31,0.0
1981-04-07,9510,3128.2,0.0,5978.2,62.86,2.4,0.0
1981-04-08,9510,3101.8,0.0,5951.8,62.58,1.32,0.0
1981-04-09,9510,3075.39,0.0,5925.39,62.31,0.3,0.0
1981-04-10,9510,3046.8,0.0,5896.8,62.01,0.83,0.0
1981-04-11,9510,3015.99,0.0,5865.99,61.68,1.03,0.0
1981-04-12,9510,2998.39,0.0,5848.39,61.5,1.22,0.0
1981-04-13,9510,2989.13,0.0,5839.13,61.4,1.16,0.0
1981-04-14,9510,2974.2,0.0,5824.2,61.24,0.53,0.0
1981-04-15,9510,2950.0,0.0,5800.0,60.99,2.17,0.0
1981-04-16,9510,2930.87,0.0,5780.87,60.79,0.56,0.0
1981-04-17,9510,2915.99,0.0,5765.99,60.63,3.79,0.0
1981-04-18,9510,2890.5,0.0,5740.5,60.36,6.62,0.0
1981-04-19,9510,2867.12,0.0,5717.12,60.12,0.44,0.0
1981-04-20,9510,2843.75,0.0,5693.75,59.87,0.66,0.0
1981-04-21,9510,2820.37,0.0,5670.37,59.63,2.24,0.0
1981-04-22,9510,2794.87,0.0,5644.87,59.36,1.63,0.0
1981-04-23,9510,2765.12,0.0,5615.12,59.04,1.15,0.0
1981-04-24,9510,2735.37,0.0,5585.37,58.73,0.16,0.0
1981-04-25,9510,2707.75,0.0,5557.75,58.44,1.32,0.0
1981-04-26,9510,2690.75,0.0,5540.75,58.26,4.01,0.0
1981-04-27,9510,2665.25,0.0,5515.25,57.99,6.69,0.0
1981-04-28,9510,2652.49,0.0,5502.49,57.86,4.7,0.0
1981-04-29,9510,2620.62,0.0,5470.62,57.52,19.07,0.0
1981-04-30,9510,2597.25,0.0,5447.25,57.28,0.6,0.0
1981-05-01,9510,2582.37,0.0,5432.37,57.12,1.0,0.0
1981-05-02,9510,2561.12,0.0,5411.12,56.9,3.38,0.0
1981-05-03,9510,2550.5,0.0,5400.5,56.79,2.11,0.0
1981-05-04,9510,2525.0,0.0,5375.0,56.52,9.86,0.0
1981-05-05,9510,2508.12,0.0,5358.12,56.34,3.61,0.0
1981-05-06,9510,2489.37,0.0,5339.37,56.14,9.83,0.0
1981-05-07,9510,2470.62,0.0,5320.62,55.95,11.48,0.0
1981-05-08,9510,2451.87,0.0,5301.87,55.75,8.89,0.0
1981-05-09,9510,2436.87,0.0,5286.87,55.59,8.4,0.0
1981-05-10,9510,2427.5,0.0,5277.5,55.49,6.8,0.0
1981-05-11,9510,2404.99,0.0,5254.99,55.26,3.45,0.0
1981-05-12,9510,2386.25,0.0,5236.25,55.06,4.56,0.0
1981-05-13,9510,2359.99,0.0,5209.99,54.78,4.64,0.0
1981-05-14,9510,2339.37,0.0,5189.37,54.57,5.39,0.0
1981-05-15,9510,2320.62,0.0,5170.62,54.37,5.68,0.0
1981-05-16,9510,2311.25,0.0,5161.25,54.27,3.51,0.0
1981-05-17,9510,2318.75,0.0,5168.75,54.35,5.79,0.0
1981-05-18,9510,2331.87,0.0,5181.87,54.49,13.16,0.0
1981-05-19,9510,2322.5,0.0,5172.5,54.39,26.52,0.0
1981-05-20,9510,2307.5,0.0,5157.5,54.23,15.31,0.0
1981-05-21,9510,2292.5,0.0,5142.5,54.07,9.44,0.0
1981-05-22,9510,2298.12,0.0,5148.12,54.13,10.97,0.0
1981-05-23,9510,2371.25,0.0,5221.25,54.9,29.88,0.0
1981-05-24,9510,2404.99,0.0,5254.99,55.26,83.28,0.0
1981-05-25,9510,2401.25,0.0,5251.25,55.22,34.82,0.0
1981-05-26,9510,2395.62,0.0,5245.62,55.16,18.94,0.0
1981-05-27,9510,2380.62,0.0,5230.62,55.0,20.32,0.0
1981-05-28,9510,2361.87,0.0,5211.87,54.8,12.62,0.0
1981-05-29,9510,2346.87,0.0,5196.87,54.65,13.58,0.0
1981-05-30,9510,2341.25,0.0,5191.25,54.59,15.85,0.0
1981-05-31,9510,2352.5,0.0,5202.5,54.71,18.64,0.0
1981-06-01,9510,2344.99,0.0,5194.99,54.63,14.61,0.0
1981-06-02,9510,2329.99,0.0,5179.99,54.47,17.35,0.0
1981-06-03,9510,2314.99,0.0,5164.99,54.31,11.09,0.0
1981-06-04,9510,2299.99,0.0,5149.99,54.15,10.59,0.0
1981-06-05,9510,2275.62,0.0,5125.62,53.9,14.42,0.0
1981-06-06,9510,2251.25,0.0,5101.25,53.64,5.15,0.0
1981-06-07,9510,2236.25,0.0,5086.25,53.48,10.33,0.0
1981-06-08,9510,2213.75,0.0,5063.75,53.25,1.66,0.0
1981-06-09,9510,2189.37,0.0,5039.37,52.99,9.64,0.0
1981-06-10,9510,2163.12,0.0,5013.12,52.71,5.99,0.0
1981-06-11,9510,2139.5,0.0,4989.5,52.47,3.35,0.0
1981-06-12,9510,2114.99,0.0,4964.99,52.21,5.34,0.0
1981-06-13,9510,2086.99,0.0,4936.99,51.91,5.12,0.0
1981-06-14,9510,2071.25,0.0,4921.25,51.75,6.94,0.0
1981-06-15,9510,2051.99,0.0,4901.99,51.55,8.56,0.0
1981-06-16,9510,2036.25,0.0,4886.25,51.38,5.34,0.0
1981-06-17,9510,2011.75,0.0,4861.75,51.12,8.89,0.0
1981-06-18,9510,1994.25,0.0,4844.25,50.94,8.86,0.0
1981-06-19,9510,1978.5,0.0,4828.5,50.77,10.71,0.0
1981-06-20,9510,1967.99,0.0,4817.99,50.66,9.43,0.0
1981-06-21,9510,1967.99,0.0,4817.99,50.66,9.41,0.0
1981-06-22,9510,1962.75,0.0,4812.75,50.61,12.1,0.0
1981-06-23,9510,1955.75,0.0,4805.75,50.53,16.55,0.0
1981-06-24,9510,1955.75,0.0,4805.75,50.53,13.67,0.0
1981-06-25,9510,1957.5,0.0,4807.5,50.55,21.47,0.0
1981-06-26,9510,1973.25,0.0,4823.25,50.72,23.17,0.0
1981-06-27,9510,1985.5,0.0,4835.5,50.85,34.53,0.0
1981-06-28,9510,1985.5,0.0,4835.5,50.85,31.67,0.0
1981-06-29,9510,1981.99,0.0,4831.99,50.81,20.81,0.0
1981-06-30,9510,1971.5,0.0,4821.5,50.7,20.78,0.0
1981-07-01,9510,1966.25,0.0,4816.25,50.64,16.97,0.0
1981-07-02,9510,1966.25,0.0,4816.25,50.64,6.08,0.0
1981-07-03,9510,1960.99,0.0,4810.99,50.59,8.41,0.0
1981-07-04,9510,1962.75,0.0,4812.75,50.61,17.71,0.0
1981-07-05,9510,1988.99,0.0,4838.99,50.88,2.45,0.0
1981-07-06,9510,2258.75,0.0,5108.75,53.72,26.88,0.0
1981-07-07,9510,2622.75,0.0,5472.75,57.55,275.5,0.0
1981-07-08,9510,2967.6,0.0,5817.6,61.17,371.81,0.0
1981-07-09,9510,3170.0,0.0,6020.0,63.3,353.1,0.0
1981-07-10,9510,3293.2,0.0,6143.2,64.6,212.82,0.0
1981-07-11,9510,3412.55,0.0,6262.55,65.85,132.37,0.0
1981-07-12,9510,3488.4,0.0,6338.4,66.65,120.08,0.0
1981-07-13,9510,3527.35,0.0,6377.35,67.06,76.58,0.0
1981-07-14,9510,3553.99,0.0,6403.99,67.34,57.07,0.0
1981-07-15,9510,3580.65,0.0,6430.65,67.62,46.54,0.0
1981-07-16,9510,3601.15,0.0,6451.15,67.84,45.45,0.0
1981-07-17,9510,3635.99,0.0,6485.99,68.2,34.99,0.0
1981-07-18,9510,3685.2,0.0,6535.2,68.72,35.59,0.0
1981-07-19,9510,3787.7,0.0,6637.7,69.8,49.94,0.0
1981-07-20,9510,3854.99,0.0,6704.99,70.5,103.25,0.0
1981-07-21,9510,3907.5,0.0,6757.5,71.06,75.7,0.0
1981-07-22,9510,3949.99,0.0,6799.99,71.5,80.55,0.0
1981-07-23,9510,3967.5,0.0,6817.5,71.69,76.89,0.0
1981-07-24,9510,3974.99,0.0,6824.99,71.77,57.57,0.0
1981-07-25,9510,4039.99,0.0,6889.99,72.45,47.24,0.0
1981-07-26,9510,4112.5,0.0,6962.5,73.21,65.77,0.0
1981-07-27,9510,4169.99,0.0,7019.99,73.82,73.28,0.0
1981-07-28,9510,4207.5,0.0,7057.5,74.21,77.28,0.0
1981-07-29,9510,4239.99,0.0,7089.99,74.55,64.31,0.0
1981-07-30,9510,4269.99,0.0,7119.99,74.87,61.16,0.0
1981-07-31,9510,4311.5,0.0,7161.5,75.3,59.98,0.0
1981-08-01,9510,4339.1,0.0,7189.1,75.6,76.08,0.0
1981-08-02,9510,4364.4,0.0,7214.4,75.86,66.78,0.0
1981-08-03,9510,4382.79,0.0,7232.79,76.05,57.72,0.0
1981-08-04,9510,4394.3,0.0,7244.3,76.18,54.92,0.0
1981-08-05,9510,4458.7,0.0,7308.7,76.85,51.93,0.0
1981-08-06,9510,4546.1,0.0,7396.1,77.77,107.15,0.0
1981-08-07,9510,4587.5,0.0,7437.5,78.21,130.06,0.0
1981-08-08,9510,4612.79,0.0,7462.79,78.47,84.15,0.0
1981-08-09,9510,4626.6,0.0,7476.6,78.62,67.55,0.0
1981-08-10,9510,4640.4,0.0,7490.4,78.76,54.33,0.0
1981-08-11,9510,4654.2,0.0,7504.2,78.91,54.31,0.0
1981-08-12,9510,4681.8,0.0,7531.8,79.2,56.52,0.0
1981-08-13,9510,4697.9,0.0,7547.9,79.37,70.54,0.0
1981-08-14,9510,4707.69,0.0,7557.69,79.47,54.96,0.0
1981-08-15,9510,4702.5,0.0,7552.5,79.42,53.54,0.0
1981-08-16,9510,4695.6,0.0,7545.6,79.34,38.06,0.0
1981-08-17,9510,4693.3,0.0,7543.3,79.32,36.27,0.0
1981-08-18,9510,4695.59,0.0,7545.59,79.34,35.73,0.0
1981-08-19,9510,4716.3,0.0,7566.3,79.56,28.25,0.0
1981-08-20,9510,4732.39,0.0,7582.39,79.73,45.67,0.0
1981-08-21,9510,4741.6,0.0,7591.6,79.83,44.89,0.0
1981-08-22,9510,4746.2,0.0,7596.2,79.88,50.77,0.0
1981-08-23,9510,4746.2,0.0,7596.2,79.88,45.64,0.0
1981-08-24,9510,4743.89,0.0,7593.89,79.85,36.27,0.0
1981-08-25,9510,4746.2,0.0,7596.2,79.88,28.81,0.0
1981-08-26,9510,4769.2,0.0,7619.2,80.12,29.53,0.0
1981-08-27,9510,4773.8,0.0,7623.8,80.17,49.43,0.0
1981-08-28,9510,4771.5,0.0,7621.5,80.14,32.03,0.0
1981-08-29,9510,4785.29,0.0,7635.29,80.29,24.32,0.0
1981-08-30,9510,4805.99,0.0,7655.99,80.5,39.41,0.0
1981-08-31,9510,4810.59,0.0,7660.59,80.55,23.45,0.0
1981-09-01,9510,4828.99,0.0,7678.99,80.75,30.43,0.0
1981-09-02,9510,4854.3,0.0,7704.3,81.01,44.18,0.0
1981-09-03,9510,4900.29,0.0,7750.29,81.5,51.54,0.0
1981-09-04,9510,4943.99,0.0,7793.99,81.96,72.05,0.0
1981-09-05,9510,4990.0,0.0,7840.0,82.44,72.11,0.0
1981-09-06,9510,5049.8,0.0,7899.8,83.07,73.54,0.0
1981-09-07,9510,5107.3,0.0,7957.3,83.67,74.55,0.0
1981-09-08,9510,5157.9,0.0,8007.9,84.21,83.55,0.0
1981-09-09,9510,5185.5,0.0,8035.5,84.5,78.75,0.0
1981-09-10,9510,5201.6,0.0,8051.6,84.66,58.28,0.0
1981-09-11,9510,5217.7,0.0,8067.7,84.83,55.86,0.0
1981-09-12,9510,5255.99,0.0,8105.99,85.24,48.72,0.0
1981-09-13,9510,5294.4,0.0,8144.4,85.64,39.1,0.0
1981-09-14,9510,5301.6,0.0,8151.6,85.72,39.2,0.0
1981-09-15,9510,5320.8,0.0,8170.8,85.92,31.4,0.0
1981-09-16,9510,5330.39,0.0,8180.39,86.02,37.53,0.0
1981-09-17,9510,5337.6,0.0,8187.6,86.09,28.43,0.0
1981-09-18,9510,5351.99,0.0,8201.99,86.25,16.01,0.0
1981-09-19,9510,5375.99,0.0,8225.99,86.5,24.27,0.0
1981-09-20,9510,5392.79,0.0,8242.79,86.67,24.8,0.0
1981-09-21,9510,5407.2,0.0,8257.2,86.83,17.6,0.0
1981-09-22,9510,5409.6,0.0,8259.6,86.85,32.88,0.0
1981-09-23,9510,5411.99,0.0,8261.99,86.88,22.01,0.0
1981-09-24,9510,5414.4,0.0,8264.4,86.9,19.15,0.0
1981-09-25,9510,5409.6,0.0,8259.6,86.85,22.72,0.0
1981-09-26,9510,5414.4,0.0,8264.4,86.9,18.26,0.0
1981-09-27,9510,5426.39,0.0,8276.39,87.03,5.61,0.0
1981-09-28,9510,5435.99,0.0,8285.99,87.13,12.8,0.0
1981-09-29,9510,5428.8,0.0,8278.8,87.05,30.74,0.0
1981-09-30,9510,5421.6,0.0,8271.6,86.98,17.01,0.0
1981-10-01,9510,5414.4,0.0,8264.4,86.9,18.54,0.0
1981-10-02,9510,5390.4,0.0,8240.4,86.65,19.94,0.0
1981-10-03,9510,5402.4,0.0,8252.4,86.78,1.89,0.0
1981-10-04,9510,5423.99,0.0,8273.99,87.0,14.43,0.0
1981-10-05,9510,5431.2,0.0,8281.2,87.08,22.84,0.0
1981-10-06,9510,5443.2,0.0,8293.2,87.21,28.01,0.0
1981-10-07,9510,5464.8,0.0,8314.8,87.43,33.87,0.0
1981-10-08,9510,5486.39,0.0,8336.39,87.66,40.89,0.0
1981-10-09,9510,5474.4,0.0,8324.4,87.53,44.82,0.0
1981-10-10,9510,5476.8,0.0,8326.8,87.56,7.65,0.0
1981-10-11,9510,5507.99,0.0,8357.99,87.89,14.49,0.0
1981-10-12,9510,5527.2,0.0,8377.2,88.09,32.4,0.0
1981-10-13,9510,5536.8,0.0,8386.8,88.19,24.85,0.0
1981-10-14,9510,5546.39,0.0,8396.39,88.29,15.19,0.0
1981-10-15,9510,5553.6,0.0,8403.6,88.37,16.77,0.0
1981-10-16,9510,5563.2,0.0,8413.2,88.47,18.38,0.0
1981-10-17,9510,5570.39,0.0,8420.39,88.54,20.41,0.0
1981-10-18,9510,5584.8,0.0,8434.8,88.69,21.33,0.0
1981-10-19,9510,5594.4,0.0,8444.4,88.79,20.32,0.0
1981-10-20,9510,5603.99,0.0,8453.99,88.9,24.78,0.0
1981-10-21,9510,5603.99,0.0,8453.99,88.9,26.56,0.0
1981-10-22,9510,5601.6,0.0,8451.6,88.87,22.67,0.0
1981-10-23,9510,5611.2,0.0,8461.2,88.97,12.32,0.0
1981-10-24,9510,5620.8,0.0,8470.8,89.07,18.43,0.0
1981-10-25,9510,5635.2,0.0,8485.2,89.22,10.83,0.0
1981-10-26,9510,5642.4,0.0,8492.4,89.3,15.21,0.0
1981-10-27,9510,5637.6,0.0,8487.6,89.25,20.64,0.0
1981-10-28,9510,5632.79,0.0,8482.79,89.2,16.62,0.0
1981-10-29,9510,5623.2,0.0,8473.2,89.1,17.87,0.0
1981-10-30,9510,5601.6,0.0,8451.6,88.87,11.63,0.0
1981-10-31,9510,5596.8,0.0,8446.8,88.82,3.61,0.0
1981-11-01,9510,5589.6,0.0,8439.6,88.74,18.78,0.0
1981-11-02,9510,5591.99,0.0,8441.99,88.77,6.43,0.0
1981-11-03,9510,5582.4,0.0,8432.4,88.67,27.04,0.0
1981-11-04,9510,5565.6,0.0,8415.6,88.49,13.78,0.0
1981-11-05,9510,5560.8,0.0,8410.8,88.44,9.95,0.0
1981-11-06,9510,5546.39,0.0,8396.39,88.29,18.56,0.0
1981-11-07,9510,5546.39,0.0,8396.39,88.29,8.25,0.0
1981-11-08,9510,5548.8,0.0,8398.8,88.32,0.95,0.0
1981-11-09,9510,5548.8,0.0,8398.8,88.32,3.25,0.0
1981-11-10,9510,5541.6,0.0,8391.6,88.24,16.81,0.0
1981-11-11,9510,5543.99,0.0,8393.99,88.26,5.47,0.0
1981-11-12,9510,5539.2,0.0,8389.2,88.21,13.03,0.0
1981-11-13,9510,5527.2,0.0,8377.2,88.09,11.19,0.0
1981-11-14,9510,5520.0,0.0,8370.0,88.01,9.14,0.0
1981-11-15,9510,5520.0,0.0,8370.0,88.01,9.91,0.0
1981-11-16,9510,5517.6,0.0,8367.6,87.99,5.88,0.0
1981-11-17,9510,5507.99,0.0,8357.99,87.89,19.25,0.0
1981-11-18,9510,5498.39,0.0,8348.39,87.79,12.41,0.0
1981-11-19,9510,5491.2,0.0,8341.2,87.71,7.8,0.0
1981-11-20,9510,5481.6,0.0,8331.6,87.61,15.46,0.0
1981-11-21,9510,5464.8,0.0,8314.8,87.43,15.49,0.0
1981-11-22,9510,5460.0,0.0,8310.0,87.38,9.9,0.0
1981-11-23,9510,5452.79,0.0,8302.79,87.31,2.22,0.0
1981-11-24,9510,5433.6,0.0,8283.6,87.1,17.45,0.0
1981-11-25,9510,5416.8,0.0,8266.8,86.93,7.37,0.0
1981-11-26,9510,5400.0,0.0,8250.0,86.75,8.03,0.0
1981-11-27,9510,5385.6,0.0,8235.6,86.6,8.88,0.0
1981-11-28,9510,5373.6,0.0,8223.6,86.47,13.42,0.0
1981-11-29,9510,5371.2,0.0,8221.2,86.45,7.99,0.0
1981-11-30,9510,5356.8,0.0,8206.8,86.3,2.31,0.0
1981-12-01,9510,5346.25,0.0,8196.25,86.19,5.37,0.0
1981-12-02,9510,5340.0,0.0,8190.0,86.12,0.33,0.0
1981-12-03,9510,5335.2,0.0,8185.2,86.07,2.65,0.0
1981-12-04,9510,5330.39,0.0,8180.39,86.02,5.81,0.0
1981-12-05,9510,5330.39,0.0,8180.39,86.02,5.55,0.0
1981-12-06,9510,5330.39,0.0,8180.39,86.02,2.15,0.0
1981-12-07,9510,5323.2,0.0,8173.2,85.94,3.3,0.0
1981-12-08,9510,5315.99,0.0,8165.99,85.87,2.15,0.0
1981-12-09,9510,5306.39,0.0,8156.39,85.77,2.47,0.0
1981-12-10,9510,5299.2,0.0,8149.2,85.69,0.72,0.0
1981-12-11,9510,5289.6,0.0,8139.6,85.59,1.17,0.0
1981-12-12,9510,5277.6,0.0,8127.6,85.46,6.84,0.0
1981-12-13,9510,5277.6,0.0,8127.6,85.46,7.69,0.0
1981-12-14,9510,5275.2,0.0,8125.2,85.44,6.25,0.0
1981-12-15,9510,5270.39,0.0,8120.39,85.39,13.25,0.0
1981-12-16,9510,5258.39,0.0,8108.39,85.26,11.45,0.0
1981-12-17,9510,5253.6,0.0,8103.6,85.21,4.68,0.0
1981-12-18,9510,5248.8,0.0,8098.8,85.16,10.55,0.0
1981-12-19,9510,5234.4,0.0,8084.4,85.01,14.95,0.0
1981-12-20,9510,5231.99,0.0,8081.99,84.98,1.54,0.0
1981-12-21,9510,5222.4,0.0,8072.4,84.88,2.34,0.0
1981-12-22,9510,5215.4,0.0,8065.4,84.81,4.9,0.0
1981-12-23,9510,5206.2,0.0,8056.2,84.71,2.52,0.0
1981-12-24,9510,5199.3,0.0,8049.3,84.64,0.01,0.0
1981-12-25,9510,5194.7,0.0,8044.7,84.59,3.96,0.0
1981-12-26,9510,5192.39,0.0,8042.39,84.57,4.43,0.0
1981-12-27,9510,5190.1,0.0,8040.1,84.54,4.24,0.0
1981-12-28,9510,5190.1,0.0,8040.1,84.54,2.19,0.0
1981-12-29,9510,5183.2,0.0,8033.2,84.47,13.63,0.0
1981-12-30,9510,5171.7,0.0,8021.7,84.35,8.19,0.0
1981-12-31,9510,5164.8,0.0,8014.8,84.28,3.44,0.0
1982-01-01,9510,5162.5,0.0,8012.5,84.25,4.16,0.0
1982-01-02,9510,5160.2,0.0,8010.2,84.23,6.44,0.0
1982-01-03,9510,5155.13,0.0,8005.13,84.18,2.91,0.0
1982-01-04,9510,5150.99,0.0,8000.99,84.13,7.24,0.0
1982-01-05,9510,5146.39,0.0,7996.39,84.08,9.04,0.0
1982-01-06,9510,5139.5,0.0,7989.5,84.01,3.76,0.0
1982-01-07,9510,5132.6,0.0,7982.6,83.94,6.69,0.0
1982-01-08,9510,5123.39,0.0,7973.39,83.84,2.41,0.0
1982-01-09,9510,5116.5,0.0,7966.5,83.77,0.16,0.0
1982-01-10,9510,5114.2,0.0,7964.2,83.75,3.15,0.0
1982-01-11,9510,5109.6,0.0,7959.6,83.7,5.35,0.0
1982-01-12,9510,5105.0,0.0,7955.0,83.65,6.6,0.0
1982-01-13,9510,5100.4,0.0,7950.4,83.6,10.27,0.0
1982-01-14,9510,5086.6,0.0,7936.6,83.46,4.56,0.0
1982-01-15,9510,5079.7,0.0,7929.7,83.38,12.71,0.0
1982-01-16,9510,5068.2,0.0,7918.2,83.26,2.3,0.0
1982-01-17,9510,5058.99,0.0,7908.99,83.16,1.5,0.0
1982-01-18,9510,5047.5,0.0,7897.5,83.04,7.28,0.0
1982-01-19,9510,5029.1,0.0,7879.1,82.85,0.58,0.0
1982-01-20,9510,5006.1,0.0,7856.1,82.61,0.25,0.0
1982-01-21,9510,4987.7,0.0,7837.7,82.42,0.03,0.0
1982-01-22,9510,4969.3,0.0,7819.3,82.22,1.77,0.0
1982-01-23,9510,4946.3,0.0,7796.3,81.98,0.14,0.0
1982-01-24,9510,4932.5,0.0,7782.5,81.83,3.99,0.0
1982-01-25,9510,4920.99,0.0,7770.99,81.71,0.05,0.0
1982-01-26,9510,4911.8,0.0,7761.8,81.62,5.02,0.0
1982-01-27,9510,4902.6,0.0,7752.6,81.52,3.48,0.0
1982-01-28,9510,4893.39,0.0,7743.39,81.42,9.11,0.0
1982-01-29,9510,4879.6,0.0,7729.6,81.28,2.86,0.0
1982-01-30,9510,4865.8,0.0,7715.8,81.13,3.27,0.0
1982-01-31,9510,4851.99,0.0,7701.99,80.99,3.61,0.0
1982-02-01,9510,4840.5,0.0,7690.5,80.87,11.54,0.0
1982-02-02,9510,4824.4,0.0,7674.4,80.7,6.23,0.0
1982-02-03,9510,4815.2,0.0,7665.2,80.6,10.56,0.0
1982-02-04,9510,4794.5,0.0,7644.5,80.38,0.73,0.0
1982-02-05,9510,4773.8,0.0,7623.8,80.17,1.26,0.0
1982-02-06,9510,4750.8,0.0,7600.8,79.92,2.74,0.0
1982-02-07,9510,4732.39,0.0,7582.39,79.73,4.83,0.0
1982-02-08,9510,4713.99,0.0,7563.99,79.54,0.69,0.0
1982-02-09,9510,4697.9,0.0,7547.9,79.37,8.11,0.0
1982-02-10,9510,4679.5,0.0,7529.5,79.17,3.02,0.0
1982-02-11,9510,4658.8,0.0,7508.8,78.96,0.1,0.0
1982-02-12,9510,4640.4,0.0,7490.4,78.76,3.23,0.0
1982-02-13,9510,4624.3,0.0,7474.3,78.59,5.42,0.0
1982-02-14,9510,4615.1,0.0,7465.1,78.5,0.87,0.0
1982-02-15,9510,4598.99,0.0,7448.99,78.33,8.81,0.0
1982-02-16,9510,4571.39,0.0,7421.39,78.04,4.16,0.0
1982-02-17,9510,4559.89,0.0,7409.89,77.92,2.29,0.0
1982-02-18,9510,4536.9,0.0,7386.9,77.68,2.46,0.0
1982-02-19,9510,4516.2,0.0,7366.2,77.46,3.81,0.0
1982-02-20,9510,4493.2,0.0,7343.2,77.22,2.15,0.0
1982-02-21,9510,4477.09,0.0,7327.09,77.05,1.39,0.0
1982-02-22,9510,4454.1,0.0,7304.1,76.8,1.45,0.0
1982-02-23,9510,4437.99,0.0,7287.99,76.64,8.38,0.0
1982-02-24,9510,4412.7,0.0,7262.7,76.37,2.02,0.0
1982-02-25,9510,4389.7,0.0,7239.7,76.13,5.36,0.0
1982-02-26,9510,4364.4,0.0,7214.4,75.86,1.52,0.0
1982-02-27,9510,4341.39,0.0,7191.39,75.62,2.52,0.0
1982-02-28,9510,4329.89,0.0,7179.89,75.5,8.14,0.0
1982-03-01,9510,4306.9,0.0,7156.9,75.26,8.14,0.0
1982-03-02,9510,4284.99,0.0,7134.99,75.03,1.68,0.0
1982-03-03,9510,4262.5,0.0,7112.5,74.79,1.93,0.0
1982-03-04,9510,4239.99,0.0,7089.99,74.55,1.68,0.0
1982-03-05,9510,4214.99,0.0,7064.99,74.29,3.59,0.0
1982-03-06,9510,4192.5,0.0,7042.5,74.05,0.98,0.0
1982-03-07,9510,4175.0,0.0,7025.0,73.87,3.13,0.0
1982-03-08,9510,4149.99,0.0,6999.99,73.61,2.29,0.0
1982-03-09,9510,4122.5,0.0,6972.5,73.32,1.08,0.0
1982-03-10,9510,4094.99,0.0,6944.99,73.03,1.61,0.0
1982-03-11,9510,4069.99,0.0,6919.99,72.77,0.46,0.0
1982-03-12,9510,4042.5,0.0,6892.5,72.48,2.05,0.0
1982-03-13,9510,4014.99,0.0,6864.99,72.19,1.43,0.0
1982-03-14,9510,3992.5,0.0,6842.5,71.95,0.0,0.0
1982-03-15,9510,3964.99,0.0,6814.99,71.66,0.0,0.0
1982-03-16,9510,3934.99,0.0,6784.99,71.35,0.0,0.0
1982-03-17,9510,3902.5,0.0,6752.5,71.0,0.32,0.0
1982-03-18,9510,3869.99,0.0,6719.99,70.66,0.0,0.0
1982-03-19,9510,3839.99,0.0,6689.99,70.35,0.0,0.0
1982-03-20,9510,3809.99,0.0,6659.99,70.03,0.61,0.0
1982-03-21,9510,3781.55,0.0,6631.55,69.73,0.0,0.0
1982-03-22,9510,3754.9,0.0,6604.9,69.45,0.0,0.0
1982-03-23,9510,3728.25,0.0,6578.25,69.17,2.86,0.0
1982-03-24,9510,3699.55,0.0,6549.55,68.87,2.0,0.0
1982-03-25,9510,3670.85,0.0,6520.85,68.57,0.34,0.0
1982-03-26,9510,3646.25,0.0,6496.25,68.31,0.13,0.0
1982-03-27,9510,3623.7,0.0,6473.7,68.07,3.13,0.0
1982-03-28,9510,3605.25,0.0,6455.25,67.88,4.06,0.0
1982-03-29,9510,3586.8,0.0,6436.8,67.68,1.61,0.0
1982-03-30,9510,3566.3,0.0,6416.3,67.47,6.06,0.0
1982-03-31,9510,3547.85,0.0,6397.85,67.27,4.83,0.0
1982-04-01,9510,3525.3,0.0,6375.3,67.04,7.35,0.0
1982-04-02,9510,3498.65,0.0,6348.65,66.76,4.54,0.0
1982-04-03,9510,3469.95,0.0,6319.95,66.46,3.62,0.0
1982-04-04,9510,3441.25,0.0,6291.25,66.15,1.93,0.0
1982-04-05,9510,3426.9,0.0,6276.9,66.0,0.15,0.0
1982-04-06,9510,3400.25,0.0,6250.25,65.72,2.05,0.0
1982-04-07,9510,3383.39,0.0,6233.39,65.55,3.46,0.0
1982-04-08,9510,3352.13,0.0,6202.13,65.22,18.36,0.0
1982-04-09,9510,3321.8,0.0,6171.8,64.9,5.79,0.0
1982-04-10,9510,3288.8,0.0,6138.8,64.55,3.55,0.0
1982-04-11,9510,3257.99,0.0,6107.99,64.23,2.18,0.0
1982-04-12,9510,3225.0,0.0,6075.0,63.88,4.62,0.0
1982-04-13,9510,3205.2,0.0,6055.2,63.67,0.12,0.0
1982-04-14,9510,3185.39,0.0,6035.39,63.46,0.02,0.0
1982-04-15,9510,3158.99,0.0,6008.99,63.19,6.63,0.0
1982-04-16,9510,3136.99,0.0,5986.99,62.95,1.81,0.0
1982-04-17,9510,3110.6,0.0,5960.6,62.68,11.12,0.0
1982-04-18,9510,3090.8,0.0,5940.8,62.47,7.14,0.0
1982-04-19,9510,3068.8,0.0,5918.8,62.24,9.71,0.0
1982-04-20,9510,3055.6,0.0,5905.6,62.1,8.98,0.0
1982-04-21,9510,3026.99,0.0,5876.99,61.8,15.3,0.0
1982-04-22,9510,2996.2,0.0,5846.2,61.47,4.33,0.0
1982-04-23,9510,2969.8,0.0,5819.8,61.2,1.25,0.0
1982-04-24,9510,2943.62,0.0,5793.62,60.92,4.33,0.0
1982-04-25,9510,2913.87,0.0,5763.87,60.61,4.27,0.0
1982-04-26,9510,2890.5,0.0,5740.5,60.36,3.78,0.0
1982-04-27,9510,2869.25,0.0,5719.25,60.14,0.31,0.0
1982-04-28,9510,2847.99,0.0,5697.99,59.92,0.25,0.0
1982-04-29,9510,2822.5,0.0,5672.5,59.65,1.18,0.0
1982-04-30,9510,2801.25,0.0,5651.25,59.42,0.99,0.0
1982-05-01,9510,2777.87,0.0,5627.87,59.18,5.21,0.0
1982-05-02,9510,2754.5,0.0,5604.5,58.93,1.12,0.0
1982-05-03,9510,2728.99,0.0,5578.99,58.66,1.49,0.0
1982-05-04,9510,2707.75,0.0,5557.75,58.44,1.93,0.0
1982-05-05,9510,2692.87,0.0,5542.87,58.28,0.0,0.0
1982-05-06,9510,2686.5,0.0,5536.5,58.22,2.73,0.0
1982-05-07,9510,2667.37,0.0,5517.37,58.02,11.3,0.0
1982-05-08,9510,2654.62,0.0,5504.62,57.88,1.88,0.0
1982-05-09,9510,2637.62,0.0,5487.62,57.7,6.35,0.0
1982-05-10,9510,2612.12,0.0,5462.12,57.44,6.49,0.0
1982-05-11,9510,2588.75,0.0,5438.75,57.19,0.75,0.0
1982-05-12,9510,2563.25,0.0,5413.25,56.92,2.66,0.0
1982-05-13,9510,2537.75,0.0,5387.75,56.65,0.67,0.0
1982-05-14,9510,2517.5,0.0,5367.5,56.44,2.41,0.0
1982-05-15,9510,2498.75,0.0,5348.75,56.24,0.0,0.0
1982-05-16,9510,2481.87,0.0,5331.87,56.07,3.78,0.0
1982-05-17,9510,2455.62,0.0,5305.62,55.79,8.35,0.0
1982-05-18,9510,2436.87,0.0,5286.87,55.59,0.31,0.0
1982-05-19,9510,2418.12,0.0,5268.12,55.4,7.83,0.0
1982-05-20,9510,2399.37,0.0,5249.37,55.2,5.96,0.0
1982-05-21,9510,2380.62,0.0,5230.62,55.0,4.12,0.0
1982-05-22,9510,2373.12,0.0,5223.12,54.92,2.51,0.0
1982-05-23,9510,2365.62,0.0,5215.62,54.84,2.07,0.0
1982-05-24,9510,2352.5,0.0,5202.5,54.71,4.82,0.0
1982-05-25,9510,2344.99,0.0,5194.99,54.63,7.58,0.0
1982-05-26,9510,2337.5,0.0,5187.5,54.55,7.1,0.0
1982-05-27,9510,2328.12,0.0,5178.12,54.45,6.62,0.0
1982-05-28,9510,2305.62,0.0,5155.62,54.21,5.41,0.0
1982-05-29,9510,2305.62,0.0,5155.62,54.21,0.0,0.0
1982-05-30,9510,2305.62,0.0,5155.62,54.21,1.54,0.0
1982-05-31,9510,2299.99,0.0,5149.99,54.15,1.06,0.0
1982-06-01,9510,2284.99,0.0,5134.99,54.0,15.71,0.0
1982-06-02,9510,2264.37,0.0,5114.37,53.78,8.57,0.0
1982-06-03,9510,2249.25,0.0,5099.25,53.62,3.64,0.0
1982-06-04,9510,2241.87,0.0,5091.87,53.54,1.27,0.0
1982-06-05,9510,2241.87,0.0,5091.87,53.54,5.96,0.0
1982-06-06,9510,2260.62,0.0,5110.62,53.74,0.92,0.0
1982-06-07,9510,2266.25,0.0,5116.25,53.8,19.54,0.0
1982-06-08,9510,2264.37,0.0,5114.37,53.78,20.06,0.0
1982-06-09,9510,2253.12,0.0,5103.12,53.66,15.33,0.0
1982-06-10,9510,2258.75,0.0,5108.75,53.72,5.05,0.0
1982-06-11,9510,2266.25,0.0,5116.25,53.8,15.27,0.0
1982-06-12,9510,2271.87,0.0,5121.87,53.86,17.74,0.0
1982-06-13,9510,2281.25,0.0,5131.25,53.96,6.42,0.0
1982-06-14,9510,2281.25,0.0,5131.25,53.96,10.17,0.0
1982-06-15,9510,2277.5,0.0,5127.5,53.92,10.43,0.0
1982-06-16,9510,2275.62,0.0,5125.62,53.9,6.51,0.0
1982-06-17,9510,2275.62,0.0,5125.62,53.9,4.68,0.0
1982-06-18,9510,2271.87,0.0,5121.87,53.86,6.49,0.0
1982-06-19,9510,2273.75,0.0,5123.75,53.88,4.49,0.0
1982-06-20,9510,2275.62,0.0,5125.62,53.9,3.41,0.0
1982-06-21,9510,2269.99,0.0,5119.99,53.84,2.67,0.0
1982-06-22,9510,2266.25,0.0,5116.25,53.8,5.39,0.0
1982-06-23,9510,2260.62,0.0,5110.62,53.74,4.27,0.0
1982-06-24,9510,2251.25,0.0,5101.25,53.64,2.61,0.0
1982-06-25,9510,2238.12,0.0,5088.12,53.5,1.18,0.0
1982-06-26,9510,2245.62,0.0,5095.62,53.58,0.84,0.0
1982-06-27,9510,2247.5,0.0,5097.5,53.6,8.29,0.0
1982-06-28,9510,2239.99,0.0,5089.99,53.52,2.66,0.0
1982-06-29,9510,2230.62,0.0,5080.62,53.42,6.48,0.0
1982-06-30,9510,2223.12,0.0,5073.12,53.35,4.76,0.0
1982-07-01,9510,2209.99,0.0,5059.99,53.21,7.08,0.0
1982-07-02,9510,2194.99,0.0,5044.99,53.05,3.33,0.0
1982-07-03,9510,2196.88,0.0,5046.88,53.07,3.98,0.0
1982-07-04,9510,2196.88,0.0,5046.88,53.07,2.52,0.0
1982-07-05,9510,2187.5,0.0,5037.5,52.97,0.64,0.0
1982-07-06,9510,2174.37,0.0,5024.37,52.83,10.19,0.0
1982-07-07,9510,2200.62,0.0,5050.62,53.11,7.09,0.0
1982-07-08,9510,2223.12,0.0,5073.12,53.35,49.62,0.0
1982-07-09,9510,2247.5,0.0,5097.5,53.6,44.76,0.0
1982-07-10,9510,2269.99,0.0,5119.99,53.84,46.97,0.0
1982-07-11,9510,2284.99,0.0,5134.99,54.0,25.75,0.0
1982-07-12,9510,2288.75,0.0,5138.75,54.04,21.98,0.0
1982-07-13,9510,2286.87,0.0,5136.87,54.02,22.15,0.0
1982-07-14,9510,2284.99,0.0,5134.99,54.0,17.58,0.0
1982-07-15,9510,2284.99,0.0,5134.99,54.0,19.06,0.0
1982-07-16,9510,2283.12,0.0,5133.12,53.98,21.07,0.0
1982-07-17,9510,2316.87,0.0,5166.87,54.33,22.02,0.0
1982-07-18,9510,2346.87,0.0,5196.87,54.65,34.79,0.0
1982-07-19,9510,2359.99,0.0,5209.99,54.78,30.66,0.0
1982-07-20,9510,2361.87,0.0,5211.87,54.8,36.2,0.0
1982-07-21,9510,2373.12,0.0,5223.12,54.92,28.86,0.0
1982-07-22,9510,2386.25,0.0,5236.25,55.06,31.14,0.0
1982-07-23,9510,2401.25,0.0,5251.25,55.22,31.1,0.0
1982-07-24,9510,2427.5,0.0,5277.5,55.49,33.71,0.0
1982-07-25,9510,2451.87,0.0,5301.87,55.75,31.93,0.0
1982-07-26,9510,2457.5,0.0,5307.5,55.81,25.04,0.0
1982-07-27,9510,2451.87,0.0,5301.87,55.75,27.02,0.0
1982-07-28,9510,2444.37,0.0,5294.37,55.67,18.58,0.0
1982-07-29,9510,2431.25,0.0,5281.25,55.53,14.67,0.0
1982-07-30,9510,2419.99,0.0,5269.99,55.42,14.25,0.0
1982-07-31,9510,2427.5,0.0,5277.5,55.49,9.97,0.0
1982-08-01,9510,2438.75,0.0,5288.75,55.61,8.8,0.0
1982-08-02,9510,2425.62,0.0,5275.62,55.47,11.85,0.0
1982-08-03,9510,2408.75,0.0,5258.75,55.3,13.59,0.0
1982-08-04,9510,2389.99,0.0,5239.99,55.1,12.7,0.0
1982-08-05,9510,2380.62,0.0,5230.62,55.0,8.73,0.0
1982-08-06,9510,2365.62,0.0,5215.62,54.84,19.58,0.0
1982-08-07,9510,2361.87,0.0,5211.87,54.8,12.67,0.0
1982-08-08,9510,2363.75,0.0,5213.75,54.82,14.4,0.0
1982-08-09,9510,2359.99,0.0,5209.99,54.78,16.84,0.0
1982-08-10,9510,2352.5,0.0,5202.5,54.71,23.71,0.0
1982-08-11,9510,2356.25,0.0,5206.25,54.75,21.53,0.0
1982-08-12,9510,2374.99,0.0,5224.99,54.94,34.12,0.0
1982-08-13,9510,2380.62,0.0,5230.62,55.0,34.55,0.0
1982-08-14,9510,2389.99,0.0,5239.99,55.1,35.43,0.0
1982-08-15,9510,2412.5,0.0,5262.5,55.34,18.64,0.0
1982-08-16,9510,2425.62,0.0,5275.62,55.47,27.96,0.0
1982-08-17,9510,2446.25,0.0,5296.25,55.69,42.16,0.0
1982-08-18,9510,2461.25,0.0,5311.25,55.85,46.2,0.0
1982-08-19,9510,2472.5,0.0,5322.5,55.97,41.49,0.0
1982-08-20,9510,2483.75,0.0,5333.75,56.09,41.59,0.0
1982-08-21,9510,2523.12,0.0,5373.12,56.5,42.47,0.0
1982-08-22,9510,2580.25,0.0,5430.25,57.1,46.15,0.0
1982-08-23,9510,2618.5,0.0,5468.5,57.5,64.11,0.0
1982-08-24,9510,2648.25,0.0,5498.25,57.82,60.37,0.0
1982-08-25,9510,2699.25,0.0,5549.25,58.35,55.71,0.0
1982-08-26,9510,2737.5,0.0,5587.5,58.75,76.27,0.0
1982-08-27,9510,2756.62,0.0,5606.62,58.95,64.05,0.0
1982-08-28,9510,2786.37,0.0,5636.37,59.27,50.98,0.0
1982-08-29,9510,2813.99,0.0,5663.99,59.56,39.68,0.0
1982-08-30,9510,2820.37,0.0,5670.37,59.63,34.35,0.0
1982-08-31,9510,2822.5,0.0,5672.5,59.65,33.25,0.0
1982-09-01,9510,2820.37,0.0,5670.37,59.63,24.02,0.0
1982-09-02,9510,2816.12,0.0,5666.12,59.58,23.94,0.0
1982-09-03,9510,2809.75,0.0,5659.75,59.51,27.33,0.0
1982-09-04,9510,2835.25,0.0,5685.25,59.78,26.47,0.0
1982-09-05,9510,2852.25,0.0,5702.25,59.96,33.71,0.0
1982-09-06,9510,2881.99,0.0,5731.99,60.27,23.13,0.0
1982-09-07,9510,2943.62,0.0,5793.62,60.92,44.49,0.0
1982-09-08,9510,2985.2,0.0,5835.2,61.36,68.45,0.0
1982-09-09,9510,3035.8,0.0,5885.8,61.89,46.02,0.0
1982-09-10,9510,3106.2,0.0,5956.2,62.63,56.2,0.0
1982-09-11,9510,3178.8,0.0,6028.8,63.39,75.79,0.0
1982-09-12,9510,3233.8,0.0,6083.8,63.97,74.08,0.0
1982-09-13,9510,3266.8,0.0,6116.8,64.32,56.74,0.0
1982-09-14,9510,3297.6,0.0,6147.6,64.64,39.69,0.0
1982-09-15,9510,3315.2,0.0,6165.2,64.83,33.16,0.0
1982-09-16,9510,3350.39,0.0,6200.39,65.2,22.08,0.0
1982-09-17,9510,3390.0,0.0,6240.0,65.62,38.16,0.0
1982-09-18,9510,3420.75,0.0,6270.75,65.94,42.3,0.0
1982-09-19,9510,3453.55,0.0,6303.55,66.28,33.46,0.0
1982-09-20,9510,3471.99,0.0,6321.99,66.48,34.06,0.0
1982-09-21,9510,3326.45,0.0,6176.45,64.95,21.27,0.0
1982-09-22,9510,3502.75,0.0,6352.75,66.8,24.8,0.0
1982-09-23,9510,3529.6,0.0,6379.6,67.08,17.86,0.0
1982-09-24,9510,3574.5,0.0,6424.5,67.56,30.95,0.0
1982-09-25,9510,3623.7,0.0,6473.7,68.07,51.08,0.0
1982-09-26,9510,3683.15,0.0,6533.15,68.7,51.39,0.0
1982-09-27,9510,3742.13,0.0,6592.13,69.32,61.16,0.0
1982-09-28,9510,3819.99,0.0,6669.99,70.14,64.69,0.0
1982-09-29,9510,3952.5,0.0,6802.5,71.53,84.79,0.0
1982-09-30,9510,4059.99,0.0,6909.99,72.66,137.91,0.0
1982-10-01,9510,4147.5,0.0,6997.5,73.58,112.21,0.0
1982-10-02,9510,4229.99,0.0,7079.99,74.45,92.36,0.0
1982-10-03,9510,4297.5,0.0,7147.5,75.16,87.49,0.0
1982-10-04,9510,4352.9,0.0,7202.9,75.74,69.64,0.0
1982-10-05,9510,4389.7,0.0,7239.7,76.13,61.36,0.0
1982-10-06,9510,4419.59,0.0,7269.59,76.44,47.33,0.0
1982-10-07,9510,4447.2,0.0,7297.2,76.73,41.89,0.0
1982-10-08,9510,4470.2,0.0,7320.2,76.97,34.62,0.0
1982-10-09,9510,4497.79,0.0,7347.79,77.26,30.07,0.0
1982-10-10,9510,4523.09,0.0,7373.09,77.53,30.16,0.0
1982-10-11,9510,4552.99,0.0,7402.99,77.84,29.05,0.0
1982-10-12,9510,4575.99,0.0,7425.99,78.09,35.62,0.0
1982-10-13,9510,4594.4,0.0,7444.4,78.28,30.02,0.0
1982-10-14,9510,4612.79,0.0,7462.79,78.47,25.8,0.0
1982-10-15,9510,4626.6,0.0,7476.6,78.62,25.47,0.0
1982-10-16,9510,4642.7,0.0,7492.7,78.79,21.19,0.0
1982-10-17,9510,4656.5,0.0,7506.5,78.93,18.03,0.0
1982-10-18,9510,4670.29,0.0,7520.29,79.08,15.94,0.0
1982-10-19,9510,4677.2,0.0,7527.2,79.15,20.58,0.0
1982-10-20,9510,4690.99,0.0,7540.99,79.3,13.14,0.0
1982-10-21,9510,4704.8,0.0,7554.8,79.44,19.19,0.0
1982-10-22,9510,4700.2,0.0,7550.2,79.39,25.55,0.0
1982-10-23,9510,4707.09,0.0,7557.09,79.46,9.81,0.0
1982-10-24,9510,4720.89,0.0,7570.89,79.61,11.49,0.0
1982-10-25,9510,4727.79,0.0,7577.79,79.68,18.16,0.0
1982-10-26,9510,4736.99,0.0,7586.99,79.78,17.17,0.0
1982-10-27,9510,4741.6,0.0,7591.6,79.83,18.98,0.0
1982-10-28,9510,4741.6,0.0,7591.6,79.83,15.82,0.0
1982-10-29,9510,4741.6,0.0,7591.6,79.83,15.34,0.0
1982-10-30,9510,4743.89,0.0,7593.89,79.85,15.51,0.0
1982-10-31,9510,4746.2,0.0,7596.2,79.88,13.43,0.0
1982-11-01,9510,4746.2,0.0,7596.2,79.88,14.67,0.0
1982-11-02,9510,4741.6,0.0,7591.6,79.83,11.77,0.0
1982-11-03,9510,4734.7,0.0,7584.7,79.75,9.62,0.0
1982-11-04,9510,4730.1,0.0,7580.1,79.71,7.59,0.0
1982-11-05,9510,4723.2,0.0,7573.2,79.63,12.73,0.0
1982-11-06,9510,4716.3,0.0,7566.3,79.56,9.51,0.0
1982-11-07,9510,4713.99,0.0,7563.99,79.54,6.1,0.0
1982-11-08,9510,4707.09,0.0,7557.09,79.46,6.97,0.0
1982-11-09,9510,4702.5,0.0,7552.5,79.42,10.49,0.0
1982-11-10,9510,4697.9,0.0,7547.9,79.37,9.35,0.0
1982-11-11,9510,4693.3,0.0,7543.3,79.32,7.18,0.0
1982-11-12,9510,4686.39,0.0,7536.39,79.25,7.54,0.0
1982-11-13,9510,4677.2,0.0,7527.2,79.15,8.72,0.0
1982-11-14,9510,4674.89,0.0,7524.89,79.13,4.47,0.0
1982-11-15,9510,4684.1,0.0,7534.1,79.22,6.4,0.0
1982-11-16,9510,4681.8,0.0,7531.8,79.2,25.29,0.0
1982-11-17,9510,4681.8,0.0,7531.8,79.2,14.98,0.0
1982-11-18,9510,4681.8,0.0,7531.8,79.2,8.98,0.0
1982-11-19,9510,4679.5,0.0,7529.5,79.17,10.8,0.0
1982-11-20,9510,4674.89,0.0,7524.89,79.13,8.47,0.0
1982-11-21,9510,4674.89,0.0,7524.89,79.13,7.07,0.0
1982-11-22,9510,4674.89,0.0,7524.89,79.13,7.05,0.0
1982-11-23,9510,4670.29,0.0,7520.29,79.08,7.2,0.0
1982-11-24,9510,4665.7,0.0,7515.7,79.03,5.75,0.0
1982-11-25,9510,4663.39,0.0,7513.39,79.01,7.24,0.0
1982-11-26,9510,4661.1,0.0,7511.1,78.98,6.11,0.0
1982-11-27,9510,4658.8,0.0,7508.8,78.96,6.95,0.0
1982-11-28,9510,4658.8,0.0,7508.8,78.96,5.41,0.0
1982-11-29,9510,4649.59,0.0,7499.59,78.86,7.31,0.0
1982-11-30,9510,4638.09,0.0,7488.09,78.74,5.27,0.0
1982-12-01,9510,4633.5,0.0,7483.5,78.69,3.15,0.0
1982-12-02,9510,4633.5,0.0,7483.5,78.69,2.9,0.0
1982-12-03,9510,4628.89,0.0,7478.89,78.64,8.52,0.0
1982-12-04,9510,4624.3,0.0,7474.3,78.59,4.83,0.0
1982-12-05,9510,4624.3,0.0,7474.3,78.59,3.45,0.0
1982-12-06,9510,4621.99,0.0,7471.99,78.57,8.06,0.0
1982-12-07,9510,4615.1,0.0,7465.1,78.5,5.36,0.0
1982-12-08,9510,4612.79,0.0,7462.79,78.47,2.37,0.0
1982-12-09,9510,4610.5,0.0,7460.5,78.45,5.23,0.0
1982-12-10,9510,4603.6,0.0,7453.6,78.38,5.74,0.0
1982-12-11,9510,4601.3,0.0,7451.3,78.35,1.52,0.0
1982-12-12,9510,4594.4,0.0,7444.4,78.28,5.53,0.0
1982-12-13,9510,4594.4,0.0,7444.4,78.28,1.11,0.0
1982-12-14,9510,4587.5,0.0,7437.5,78.21,7.96,0.0
1982-12-15,9510,4575.99,0.0,7425.99,78.09,4.63,0.0
1982-12-16,9510,4566.8,0.0,7416.8,77.99,5.97,0.0
1982-12-17,9510,4557.6,0.0,7407.6,77.89,6.09,0.0
1982-12-18,9510,4546.1,0.0,7396.1,77.77,4.64,0.0
1982-12-19,9510,4541.5,0.0,7391.5,77.72,2.78,0.0
1982-12-20,9510,4534.59,0.0,7384.59,77.65,3.11,0.0
1982-12-21,9510,4527.7,0.0,7377.7,77.58,0.94,0.0
1982-12-22,9510,4520.8,0.0,7370.8,77.51,1.26,0.0
1982-12-23,9510,4511.6,0.0,7361.6,77.41,0.98,0.0
1982-12-24,9510,4504.7,0.0,7354.7,77.34,0.43,0.0
1982-12-25,9510,4500.1,0.0,7350.1,77.29,1.62,0.0
1982-12-26,9510,4495.5,0.0,7345.5,77.24,4.85,0.0
1982-12-27,9510,4488.6,0.0,7338.6,77.17,3.72,0.0
1982-12-28,9510,4483.99,0.0,7333.99,77.12,0.78,0.0
1982-12-29,9510,4479.4,0.0,7329.4,77.07,2.91,0.0
1982-12-30,9510,4472.5,0.0,7322.5,77.0,3.35,0.0
1982-12-31,9510,4467.9,0.0,7317.9,76.95,1.09,0.0
1983-01-01,9510,4465.59,0.0,7315.59,76.93,5.67,0.0
1983-01-02,9510,4463.3,0.0,7313.3,76.9,5.76,0.0
1983-01-03,9510,4454.1,0.0,7304.1,76.8,2.85,0.0
1983-01-04,9510,4437.99,0.0,7287.99,76.64,3.92,0.0
1983-01-05,9510,4428.8,0.0,7278.8,76.54,7.05,0.0
1983-01-06,9510,4421.9,0.0,7271.9,76.47,6.35,0.0
1983-01-07,9510,4415.0,0.0,7265.0,76.39,8.41,0.0
1983-01-08,9510,4408.09,0.0,7258.09,76.32,3.61,0.0
1983-01-09,9510,4403.5,0.0,7253.5,76.27,3.7,0.0
1983-01-10,9510,4398.89,0.0,7248.89,76.22,7.68,0.0
1983-01-11,9510,4389.7,0.0,7239.7,76.13,3.19,0.0
1983-01-12,9510,4382.79,0.0,7232.79,76.05,5.05,0.0
1983-01-13,9510,4373.6,0.0,7223.6,75.96,2.58,0.0
1983-01-14,9510,4364.4,0.0,7214.4,75.86,2.76,0.0
1983-01-15,9510,4352.9,0.0,7202.9,75.74,0.54,0.0
1983-01-16,9510,4343.7,0.0,7193.7,75.64,2.68,0.0
1983-01-17,9510,4327.6,0.0,7177.6,75.47,3.21,0.0
1983-01-18,9510,4306.9,0.0,7156.9,75.26,1.04,0.0
1983-01-19,9510,4284.99,0.0,7134.99,75.03,0.08,0.0
1983-01-20,9510,4264.99,0.0,7114.99,74.82,0.2,0.0
1983-01-21,9510,4244.99,0.0,7094.99,74.61,1.05,0.0
1983-01-22,9510,4232.5,0.0,7082.5,74.47,2.49,0.0
1983-01-23,9510,4222.5,0.0,7072.5,74.37,1.88,0.0
1983-01-24,9510,4207.5,0.0,7057.5,74.21,1.37,0.0
1983-01-25,9510,4187.5,0.0,7037.5,74.0,1.82,0.0
1983-01-26,9510,4167.5,0.0,7017.5,73.79,1.61,0.0
1983-01-27,9510,4144.99,0.0,6994.99,73.55,1.2,0.0
1983-01-28,9510,4124.99,0.0,6974.99,73.34,2.38,0.0
1983-01-29,9510,4109.99,0.0,6959.99,73.19,2.36,0.0
1983-01-30,9510,4099.99,0.0,6949.99,73.08,1.86,0.0
1983-01-31,9510,4087.5,0.0,6937.5,72.95,7.28,0.0
1983-02-01,9510,4067.5,0.0,6917.5,72.74,0.72,0.0
1983-02-02,9510,4047.5,0.0,6897.5,72.53,1.72,0.0
1983-02-03,9510,4024.99,0.0,6874.99,72.29,0.52,0.0
1983-02-04,9510,4002.5,0.0,6852.5,72.06,0.77,0.0
1983-02-05,9510,3987.5,0.0,6837.5,71.9,2.9,0.0
1983-02-06,9510,3977.5,0.0,6827.5,71.79,1.37,0.0
1983-02-07,9510,3954.99,0.0,6804.99,71.56,2.39,0.0
1983-02-08,9510,3932.5,0.0,6782.5,71.32,2.45,0.0
1983-02-09,9510,3912.5,0.0,6762.5,71.11,1.23,0.0
1983-02-10,9510,3892.5,0.0,6742.5,70.9,3.15,0.0
1983-02-11,9510,3874.99,0.0,6724.99,70.71,2.89,0.0
1983-02-12,9510,3852.5,0.0,6702.5,70.48,0.6,0.0
1983-02-13,9510,3829.99,0.0,6679.99,70.24,0.76,0.0
1983-02-14,9510,3819.99,0.0,6669.99,70.14,0.12,0.0
1983-02-15,9510,3807.5,0.0,6657.5,70.01,3.07,0.0
1983-02-16,9510,3781.55,0.0,6631.55,69.73,3.13,0.0
1983-02-17,9510,3752.85,0.0,6602.85,69.43,6.3,0.0
1983-02-18,9510,3734.4,0.0,6584.4,69.24,5.82,0.0
1983-02-19,9510,3717.99,0.0,6567.99,69.06,4.59,0.0
1983-02-20,9510,3697.5,0.0,6547.5,68.85,0.99,0.0
1983-02-21,9510,3672.89,0.0,6522.89,68.59,0.02,0.0
1983-02-22,9510,3650.35,0.0,6500.35,68.35,3.64,0.0
1983-02-23,9510,3633.95,0.0,6483.95,68.18,3.75,0.0
1983-02-24,9510,3619.13,0.0,6469.13,68.02,2.52,0.0
1983-02-25,9510,3607.3,0.0,6457.3,67.9,4.34,0.0
1983-02-26,9510,3597.05,0.0,6447.05,67.79,3.77,0.0
1983-02-27,9510,3588.84,0.0,6438.84,67.71,3.27,0.0
1983-02-28,9510,3576.55,0.0,6426.55,67.58,2.46,0.0
1983-03-01,9510,3564.25,0.0,6414.25,67.45,2.46,0.0
1983-03-02,9510,3549.9,0.0,6399.9,67.3,5.04,0.0
1983-03-03,9510,3535.55,0.0,6385.55,67.15,2.93,0.0
1983-03-04,9510,3527.35,0.0,6377.35,67.06,4.58,0.0
1983-03-05,9510,3508.89,0.0,6358.89,66.87,6.03,0.0
1983-03-06,9510,3500.7,0.0,6350.7,66.78,1.38,0.0
1983-03-07,9510,3486.34,0.0,6336.34,66.63,0.96,0.0
1983-03-08,9510,3469.95,0.0,6319.95,66.46,5.98,0.0
1983-03-09,9510,3449.45,0.0,6299.45,66.24,5.23,0.0
1983-03-10,9510,3430.99,0.0,6280.99,66.05,1.13,0.0
1983-03-11,9510,3412.55,0.0,6262.55,65.85,3.55,0.0
1983-03-12,9510,3396.15,0.0,6246.15,65.68,3.31,0.0
1983-03-13,9510,3390.0,0.0,6240.0,65.62,3.71,0.0
1983-03-14,9510,3370.2,0.0,6220.2,65.41,1.39,0.0
1983-03-15,9510,3354.8,0.0,6204.8,65.25,3.41,0.0
1983-03-16,9510,6335.0,0.0,9185.0,96.58,5.65,0.0
1983-03-17,9510,3312.99,0.0,6162.99,64.81,0.95,0.0
1983-03-18,9510,3293.2,0.0,6143.2,64.6,1.37,0.0
1983-03-19,9510,3275.6,0.0,6125.6,64.41,0.83,0.0
1983-03-20,9510,3257.99,0.0,6107.99,64.23,0.98,0.0
1983-03-21,9510,3233.8,0.0,6083.8,63.97,1.62,0.0
1983-03-22,9510,3205.2,0.0,6055.2,63.67,1.84,0.0
1983-03-23,9510,3176.6,0.0,6026.6,63.37,2.07,0.0
1983-03-24,9510,3147.99,0.0,5997.99,63.07,1.62,0.0
1983-03-25,9510,3117.2,0.0,5967.2,62.75,1.71,0.0
1983-03-26,9510,3086.4,0.0,5936.4,62.42,0.45,0.0
1983-03-27,9510,3060.0,0.0,5910.0,62.15,0.46,0.0
1983-03-28,9510,3031.4,0.0,5881.4,61.84,1.59,0.0
1983-03-29,9510,2998.39,0.0,5848.39,61.5,2.05,0.0
1983-03-30,9510,2967.59,0.0,5817.59,61.17,0.81,0.0
1983-03-31,9510,2939.37,0.0,5789.37,60.88,1.98,0.0
1983-04-01,9510,2911.75,0.0,5761.75,60.59,0.0,0.0
1983-04-02,9510,2875.62,0.0,5725.62,60.21,3.01,0.0
1983-04-03,9510,2841.62,0.0,5691.62,59.85,1.48,0.0
1983-04-04,9510,2807.62,0.0,5657.62,59.49,3.42,0.0
1983-04-05,9510,2771.5,0.0,5621.5,59.11,3.2,0.0
1983-04-06,9510,2735.37,0.0,5585.37,58.73,1.61,0.0
1983-04-07,9510,2697.12,0.0,5547.12,58.33,3.46,0.0
1983-04-08,9510,2658.87,0.0,5508.87,57.93,0.0,0.0
1983-04-09,9510,2624.87,0.0,5474.87,57.57,1.05,0.0
1983-04-10,9510,2586.62,0.0,5436.62,57.17,2.63,0.0
1983-04-11,9510,2556.87,0.0,5406.87,56.85,0.25,0.0
1983-04-12,9510,2527.12,0.0,5377.12,56.54,6.77,0.0
1983-04-13,9510,2500.62,0.0,5350.62,56.26,2.66,0.0
1983-04-14,9510,2463.12,0.0,5313.12,55.87,4.86,0.0
1983-04-15,9510,2431.25,0.0,5281.25,55.53,0.0,0.0
1983-04-16,9510,2399.37,0.0,5249.37,55.2,5.02,0.0
1983-04-17,9510,2367.5,0.0,5217.5,54.86,4.4,0.0
1983-04-18,9510,2337.5,0.0,5187.5,54.55,2.41,0.0
1983-04-19,9510,2307.5,0.0,5157.5,54.23,6.02,0.0
1983-04-20,9510,2269.99,0.0,5119.99,53.84,6.18,0.0
1983-04-21,9510,2241.87,0.0,5091.87,53.54,0.0,0.0
1983-04-22,9510,2215.62,0.0,5065.62,53.27,4.5,0.0
1983-04-23,9510,2193.12,0.0,5043.12,53.03,6.42,0.0
1983-04-24,9510,2172.5,0.0,5022.5,52.81,8.45,0.0
1983-04-25,9510,2137.75,0.0,4987.75,52.45,6.85,0.0
1983-04-26,9510,2118.5,0.0,4968.5,52.25,0.0,0.0
1983-04-27,9510,2090.5,0.0,4940.5,51.95,9.51,0.0
1983-04-28,9510,2064.25,0.0,4914.25,51.67,4.05,0.0
1983-04-29,9510,2036.25,0.0,4886.25,51.38,3.9,0.0
1983-04-30,9510,2013.5,0.0,4863.5,51.14,5.43,0.0
1983-05-01,9510,1994.25,0.0,4844.25,50.94,5.12,0.0
1983-05-02,9510,1975.0,0.0,4825.0,50.74,5.72,0.0
1983-05-03,9510,1955.75,0.0,4805.75,50.53,3.5,0.0
1983-05-04,9510,1931.25,0.0,4781.25,50.28,7.86,0.0
1983-05-05,9510,1908.5,0.0,4758.5,50.04,7.46,0.0
1983-05-06,9510,1885.75,0.0,4735.75,49.8,8.44,0.0
1983-05-07,9510,1864.75,0.0,4714.75,49.58,8.96,0.0
1983-05-08,9510,1845.5,0.0,4695.5,49.37,10.48,0.0
1983-05-09,9510,1827.99,0.0,4677.99,49.19,9.43,0.0
1983-05-10,9510,1815.75,0.0,4665.75,49.06,9.72,0.0
1983-05-11,9510,1800.0,0.0,4650.0,48.9,9.69,0.0
1983-05-12,9510,1786.4,0.0,4636.4,48.75,6.65,0.0
1983-05-13,9510,1771.1,0.0,4621.1,48.59,6.83,0.0
1983-05-14,9510,1759.2,0.0,4609.2,48.47,7.96,0.0
1983-05-15,9510,1743.9,0.0,4593.9,48.31,9.67,0.0
1983-05-16,9510,1725.2,0.0,4575.2,48.11,6.19,0.0
1983-05-17,9510,1704.8,0.0,4554.8,47.89,5.64,0.0
1983-05-18,9510,1684.4,0.0,4534.4,47.68,4.42,0.0
1983-05-19,9510,1665.7,0.0,4515.7,47.48,8.47,0.0
1983-05-20,9510,1645.3,0.0,4495.3,47.27,6.48,0.0
1983-05-21,9510,1628.3,0.0,4478.3,47.09,7.17,0.0
1983-05-22,9510,1607.9,0.0,4457.9,46.88,8.05,0.0
1983-05-23,9510,1585.8,0.0,4435.8,46.64,6.02,0.0
1983-05-24,9510,1572.2,0.0,4422.2,46.5,3.0,0.0
1983-05-25,9510,1560.3,0.0,4410.3,46.38,2.81,0.0
1983-05-26,9510,1548.4,0.0,4398.4,46.25,5.52,0.0
1983-05-27,9510,1541.6,0.0,4391.6,46.18,1.62,0.0
1983-05-28,9510,1536.5,0.0,4386.5,46.13,8.6,0.0
1983-05-29,9510,1536.5,0.0,4386.5,46.13,8.89,0.0
1983-05-30,9510,1538.2,0.0,4388.2,46.14,10.87,0.0
1983-05-31,9510,1538.2,0.0,4388.2,46.14,8.48,0.0
1983-06-01,9510,1536.5,0.0,4386.5,46.13,6.84,0.0
1983-06-02,9510,1529.7,0.0,4379.7,46.05,6.61,0.0
1983-06-03,9510,1527.99,0.0,4377.99,46.04,6.31,0.0
1983-06-04,9510,1526.3,0.0,4376.3,46.02,7.14,0.0
1983-06-05,9510,1522.9,0.0,4372.9,45.98,5.67,0.0
1983-06-06,9510,1512.7,0.0,4362.7,45.87,6.72,0.0
1983-06-07,9510,1500.8,0.0,4350.8,45.75,0.0,0.0
1983-06-08,9510,1497.39,0.0,4347.39,45.71,0.0,0.0
1983-06-09,9510,1493.99,0.0,4343.99,45.68,6.53,0.0
1983-06-10,9510,1490.6,0.0,4340.6,45.64,5.46,0.0
1983-06-11,9510,1488.9,0.0,4338.9,45.62,7.32,0.0
1983-06-12,9510,1497.39,0.0,4347.39,45.71,5.12,0.0
1983-06-13,9510,1505.89,0.0,4355.89,45.8,16.78,0.0
1983-06-14,9510,1514.4,0.0,4364.4,45.89,15.63,0.0
1983-06-15,9510,1519.5,0.0,4369.5,45.95,18.43,0.0
1983-06-16,9510,1507.13,0.0,4357.13,45.82,14.34,0.0
1983-06-17,9510,1488.9,0.0,4338.9,45.62,6.78,0.0
1983-06-18,9510,1473.13,0.0,4323.13,45.46,6.11,0.0
1983-06-19,9510,1468.5,0.0,4318.5,45.41,6.32,0.0
1983-06-20,9510,1460.0,0.0,4310.0,45.32,0.0,0.0
1983-06-21,9510,1456.9,0.0,4306.9,45.29,0.47,0.0
1983-06-22,9510,1453.8,0.0,4303.8,45.26,5.15,0.0
1983-06-23,9510,1447.6,0.0,4297.6,45.19,3.94,0.0
1983-06-24,9510,1444.5,0.0,4294.5,45.16,2.25,0.0
1983-06-25,9510,1441.39,0.0,4291.39,45.13,5.66,0.0
1983-06-26,9510,1439.85,0.0,4289.85,45.11,6.39,0.0
1983-06-27,9510,1435.2,0.0,4285.2,45.06,2.8,0.0
1983-06-28,9510,1432.1,0.0,4282.1,45.03,3.41,0.0
1983-06-29,9510,1422.8,0.0,4272.8,44.93,4.37,0.0
1983-06-30,9510,1422.8,0.0,4272.8,44.93,8.79,0.0
1983-07-01,9510,1418.15,0.0,4268.15,44.88,11.83,0.0
1983-07-02,9510,1410.4,0.0,4260.4,44.8,9.79,0.0
1983-07-03,9510,1402.64,0.0,4252.64,44.72,8.7,0.0
1983-07-04,9510,1278.45,0.0,4128.45,43.41,7.65,0.0
1983-07-05,9510,1385.6,0.0,4235.6,44.54,6.29,0.0
1983-07-06,9510,1377.85,0.0,4227.85,44.46,6.36,0.0
1983-07-07,9510,1370.1,0.0,4220.1,44.38,7.1,0.0
1983-07-08,9510,1357.7,0.0,4207.7,44.25,4.83,0.0
1983-07-09,9510,1351.5,0.0,4201.5,44.18,3.79,0.0
1983-07-10,9510,1346.85,0.0,4196.85,44.13,8.4,0.0
1983-07-11,9510,1337.55,0.0,4187.55,44.03,6.2,0.0
1983-07-12,9510,1325.14,0.0,4175.14,43.9,3.84,0.0
1983-07-13,9510,1314.3,0.0,4164.3,43.79,5.01,0.0
1983-07-14,9510,1300.35,0.0,4150.35,43.64,5.36,0.0
1983-07-15,9510,1289.5,0.0,4139.5,43.53,5.46,0.0
1983-07-16,9510,1277.1,0.0,4127.1,43.4,7.65,0.0
1983-07-17,9510,1272.45,0.0,4122.45,43.35,7.88,0.0
1983-07-18,9510,1269.35,0.0,4119.35,43.32,13.21,0.0
1983-07-19,9510,1261.6,0.0,4111.6,43.23,15.54,0.0
1983-07-20,9510,1263.15,0.0,4113.15,43.25,11.41,0.0
1983-07-21,9510,1273.99,0.0,4123.99,43.36,18.77,0.0
1983-07-22,9510,1267.8,0.0,4117.8,43.3,29.8,0.0
1983-07-23,9510,1269.35,0.0,4119.35,43.32,14.35,0.0
1983-07-24,9510,1273.99,0.0,4123.99,43.36,21.6,0.0
1983-07-25,9510,1277.1,0.0,4127.1,43.4,25.15,0.0
1983-07-26,9510,1281.75,0.0,4131.75,43.45,23.65,0.0
1983-07-27,9510,1306.55,0.0,4156.55,43.71,26.81,0.0
1983-07-28,9510,1354.6,0.0,4204.6,44.21,45.98,0.0
1983-07-29,9510,1408.85,0.0,4258.85,44.78,68.28,0.0
1983-07-30,9510,1435.2,0.0,4285.2,45.06,72.4,0.0
1983-07-31,9510,1452.25,0.0,4302.25,45.24,46.18,0.0
1983-08-01,9510,1466.8,0.0,4316.8,45.39,34.71,0.0
1983-08-02,9510,1478.7,0.0,4328.7,45.52,36.71,0.0
1983-08-03,9510,1500.8,0.0,4350.8,45.75,36.22,0.0
1983-08-04,9510,1521.2,0.0,4371.2,45.96,46.5,0.0
1983-08-05,9510,1548.39,0.0,4398.39,46.25,44.95,0.0
1983-08-06,9510,1575.6,0.0,4425.6,46.54,49.9,0.0
1983-08-07,9510,1594.3,0.0,4444.3,46.73,49.59,0.0
1983-08-08,9510,1619.8,0.0,4469.8,47.0,38.51,0.0
1983-08-09,9510,1643.6,0.0,4493.6,47.25,37.11,0.0
1983-08-10,9510,1663.99,0.0,4513.99,47.47,39.48,0.0
1983-08-11,9510,1675.89,0.0,4525.89,47.59,37.98,0.0
1983-08-12,9510,1701.4,0.0,4551.4,47.86,31.69,0.0
1983-08-13,9510,1725.2,0.0,4575.2,48.11,28.75,0.0
1983-08-14,9510,1743.9,0.0,4593.9,48.31,27.89,0.0
1983-08-15,9510,1757.5,0.0,4607.5,48.45,21.0,0.0
1983-08-16,9510,1767.7,0.0,4617.7,48.56,20.71,0.0
1983-08-17,9510,1774.5,0.0,4624.5,48.63,15.96,0.0
1983-08-18,9510,1793.2,0.0,4643.2,48.82,14.3,0.0
1983-08-19,9510,1808.75,0.0,4658.75,48.99,25.97,0.0
1983-08-20,9510,1827.99,0.0,4677.99,49.19,22.72,0.0
1983-08-21,9510,1855.99,0.0,4705.99,49.48,26.96,0.0
1983-08-22,9510,1897.99,0.0,4747.99,49.93,35.27,0.0
1983-08-23,9510,1941.75,0.0,4791.75,50.39,48.89,0.0
1983-08-24,9510,1983.75,0.0,4833.75,50.83,49.24,0.0
1983-08-25,9510,1997.75,0.0,4847.75,50.98,47.18,0.0
1983-08-26,9510,2051.99,0.0,4901.99,51.55,19.64,0.0
1983-08-27,9510,2128.99,0.0,4978.99,52.36,59.36,0.0
1983-08-28,9510,2215.62,0.0,5065.62,53.27,82.81,0.0
1983-08-29,9510,2275.62,0.0,5125.62,53.9,92.6,0.0
1983-08-30,9510,2322.5,0.0,5172.5,54.39,66.81,0.0
1983-08-31,9510,2358.12,0.0,5208.12,54.76,52.77,0.0
1983-09-01,9510,2386.25,0.0,5236.25,55.06,43.83,0.0
1983-09-02,9510,2412.5,0.0,5262.5,55.34,34.61,0.0
1983-09-03,9510,2442.5,0.0,5292.5,55.65,34.19,0.0
1983-09-04,9510,2470.62,0.0,5320.62,55.95,34.95,0.0
1983-09-05,9510,2500.62,0.0,5350.62,56.26,33.61,0.0
1983-09-06,9510,2523.12,0.0,5373.12,56.5,34.12,0.0
1983-09-07,9510,2575.99,0.0,5425.99,57.06,29.27,0.0
1983-09-08,9510,2620.62,0.0,5470.62,57.52,58.53,0.0
1983-09-09,9510,2650.37,0.0,5500.37,57.84,50.96,0.0
1983-09-10,9510,2684.38,0.0,5534.38,58.2,38.49,0.0
1983-09-11,9510,2709.87,0.0,5559.87,58.46,39.9,0.0
1983-09-12,9510,2737.5,0.0,5587.5,58.75,29.15,0.0
1983-09-13,9510,2771.5,0.0,5621.5,59.11,33.29,0.0
1983-09-14,9510,2835.25,0.0,5685.25,59.78,40.23,0.0
1983-09-15,9510,2890.5,0.0,5740.5,60.36,65.8,0.0
1983-09-16,9510,2950.0,0.0,5800.0,60.99,67.74,0.0
1983-09-17,9510,2998.39,0.0,5848.39,61.5,61.11,0.0
1983-09-18,9510,3068.8,0.0,5918.8,62.24,53.1,0.0
1983-09-19,9510,3158.99,0.0,6008.99,63.19,72.7,0.0
1983-09-20,9510,3233.99,0.0,6083.99,63.97,92.48,0.0
1983-09-21,9510,3319.6,0.0,6169.6,64.87,80.07,0.0
1983-09-22,9510,3372.4,0.0,6222.4,65.43,87.73,0.0
1983-09-23,9510,3410.5,0.0,6260.5,65.83,58.54,0.0
1983-09-24,9510,3435.09,0.0,6285.09,66.09,39.61,0.0
1983-09-25,9510,3463.8,0.0,6313.8,66.39,26.17,0.0
1983-09-26,9510,3486.34,0.0,6336.34,66.63,29.39,0.0
1983-09-27,9510,3512.99,0.0,6362.99,66.91,23.89,0.0
1983-09-28,9510,3539.65,0.0,6389.65,67.19,28.91,0.0
1983-09-29,9510,3553.99,0.0,6403.99,67.34,28.52,0.0
1983-09-30,9510,3574.5,0.0,6424.5,67.56,15.85,0.0
1983-10-01,9510,3583.36,0.0,6433.36,67.65,24.52,0.0
1983-10-02,9510,3602.71,0.0,6452.71,67.85,13.75,0.0
1983-10-03,9510,3626.41,0.0,6476.41,68.1,20.75,0.0
1983-10-04,9510,3684.75,0.0,6534.75,68.71,26.6,0.0
1983-10-05,9510,3730.3,0.0,6580.3,69.19,59.61,0.0
1983-10-06,9510,3800.0,0.0,6650.0,69.93,48.14,0.0
1983-10-07,9510,3863.47,0.0,6713.47,70.59,72.13,0.0
1983-10-08,9510,3914.01,0.0,6764.01,71.13,66.05,0.0
1983-10-09,9510,3969.15,0.0,6819.15,71.71,52.65,0.0
1983-10-10,9510,4015.63,0.0,6865.63,72.19,56.85,0.0
1983-10-11,9510,4046.7,0.0,6896.7,72.52,51.87,0.0
1983-10-12,9510,4073.38,0.0,6923.38,72.8,35.99,0.0
1983-10-13,9510,4095.66,0.0,6945.66,73.04,28.24,0.0
1983-10-14,9510,4117.96,0.0,6967.96,73.27,23.72,0.0
1983-10-15,9510,4135.83,0.0,6985.83,73.46,24.8,0.0
1983-10-16,9510,4171.64,0.0,7021.64,73.83,18.66,0.0
1983-10-17,9510,4191.81,0.0,7041.81,74.05,36.83,0.0
1983-10-18,9510,4214.26,0.0,7064.26,74.28,22.87,0.0
1983-10-19,9510,4236.75,0.0,7086.75,74.52,24.14,0.0
1983-10-20,9510,4252.51,0.0,7102.51,74.68,23.21,0.0
1983-10-21,9510,4275.05,0.0,7125.05,74.92,17.28,0.0
1983-10-22,9510,4290.85,0.0,7140.85,75.09,23.39,0.0
1983-10-23,9510,4302.14,0.0,7152.14,75.21,16.53,0.0
1983-10-24,9510,4322.49,0.0,7172.49,75.42,12.32,0.0
1983-10-25,9510,4333.81,0.0,7183.81,75.54,21.72,0.0
1983-10-26,9510,4347.4,0.0,7197.4,75.68,17.51,0.0
1983-10-27,9510,4358.74,0.0,7208.74,75.8,16.33,0.0
1983-10-28,9510,4367.81,0.0,7217.81,75.9,12.72,0.0
1983-10-29,9510,4381.44,0.0,7231.44,76.04,10.11,0.0
1983-10-30,9510,4397.34,0.0,7247.34,76.21,14.79,0.0
1983-10-31,9510,4406.44,0.0,7256.44,76.3,16.77,0.0
1983-11-01,9510,4417.13,0.0,7267.13,76.42,9.83,0.0
1983-11-02,9510,4426.93,0.0,7276.93,76.52,13.27,0.0
1983-11-03,9510,4436.05,0.0,7286.05,76.61,11.62,0.0
1983-11-04,9510,4445.17,0.0,7295.17,76.71,12.13,0.0
1983-11-05,9510,4456.13,0.0,7306.13,76.83,12.4,0.0
1983-11-06,9510,4463.42,0.0,7313.42,76.9,13.63,0.0
1983-11-07,9510,4465.7,0.0,7315.7,76.93,8.47,0.0
1983-11-08,9510,4474.84,0.0,7324.84,77.02,11.87,0.0
1983-11-09,9510,4479.41,0.0,7329.41,77.07,12.35,0.0
1983-11-10,9510,4483.98,0.0,7333.98,77.12,11.89,0.0
1983-11-11,9510,4488.6,0.0,7338.6,77.17,10.64,0.0
1983-11-12,9510,4506.86,0.0,7356.86,77.36,9.67,0.0
1983-11-13,9510,4518.32,0.0,7368.32,77.48,22.85,0.0
1983-11-14,9510,4536.66,0.0,7386.66,77.67,14.17,0.0
1983-11-15,9510,4548.13,0.0,7398.13,77.79,21.97,0.0
1983-11-16,9510,4552.72,0.0,7402.72,77.84,17.39,0.0
1983-11-17,9510,4561.9,0.0,7411.9,77.94,6.79,0.0
1983-11-18,9510,4573.4,0.0,7423.4,78.06,10.58,0.0
1983-11-19,9510,4582.6,0.0,7432.6,78.16,12.54,0.0
1983-11-20,9510,4591.81,0.0,7441.81,78.25,9.98,0.0
1983-11-21,9510,4598.71,0.0,7448.71,78.33,9.99,0.0
1983-11-22,9510,4601.02,0.0,7451.02,78.35,8.82,0.0
1983-11-23,9510,4605.62,0.0,7455.62,78.4,3.4,0.0
1983-11-24,9510,4621.76,0.0,7471.76,78.57,5.71,0.0
1983-11-25,9510,4633.29,0.0,7483.29,78.69,17.17,0.0
1983-11-26,9510,4637.91,0.0,7487.91,78.74,12.51,0.0
1983-11-27,9510,4640.22,0.0,7490.22,78.76,6.06,0.0
1983-11-28,9510,4644.83,0.0,7494.83,78.81,3.35,0.0
1983-11-29,9510,4647.14,0.0,7497.14,78.83,6.5,0.0
1983-11-30,9510,4651.76,0.0,7501.76,78.88,5.09,0.0
1983-12-01,9510,4654.07,0.0,7504.07,78.91,6.02,0.0
1983-12-02,9510,4661.01,0.0,7511.01,78.98,4.2,0.0
1983-12-03,9510,4665.63,0.0,7515.63,79.03,8.23,0.0
1983-12-04,9510,4670.26,0.0,7520.26,79.08,9.19,0.0
1983-12-05,9510,4674.88,0.0,7524.88,79.13,5.74,0.0
1983-12-06,9510,4677.2,0.0,7527.2,79.15,5.98,0.0
1983-12-07,9510,4679.51,0.0,7529.51,79.17,3.43,0.0
1983-12-08,9510,4681.83,0.0,7531.83,79.2,6.03,0.0
1983-12-09,9510,4681.83,0.0,7531.83,79.2,4.96,0.0
1983-12-10,9510,4681.83,0.0,7531.83,79.2,2.1,0.0
1983-12-11,9510,4684.14,0.0,7534.14,79.22,2.13,0.0
1983-12-12,9510,4684.14,0.0,7534.14,79.22,3.91,0.0
1983-12-13,9510,4691.09,0.0,7541.09,79.3,1.94,0.0
1983-12-14,9510,4693.4,0.0,7543.4,79.32,10.38,0.0
1983-12-15,9510,4695.72,0.0,7545.72,79.35,5.86,0.0
1983-12-16,9510,4702.67,0.0,7552.67,79.42,4.54,0.0
1983-12-17,9510,4704.99,0.0,7554.99,79.44,9.1,0.0
1983-12-18,9510,4704.99,0.0,7554.99,79.44,4.88,0.0
1983-12-19,9510,4707.31,0.0,7557.31,79.47,1.98,0.0
1983-12-20,9510,4707.31,0.0,7557.31,79.47,5.5,0.0
1983-12-21,9510,4707.31,0.0,7557.31,79.47,9.9,0.0
1983-12-22,9510,4716.58,0.0,7566.58,79.56,2.03,0.0
1983-12-23,9510,4718.9,0.0,7568.9,79.59,10.33,0.0
1983-12-24,9510,4718.9,0.0,7568.9,79.59,4.08,0.0
1983-12-25,9510,4718.9,0.0,7568.9,79.59,1.26,0.0
1983-12-26,9510,4721.22,0.0,7571.22,79.61,1.26,0.0
1983-12-27,9510,4723.54,0.0,7573.54,79.64,3.08,0.0
1983-12-28,9510,4728.2,0.0,7578.2,79.69,3.08,0.0
1983-12-29,9510,4732.83,0.0,7582.83,79.74,5.4,0.0
1983-12-30,9510,4735.15,0.0,7585.15,79.76,8.0,0.0
1983-12-31,9510,4739.8,0.0,7589.8,79.81,4.26,0.0
1984-01-01,9510,4744.44,0.0,7594.44,79.86,9.79,0.0
1984-01-02,9510,4744.44,0.0,7594.44,79.86,3.15,0.0
1984-01-03,9510,4746.77,0.0,7596.77,79.88,5.55,0.0
1984-01-04,9510,4749.09,0.0,7599.09,79.91,5.22,0.0
1984-01-05,9510,4749.09,0.0,7599.09,79.91,3.23,0.0
1984-01-06,9510,4751.41,0.0,7601.41,79.93,5.34,0.0
1984-01-07,9510,4751.41,0.0,7601.41,79.93,2.72,0.0
1984-01-08,9510,4751.41,0.0,7601.41,79.93,2.94,0.0
1984-01-09,9510,4753.74,0.0,7603.74,79.96,6.26,0.0
1984-01-10,9510,4751.41,0.0,7601.41,79.93,1.65,0.0
1984-01-11,9510,4746.77,0.0,7596.77,79.88,1.84,0.0
1984-01-12,9510,4744.44,0.0,7594.44,79.86,1.82,0.0
1984-01-13,9510,4742.12,0.0,7592.12,79.83,8.26,0.0
1984-01-14,9510,4739.8,0.0,7589.8,79.81,7.17,0.0
1984-01-15,9510,4737.47,0.0,7587.47,79.78,3.04,0.0
1984-01-16,9510,4730.51,0.0,7580.51,79.71,3.85,0.0
1984-01-17,9510,4728.19,0.0,7578.19,79.69,4.12,0.0
1984-01-18,9510,4725.86,0.0,7575.86,79.66,4.47,0.0
1984-01-19,9510,4723.54,0.0,7573.54,79.64,4.64,0.0
1984-01-20,9510,4721.22,0.0,7571.22,79.61,3.74,0.0
1984-01-21,9510,4718.9,0.0,7568.9,79.59,3.54,0.0
1984-01-22,9510,4714.26,0.0,7564.26,79.54,1.55,0.0
1984-01-23,9510,4709.63,0.0,7559.63,79.49,0.57,0.0
1984-01-24,9510,4698.04,0.0,7548.04,79.37,5.76,0.0
1984-01-25,9510,4695.72,0.0,7545.72,79.35,3.18,0.0
1984-01-26,9510,4693.4,0.0,7543.4,79.32,7.88,0.0
1984-01-27,9510,4688.77,0.0,7538.77,79.27,5.57,0.0
1984-01-28,9510,4684.14,0.0,7534.14,79.22,2.25,0.0
1984-01-29,9510,4679.51,0.0,7529.51,79.17,2.45,0.0
1984-01-30,9510,4670.26,0.0,7520.26,79.08,6.5,0.0
1984-01-31,9510,4656.39,0.0,7506.39,78.93,1.8,0.0
1984-02-01,9510,4644.83,0.0,7494.83,78.81,5.71,0.0
1984-02-02,9510,4633.29,0.0,7483.29,78.69,1.73,0.0
1984-02-03,9510,4624.06,0.0,7474.06,78.59,5.91,0.0
1984-02-04,9510,4612.54,0.0,7462.54,78.47,4.8,0.0
1984-02-05,9510,4596.41,0.0,7446.41,78.3,0.89,0.0
1984-02-06,9510,4584.9,0.0,7434.9,78.18,4.47,0.0
1984-02-07,9510,4568.8,0.0,7418.8,78.01,1.27,0.0
1984-02-08,9510,4550.43,0.0,7400.43,77.82,0.47,0.0
1984-02-09,9510,4532.07,0.0,7382.07,77.62,3.89,0.0
1984-02-10,9510,4516.03,0.0,7366.03,77.46,5.89,0.0
1984-02-11,9510,4504.57,0.0,7354.57,77.34,6.89,0.0
1984-02-12,9510,4486.27,0.0,7336.27,77.14,2.81,0.0
1984-02-13,9510,4477.13,0.0,7327.13,77.05,8.23,0.0
1984-02-14,9510,4470.27,0.0,7320.27,76.97,5.45,0.0
1984-02-15,9510,4465.7,0.0,7315.7,76.93,6.85,0.0
1984-02-16,9510,4463.42,0.0,7313.42,76.9,4.73,0.0
1984-02-17,9510,4454.29,0.0,7304.29,76.81,3.61,0.0
1984-02-18,9510,4447.45,0.0,7297.45,76.73,1.37,0.0
1984-02-19,9510,4433.77,0.0,7283.77,76.59,3.36,0.0
1984-02-20,9510,4408.72,0.0,7258.72,76.33,2.24,0.0
1984-02-21,9510,4390.52,0.0,7240.52,76.14,7.3,0.0
1984-02-22,9510,4372.35,0.0,7222.35,75.94,4.61,0.0
1984-02-23,9510,4358.74,0.0,7208.74,75.8,2.39,0.0
1984-02-24,9510,4342.87,0.0,7192.87,75.63,4.02,0.0
1984-02-25,9510,4324.76,0.0,7174.76,75.44,1.18,0.0
1984-02-26,9510,4311.18,0.0,7161.18,75.3,3.36,0.0
1984-02-27,9510,4295.36,0.0,7145.36,75.14,4.35,0.0
1984-02-28,9510,4284.82,0.0,7134.82,75.02,6.75,0.0
1984-03-01,9510,4243.5,0.0,7093.5,74.59,5.66,0.0
1984-03-02,9510,4232.25,0.0,7082.25,74.47,0.0,0.0
1984-03-03,9510,4214.26,0.0,7064.26,74.28,5.21,0.0
1984-03-04,9510,4185.08,0.0,7035.08,73.98,2.82,0.0
1984-03-05,9510,4160.44,0.0,7010.44,73.72,0.0,0.0
1984-03-06,9510,4138.07,0.0,6988.07,73.48,4.39,0.0
1984-03-07,9510,4117.76,0.0,6967.76,73.27,4.65,0.0
1984-03-08,9510,4097.88,0.0,6947.88,73.06,6.29,0.0
1984-03-09,9510,4073.38,0.0,6923.38,72.8,7.16,0.0
1984-03-10,9510,4060.03,0.0,6910.03,72.66,1.71,0.0
1984-03-11,9510,4051.14,0.0,6901.14,72.57,3.93,0.0
1984-03-12,9510,4022.28,0.0,6872.28,72.26,3.91,0.0
1984-03-13,9510,3995.69,0.0,6845.69,71.98,0.0,0.0
1984-03-14,9510,3966.94,0.0,6816.94,71.68,2.36,0.0
1984-03-15,9510,3938.24,0.0,6788.24,71.38,0.25,0.0
1984-03-16,9510,3914.01,0.0,6764.01,71.13,3.67,0.0
1984-03-17,9510,3887.62,0.0,6737.62,70.85,4.65,0.0
1984-03-18,9510,3863.47,0.0,6713.47,70.59,5.24,0.0
1984-03-19,9510,3832.79,0.0,6682.79,70.27,7.28,0.0
1984-03-20,9510,3804.37,0.0,6654.37,69.97,0.76,0.0
1984-03-21,9510,3771.64,0.0,6621.64,69.63,2.51,0.0
1984-03-22,9510,3747.69,0.0,6597.69,69.38,0.0,0.0
1984-03-23,9510,3723.78,0.0,6573.78,69.12,7.98,0.0
1984-03-24,9510,3708.59,0.0,6558.59,68.97,6.12,0.0
1984-03-25,9510,3697.75,0.0,6547.75,68.85,0.0,0.0
1984-03-26,9510,3671.76,0.0,6521.76,68.58,1.51,0.0
1984-03-27,9510,3641.51,0.0,6491.51,68.26,7.1,0.0
1984-03-28,9510,3613.48,0.0,6463.48,67.97,2.22,0.0
1984-03-29,9510,3587.66,0.0,6437.66,67.69,1.82,0.0
1984-03-30,9510,3561.88,0.0,6411.88,67.42,4.79,0.0
1984-03-31,9510,3553.3,0.0,6403.3,67.33,3.27,0.0
1984-04-01,9510,3540.44,0.0,6390.44,67.2,4.53,0.0
1984-04-02,9510,3519.03,0.0,6369.03,66.97,2.19,0.0
1984-04-03,9510,3486.99,0.0,6336.99,66.64,8.14,0.0
1984-04-04,9510,3461.42,0.0,6311.42,66.37,0.0,0.0
1984-04-05,9510,3433.77,0.0,6283.77,66.08,4.96,0.0
1984-04-06,9510,3404.06,0.0,6254.06,65.76,0.31,0.0
1984-04-07,9510,3376.53,0.0,6226.53,65.47,1.53,0.0
1984-04-08,9510,3359.62,0.0,6209.62,65.3,2.53,0.0
1984-04-09,9510,3336.41,0.0,6186.41,65.05,3.76,0.0
1984-04-10,9510,3311.13,0.0,6161.13,64.79,3.71,0.0
1984-04-11,9510,3288.01,0.0,6138.01,64.54,2.78,0.0
1984-04-12,9510,3262.83,0.0,6112.83,64.28,2.33,0.0
1984-04-13,9510,3241.89,0.0,6091.89,64.06,2.81,0.0
1984-04-14,9510,3233.52,0.0,6083.52,63.97,0.0,0.0
1984-04-15,9510,3214.72,0.0,6064.72,63.77,20.28,0.0
1984-04-16,9510,3191.78,0.0,6041.78,63.53,8.83,0.0
1984-04-17,9510,3168.88,0.0,6018.88,63.29,5.06,0.0
1984-04-18,9510,3143.95,0.0,5993.95,63.03,2.56,0.0
1984-04-19,9510,3121.14,0.0,5971.14,62.79,3.13,0.0
1984-04-20,9510,3098.38,0.0,5948.38,62.55,5.0,0.0
1984-04-21,9510,3069.47,0.0,5919.47,62.24,4.88,0.0
1984-04-22,9510,3046.81,0.0,5896.81,62.01,0.0,0.0
1984-04-23,9510,3020.08,0.0,5870.08,61.73,2.25,0.0
1984-04-24,9510,2995.47,0.0,5845.47,61.47,2.96,0.0
1984-04-25,9510,2974.99,0.0,5824.99,61.25,1.41,0.0
1984-04-26,9510,2958.64,0.0,5808.64,61.08,2.66,0.0
1984-04-27,9510,2940.28,0.0,5790.28,60.89,8.4,0.0
1984-04-28,9510,2917.87,0.0,5767.87,60.65,7.52,0.0
1984-04-29,9510,2903.63,0.0,5753.63,60.5,3.26,0.0
1984-04-30,9510,2879.27,0.0,5729.27,60.24,6.31,0.0
1984-05-01,9510,2863.06,0.0,5713.06,60.07,2.06,0.0
1984-05-02,9510,2840.81,0.0,5690.81,59.84,2.55,0.0
1984-05-03,9510,2822.64,0.0,5672.64,59.65,2.42,0.0
1984-05-04,9510,2802.48,0.0,5652.48,59.44,5.91,0.0
1984-05-05,9510,2784.37,0.0,5634.37,59.25,4.05,0.0
1984-05-06,9510,2762.28,0.0,5612.28,59.01,5.01,0.0
1984-05-07,9510,2748.25,0.0,5598.25,58.87,0.0,0.0
1984-05-08,9510,2732.24,0.0,5582.24,58.7,8.99,0.0
1984-05-09,9510,2718.24,0.0,5568.24,58.55,5.86,0.0
1984-05-10,9510,2704.27,0.0,5554.27,58.4,3.74,0.0
1984-05-11,9510,2688.32,0.0,5538.32,58.24,2.77,0.0
1984-05-12,9510,2680.36,0.0,5530.36,58.15,3.56,0.0
1984-05-13,9510,2674.39,0.0,5524.39,58.09,5.65,0.0
1984-05-14,9510,2664.44,0.0,5514.44,57.99,5.03,0.0
1984-05-15,9510,2652.53,0.0,5502.53,57.86,4.61,0.0
1984-05-16,9510,2640.62,0.0,5490.62,57.74,3.81,0.0
1984-05-17,9510,2638.64,0.0,5488.64,57.71,5.41,0.0
1984-05-18,9510,2632.7,0.0,5482.7,57.65,12.84,0.0
1984-05-19,9510,2628.73,0.0,5478.73,57.61,7.48,0.0
1984-05-20,9510,2632.7,0.0,5482.7,57.65,10.33,0.0
1984-05-21,9510,2630.72,0.0,5480.72,57.63,18.15,0.0
1984-05-22,9510,2626.75,0.0,5476.75,57.59,11.04,0.0
1984-05-23,9510,2620.82,0.0,5470.82,57.53,6.36,0.0
1984-05-24,9510,2610.93,0.0,5460.93,57.42,7.43,0.0
1984-05-25,9510,2606.97,0.0,5456.97,57.38,4.53,0.0
1984-05-26,9510,2603.02,0.0,5453.02,57.34,8.38,0.0
1984-05-27,9510,2595.12,0.0,5445.12,57.26,10.37,0.0
1984-05-28,9510,2591.18,0.0,5441.18,57.22,9.0,0.0
1984-05-29,9510,2585.26,0.0,5435.26,57.15,10.21,0.0
1984-05-30,9510,2583.29,0.0,5433.29,57.13,9.76,0.0
1984-05-31,9510,2577.37,0.0,5427.37,57.07,16.15,0.0
1984-06-01,9510,2571.47,0.0,5421.47,57.01,9.56,0.0
1984-06-02,9510,2565.56,0.0,5415.56,56.95,9.1,0.0
1984-06-03,9510,2559.66,0.0,5409.66,56.88,8.41,0.0
1984-06-04,9510,2561.62,0.0,5411.62,56.9,6.84,0.0
1984-06-05,9510,2557.69,0.0,5407.69,56.86,16.74,0.0
1984-06-06,9510,2553.76,0.0,5403.76,56.82,12.03,0.0
1984-06-07,9510,2545.9,0.0,5395.9,56.74,8.97,0.0
1984-06-08,9510,2547.86,0.0,5397.86,56.76,4.59,0.0
1984-06-09,9510,2547.86,0.0,5397.86,56.76,14.65,0.0
1984-06-10,9510,2549.83,0.0,5399.83,56.78,15.36,0.0
1984-06-11,9510,2563.59,0.0,5413.59,56.93,13.77,0.0
1984-06-12,9510,2583.29,0.0,5433.29,57.13,25.58,0.0
1984-06-13,9510,2589.2,0.0,5439.2,57.19,28.76,0.0
1984-06-14,9510,2603.02,0.0,5453.02,57.34,13.53,0.0
1984-06-15,9510,2608.95,0.0,5458.95,57.4,21.96,0.0
1984-06-16,9510,2614.88,0.0,5464.88,57.46,16.99,0.0
1984-06-17,9510,2616.86,0.0,5466.86,57.49,15.08,0.0
1984-06-18,9510,2616.86,0.0,5466.86,57.49,9.67,0.0
1984-06-19,9510,2610.93,0.0,5460.93,57.42,10.25,0.0
1984-06-20,9510,2610.93,0.0,5460.93,57.42,9.69,0.0
1984-06-21,9510,2608.95,0.0,5458.95,57.4,9.08,0.0
1984-06-22,9510,2606.97,0.0,5456.97,57.38,5.32,0.0
1984-06-23,9510,2612.9,0.0,5462.9,57.44,5.5,0.0
1984-06-24,9510,2618.84,0.0,5468.84,57.51,12.42,0.0
1984-06-25,9510,2622.8,0.0,5472.8,57.55,8.04,0.0
1984-06-26,9510,2622.8,0.0,5472.8,57.55,7.97,0.0
1984-06-27,9510,2630.72,0.0,5480.72,57.63,3.58,0.0
1984-06-28,9510,2640.62,0.0,5490.62,57.74,11.05,0.0
1984-06-29,9510,2656.5,0.0,5506.5,57.9,16.69,0.0
1984-06-30,9510,2664.44,0.0,5514.44,57.99,21.1,0.0
1984-07-01,9510,2674.39,0.0,5524.39,58.09,12.78,0.0
1984-07-02,9510,2682.35,0.0,5532.35,58.17,12.59,0.0
1984-07-03,9510,2686.33,0.0,5536.33,58.22,12.69,0.0
1984-07-04,9510,2704.27,0.0,5554.27,58.4,10.2,0.0
1984-07-05,9510,2724.24,0.0,5574.24,58.61,28.67,0.0
1984-07-06,9510,2754.26,0.0,5604.26,58.93,33.73,0.0
1984-07-07,9510,2766.3,0.0,5616.3,59.06,45.15,0.0
1984-07-08,9510,2792.42,0.0,5642.42,59.33,30.66,0.0
1984-07-09,9510,2812.55,0.0,5662.55,59.54,43.63,0.0
1984-07-10,9510,2834.75,0.0,5684.75,59.78,37.84,0.0
1984-07-11,9510,2861.04,0.0,5711.04,60.05,37.79,0.0
1984-07-12,9510,2930.09,0.0,5780.09,60.78,42.25,0.0
1984-07-13,9510,2970.9,0.0,5820.9,61.21,85.43,0.0
1984-07-14,9510,3011.87,0.0,5861.87,61.64,55.75,0.0
1984-07-15,9510,3100.45,0.0,5950.45,62.57,56.22,0.0
1984-07-16,9510,3183.45,0.0,6033.45,63.44,99.82,0.0
1984-07-17,9510,3248.17,0.0,6098.17,64.12,99.18,0.0
1984-07-18,9510,3292.21,0.0,6142.21,64.59,75.58,0.0
1984-07-19,9510,3321.66,0.0,6171.66,64.9,53.92,0.0
1984-07-20,9510,3340.62,0.0,6190.62,65.1,37.43,0.0
1984-07-21,9510,3359.62,0.0,6209.62,65.3,28.61,0.0
1984-07-22,9510,3393.46,0.0,6243.46,65.65,28.53,0.0
1984-07-23,9510,3412.54,0.0,6262.54,65.85,41.05,0.0
1984-07-24,9510,3457.16,0.0,6307.16,66.32,24.65,0.0
1984-07-25,9510,3482.73,0.0,6332.73,66.59,48.32,0.0
1984-07-26,9510,3493.4,0.0,6343.4,66.7,31.35,0.0
1984-07-27,9510,3497.66,0.0,6347.66,66.75,23.05,0.0
1984-07-28,9510,3497.66,0.0,6347.66,66.75,21.55,0.0
1984-07-29,9510,3510.48,0.0,6360.48,66.88,14.45,0.0
1984-07-30,9510,3519.03,0.0,6369.03,66.97,23.23,0.0
1984-07-31,9510,3527.59,0.0,6377.59,67.06,24.15,0.0
1984-08-01,9510,3531.87,0.0,6381.87,67.11,22.82,0.0
1984-08-02,9510,3540.44,0.0,6390.44,67.2,18.23,0.0
1984-08-03,9510,3540.44,0.0,6390.44,67.2,18.6,0.0
1984-08-04,9510,3540.44,0.0,6390.44,67.2,13.96,0.0
1984-08-05,9510,3538.3,0.0,6388.3,67.17,7.83,0.0
1984-08-06,9510,3559.73,0.0,6409.73,67.4,6.3,0.0
1984-08-07,9510,3572.61,0.0,6422.61,67.54,31.13,0.0
1984-08-08,9510,3585.5,0.0,6435.5,67.67,28.1,0.0
1984-08-09,9510,3602.71,0.0,6452.71,67.85,33.35,0.0
1984-08-10,9510,3660.95,0.0,6510.95,68.46,37.28,0.0
1984-08-11,9510,3673.92,0.0,6523.92,68.6,78.34,0.0
1984-08-12,9510,3800.0,0.0,6650.0,69.93,31.88,0.0
1984-08-13,9510,3834.98,0.0,6684.98,70.29,133.55,0.0
1984-08-14,9510,3867.85,0.0,6717.85,70.64,52.38,0.0
1984-08-15,9510,3892.01,0.0,6742.01,70.89,52.66,0.0
1984-08-16,9510,3960.31,0.0,6810.31,71.61,46.67,0.0
1984-08-17,9510,4042.25,0.0,6892.25,72.47,91.03,0.0
1984-08-18,9510,4117.96,0.0,6967.96,73.27,105.34,0.0
1984-08-19,9510,4191.81,0.0,7041.81,74.05,100.77,0.0
1984-08-20,9510,4236.74,0.0,7086.74,74.52,89.27,0.0
1984-08-21,9510,4277.3,0.0,7127.3,74.95,63.8,0.0
1984-08-22,9510,4304.4,0.0,7154.4,75.23,60.04,0.0
1984-08-23,9510,4322.49,0.0,7172.49,75.42,48.73,0.0
1984-08-24,9510,4324.75,0.0,7174.75,75.44,43.88,0.0
1984-08-25,9510,4327.01,0.0,7177.01,75.47,30.12,0.0
1984-08-26,9510,4329.28,0.0,7179.28,75.49,32.41,0.0
1984-08-27,9510,4331.54,0.0,7181.54,75.52,27.19,0.0
1984-08-28,9510,4336.07,0.0,7186.07,75.56,29.3,0.0
1984-08-29,9510,4349.66,0.0,7199.66,75.71,34.97,0.0
1984-08-30,9510,4372.35,0.0,7222.35,75.94,42.93,0.0
1984-08-31,9510,4404.16,0.0,7254.16,76.28,49.98,0.0
1984-09-01,9510,4458.85,0.0,7308.85,76.85,60.33,0.0
1984-09-02,9510,4516.02,0.0,7366.02,77.46,84.65,0.0
1984-09-03,9510,4591.8,0.0,7441.8,78.25,75.63,0.0
1984-09-04,9510,4684.14,0.0,7534.14,79.22,102.47,0.0
1984-09-05,9510,4790.97,0.0,7640.97,80.35,120.48,0.0
1984-09-06,9510,4856.35,0.0,7706.35,81.03,137.54,0.0
1984-09-07,9510,4914.93,0.0,7764.93,81.65,96.14,0.0
1984-09-08,9510,5011.46,0.0,7861.46,82.67,90.55,0.0
1984-09-09,9510,5077.69,0.0,7927.69,83.36,129.3,0.0
1984-09-10,9510,5113.28,0.0,7963.28,83.74,93.94,0.0
1984-09-11,9510,5146.56,0.0,7996.56,84.09,63.62,0.0
1984-09-12,9510,5172.76,0.0,8022.76,84.36,57.99,0.0
1984-09-13,9510,5191.84,0.0,8041.84,84.56,46.69,0.0
1984-09-14,9510,5201.38,0.0,8051.38,84.66,47.36,0.0
1984-09-15,9510,5213.32,0.0,8063.32,84.79,39.12,0.0
1984-09-16,9510,5242.01,0.0,8092.01,85.09,40.99,0.0
1984-09-17,9510,5249.19,0.0,8099.19,85.16,53.13,0.0
1984-09-18,9510,5249.19,0.0,8099.19,85.16,30.84,0.0
1984-09-19,9510,5253.98,0.0,8103.98,85.22,22.43,0.0
1984-09-20,9510,5268.35,0.0,8118.35,85.37,25.86,0.0
1984-09-21,9510,5285.14,0.0,8135.14,85.54,30.53,0.0
1984-09-22,9510,5297.13,0.0,8147.13,85.67,35.98,0.0
1984-09-23,9510,5309.14,0.0,8159.14,85.8,29.92,0.0
1984-09-24,9510,5313.95,0.0,8163.95,85.85,28.63,0.0
1984-09-25,9510,5313.95,0.0,8163.95,85.85,26.53,0.0
1984-09-26,9510,5316.35,0.0,8166.35,85.87,19.68,0.0
1984-09-27,9510,5313.95,0.0,8163.95,85.85,27.27,0.0
1984-09-28,9510,5306.74,0.0,8156.74,85.77,21.35,0.0
1984-09-29,9510,5309.14,0.0,8159.14,85.8,15.18,0.0
1984-09-30,9510,5309.14,0.0,8159.14,85.8,25.1,0.0
1984-10-01,9510,5313.95,0.0,8163.95,85.85,18.51,0.0
1984-10-02,9510,5325.96,0.0,8175.96,85.97,25.56,0.0
1984-10-03,9510,5330.77,0.0,8180.77,86.02,29.46,0.0
1984-10-04,9510,5333.18,0.0,8183.18,86.05,19.3,0.0
1984-10-05,9510,5335.58,0.0,8185.58,86.07,18.82,0.0
1984-10-06,9510,5354.84,0.0,8204.84,86.28,18.49,0.0
1984-10-07,9510,5376.53,0.0,8226.53,86.5,30.27,0.0
1984-10-08,9510,5393.41,0.0,8243.41,86.68,23.17,0.0
1984-10-09,9510,5412.73,0.0,8262.73,86.88,18.61,0.0
1984-10-10,9510,5434.49,0.0,8284.49,87.11,23.87,0.0
1984-10-11,9510,5446.59,0.0,8296.59,87.24,25.04,0.0
1984-10-12,9510,5461.12,0.0,8311.12,87.39,14.2,0.0
1984-10-13,9510,5475.66,0.0,8325.66,87.55,16.91,0.0
1984-10-14,9510,5492.64,0.0,8342.64,87.72,17.73,0.0
1984-10-15,9510,5504.78,0.0,8354.78,87.85,18.27,0.0
1984-10-16,9510,5504.78,0.0,8354.78,87.85,23.62,0.0
1984-10-17,9510,5514.5,0.0,8364.5,87.95,15.77,0.0
1984-10-18,9510,5524.22,0.0,8374.22,88.06,25.82,0.0
1984-10-19,9510,5548.55,0.0,8398.55,88.31,26.59,0.0
1984-10-20,9510,5568.04,0.0,8418.04,88.52,38.81,0.0
1984-10-21,9510,5587.55,0.0,8437.55,88.72,28.38,0.0
1984-10-22,9510,5611.97,0.0,8461.97,88.98,21.88,0.0
1984-10-23,9510,5626.63,0.0,8476.63,89.13,28.03,0.0
1984-10-24,9510,5631.52,0.0,8481.52,89.19,17.63,0.0
1984-10-25,9510,5633.97,0.0,8483.97,89.21,20.44,0.0
1984-10-26,9510,5638.86,0.0,8488.86,89.26,13.83,0.0
1984-10-27,9510,5648.65,0.0,8498.65,89.37,12.59,0.0
1984-10-28,9510,5658.45,0.0,8508.45,89.47,11.17,0.0
1984-10-29,9510,5668.25,0.0,8518.25,89.57,10.6,0.0
1984-10-30,9510,5675.6,0.0,8525.6,89.65,11.54,0.0
1984-10-31,9510,5682.96,0.0,8532.96,89.73,9.22,0.0
1984-11-01,9510,5690.32,0.0,8540.32,89.8,11.12,0.0
1984-11-02,9510,5690.32,0.0,8540.32,89.8,17.56,0.0
1984-11-03,9510,5690.32,0.0,8540.32,89.8,10.88,0.0
1984-11-04,9510,5687.87,0.0,8537.87,89.78,12.31,0.0
1984-11-05,9510,5682.96,0.0,8532.96,89.73,11.44,0.0
1984-11-06,9510,5668.25,0.0,8518.25,89.57,15.14,0.0
1984-11-07,9510,5648.65,0.0,8498.65,89.37,12.4,0.0
1984-11-08,9510,5633.97,0.0,8483.97,89.21,5.06,0.0
1984-11-09,9510,5619.3,0.0,8469.3,89.06,9.71,0.0
1984-11-10,9510,5604.64,0.0,8454.64,88.9,9.42,0.0
1984-11-11,9510,5587.55,0.0,8437.55,88.72,10.23,0.0
1984-11-12,9510,5575.36,0.0,8425.36,88.59,7.09,0.0
1984-11-13,9510,5565.6,0.0,8415.6,88.49,9.42,0.0
1984-11-14,9510,5553.42,0.0,8403.42,88.36,10.5,0.0
1984-11-15,9510,5543.69,0.0,8393.69,88.26,8.48,0.0
1984-11-16,9510,5531.52,0.0,8381.52,88.13,10.51,0.0
1984-11-17,9510,5519.36,0.0,8369.36,88.01,7.68,0.0
1984-11-18,9510,5512.07,0.0,8362.07,87.93,8.83,0.0
1984-11-19,9510,5499.93,0.0,8349.93,87.8,8.32,0.0
1984-11-20,9510,5490.22,0.0,8340.22,87.7,8.7,0.0
1984-11-21,9510,5480.81,0.0,8330.81,87.6,6.87,0.0
1984-11-22,9510,5468.39,0.0,8318.39,87.47,11.91,0.0
1984-11-23,9510,5453.85,0.0,8303.85,87.32,7.18,0.0
1984-11-24,9510,5446.59,0.0,8296.59,87.24,1.18,0.0
1984-11-25,9510,5439.33,0.0,8289.33,87.16,11.55,0.0
1984-11-26,9510,5429.65,0.0,8279.65,87.06,7.04,0.0
1984-11-27,9510,5427.23,0.0,8277.23,87.04,5.16,0.0
1984-11-28,9510,5422.4,0.0,8272.4,86.99,4.96,0.0
1984-11-29,9510,5415.15,0.0,8265.15,86.91,9.75,0.0
1984-11-30,9510,5410.32,0.0,8260.32,86.86,6.35,0.0
1984-12-01,9510,5400.65,0.0,8250.65,86.76,4.99,0.0
1984-12-02,9510,5398.24,0.0,8248.24,86.73,4.28,0.0
1984-12-03,9510,5395.83,0.0,8245.83,86.71,6.17,0.0
1984-12-04,9510,5393.41,0.0,8243.41,86.68,5.79,0.0
1984-12-05,9510,5391.0,0.0,8241.0,86.66,6.87,0.0
1984-12-06,9510,5388.59,0.0,8238.59,86.63,4.79,0.0
1984-12-07,9510,5386.17,0.0,8236.17,86.61,5.34,0.0
1984-12-08,9510,5381.35,0.0,8231.35,86.55,4.8,0.0
1984-12-09,9510,5381.35,0.0,8231.35,86.55,2.67,0.0
1984-12-10,9510,5376.53,0.0,8226.53,86.5,7.43,0.0
1984-12-11,9510,5374.12,0.0,8224.12,86.48,2.13,0.0
1984-12-12,9510,5371.7,0.0,8221.7,86.45,4.9,0.0
1984-12-13,9510,5371.7,0.0,8221.7,86.45,3.99,0.0
1984-12-14,9510,5369.29,0.0,8219.29,86.43,6.6,0.0
1984-12-15,9510,5366.88,0.0,8216.88,86.4,5.07,0.0
1984-12-16,9510,5364.47,0.0,8214.47,86.38,3.32,0.0
1984-12-17,9510,5362.06,0.0,8212.06,86.35,2.24,0.0
1984-12-18,9510,5362.06,0.0,8212.06,86.35,0.0,0.0
1984-12-19,9510,5362.06,0.0,8212.06,86.35,2.19,0.0
1984-12-20,9510,5362.06,0.0,8212.06,86.35,6.16,0.0
1984-12-21,9510,5369.29,0.0,8219.29,86.43,3.99,0.0
1984-12-22,9510,5369.29,0.0,8219.29,86.43,10.72,0.0
1984-12-23,9510,5369.29,0.0,8219.29,86.43,2.34,0.0
1984-12-24,9510,5371.7,0.0,8221.7,86.45,2.35,0.0
1984-12-25,9510,5369.29,0.0,8219.29,86.43,5.21,0.0
1984-12-26,9510,5369.29,0.0,8219.29,86.43,0.62,0.0
1984-12-27,9510,5366.88,0.0,8216.88,86.4,7.69,0.0
1984-12-28,9510,5366.88,0.0,8216.88,86.4,4.1,0.0
1984-12-29,9510,5362.06,0.0,8212.06,86.35,6.37,0.0
1984-12-30,9510,5359.66,0.0,8209.66,86.33,1.82,0.0
1984-12-31,9510,5357.25,0.0,8207.25,86.3,3.56,0.0
1985-01-01,9510,5354.84,0.0,8204.84,86.28,4.64,0.0
1985-01-02,9510,5350.02,0.0,8200.02,86.23,5.39,0.0
1985-01-03,9510,5342.8,0.0,8192.8,86.15,3.12,0.0
1985-01-04,9510,5333.18,0.0,8183.18,86.05,5.32,0.0
1985-01-05,9510,5323.56,0.0,8173.56,85.95,5.15,0.0
1985-01-06,9510,5311.54,0.0,8161.54,85.82,1.25,0.0
1985-01-07,9510,5306.74,0.0,8156.74,85.77,3.26,0.0
1985-01-08,9510,5297.13,0.0,8147.13,85.67,5.69,0.0
1985-01-09,9510,5287.54,0.0,8137.54,85.57,5.07,0.0
1985-01-10,9510,5275.54,0.0,8125.54,85.44,1.63,0.0
1985-01-11,9510,5261.17,0.0,8111.17,85.29,0.46,0.0
1985-01-12,9510,5249.19,0.0,8099.19,85.16,1.69,0.0
1985-01-13,9510,5239.62,0.0,8089.62,85.06,3.12,0.0
1985-01-14,9510,5234.84,0.0,8084.84,85.01,10.64,0.0
1985-01-15,9510,5230.05,0.0,8080.05,84.96,11.71,0.0
1985-01-16,9510,5213.32,0.0,8063.32,84.79,0.0,0.0
1985-01-17,9510,5203.77,0.0,8053.77,84.69,7.87,0.0
1985-01-18,9510,5187.07,0.0,8037.07,84.51,0.0,0.0
1985-01-19,9510,5172.76,0.0,8022.76,84.36,2.35,0.0
1985-01-20,9510,5160.85,0.0,8010.85,84.24,3.64,0.0
1985-01-21,9510,5146.56,0.0,7996.56,84.09,2.07,0.0
1985-01-22,9510,5137.05,0.0,7987.05,83.99,7.46,0.0
1985-01-23,9510,5122.78,0.0,7972.78,83.84,5.76,0.0
1985-01-24,9510,5108.53,0.0,7958.53,83.69,5.16,0.0
1985-01-25,9510,5094.29,0.0,7944.29,83.54,4.89,0.0
1985-01-26,9510,5077.69,0.0,7927.69,83.36,2.61,0.0
1985-01-27,9510,5061.11,0.0,7911.11,83.19,0.0,0.0
1985-01-28,9510,5046.91,0.0,7896.91,83.04,6.26,0.0
1985-01-29,9510,5030.35,0.0,7880.35,82.86,3.97,0.0
1985-01-30,9510,5016.18,0.0,7866.18,82.71,6.6,0.0
1985-01-31,9510,4997.3,0.0,7847.3,82.52,0.0,0.0
1985-02-01,9510,4978.43,0.0,7828.43,82.32,0.98,0.0
1985-02-02,9510,4961.95,0.0,7811.95,82.14,0.58,0.0
1985-02-03,9510,4945.48,0.0,7795.48,81.97,2.34,0.0
1985-02-04,9510,4931.37,0.0,7781.37,81.82,5.75,0.0
1985-02-05,9510,4912.58,0.0,7762.58,81.63,4.35,0.0
1985-02-06,9510,4893.82,0.0,7743.82,81.43,1.97,0.0
1985-02-07,9510,4875.07,0.0,7725.07,81.23,3.13,0.0
1985-02-08,9510,4856.35,0.0,7706.35,81.03,5.94,0.0
1985-02-09,9510,4837.64,0.0,7687.64,80.84,2.43,0.0
1985-02-10,9510,4818.96,0.0,7668.96,80.64,2.0,0.0
1985-02-11,9510,4797.97,0.0,7647.97,80.42,5.03,0.0
1985-02-12,9510,4781.66,0.0,7631.66,80.25,10.93,0.0
1985-02-13,9510,4763.04,0.0,7613.04,80.05,7.6,0.0
1985-02-14,9510,4730.5,0.0,7580.5,79.71,0.0,0.0
1985-02-15,9510,4709.62,0.0,7559.62,79.49,5.68,0.0
1985-02-16,9510,4686.45,0.0,7536.45,79.25,3.57,0.0
1985-02-17,9510,4661.0,0.0,7511.0,78.98,0.0,0.0
1985-02-18,9510,4637.9,0.0,7487.9,78.74,5.89,0.0
1985-02-19,9510,4612.53,0.0,7462.53,78.47,5.13,0.0
1985-02-20,9510,4587.2,0.0,7437.2,78.2,0.0,0.0
1985-02-21,9510,4564.2,0.0,7414.2,77.96,0.93,0.0
1985-02-22,9510,4543.54,0.0,7393.54,77.74,6.35,0.0
1985-02-23,9510,4516.02,0.0,7366.02,77.46,0.0,0.0
1985-02-24,9510,4497.7,0.0,7347.7,77.26,9.68,0.0
1985-02-25,9510,4477.12,0.0,7327.12,77.05,9.21,0.0
1985-02-26,9510,4452.0,0.0,7302.0,76.78,3.62,0.0
1985-02-27,9510,4417.82,0.0,7267.82,76.42,0.0,0.0
1985-02-28,9510,4390.52,0.0,7240.52,76.14,1.59,0.0
1985-03-01,9510,4367.81,0.0,7217.81,75.9,1.59,0.0
1985-03-02,9510,4340.6,0.0,7190.6,75.61,4.63,0.0
1985-03-03,9510,4320.23,0.0,7170.23,75.4,2.29,0.0
1985-03-04,9510,4302.14,0.0,7152.14,75.21,0.0,0.0
1985-03-05,9510,4275.04,0.0,7125.04,74.92,10.14,0.0
1985-03-06,9510,4252.5,0.0,7102.5,74.68,4.65,0.0
1985-03-07,9510,4223.25,0.0,7073.25,74.38,7.82,0.0
1985-03-08,9510,4196.3,0.0,7046.3,74.09,5.66,0.0
1985-03-09,9510,4162.67,0.0,7012.67,73.74,4.81,0.0
1985-03-10,9510,4133.59,0.0,6983.59,73.43,0.0,0.0
1985-03-11,9510,4104.57,0.0,6954.57,73.13,2.64,0.0
1985-03-12,9510,4068.93,0.0,6918.93,72.75,0.81,0.0
1985-03-13,9510,4028.93,0.0,6878.93,72.33,0.67,0.0
1985-03-14,9510,4000.11,0.0,6850.11,72.03,0.0,0.0
1985-03-15,9510,3975.77,0.0,6825.77,71.77,1.4,0.0
1985-03-16,9510,3949.27,0.0,6799.27,71.5,0.0,0.0
1985-03-17,9510,3916.21,0.0,6766.21,71.15,3.71,0.0
1985-03-18,9510,3887.61,0.0,6737.61,70.85,1.35,0.0
1985-03-19,9510,3852.5,0.0,6702.5,70.48,7.48,0.0
1985-03-20,9510,3826.22,0.0,6676.22,70.2,0.63,0.0
1985-03-21,9510,3793.45,0.0,6643.45,69.86,5.52,0.0
1985-03-22,9510,3765.1,0.0,6615.1,69.56,0.67,0.0
1985-03-23,9510,3734.64,0.0,6584.64,69.24,3.29,0.0
1985-03-24,9510,3708.59,0.0,6558.59,68.97,0.68,0.0
1985-03-25,9510,3673.92,0.0,6523.92,68.6,2.3,0.0
1985-03-26,9510,3635.03,0.0,6485.03,68.19,7.64,0.0
1985-03-27,9510,3600.56,0.0,6450.56,67.83,0.52,0.0
1985-03-28,9510,3570.46,0.0,6420.46,67.51,2.89,0.0
1985-03-29,9510,3534.01,0.0,6384.01,67.13,1.47,0.0
1985-03-30,9510,3499.8,0.0,6349.8,66.77,2.31,0.0
1985-03-31,9510,3472.07,0.0,6322.07,66.48,2.13,0.0
1985-04-01,9510,3438.02,0.0,6288.02,66.12,6.91,0.0
1985-04-02,9510,3406.18,0.0,6256.18,65.79,1.7,0.0
1985-04-03,9510,3378.64,0.0,6228.64,65.5,4.7,0.0
1985-04-04,9510,3340.62,0.0,6190.62,65.1,3.36,0.0
1985-04-05,9510,3311.13,0.0,6161.13,64.79,0.66,0.0
1985-04-06,9510,3277.51,0.0,6127.51,64.43,4.2,0.0
1985-04-07,9510,3248.17,0.0,6098.17,64.12,3.23,0.0
1985-04-08,9510,3212.63,0.0,6062.63,63.75,4.58,0.0
1985-04-09,9510,3181.36,0.0,6031.36,63.42,1.61,0.0
1985-04-10,9510,3143.95,0.0,5993.95,63.03,4.01,0.0
1985-04-11,9510,3108.72,0.0,5958.72,62.66,0.23,0.0
1985-04-12,9510,3077.72,0.0,5927.72,62.33,0.0,0.0
1985-04-13,9510,3050.92,0.0,5900.92,62.05,5.76,0.0
1985-04-14,9510,3020.08,0.0,5870.08,61.73,3.16,0.0
1985-04-15,9510,2987.27,0.0,5837.27,61.38,2.56,0.0
1985-04-16,9510,2954.56,0.0,5804.56,61.04,0.03,0.0
1985-04-17,9510,2934.16,0.0,5784.16,60.82,2.44,0.0
1985-04-18,9510,2903.63,0.0,5753.63,60.5,12.31,0.0
1985-04-19,9510,2875.22,0.0,5725.22,60.2,2.2,0.0
1985-04-20,9510,2840.81,0.0,5690.81,59.84,8.84,0.0
1985-04-21,9510,2818.6,0.0,5668.6,59.61,0.4,0.0
1985-04-22,9510,2786.38,0.0,5636.38,59.27,9.62,0.0
1985-04-23,9510,2754.26,0.0,5604.26,58.93,3.68,0.0
1985-04-24,9510,2726.24,0.0,5576.24,58.64,3.85,0.0
1985-04-25,9510,2698.29,0.0,5548.29,58.34,6.75,0.0
1985-04-26,9510,2672.4,0.0,5522.4,58.07,5.03,0.0
1985-04-27,9510,2648.56,0.0,5498.56,57.82,4.9,0.0
1985-04-28,9510,2628.73,0.0,5478.73,57.61,4.47,0.0
1985-04-29,9510,2608.95,0.0,5458.95,57.4,9.36,0.0
1985-04-30,9510,2583.29,0.0,5433.29,57.13,10.23,0.0
1985-05-01,9510,2563.59,0.0,5413.59,56.93,4.94,0.0
1985-05-02,9510,2545.9,0.0,5395.9,56.74,4.32,0.0
1985-05-03,9510,2514.52,0.0,5364.52,56.41,7.87,0.0
1985-05-04,9510,2491.06,0.0,5341.06,56.16,2.89,0.0
1985-05-05,9510,2465.7,0.0,5315.7,55.9,3.83,0.0
1985-05-06,9510,2434.58,0.0,5284.58,55.57,3.78,0.0
1985-05-07,9510,2415.19,0.0,5265.19,55.36,2.71,0.0
1985-05-08,9510,2399.7,0.0,5249.7,55.2,4.81,0.0
1985-05-09,9510,2382.3,0.0,5232.3,55.02,7.33,0.0
1985-05-10,9510,2359.16,0.0,5209.16,54.78,7.32,0.0
1985-05-11,9510,2336.08,0.0,5186.08,54.53,0.0,0.0
1985-05-12,9510,2320.72,0.0,5170.72,54.37,2.94,0.0
1985-05-13,9510,2303.48,0.0,5153.48,54.19,5.23,0.0
1985-05-14,9510,2286.26,0.0,5136.26,54.01,2.78,0.0
1985-05-15,9510,2267.18,0.0,5117.18,53.81,3.8,0.0
1985-05-16,9510,2250.03,0.0,5100.03,53.63,0.0,0.0
1985-05-17,9510,2234.82,0.0,5084.82,53.47,4.58,0.0
1985-05-18,9510,2215.85,0.0,5065.85,53.27,5.22,0.0
1985-05-19,9510,2200.7,0.0,5050.7,53.11,2.45,0.0
1985-05-20,9510,2185.57,0.0,5035.57,52.95,4.85,0.0
1985-05-21,9510,2179.9,0.0,5029.9,52.89,2.79,0.0
1985-05-22,9510,2172.36,0.0,5022.36,52.81,8.85,0.0
1985-05-23,9510,2168.59,0.0,5018.59,52.77,2.2,0.0
1985-05-24,9510,2164.82,0.0,5014.82,52.73,8.02,0.0
1985-05-25,9510,2161.05,0.0,5011.05,52.69,9.64,0.0
1985-05-26,9510,2161.05,0.0,5011.05,52.69,9.27,0.0
1985-05-27,9510,2159.16,0.0,5009.16,52.67,11.52,0.0
1985-05-28,9510,2157.28,0.0,5007.28,52.65,9.11,0.0
1985-05-29,9510,2161.05,0.0,5011.05,52.69,9.51,0.0
1985-05-30,9510,2157.28,0.0,5007.28,52.65,14.25,0.0
1985-05-31,9510,2155.4,0.0,5005.4,52.63,7.74,0.0
1985-06-01,9510,2153.52,0.0,5003.52,52.61,9.48,0.0
1985-06-02,9510,2153.52,0.0,5003.52,52.61,8.86,0.0
1985-06-03,9510,2151.64,0.0,5001.64,52.59,8.37,0.0
1985-06-04,9510,2147.87,0.0,4997.87,52.55,8.8,0.0
1985-06-05,9510,2147.87,0.0,4997.87,52.55,6.56,0.0
1985-06-06,9510,2144.11,0.0,4994.11,52.51,7.1,0.0
1985-06-07,9510,2140.35,0.0,4990.35,52.47,4.43,0.0
1985-06-08,9510,2136.6,0.0,4986.6,52.44,4.14,0.0
1985-06-09,9510,2130.96,0.0,4980.96,52.38,4.67,0.0
1985-06-10,9510,2125.33,0.0,4975.33,52.32,2.87,0.0
1985-06-11,9510,2121.58,0.0,4971.58,52.28,3.18,0.0
1985-06-12,9510,2115.96,0.0,4965.96,52.22,4.4,0.0
1985-06-13,9510,2110.34,0.0,4960.34,52.16,2.43,0.0
1985-06-14,9510,2104.73,0.0,4954.73,52.1,3.68,0.0
1985-06-15,9510,2102.86,0.0,4952.86,52.08,1.66,0.0
1985-06-16,9510,2100.99,0.0,4950.99,52.06,5.39,0.0
1985-06-17,9510,2100.99,0.0,4950.99,52.06,4.07,0.0
1985-06-18,9510,2093.51,0.0,4943.51,51.98,7.18,0.0
1985-06-19,9510,2084.17,0.0,4934.17,51.88,8.8,0.0
1985-06-20,9510,2082.3,0.0,4932.3,51.86,7.39,0.0
1985-06-21,9510,2078.57,0.0,4928.57,51.83,14.03,0.0
1985-06-22,9510,2076.71,0.0,4926.71,51.81,11.91,0.0
1985-06-23,9510,2084.17,0.0,4934.17,51.88,11.36,0.0
1985-06-24,9510,2084.17,0.0,4934.17,51.88,18.29,0.0
1985-06-25,9510,2078.57,0.0,4928.57,51.83,14.3,0.0
1985-06-26,9510,2071.11,0.0,4921.11,51.75,8.34,0.0
1985-06-27,9510,2065.53,0.0,4915.53,51.69,8.69,0.0
1985-06-28,9510,2056.22,0.0,4906.22,51.59,10.01,0.0
1985-06-29,9510,2048.78,0.0,4898.78,51.51,4.18,0.0
1985-06-30,9510,2052.5,0.0,4902.5,51.55,4.46,0.0
1985-07-01,9510,2056.22,0.0,4906.22,51.59,10.31,0.0
1985-07-02,9510,2065.53,0.0,4915.53,51.69,16.39,0.0
1985-07-03,9510,2067.39,0.0,4917.39,51.71,20.92,0.0
1985-07-04,9510,2065.53,0.0,4915.53,51.69,18.39,0.0
1985-07-05,9510,2054.36,0.0,4904.36,51.57,12.51,0.0
1985-07-06,9510,2052.5,0.0,4902.5,51.55,0.0,0.0
1985-07-07,9510,2050.64,0.0,4900.64,51.53,8.97,0.0
1985-07-08,9510,2046.92,0.0,4896.92,51.49,6.72,0.0
1985-07-09,9510,2045.07,0.0,4895.07,51.47,7.24,0.0
1985-07-10,9510,2043.21,0.0,4893.21,51.45,9.97,0.0
1985-07-11,9510,2041.35,0.0,4891.35,51.43,8.93,0.0
1985-07-12,9510,2045.07,0.0,4895.07,51.47,8.99,0.0
1985-07-13,9510,2048.78,0.0,4898.78,51.51,14.07,0.0
1985-07-14,9510,2065.53,0.0,4915.53,51.69,14.77,0.0
1985-07-15,9510,2074.84,0.0,4924.84,51.79,26.54,0.0
1985-07-16,9510,2082.3,0.0,4932.3,51.86,27.2,0.0
1985-07-17,9510,2097.25,0.0,4947.25,52.02,24.4,0.0
1985-07-18,9510,2121.58,0.0,4971.58,52.28,32.21,0.0
1985-07-19,9510,2130.96,0.0,4980.96,52.38,35.28,0.0
1985-07-20,9510,2142.23,0.0,4992.23,52.49,15.22,0.0
1985-07-21,9510,2155.4,0.0,5005.4,52.63,16.17,0.0
1985-07-22,9510,2166.7,0.0,5016.7,52.75,19.82,0.0
1985-07-23,9510,2202.59,0.0,5052.59,53.13,16.56,0.0
1985-07-24,9510,2225.33,0.0,5075.33,53.37,41.18,0.0
1985-07-25,9510,2246.23,0.0,5096.23,53.59,27.53,0.0
1985-07-26,9510,2261.46,0.0,5111.46,53.75,25.9,0.0
1985-07-27,9510,2269.08,0.0,5119.08,53.83,20.16,0.0
1985-07-28,9510,2282.44,0.0,5132.44,53.97,12.63,0.0
1985-07-29,9510,2303.48,0.0,5153.48,54.19,18.43,0.0
1985-07-30,9510,2334.16,0.0,5184.16,54.51,26.25,0.0
1985-07-31,9510,2351.46,0.0,5201.46,54.69,34.35,0.0
1985-08-01,9510,2368.8,0.0,5218.8,54.88,22.0,0.0
1985-08-02,9510,2401.63,0.0,5251.63,55.22,20.83,0.0
1985-08-03,9510,2422.94,0.0,5272.94,55.45,37.17,0.0
1985-08-04,9510,2434.58,0.0,5284.58,55.57,26.39,0.0
1985-08-05,9510,2454.02,0.0,5304.02,55.77,15.63,0.0
1985-08-06,9510,2469.6,0.0,5319.6,55.94,24.64,0.0
1985-08-07,9510,2498.87,0.0,5348.87,56.24,21.0,0.0
1985-08-08,9510,2533.16,0.0,5383.16,56.61,33.91,0.0
1985-08-09,9510,2567.53,0.0,5417.53,56.97,38.98,0.0
1985-08-10,9510,2595.12,0.0,5445.12,57.26,38.66,0.0
1985-08-11,9510,2634.68,0.0,5484.68,57.67,32.19,0.0
1985-08-12,9510,2680.36,0.0,5530.36,58.15,42.42,0.0
1985-08-13,9510,2714.25,0.0,5564.25,58.51,49.18,0.0
1985-08-14,9510,2738.24,0.0,5588.24,58.76,37.99,0.0
1985-08-15,9510,2762.28,0.0,5612.28,59.01,28.75,0.0
1985-08-16,9510,2907.7,0.0,5757.7,60.54,30.02,0.0
1985-08-17,9510,3059.16,0.0,5909.16,62.14,151.7,0.0
1985-08-18,9510,3191.78,0.0,6041.78,63.53,158.7,0.0
1985-08-19,9510,3273.31,0.0,6123.31,64.39,139.71,0.0
1985-08-20,9510,3336.41,0.0,6186.41,65.05,87.89,0.0
1985-08-21,9510,3391.34,0.0,6241.34,65.63,69.89,0.0
1985-08-22,9510,3452.9,0.0,6302.9,66.28,69.77,0.0
1985-08-23,9510,3538.3,0.0,6388.3,67.17,76.27,0.0
1985-08-24,9510,3613.47,0.0,6463.47,67.96,100.97,0.0
1985-08-25,9510,3684.74,0.0,6534.74,68.71,90.08,0.0
1985-08-26,9510,3765.1,0.0,6615.1,69.56,80.85,0.0
1985-08-27,9510,3821.85,0.0,6671.85,70.16,89.11,0.0
1985-08-28,9510,3872.24,0.0,6722.24,70.69,65.13,0.0
1985-08-29,9510,3918.41,0.0,6768.41,71.17,58.41,0.0
1985-08-30,9510,3962.52,0.0,6812.52,71.64,54.49,0.0
1985-08-31,9510,4006.76,0.0,6856.76,72.1,48.74,0.0
1985-09-01,9510,4075.6,0.0,6925.6,72.82,48.53,0.0
1985-09-02,9510,4142.53,0.0,6992.53,73.53,73.96,0.0
1985-09-03,9510,4194.05,0.0,7044.05,74.07,71.67,0.0
1985-09-04,9510,4229.99,0.0,7079.99,74.45,60.32,0.0
1985-09-05,9510,4252.5,0.0,7102.5,74.68,50.73,0.0
1985-09-06,9510,4266.02,0.0,7116.02,74.83,38.43,0.0
1985-09-07,9510,4288.58,0.0,7138.58,75.06,31.22,0.0
1985-09-08,9510,4304.4,0.0,7154.4,75.23,38.53,0.0
1985-09-09,9510,4313.44,0.0,7163.44,75.33,27.25,0.0
1985-09-10,9510,4327.01,0.0,7177.01,75.47,26.67,0.0
1985-09-11,9510,4354.2,0.0,7204.2,75.75,25.6,0.0
1985-09-12,9510,4383.7,0.0,7233.7,76.06,41.29,0.0
1985-09-13,9510,4408.71,0.0,7258.71,76.33,47.07,0.0
1985-09-14,9510,4436.04,0.0,7286.04,76.61,42.87,0.0
1985-09-15,9510,4470.27,0.0,7320.27,76.97,46.46,0.0
1985-09-16,9510,4506.86,0.0,7356.86,77.36,46.69,0.0
1985-09-17,9510,4532.06,0.0,7382.06,77.62,43.69,0.0
1985-09-18,9510,4555.01,0.0,7405.01,77.87,30.53,0.0
1985-09-19,9510,4582.6,0.0,7432.6,78.16,27.64,0.0
1985-09-20,9510,4601.01,0.0,7451.01,78.35,29.34,0.0
1985-09-21,9510,4619.45,0.0,7469.45,78.54,19.59,0.0
1985-09-22,9510,4635.59,0.0,7485.59,78.71,22.14,0.0
1985-09-23,9510,4656.38,0.0,7506.38,78.93,16.91,0.0
1985-09-24,9510,4688.77,0.0,7538.77,79.27,22.01,0.0
1985-09-25,9510,4714.26,0.0,7564.26,79.54,34.28,0.0
1985-09-26,9510,4737.47,0.0,7587.47,79.78,29.95,0.0
1985-09-27,9510,4756.06,0.0,7606.06,79.98,26.07,0.0
1985-09-28,9510,4774.67,0.0,7624.67,80.18,20.48,0.0
1985-09-29,9510,4793.3,0.0,7643.3,80.37,19.38,0.0
1985-09-30,9510,4814.29,0.0,7664.29,80.59,20.23,0.0
1985-10-01,9510,4835.31,0.0,7685.31,80.81,22.62,0.0
1985-10-02,9510,4851.67,0.0,7701.67,80.98,25.55,0.0
1985-10-03,9510,4865.71,0.0,7715.71,81.13,19.21,0.0
1985-10-04,9510,4875.07,0.0,7725.07,81.23,15.15,0.0
1985-10-05,9510,4889.13,0.0,7739.13,81.38,10.87,0.0
1985-10-06,9510,4898.51,0.0,7748.51,81.48,14.82,0.0
1985-10-07,9510,4907.89,0.0,7757.89,81.58,10.14,0.0
1985-10-08,9510,4914.93,0.0,7764.93,81.65,13.57,0.0
1985-10-09,9510,4921.98,0.0,7771.98,81.72,12.29,0.0
1985-10-10,9510,4926.67,0.0,7776.67,81.77,12.69,0.0
1985-10-11,9510,4936.07,0.0,7786.07,81.87,9.88,0.0
1985-10-12,9510,4943.13,0.0,7793.13,81.95,14.9,0.0
1985-10-13,9510,4947.83,0.0,7797.83,82.0,13.15,0.0
1985-10-14,9510,4957.24,0.0,7807.24,82.1,7.98,0.0
1985-10-15,9510,4961.95,0.0,7811.95,82.14,12.98,0.0
1985-10-16,9510,4969.01,0.0,7819.01,82.22,9.64,0.0
1985-10-17,9510,4976.08,0.0,7826.08,82.29,13.84,0.0
1985-10-18,9510,4990.22,0.0,7840.22,82.44,9.21,0.0
1985-10-19,9510,5009.09,0.0,7859.09,82.64,15.75,0.0
1985-10-20,9510,5027.99,0.0,7877.99,82.84,20.76,0.0
1985-10-21,9510,5044.54,0.0,7894.54,83.01,20.83,0.0
1985-10-22,9510,5061.11,0.0,7911.11,83.19,20.53,0.0
1985-10-23,9510,5077.69,0.0,7927.69,83.36,18.2,0.0
1985-10-24,9510,5094.29,0.0,7944.29,83.54,17.36,0.0
1985-10-25,9510,5103.78,0.0,7953.78,83.64,18.3,0.0
1985-10-26,9510,5115.66,0.0,7965.66,83.76,10.7,0.0
1985-10-27,9510,5125.16,0.0,7975.16,83.86,13.74,0.0
1985-10-28,9510,5137.05,0.0,7987.05,83.99,10.28,0.0
1985-10-29,9510,5146.56,0.0,7996.56,84.09,13.38,0.0
1985-10-30,9510,5158.47,0.0,8008.47,84.21,11.86,0.0
1985-10-31,9510,5165.61,0.0,8015.61,84.29,13.55,0.0
1985-11-01,9510,5172.76,0.0,8022.76,84.36,8.32,0.0
1985-11-02,9510,5182.3,0.0,8032.3,84.46,7.97,0.0
1985-11-03,9510,5189.45,0.0,8039.45,84.54,13.59,0.0
1985-11-04,9510,5199.0,0.0,8049.0,84.64,7.98,0.0
1985-11-05,9510,5208.55,0.0,8058.55,84.74,10.81,0.0
1985-11-06,9510,5213.32,0.0,8063.32,84.79,10.37,0.0
1985-11-07,9510,5220.45,0.0,8070.45,84.86,6.57,0.0
1985-11-08,9510,5232.44,0.0,8082.44,84.99,9.07,0.0
1985-11-09,9510,5237.23,0.0,8087.23,85.04,14.24,0.0
1985-11-10,9510,5244.41,0.0,8094.41,85.11,7.27,0.0
1985-11-11,9510,5251.59,0.0,8101.59,85.19,8.0,0.0
1985-11-12,9510,5251.59,0.0,8101.59,85.19,12.95,0.0
1985-11-13,9510,5253.98,0.0,8103.98,85.22,6.58,0.0
1985-11-14,9510,5268.35,0.0,8118.35,85.37,8.45,0.0
1985-11-15,9510,5273.15,0.0,8123.15,85.42,21.17,0.0
1985-11-16,9510,5277.94,0.0,8127.94,85.47,11.65,0.0
1985-11-17,9510,5280.34,0.0,8130.34,85.49,11.73,0.0
1985-11-18,9510,5287.54,0.0,8137.54,85.57,8.64,0.0
1985-11-19,9510,5301.94,0.0,8151.94,85.72,12.28,0.0
1985-11-20,9510,5313.95,0.0,8163.95,85.85,20.22,0.0
1985-11-21,9510,5325.96,0.0,8175.96,85.97,16.24,0.0
1985-11-22,9510,5335.58,0.0,8185.58,86.07,17.34,0.0
1985-11-23,9510,5345.21,0.0,8195.21,86.17,17.07,0.0
1985-11-24,9510,5352.43,0.0,8202.43,86.25,14.83,0.0
1985-11-25,9510,5357.25,0.0,8207.25,86.3,11.38,0.0
1985-11-26,9510,5364.47,0.0,8214.47,86.38,9.75,0.0
1985-11-27,9510,5366.88,0.0,8216.88,86.4,12.66,0.0
1985-11-28,9510,5371.7,0.0,8221.7,86.45,9.36,0.0
1985-11-29,9510,5371.7,0.0,8221.7,86.45,13.08,0.0
1985-11-30,9510,5374.12,0.0,8224.12,86.48,6.28,0.0
1985-12-01,9510,5378.94,0.0,8228.94,86.53,9.27,0.0
1985-12-02,9510,5386.17,0.0,8236.17,86.61,10.13,0.0
1985-12-03,9510,5386.17,0.0,8236.17,86.61,10.49,0.0
1985-12-04,9510,5393.41,0.0,8243.41,86.68,4.52,0.0
1985-12-05,9510,5393.41,0.0,8243.41,86.68,13.73,0.0
1985-12-06,9510,5393.41,0.0,8243.41,86.68,3.63,0.0
1985-12-07,9510,5393.41,0.0,8243.41,86.68,6.59,0.0
1985-12-08,9510,5398.24,0.0,8248.24,86.73,6.62,0.0
1985-12-09,9510,5398.24,0.0,8248.24,86.73,10.73,0.0
1985-12-10,9510,5398.24,0.0,8248.24,86.73,7.93,0.0
1985-12-11,9510,5398.24,0.0,8248.24,86.73,6.02,0.0
1985-12-12,9510,5398.24,0.0,8248.24,86.73,6.88,0.0
1985-12-13,9510,5395.83,0.0,8245.83,86.71,6.46,0.0
1985-12-14,9510,5395.83,0.0,8245.83,86.71,3.03,0.0
1985-12-15,9510,5395.83,0.0,8245.83,86.71,4.71,0.0
1985-12-16,9510,5395.83,0.0,8245.83,86.71,5.2,0.0
1985-12-17,9510,5398.24,0.0,8248.24,86.73,4.16,0.0
1985-12-18,9510,5398.24,0.0,8248.24,86.73,4.93,0.0
1985-12-19,9510,5398.24,0.0,8248.24,86.73,2.78,0.0
1985-12-20,9510,5400.65,0.0,8250.65,86.76,2.63,0.0
1985-12-21,9510,5400.65,0.0,8250.65,86.76,7.35,0.0
1985-12-22,9510,5400.65,0.0,8250.65,86.76,5.04,0.0
1985-12-23,9510,5400.65,0.0,8250.65,86.76,4.96,0.0
1985-12-24,9510,5400.65,0.0,8250.65,86.76,4.8,0.0
1985-12-25,9510,5400.65,0.0,8250.65,86.76,4.1,0.0
1985-12-26,9510,5395.83,0.0,8245.83,86.71,4.47,0.0
1985-12-27,9510,5395.83,0.0,8245.83,86.71,0.25,0.0
1985-12-28,9510,5393.41,0.0,8243.41,86.68,4.9,0.0
1985-12-29,9510,5393.41,0.0,8243.41,86.68,1.51,0.0
1985-12-30,9510,5393.41,0.0,8243.41,86.68,5.48,0.0
1985-12-31,9510,5391.0,0.0,8241.0,86.66,3.18,0.0
1986-01-01,9510,5391.0,0.0,8241.0,86.66,5.94,0.0
1986-01-02,9510,5391.0,0.0,8241.0,86.66,4.94,0.0
1986-01-03,9510,5388.59,0.0,8238.59,86.63,3.23,0.0
1986-01-04,9510,5388.59,0.0,8238.59,86.63,4.33,0.0
1986-01-05,9510,5388.59,0.0,8238.59,86.63,4.67,0.0
1986-01-06,9510,5386.17,0.0,8236.17,86.61,1.52,0.0
1986-01-07,9510,5386.17,0.0,8236.17,86.61,3.19,0.0
1986-01-08,9510,5386.17,0.0,8236.17,86.61,2.76,0.0
1986-01-09,9510,5383.76,0.0,8233.76,86.58,0.52,0.0
1986-01-10,9510,5383.76,0.0,8233.76,86.58,5.05,0.0
1986-01-11,9510,5383.76,0.0,8233.76,86.58,3.85,0.0
1986-01-12,9510,5381.35,0.0,8231.35,86.55,2.26,0.0
1986-01-13,9510,5381.35,0.0,8231.35,86.55,4.63,0.0
1986-01-14,9510,5378.94,0.0,8228.94,86.53,5.55,0.0
1986-01-15,9510,5378.94,0.0,8228.94,86.53,7.29,0.0
1986-01-16,9510,5374.12,0.0,8224.12,86.48,1.42,0.0
1986-01-17,9510,5371.7,0.0,8221.7,86.45,4.77,0.0
1986-01-18,9510,5366.88,0.0,8216.88,86.4,2.75,0.0
1986-01-19,9510,5364.47,0.0,8214.47,86.38,2.11,0.0
1986-01-20,9510,5366.88,0.0,8216.88,86.4,11.69,0.0
1986-01-21,9510,5366.88,0.0,8216.88,86.4,7.4,0.0
1986-01-22,9510,5364.47,0.0,8214.47,86.38,7.2,0.0
1986-01-23,9510,5359.66,0.0,8209.66,86.33,5.14,0.0
1986-01-24,9510,5354.84,0.0,8204.84,86.28,5.6,0.0
1986-01-25,9510,5347.62,0.0,8197.62,86.2,2.15,0.0
1986-01-26,9510,5337.99,0.0,8187.99,86.1,1.25,0.0
1986-01-27,9510,5330.77,0.0,8180.77,86.02,2.23,0.0
1986-01-28,9510,5323.56,0.0,8173.56,85.95,3.71,0.0
1986-01-29,9510,5313.95,0.0,8163.95,85.85,1.67,0.0
1986-01-30,9510,5306.74,0.0,8156.74,85.77,3.29,0.0
1986-01-31,9510,5294.73,0.0,8144.73,85.64,2.17,0.0
1986-02-01,9510,5287.54,0.0,8137.54,85.57,5.26,0.0
1986-02-02,9510,5280.34,0.0,8130.34,85.49,6.56,0.0
1986-02-03,9510,5268.35,0.0,8118.35,85.37,2.31,0.0
1986-02-04,9510,5249.19,0.0,8099.19,85.16,3.7,0.0
1986-02-05,9510,5230.05,0.0,8080.05,84.96,2.51,0.0
1986-02-06,9510,5215.71,0.0,8065.71,84.81,6.72,0.0
1986-02-07,9510,5199.0,0.0,8049.0,84.64,3.39,0.0
1986-02-08,9510,5187.07,0.0,8037.07,84.51,7.97,0.0
1986-02-09,9510,5172.76,0.0,8022.76,84.36,4.86,0.0
1986-02-10,9510,5160.85,0.0,8010.85,84.24,4.01,0.0
1986-02-11,9510,5144.18,0.0,7994.18,84.06,2.2,0.0
1986-02-12,9510,5125.16,0.0,7975.16,83.86,4.8,0.0
1986-02-13,9510,5110.91,0.0,7960.91,83.71,7.42,0.0
1986-02-14,9510,5096.66,0.0,7946.66,83.56,6.93,0.0
1986-02-15,9510,5080.06,0.0,7930.06,83.39,3.88,0.0
1986-02-16,9510,5065.84,0.0,7915.84,83.24,3.62,0.0
1986-02-17,9510,5049.27,0.0,7899.27,83.06,5.08,0.0
1986-02-18,9510,5032.72,0.0,7882.72,82.89,5.02,0.0
1986-02-19,9510,5013.82,0.0,7863.82,82.69,1.4,0.0
1986-02-20,9510,4999.65,0.0,7849.65,82.54,5.68,0.0
1986-02-21,9510,4985.5,0.0,7835.5,82.39,1.54,0.0
1986-02-22,9510,4966.66,0.0,7816.66,82.19,3.99,0.0
1986-02-23,9510,4947.83,0.0,7797.83,82.0,3.79,0.0
1986-02-24,9510,4929.02,0.0,7779.02,81.8,5.11,0.0
1986-02-25,9510,4907.89,0.0,7757.89,81.58,3.72,0.0
1986-02-26,9510,4882.1,0.0,7732.1,81.3,0.57,0.0
1986-02-27,9510,4856.35,0.0,7706.35,81.03,0.13,0.0
1986-02-28,9510,4832.97,0.0,7682.97,80.79,2.89,0.0
1986-03-01,9510,4814.29,0.0,7664.29,80.59,2.89,0.0
1986-03-02,9510,4800.3,0.0,7650.3,80.44,6.42,0.0
1986-03-03,9510,4783.99,0.0,7633.99,80.27,4.66,0.0
1986-03-04,9510,4763.04,0.0,7613.04,80.05,0.89,0.0
1986-03-05,9510,4742.11,0.0,7592.11,79.83,3.0,0.0
1986-03-06,9510,4714.26,0.0,7564.26,79.54,2.29,0.0
1986-03-07,9510,4691.08,0.0,7541.08,79.3,1.81,0.0
1986-03-08,9510,4663.32,0.0,7513.32,79.0,2.09,0.0
1986-03-09,9510,4644.83,0.0,7494.83,78.81,0.29,0.0
1986-03-10,9510,4621.75,0.0,7471.75,78.57,3.35,0.0
1986-03-11,9510,4596.4,0.0,7446.4,78.3,5.87,0.0
1986-03-12,9510,4568.8,0.0,7418.8,78.01,4.07,0.0
1986-03-13,9510,4545.83,0.0,7395.83,77.77,3.84,0.0
1986-03-14,9510,4522.89,0.0,7372.89,77.53,7.94,0.0
1986-03-15,9510,4497.7,0.0,7347.7,77.26,7.5,0.0
1986-03-16,9510,4467.98,0.0,7317.98,76.95,5.92,0.0
1986-03-17,9510,4445.16,0.0,7295.16,76.71,0.75,0.0
1986-03-18,9510,4415.54,0.0,7265.54,76.4,8.09,0.0
1986-03-19,9510,4385.98,0.0,7235.98,76.09,1.81,0.0
1986-03-20,9510,4361.0,0.0,7211.0,75.83,0.3,0.0
1986-03-21,9510,4331.54,0.0,7181.54,75.52,5.58,0.0
1986-03-22,9510,4304.4,0.0,7154.4,75.23,2.76,0.0
1986-03-23,9510,4279.56,0.0,7129.56,74.97,4.56,0.0
1986-03-24,9510,4257.01,0.0,7107.01,74.73,5.98,0.0
1986-03-25,9510,4234.49,0.0,7084.49,74.5,8.48,0.0
1986-03-26,9510,4212.01,0.0,7062.01,74.26,8.33,0.0
1986-03-27,9510,4185.08,0.0,7035.08,73.98,8.25,0.0
1986-03-28,9510,4158.19,0.0,7008.19,73.69,2.43,0.0
1986-03-29,9510,4131.36,0.0,6981.36,73.41,2.42,0.0
1986-03-30,9510,4104.57,0.0,6954.57,73.13,4.17,0.0
1986-03-31,9510,4080.06,0.0,6930.06,72.87,3.41,0.0
1986-04-01,9510,4053.36,0.0,6903.36,72.59,4.17,0.0
1986-04-02,9510,4031.15,0.0,6881.15,72.36,2.46,0.0
1986-04-03,9510,4008.97,0.0,6858.97,72.12,7.74,0.0
1986-04-04,9510,3986.83,0.0,6836.83,71.89,7.36,0.0
1986-04-05,9510,3960.31,0.0,6810.31,71.61,7.2,0.0
1986-04-06,9510,3942.65,0.0,6792.65,71.43,3.03,0.0
1986-04-07,9510,3922.81,0.0,6772.81,71.22,5.6,0.0
1986-04-08,9510,3896.4,0.0,6746.4,70.94,2.12,0.0
1986-04-09,9510,3872.24,0.0,6722.24,70.69,1.01,0.0
1986-04-10,9510,3850.31,0.0,6700.31,70.46,3.79,0.0
1986-04-11,9510,3830.6,0.0,6680.6,70.25,5.36,0.0
1986-04-12,9510,3806.55,0.0,6656.55,70.0,7.98,0.0
1986-04-13,9510,3793.45,0.0,6643.45,69.86,0.51,0.0
1986-04-14,9510,3782.54,0.0,6632.54,69.74,2.89,0.0
1986-04-15,9510,3765.1,0.0,6615.1,69.56,6.6,0.0
1986-04-16,9510,3741.16,0.0,6591.16,69.31,6.36,0.0
1986-04-17,9510,3732.47,0.0,6582.47,69.22,2.23,0.0
1986-04-18,9510,3708.59,0.0,6558.59,68.97,17.43,0.0
1986-04-19,9510,3682.58,0.0,6532.58,68.69,4.18,0.0
1986-04-20,9510,3658.78,0.0,6508.78,68.44,1.12,0.0
1986-04-21,9510,3637.19,0.0,6487.19,68.21,2.18,0.0
1986-04-22,9510,3619.94,0.0,6469.94,68.03,4.51,0.0
1986-04-23,9510,3596.25,0.0,6446.25,67.78,7.4,0.0
1986-04-24,9510,3581.2,0.0,6431.2,67.63,1.2,0.0
1986-04-25,9510,3568.32,0.0,6418.32,67.49,8.96,0.0
1986-04-26,9510,3553.3,0.0,6403.3,67.33,12.1,0.0
1986-04-27,9510,3531.87,0.0,6381.87,67.11,9.76,0.0
1986-04-28,9510,3510.48,0.0,6360.48,66.88,2.51,0.0
1986-04-29,9510,3491.26,0.0,6341.26,66.68,3.24,0.0
1986-04-30,9510,3478.46,0.0,6328.46,66.55,5.14,0.0
1986-05-01,9510,3478.46,0.0,6328.46,66.55,12.1,0.0
1986-05-02,9510,3476.33,0.0,6326.33,66.52,18.11,0.0
1986-05-03,9510,3461.42,0.0,6311.42,66.37,22.28,0.0
1986-05-04,9510,3444.39,0.0,6294.39,66.19,10.83,0.0
1986-05-05,9510,3425.27,0.0,6275.27,65.99,6.64,0.0
1986-05-06,9510,3410.42,0.0,6260.42,65.83,5.72,0.0
1986-05-07,9510,3395.58,0.0,6245.58,65.67,10.08,0.0
1986-05-08,9510,3376.53,0.0,6226.53,65.47,10.13,0.0
1986-05-09,9510,3361.73,0.0,6211.73,65.32,5.07,0.0
1986-05-10,9510,3357.51,0.0,6207.51,65.27,6.78,0.0
1986-05-11,9510,3355.4,0.0,6205.4,65.25,12.78,0.0
1986-05-12,9510,3357.51,0.0,6207.51,65.27,15.44,0.0
1986-05-13,9510,3351.17,0.0,6201.17,65.21,25.25,0.0
1986-05-14,9510,3336.41,0.0,6186.41,65.05,17.72,0.0
1986-05-15,9510,3323.76,0.0,6173.76,64.92,9.62,0.0
1986-05-16,9510,3309.03,0.0,6159.03,64.76,10.77,0.0
1986-05-17,9510,3294.31,0.0,6144.31,64.61,10.54,0.0
1986-05-18,9510,3277.51,0.0,6127.51,64.43,10.19,0.0
1986-05-19,9510,3260.74,0.0,6110.74,64.26,6.91,0.0
1986-05-20,9510,3243.98,0.0,6093.98,64.08,6.81,0.0
1986-05-21,9510,3225.16,0.0,6075.16,63.88,6.43,0.0
1986-05-22,9510,3212.63,0.0,6062.63,63.75,4.37,0.0
1986-05-23,9510,3202.2,0.0,6052.2,63.64,4.53,0.0
1986-05-24,9510,3204.29,0.0,6054.29,63.66,10.35,0.0
1986-05-25,9510,3229.34,0.0,6079.34,63.93,25.06,0.0
1986-05-26,9510,3256.54,0.0,6106.54,64.21,39.99,0.0
1986-05-27,9510,3269.12,0.0,6119.12,64.34,50.82,0.0
1986-05-28,9510,3269.12,0.0,6119.12,64.34,38.55,0.0
1986-05-29,9510,3256.54,0.0,6106.54,64.21,27.27,0.0
1986-05-30,9510,3243.98,0.0,6093.98,64.08,14.07,0.0
1986-05-31,9510,3229.34,0.0,6079.34,63.93,13.05,0.0
1986-06-01,9510,3227.25,0.0,6077.25,63.9,10.05,0.0
1986-06-02,9510,3208.46,0.0,6058.46,63.71,8.85,0.0
1986-06-03,9510,3189.69,0.0,6039.69,63.51,3.97,0.0
1986-06-04,9510,3175.12,0.0,6025.12,63.36,9.21,0.0
1986-06-05,9510,3162.64,0.0,6012.64,63.22,11.66,0.0
1986-06-06,9510,3156.41,0.0,6006.41,63.16,12.02,0.0
1986-06-07,9510,3146.02,0.0,5996.02,63.05,19.66,0.0
1986-06-08,9510,3148.1,0.0,5998.1,63.07,13.05,0.0
1986-06-09,9510,3137.72,0.0,5987.72,62.96,18.31,0.0
1986-06-10,9510,3127.36,0.0,5977.36,62.85,13.41,0.0
1986-06-11,9510,3112.86,0.0,5962.86,62.7,12.41,0.0
1986-06-12,9510,3100.45,0.0,5950.45,62.57,7.93,0.0
1986-06-13,9510,3094.24,0.0,5944.24,62.51,9.95,0.0
1986-06-14,9510,3104.58,0.0,5954.58,62.61,16.29,0.0
1986-06-15,9510,3119.07,0.0,5969.07,62.77,32.61,0.0
1986-06-16,9510,3119.07,0.0,5969.07,62.77,29.52,0.0
1986-06-17,9510,3110.79,0.0,5960.79,62.68,23.05,0.0
1986-06-18,9510,3102.51,0.0,5952.51,62.59,14.62,0.0
1986-06-19,9510,3092.18,0.0,5942.18,62.48,13.44,0.0
1986-06-20,9510,3092.18,0.0,5942.18,62.48,13.97,0.0
1986-06-21,9510,3081.85,0.0,5931.85,62.37,20.69,0.0
1986-06-22,9510,3077.72,0.0,5927.72,62.33,16.01,0.0
1986-06-23,9510,3063.29,0.0,5913.29,62.18,12.93,0.0
1986-06-24,9510,3048.87,0.0,5898.87,62.03,11.39,0.0
1986-06-25,9510,3038.58,0.0,5888.58,61.92,9.48,0.0
1986-06-26,9510,3026.24,0.0,5876.24,61.79,12.4,0.0
1986-06-27,9510,3009.82,0.0,5859.82,61.62,9.25,0.0
1986-06-28,9510,2979.09,0.0,5829.09,61.29,11.03,0.0
1986-06-29,9510,2960.69,0.0,5810.69,61.1,6.25,0.0
1986-06-30,9510,2932.12,0.0,5782.12,60.8,10.37,0.0
1986-07-01,9510,2905.67,0.0,5755.67,60.52,6.45,0.0
1986-07-02,9510,2885.36,0.0,5735.36,60.31,6.37,0.0
1986-07-03,9510,2869.14,0.0,5719.14,60.14,7.66,0.0
1986-07-04,9510,2846.87,0.0,5696.87,59.9,7.22,0.0
1986-07-05,9510,2832.73,0.0,5682.73,59.76,2.52,0.0
1986-07-06,9510,2828.69,0.0,5678.69,59.71,6.91,0.0
1986-07-07,9510,2818.6,0.0,5668.6,59.61,6.01,0.0
1986-07-08,9510,2804.5,0.0,5654.5,59.46,7.62,0.0
1986-07-09,9510,2784.37,0.0,5634.37,59.25,6.42,0.0
1986-07-10,9510,2784.37,0.0,5634.37,59.25,4.53,0.0
1986-07-11,9510,2861.04,0.0,5711.04,60.05,20.81,0.0
1986-07-12,9510,2897.54,0.0,5747.54,60.44,95.95,0.0
1986-07-13,9510,2919.9,0.0,5769.9,60.67,54.98,0.0
1986-07-14,9510,2923.98,0.0,5773.98,60.71,30.91,0.0
1986-07-15,9510,2919.9,0.0,5769.9,60.67,28.96,0.0
1986-07-16,9510,2915.83,0.0,5765.83,60.63,20.98,0.0
1986-07-17,9510,2909.73,0.0,5759.73,60.56,20.17,0.0
1986-07-18,9510,2901.6,0.0,5751.6,60.48,17.66,0.0
1986-07-19,9510,2891.45,0.0,5741.45,60.37,15.98,0.0
1986-07-20,9510,2893.48,0.0,5743.48,60.39,13.64,0.0
1986-07-21,9510,2907.7,0.0,5757.7,60.54,12.67,0.0
1986-07-22,9510,2923.98,0.0,5773.98,60.71,16.75,0.0
1986-07-23,9510,2940.28,0.0,5790.28,60.89,30.83,0.0
1986-07-24,9510,2968.86,0.0,5818.86,61.19,35.22,0.0
1986-07-25,9510,3026.24,0.0,5876.24,61.79,46.81,0.0
1986-07-26,9510,3106.65,0.0,5956.65,62.64,75.01,0.0
1986-07-27,9510,3168.88,0.0,6018.88,63.29,96.73,0.0
1986-07-28,9510,3206.37,0.0,6056.37,63.68,70.71,0.0
1986-07-29,9510,3235.61,0.0,6085.61,63.99,54.19,0.0
1986-07-30,9510,3254.45,0.0,6104.45,64.19,41.85,0.0
1986-07-31,9510,3267.02,0.0,6117.02,64.32,30.32,0.0
1986-08-01,9510,3281.71,0.0,6131.71,64.48,26.35,0.0
1986-08-02,9510,3300.62,0.0,6150.62,64.68,27.38,0.0
1986-08-03,9510,3330.08,0.0,6180.08,64.99,32.57,0.0
1986-08-04,9510,3355.4,0.0,6205.4,65.25,33.91,0.0
1986-08-05,9510,3374.41,0.0,6224.41,65.45,38.18,0.0
1986-08-06,9510,3384.99,0.0,6234.99,65.56,32.87,0.0
1986-08-07,9510,3412.54,0.0,6262.54,65.85,27.24,0.0
1986-08-08,9510,3427.39,0.0,6277.39,66.01,42.65,0.0
1986-08-09,9510,3438.02,0.0,6288.02,66.12,29.71,0.0
1986-08-10,9510,3463.55,0.0,6313.55,66.39,24.9,0.0
1986-08-11,9510,3472.07,0.0,6322.07,66.48,29.75,0.0
1986-08-12,9510,3486.99,0.0,6336.99,66.64,21.74,0.0
1986-08-13,9510,3497.66,0.0,6347.66,66.75,19.42,0.0
1986-08-14,9510,3499.8,0.0,6349.8,66.77,25.19,0.0
1986-08-15,9510,3508.35,0.0,6358.35,66.86,21.08,0.0
1986-08-16,9510,3521.17,0.0,6371.17,66.99,26.25,0.0
1986-08-17,9510,3534.01,0.0,6384.01,67.13,28.82,0.0
1986-08-18,9510,3540.44,0.0,6390.44,67.2,19.22,0.0
1986-08-19,9510,3544.72,0.0,6394.72,67.24,21.28,0.0
1986-08-20,9510,3549.01,0.0,6399.01,67.29,19.53,0.0
1986-08-21,9510,3549.01,0.0,6399.01,67.29,19.2,0.0
1986-08-22,9510,3549.01,0.0,6399.01,67.29,17.18,0.0
1986-08-23,9510,3551.15,0.0,6401.15,67.31,16.29,0.0
1986-08-24,9510,3561.88,0.0,6411.88,67.42,16.33,0.0
1986-08-25,9510,3574.76,0.0,6424.76,67.56,16.69,0.0
1986-08-26,9510,3591.95,0.0,6441.95,67.74,28.0,0.0
1986-08-27,9510,3622.09,0.0,6472.09,68.06,31.91,0.0
1986-08-28,9510,3641.51,0.0,6491.51,68.26,47.53,0.0
1986-08-29,9510,3667.43,0.0,6517.43,68.53,36.79,0.0
1986-08-30,9510,3691.24,0.0,6541.24,68.78,43.74,0.0
1986-08-31,9510,3715.09,0.0,6565.09,69.03,40.21,0.0
1986-09-01,9510,3725.95,0.0,6575.95,69.15,30.11,0.0
1986-09-02,9510,3730.29,0.0,6580.29,69.19,27.34,0.0
1986-09-03,9510,3732.47,0.0,6582.47,69.22,21.7,0.0
1986-09-04,9510,3734.64,0.0,6584.64,69.24,19.62,0.0
1986-09-05,9510,3741.16,0.0,6591.16,69.31,20.27,0.0
1986-09-06,9510,3756.39,0.0,6606.39,69.47,20.44,0.0
1986-09-07,9510,3800.0,0.0,6650.0,69.93,26.23,0.0
1986-09-08,9510,3834.98,0.0,6684.98,70.29,46.46,0.0
1986-09-09,9510,3878.83,0.0,6728.83,70.76,47.29,0.0
1986-09-10,9510,3922.81,0.0,6772.81,71.22,53.82,0.0
1986-09-11,9510,3958.1,0.0,6808.1,71.59,53.98,0.0
1986-09-12,9510,3986.83,0.0,6836.83,71.89,44.84,0.0
1986-09-13,9510,4022.28,0.0,6872.28,72.26,37.89,0.0
1986-09-14,9510,4042.25,0.0,6892.25,72.47,41.52,0.0
1986-09-15,9510,4057.81,0.0,6907.81,72.64,23.09,0.0
1986-09-16,9510,4071.15,0.0,6921.15,72.78,23.89,0.0
1986-09-17,9510,4084.51,0.0,6934.51,72.92,22.34,0.0
1986-09-18,9510,4093.42,0.0,6943.42,73.01,23.71,0.0
1986-09-19,9510,4115.73,0.0,6965.73,73.25,22.7,0.0
1986-09-20,9510,4147.01,0.0,6997.01,73.58,30.88,0.0
1986-09-21,9510,4173.87,0.0,7023.87,73.86,38.01,0.0
1986-09-22,9510,4187.32,0.0,7037.32,74.0,30.57,0.0
1986-09-23,9510,4198.54,0.0,7048.54,74.12,20.02,0.0
1986-09-24,9510,4205.27,0.0,7055.27,74.19,17.74,0.0
1986-09-25,9510,4212.01,0.0,7062.01,74.26,16.01,0.0
1986-09-26,9510,4209.77,0.0,7059.77,74.24,14.3,0.0
1986-09-27,9510,4207.52,0.0,7057.52,74.21,15.04,0.0
1986-09-28,9510,4212.01,0.0,7062.01,74.26,12.85,0.0
1986-09-29,9510,4207.52,0.0,7057.52,74.21,14.53,0.0
1986-09-30,9510,4203.03,0.0,7053.03,74.16,12.28,0.0
1986-10-01,9510,4198.54,0.0,7048.54,74.12,12.75,0.0
1986-10-02,9510,4191.81,0.0,7041.81,74.05,15.02,0.0
1986-10-03,9510,4189.56,0.0,7039.56,74.02,11.5,0.0
1986-10-04,9510,4185.08,0.0,7035.08,73.98,10.71,0.0
1986-10-05,9510,4189.56,0.0,7039.56,74.02,13.11,0.0
1986-10-06,9510,4187.32,0.0,7037.32,74.0,9.17,0.0
1986-10-07,9510,4185.08,0.0,7035.08,73.98,13.22,0.0
1986-10-08,9510,4180.59,0.0,7030.59,73.93,11.64,0.0
1986-10-09,9510,4173.87,0.0,7023.87,73.86,8.09,0.0
1986-10-10,9510,4173.87,0.0,7023.87,73.86,9.79,0.0
1986-10-11,9510,4178.35,0.0,7028.35,73.9,13.17,0.0
1986-10-12,9510,4185.08,0.0,7035.08,73.98,11.01,0.0
1986-10-13,9510,4189.56,0.0,7039.56,74.02,11.49,0.0
1986-10-14,9510,4189.56,0.0,7039.56,74.02,19.64,0.0
1986-10-15,9510,4189.56,0.0,7039.56,74.02,14.05,0.0
1986-10-16,9510,4187.32,0.0,7037.32,74.0,12.87,0.0
1986-10-17,9510,4182.84,0.0,7032.84,73.95,14.42,0.0
1986-10-18,9510,4178.35,0.0,7028.35,73.9,13.9,0.0
1986-10-19,9510,4171.63,0.0,7021.63,73.83,13.11,0.0
1986-10-20,9510,4169.39,0.0,7019.39,73.81,8.33,0.0
1986-10-21,9510,4164.91,0.0,7014.91,73.76,10.44,0.0
1986-10-22,9510,4155.96,0.0,7005.96,73.67,12.6,0.0
1986-10-23,9510,4153.72,0.0,7003.72,73.65,6.34,0.0
1986-10-24,9510,4153.72,0.0,7003.72,73.65,9.2,0.0
1986-10-25,9510,4160.43,0.0,7010.43,73.72,10.07,0.0
1986-10-26,9510,4171.63,0.0,7021.63,73.83,16.06,0.0
1986-10-27,9510,4173.87,0.0,7023.87,73.86,18.82,0.0
1986-10-28,9510,4167.15,0.0,7017.15,73.79,17.99,0.0
1986-10-29,9510,4160.43,0.0,7010.43,73.72,14.12,0.0
1986-10-30,9510,4151.48,0.0,7001.48,73.62,13.26,0.0
1986-10-31,9510,4142.53,0.0,6992.53,73.53,10.85,0.0
1986-11-01,9510,4126.89,0.0,6976.89,73.36,10.33,0.0
1986-11-02,9510,4115.73,0.0,6965.73,73.25,13.04,0.0
1986-11-03,9510,4093.42,0.0,6943.42,73.01,9.23,0.0
1986-11-04,9510,4075.6,0.0,6925.6,72.82,6.08,0.0
1986-11-05,9510,4055.58,0.0,6905.58,72.61,9.02,0.0
1986-11-06,9510,4035.59,0.0,6885.59,72.4,9.24,0.0
1986-11-07,9510,4013.41,0.0,6863.41,72.17,7.71,0.0
1986-11-08,9510,3993.47,0.0,6843.47,71.96,7.07,0.0
1986-11-09,9510,3980.2,0.0,6830.2,71.82,8.3,0.0
1986-11-10,9510,3960.31,0.0,6810.31,71.61,5.05,0.0
1986-11-11,9510,3947.06,0.0,6797.06,71.47,7.18,0.0
1986-11-12,9510,3927.22,0.0,6777.22,71.26,13.28,0.0
1986-11-13,9510,3907.4,0.0,6757.4,71.06,7.42,0.0
1986-11-14,9510,3885.42,0.0,6735.42,70.82,8.15,0.0
1986-11-15,9510,3865.66,0.0,6715.66,70.62,4.31,0.0
1986-11-16,9510,3859.08,0.0,6709.08,70.55,7.85,0.0
1986-11-17,9510,3845.93,0.0,6695.93,70.41,4.83,0.0
1986-11-18,9510,3830.6,0.0,6680.6,70.25,9.93,0.0
1986-11-19,9510,3815.29,0.0,6665.29,70.09,8.37,0.0
1986-11-20,9510,3800.0,0.0,6650.0,69.93,8.48,0.0
1986-11-21,9510,3782.54,0.0,6632.54,69.74,6.52,0.0
1986-11-22,9510,3765.1,0.0,6615.1,69.56,4.59,0.0
1986-11-23,9510,3754.21,0.0,6604.21,69.44,4.29,0.0
1986-11-24,9510,3741.16,0.0,6591.16,69.31,4.18,0.0
1986-11-25,9510,3725.95,0.0,6575.95,69.15,5.59,0.0
1986-11-26,9510,3712.92,0.0,6562.92,69.01,4.49,0.0
1986-11-27,9510,3697.74,0.0,6547.74,68.85,4.4,0.0
1986-11-28,9510,3682.58,0.0,6532.58,68.69,4.65,0.0
1986-11-29,9510,3665.27,0.0,6515.27,68.51,6.69,0.0
1986-11-30,9510,3660.95,0.0,6510.95,68.46,4.4,0.0
1986-12-01,9510,3652.3,0.0,6502.3,68.37,3.68,0.0
1986-12-02,9510,3639.35,0.0,6489.35,68.24,5.25,0.0
1986-12-03,9510,3626.4,0.0,6476.4,68.1,6.48,0.0
1986-12-04,9510,3613.47,0.0,6463.47,67.96,6.13,0.0
1986-12-05,9510,3609.17,0.0,6459.17,67.92,4.43,0.0
1986-12-06,9510,3600.56,0.0,6450.56,67.83,3.2,0.0
1986-12-07,9510,3600.56,0.0,6450.56,67.83,1.32,0.0
1986-12-08,9510,3594.1,0.0,6444.1,67.76,7.5,0.0
1986-12-09,9510,3587.65,0.0,6437.65,67.69,5.91,0.0
1986-12-10,9510,3579.05,0.0,6429.05,67.6,5.33,0.0
1986-12-11,9510,3570.46,0.0,6420.46,67.51,4.43,0.0
1986-12-12,9510,3566.17,0.0,6416.17,67.47,3.95,0.0
1986-12-13,9510,3559.73,0.0,6409.73,67.4,6.77,0.0
1986-12-14,9510,3553.3,0.0,6403.3,67.33,6.56,0.0
1986-12-15,9510,3546.87,0.0,6396.87,67.26,1.21,0.0
1986-12-16,9510,3542.58,0.0,6392.58,67.22,1.21,0.0
1986-12-17,9510,3540.44,0.0,6390.44,67.2,0.44,0.0
1986-12-18,9510,3538.3,0.0,6388.3,67.17,3.19,0.0
1986-12-19,9510,3534.01,0.0,6384.01,67.13,2.76,0.0
1986-12-20,9510,3531.87,0.0,6381.87,67.11,0.4,0.0
1986-12-21,9510,3531.87,0.0,6381.87,67.11,2.4,0.0
1986-12-22,9510,3531.87,0.0,6381.87,67.11,1.88,0.0
1986-12-23,9510,3531.87,0.0,6381.87,67.11,4.78,0.0
1986-12-24,9510,3531.87,0.0,6381.87,67.11,3.46,0.0
1986-12-25,9510,3531.87,0.0,6381.87,67.11,5.83,0.0
1986-12-26,9510,3531.87,0.0,6381.87,67.11,4.12,0.0
1986-12-27,9510,3529.73,0.0,6379.73,67.08,4.11,0.0
1986-12-28,9510,3529.73,0.0,6379.73,67.08,3.2,0.0
1986-12-29,9510,3529.73,0.0,6379.73,67.08,3.94,0.0
1986-12-30,9510,3527.59,0.0,6377.59,67.06,4.22,0.0
1986-12-31,9510,3527.59,0.0,6377.59,67.06,3.74,0.0
1987-01-01,9510,3527.59,0.0,6377.59,67.06,4.77,0.0
1987-01-02,9510,3523.31,0.0,6373.31,67.02,2.29,0.0
1987-01-03,9510,3523.31,0.0,6373.31,67.02,5.58,0.0
1987-01-04,9510,3521.17,0.0,6371.17,66.99,1.55,0.0
1987-01-05,9510,3514.76,0.0,6364.76,66.93,3.24,0.0
1987-01-06,9510,3510.48,0.0,6360.48,66.88,2.56,0.0
1987-01-07,9510,3506.21,0.0,6356.21,66.84,1.0,0.0
1987-01-08,9510,3506.21,0.0,6356.21,66.84,4.44,0.0
1987-01-09,9510,3501.94,0.0,6351.94,66.79,0.31,0.0
1987-01-10,9510,3497.66,0.0,6347.66,66.75,0.02,0.0
1987-01-11,9510,3499.8,0.0,6349.8,66.77,6.09,0.0
1987-01-12,9510,3491.26,0.0,6341.26,66.68,3.4,0.0
1987-01-13,9510,3484.86,0.0,6334.86,66.61,2.99,0.0
1987-01-14,9510,3478.46,0.0,6328.46,66.55,3.84,0.0
1987-01-15,9510,3467.81,0.0,6317.81,66.43,0.08,0.0
1987-01-16,9510,3459.29,0.0,6309.29,66.34,2.06,0.0
1987-01-17,9510,3455.03,0.0,6305.03,66.3,1.98,0.0
1987-01-18,9510,3452.9,0.0,6302.9,66.28,2.13,0.0
1987-01-19,9510,3446.52,0.0,6296.52,66.21,4.33,0.0
1987-01-20,9510,3433.77,0.0,6283.77,66.08,2.78,0.0
1987-01-21,9510,3423.15,0.0,6273.15,65.96,3.89,0.0
1987-01-22,9510,3410.42,0.0,6260.42,65.83,3.06,0.0
1987-01-23,9510,3393.46,0.0,6243.46,65.65,0.51,0.0
1987-01-24,9510,3378.64,0.0,6228.64,65.5,2.61,0.0
1987-01-25,9510,3374.41,0.0,6224.41,65.45,0.14,0.0
1987-01-26,9510,3359.62,0.0,6209.62,65.3,2.46,0.0
1987-01-27,9510,3340.62,0.0,6190.62,65.1,0.99,0.0
1987-01-28,9510,3319.55,0.0,6169.55,64.87,0.23,0.0
1987-01-29,9510,3300.62,0.0,6150.62,64.68,3.61,0.0
1987-01-30,9510,3277.51,0.0,6127.51,64.43,0.75,0.0
1987-01-31,9510,3260.74,0.0,6110.74,64.26,2.16,0.0
1987-02-01,9510,3246.08,0.0,6096.08,64.1,5.05,0.0
1987-02-02,9510,3227.25,0.0,6077.25,63.9,3.23,0.0
1987-02-03,9510,3208.46,0.0,6058.46,63.71,4.94,0.0
1987-02-04,9510,3187.61,0.0,6037.61,63.49,0.69,0.0
1987-02-05,9510,3168.88,0.0,6018.88,63.29,3.18,0.0
1987-02-06,9510,3152.25,0.0,6002.25,63.12,4.89,0.0
1987-02-07,9510,3131.5,0.0,5981.5,62.9,1.34,0.0
1987-02-08,9510,3112.86,0.0,5962.86,62.7,1.42,0.0
1987-02-09,9510,3083.92,0.0,5933.92,62.4,0.23,0.0
1987-02-10,9510,3055.04,0.0,5905.04,62.09,0.15,0.0
1987-02-11,9510,3026.24,0.0,5876.24,61.79,2.31,0.0
1987-02-12,9510,2995.47,0.0,5845.47,61.47,1.86,0.0
1987-02-13,9510,2964.77,0.0,5814.77,61.14,2.92,0.0
1987-02-14,9510,2936.2,0.0,5786.2,60.84,4.39,0.0
1987-02-15,9510,2915.83,0.0,5765.83,60.63,2.55,0.0
1987-02-16,9510,2887.39,0.0,5737.39,60.33,3.07,0.0
1987-02-17,9510,2863.06,0.0,5713.06,60.07,4.23,0.0
1987-02-18,9510,2832.73,0.0,5682.73,59.76,0.58,0.0
1987-02-19,9510,2808.52,0.0,5658.52,59.5,1.18,0.0
1987-02-20,9510,2782.36,0.0,5632.36,59.23,0.36,0.0
1987-02-21,9510,2760.28,0.0,5610.28,58.99,5.91,0.0
1987-02-22,9510,2750.25,0.0,5600.25,58.89,0.56,0.0
1987-02-23,9510,2730.24,0.0,5580.24,58.68,1.49,0.0
1987-02-24,9510,2712.25,0.0,5562.25,58.49,2.81,0.0
1987-02-25,9510,2690.31,0.0,5540.31,58.26,0.13,0.0
1987-02-26,9510,2664.44,0.0,5514.44,57.99,2.2,0.0
1987-02-27,9510,2638.64,0.0,5488.64,57.71,3.26,0.0
1987-02-28,9510,2612.9,0.0,5462.9,57.44,1.42,0.0
1987-03-01,9510,2597.1,0.0,5447.1,57.28,1.42,0.0
1987-03-02,9510,2579.35,0.0,5429.35,57.09,0.71,0.0
1987-03-03,9510,2563.59,0.0,5413.59,56.93,3.93,0.0
1987-03-04,9510,2543.94,0.0,5393.94,56.72,5.83,0.0
1987-03-05,9510,2522.36,0.0,5372.36,56.49,3.55,0.0
1987-03-06,9510,2502.78,0.0,5352.78,56.29,1.84,0.0
1987-03-07,9510,2483.25,0.0,5333.25,56.08,3.71,0.0
1987-03-08,9510,2463.75,0.0,5313.75,55.88,4.14,0.0
1987-03-09,9510,2442.35,0.0,5292.35,55.65,3.13,0.0
1987-03-10,9510,2421.0,0.0,5271.0,55.43,2.24,0.0
1987-03-11,9510,2397.76,0.0,5247.76,55.18,3.29,0.0
1987-03-12,9510,2376.51,0.0,5226.51,54.96,0.25,0.0
1987-03-13,9510,2357.24,0.0,5207.24,54.76,0.88,0.0
1987-03-14,9510,2339.92,0.0,5189.92,54.57,2.52,0.0
1987-03-15,9510,2326.48,0.0,5176.48,54.43,2.78,0.0
1987-03-16,9510,2299.65,0.0,5149.65,54.15,2.45,0.0
1987-03-17,9510,2280.53,0.0,5130.53,53.95,0.0,0.0
1987-03-18,9510,2263.36,0.0,5113.36,53.77,2.27,0.0
1987-03-19,9510,2244.33,0.0,5094.33,53.57,0.97,0.0
1987-03-20,9510,2221.54,0.0,5071.54,53.33,3.21,0.0
1987-03-21,9510,2198.8,0.0,5048.8,53.09,1.4,0.0
1987-03-22,9510,2179.91,0.0,5029.91,52.89,1.83,0.0
1987-03-23,9510,2164.82,0.0,5014.82,52.73,2.8,0.0
1987-03-24,9510,2144.11,0.0,4994.11,52.51,2.34,0.0
1987-03-25,9510,2119.71,0.0,4969.71,52.26,4.76,0.0
1987-03-26,9510,2099.12,0.0,4949.12,52.04,0.87,0.0
1987-03-27,9510,2076.71,0.0,4926.71,51.81,3.21,0.0
1987-03-28,9510,2059.94,0.0,4909.94,51.63,2.01,0.0
1987-03-29,9510,2039.5,0.0,4889.5,51.41,0.0,0.0
1987-03-30,9510,2019.1,0.0,4869.1,51.2,0.0,0.0
1987-03-31,9510,1996.91,0.0,4846.91,50.97,3.58,0.0
1987-04-01,9510,1972.94,0.0,4822.94,50.71,1.63,0.0
1987-04-02,9510,1960.06,0.0,4810.06,50.58,0.0,0.0
1987-04-03,9510,1945.37,0.0,4795.37,50.42,1.44,0.0
1987-04-04,9510,1923.39,0.0,4773.39,50.19,0.22,0.0
1987-04-05,9510,1903.29,0.0,4753.29,49.98,1.19,0.0
1987-04-06,9510,1883.25,0.0,4733.25,49.77,3.31,0.0
1987-04-07,9510,1861.44,0.0,4711.44,49.54,2.8,0.0
1987-04-08,9510,1841.51,0.0,4691.51,49.33,1.36,0.0
1987-04-09,9510,1819.82,0.0,4669.82,49.1,2.3,0.0
1987-04-10,9510,1796.4,0.0,4646.4,48.86,1.69,0.0
1987-04-11,9510,1773.05,0.0,4623.05,48.61,0.66,0.0
1987-04-12,9510,1751.56,0.0,4601.56,48.39,0.52,0.0
1987-04-13,9510,1737.28,0.0,4587.28,48.24,0.98,0.0
1987-04-14,9510,1715.9,0.0,4565.9,48.01,3.15,0.0
1987-04-15,9510,1692.81,0.0,4542.81,47.77,1.53,0.0
1987-04-16,9510,1671.57,0.0,4521.57,47.55,1.04,0.0
1987-04-17,9510,1650.39,0.0,4500.39,47.32,1.82,0.0
1987-04-18,9510,1631.04,0.0,4481.04,47.12,1.17,0.0
1987-04-19,9510,1609.99,0.0,4459.99,46.9,0.23,0.0
1987-04-20,9510,1589.0,0.0,4439.0,46.68,0.0,0.0
1987-04-21,9510,1568.08,0.0,4418.08,46.46,2.42,0.0
1987-04-22,9510,1545.49,0.0,4395.49,46.22,2.96,0.0
1987-04-23,9510,1524.71,0.0,4374.71,46.0,1.15,0.0
1987-04-24,9510,1504.0,0.0,4354.0,45.78,1.98,0.0
1987-04-25,9510,1483.35,0.0,4333.35,45.57,2.68,0.0
1987-04-26,9510,1464.49,0.0,4314.49,45.37,2.71,0.0
1987-04-27,9510,1455.93,0.0,4305.93,45.28,4.65,0.0
1987-04-28,9510,1435.44,0.0,4285.44,45.06,11.5,0.0
1987-04-29,9510,1415.03,0.0,4265.03,44.85,2.25,0.0
1987-04-30,9510,1394.68,0.0,4244.68,44.63,3.8,0.0
1987-05-01,9510,1381.15,0.0,4231.15,44.49,0.06,0.0
1987-05-02,9510,1364.28,0.0,4214.28,44.31,3.3,0.0
1987-05-03,9510,1345.78,0.0,4195.78,44.12,0.55,0.0
1987-05-04,9510,1323.99,0.0,4173.99,43.89,3.48,0.0
1987-05-05,9510,1305.62,0.0,4155.62,43.7,2.81,0.0
1987-05-06,9510,1283.99,0.0,4133.99,43.47,0.54,0.0
1987-05-07,9510,1262.44,0.0,4112.44,43.24,0.98,0.0
1987-05-08,9510,1240.97,0.0,4090.97,43.02,0.9,0.0
1987-05-09,9510,1221.23,0.0,4071.23,42.81,1.91,0.0
1987-05-10,9510,1206.47,0.0,4056.47,42.65,1.09,0.0
1987-05-11,9510,1190.11,0.0,4040.11,42.48,1.3,0.0
1987-05-12,9510,1170.56,0.0,4020.56,42.28,2.02,0.0
1987-05-13,9510,1152.69,0.0,4002.69,42.09,3.5,0.0
1987-05-14,9510,1142.98,0.0,3992.98,41.99,4.5,0.0
1987-05-15,9510,1126.82,0.0,3976.82,41.82,8.95,0.0
1987-05-16,9510,1109.11,0.0,3959.11,41.63,2.46,0.0
1987-05-17,9510,1097.87,0.0,3947.87,41.51,1.5,0.0
1987-05-18,9510,1089.85,0.0,3939.85,41.43,4.9,0.0
1987-05-19,9510,1075.46,0.0,3925.46,41.28,5.72,0.0
1987-05-20,9510,1061.11,0.0,3911.11,41.13,3.04,0.0
1987-05-21,9510,1045.22,0.0,3895.22,40.96,2.5,0.0
1987-05-22,9510,1029.37,0.0,3879.37,40.79,0.1,0.0
1987-05-23,9510,1010.43,0.0,3860.43,40.59,2.24,0.0
1987-05-24,9510,989.99,0.0,3839.99,40.38,2.54,0.0
1987-05-25,9510,974.33,0.0,3824.33,40.21,0.9,0.0
1987-05-26,9510,952.49,0.0,3802.49,39.98,4.5,0.0
1987-05-27,9510,929.21,0.0,3779.21,39.74,2.95,0.0
1987-05-28,9510,912.21,0.0,3762.21,39.56,0.41,0.0
1987-05-29,9510,901.43,0.0,3751.43,39.45,4.99,0.0
1987-05-30,9510,887.61,0.0,3737.61,39.3,6.26,0.0
1987-05-31,9510,883.01,0.0,3733.01,39.25,2.69,0.0
1987-06-01,9510,869.24,0.0,3719.24,39.11,4.5,0.0
1987-06-02,9510,850.95,0.0,3700.95,38.92,0.6,0.0
1987-06-03,9510,840.32,0.0,3690.32,38.8,0.26,0.0
1987-06-04,9510,841.84,0.0,3691.84,38.82,6.67,0.0
1987-06-05,9510,841.84,0.0,3691.84,38.82,7.43,0.0
1987-06-06,9510,841.84,0.0,3691.84,38.82,5.55,0.0
1987-06-07,9510,844.88,0.0,3694.88,38.85,6.15,0.0
1987-06-08,9510,850.95,0.0,3700.95,38.92,7.78,0.0
1987-06-09,9510,858.56,0.0,3708.56,39.0,9.45,0.0
1987-06-10,9510,858.56,0.0,3708.56,39.0,16.47,0.0
1987-06-11,9510,866.19,0.0,3716.19,39.08,8.23,0.0
1987-06-12,9510,861.61,0.0,3711.61,39.03,12.35,0.0
1987-06-13,9510,860.09,0.0,3710.09,39.01,10.96,0.0
1987-06-14,9510,860.09,0.0,3710.09,39.01,2.94,0.0
1987-06-15,9510,855.52,0.0,3705.52,38.96,7.19,0.0
1987-06-16,9510,850.95,0.0,3700.95,38.92,4.16,0.0
1987-06-17,9510,846.39,0.0,3696.39,38.87,4.03,0.0
1987-06-18,9510,841.84,0.0,3691.84,38.82,4.01,0.0
1987-06-19,9510,837.29,0.0,3687.29,38.77,7.43,0.0
1987-06-20,9510,834.26,0.0,3684.26,38.74,7.55,0.0
1987-06-21,9510,834.26,0.0,3684.26,38.74,5.09,0.0
1987-06-22,9510,831.23,0.0,3681.23,38.71,3.04,0.0
1987-06-23,9510,826.69,0.0,3676.69,38.66,5.56,0.0
1987-06-24,9510,820.65,0.0,3670.65,38.6,4.2,0.0
1987-06-25,9510,811.6,0.0,3661.6,38.5,3.74,0.0
1987-06-26,9510,802.57,0.0,3652.57,38.41,1.03,0.0
1987-06-27,9510,790.56,0.0,3640.56,38.28,0.14,0.0
1987-06-28,9510,781.58,0.0,3631.58,38.19,1.31,0.0
1987-06-29,9510,766.65,0.0,3616.65,38.03,0.01,0.0
1987-06-30,9510,757.72,0.0,3607.72,37.94,1.08,0.0
1987-07-01,9510,756.23,0.0,3606.23,37.92,6.23,0.0
1987-07-02,9510,748.81,0.0,3598.81,37.84,13.5,0.0
1987-07-03,9510,739.92,0.0,3589.92,37.75,7.47,0.0
1987-07-04,9510,725.15,0.0,3575.15,37.59,7.8,0.0
1987-07-05,9510,722.2,0.0,3572.2,37.56,1.04,0.0
1987-07-06,9510,713.37,0.0,3563.37,37.47,0.72,0.0
1987-07-07,9510,701.63,0.0,3551.63,37.35,6.06,0.0
1987-07-08,9510,689.92,0.0,3539.92,37.22,4.29,0.0
1987-07-09,9510,679.71,0.0,3529.71,37.12,2.88,0.0
1987-07-10,9510,670.98,0.0,3520.98,37.02,4.45,0.0
1987-07-11,9510,659.36,0.0,3509.36,36.9,5.95,0.0
1987-07-12,9510,647.79,0.0,3497.79,36.78,5.16,0.0
1987-07-13,9510,633.37,0.0,3483.37,36.63,4.21,0.0
1987-07-14,9510,619.01,0.0,3469.01,36.48,4.05,0.0
1987-07-15,9510,601.86,0.0,3451.86,36.3,3.54,0.0
1987-07-16,9510,584.79,0.0,3434.79,36.12,3.88,0.0
1987-07-17,9510,572.04,0.0,3422.04,35.98,2.01,0.0
1987-07-18,9510,556.52,0.0,3406.52,35.82,3.54,0.0
1987-07-19,9510,548.09,0.0,3398.09,35.73,0.03,0.0
1987-07-20,9510,538.27,0.0,3388.27,35.63,4.99,0.0
1987-07-21,9510,529.88,0.0,3379.88,35.54,6.24,0.0
1987-07-22,9510,521.52,0.0,3371.52,35.45,2.38,0.0
1987-07-23,9510,509.0,0.0,3359.0,35.32,1.82,0.0
1987-07-24,9510,493.78,0.0,3343.78,35.16,4.36,0.0
1987-07-25,9510,480.0,0.0,3330.0,35.02,1.39,0.0
1987-07-26,9510,471.76,0.0,3321.76,34.93,3.93,0.0
1987-07-27,9510,460.81,0.0,3310.81,34.81,4.02,0.0
1987-07-28,9510,453.98,0.0,3303.98,34.74,4.15,0.0
1987-07-29,9510,448.53,0.0,3298.53,34.68,8.26,0.0
1987-07-30,9510,440.38,0.0,3290.38,34.6,9.03,0.0
1987-07-31,9510,430.89,0.0,3280.89,34.5,5.63,0.0
1987-08-01,9510,422.78,0.0,3272.78,34.41,5.29,0.0
1987-08-02,9510,420.08,0.0,3270.08,34.39,5.98,0.0
1987-08-03,9510,421.43,0.0,3271.43,34.4,8.04,0.0
1987-08-04,9510,410.66,0.0,3260.66,34.29,14.68,0.0
1987-08-05,9510,406.63,0.0,3256.63,34.24,2.95,0.0
1987-08-06,9510,402.6,0.0,3252.6,34.2,10.04,0.0
1987-08-07,9510,395.91,0.0,3245.91,34.13,10.57,0.0
1987-08-08,9510,386.56,0.0,3236.56,34.03,7.64,0.0
1987-08-09,9510,382.56,0.0,3232.56,33.99,4.29,0.0
1987-08-10,9510,379.9,0.0,3229.9,33.96,6.12,0.0
1987-08-11,9510,379.9,0.0,3229.9,33.96,10.52,0.0
1987-08-12,9510,379.9,0.0,3229.9,33.96,12.9,0.0
1987-08-13,9510,370.6,0.0,3220.6,33.87,7.53,0.0
1987-08-14,9510,361.34,0.0,3211.34,33.77,7.12,0.0
1987-08-15,9510,346.84,0.0,3196.84,33.62,9.12,0.0
1987-08-16,9510,341.58,0.0,3191.58,33.56,5.4,0.0
1987-08-17,9510,350.78,0.0,3200.78,33.66,5.82,0.0
1987-08-18,9510,371.93,0.0,3221.93,33.88,19.78,0.0
1987-08-19,9510,394.57,0.0,3244.57,34.12,28.99,0.0
1987-08-20,9510,412.0,0.0,3262.0,34.3,29.94,0.0
1987-08-21,9510,422.78,0.0,3272.78,34.41,23.21,0.0
1987-08-22,9510,433.59,0.0,3283.59,34.53,20.1,0.0
1987-08-23,9510,574.87,0.0,3424.87,36.01,18.59,0.0
1987-08-24,9510,716.31,0.0,3566.31,37.5,143.43,0.0
1987-08-25,9510,863.14,0.0,3713.14,39.04,149.92,0.0
1987-08-26,9510,944.72,0.0,3794.72,39.9,155.54,0.0
1987-08-27,9510,988.42,0.0,3838.42,40.36,90.69,0.0
1987-08-28,9510,1015.16,0.0,3865.16,40.64,48.91,0.0
1987-08-29,9510,1037.29,0.0,3887.29,40.88,32.12,0.0
1987-08-30,9510,1051.57,0.0,3901.57,41.03,27.51,0.0
1987-08-31,9510,1064.3,0.0,3914.3,41.16,16.78,0.0
1987-09-01,9510,1072.27,0.0,3922.27,41.24,17.33,0.0
1987-09-02,9510,1080.25,0.0,3930.25,41.33,13.37,0.0
1987-09-03,9510,1085.05,0.0,3935.05,41.38,13.0,0.0
1987-09-04,9510,1099.47,0.0,3949.47,41.53,13.05,0.0
1987-09-05,9510,1113.93,0.0,3963.93,41.68,21.98,0.0
1987-09-06,9510,1134.89,0.0,3984.89,41.9,22.04,0.0
1987-09-07,9510,1157.56,0.0,4007.56,42.14,23.35,0.0
1987-09-08,9510,1170.56,0.0,4020.56,42.28,32.61,0.0
1987-09-09,9510,1186.85,0.0,4036.85,42.45,28.88,0.0
1987-09-10,9510,1208.1,0.0,4058.1,42.67,32.54,0.0
1987-09-11,9510,1229.44,0.0,4079.44,42.9,24.6,0.0
1987-09-12,9510,1245.92,0.0,4095.92,43.07,25.79,0.0
1987-09-13,9510,1260.78,0.0,4110.78,43.23,21.09,0.0
1987-09-14,9510,1280.67,0.0,4130.67,43.44,18.98,0.0
1987-09-15,9510,1300.62,0.0,4150.62,43.64,24.36,0.0
1987-09-16,9510,1320.65,0.0,4170.65,43.86,22.47,0.0
1987-09-17,9510,1335.71,0.0,4185.71,44.01,22.34,0.0
1987-09-18,9510,1350.82,0.0,4200.82,44.17,16.34,0.0
1987-09-19,9510,1372.71,0.0,4222.71,44.4,16.31,0.0
1987-09-20,9510,1391.29,0.0,4241.29,44.6,23.14,0.0
1987-09-21,9510,1411.63,0.0,4261.63,44.81,19.63,0.0
1987-09-22,9510,1433.74,0.0,4283.74,45.04,22.15,0.0
1987-09-23,9510,1449.1,0.0,4299.1,45.21,24.11,0.0
1987-09-24,9510,1462.78,0.0,4312.78,45.35,18.3,0.0
1987-09-25,9510,1477.35,0.0,4327.35,45.5,16.8,0.0
1987-09-26,9510,1497.11,0.0,4347.11,45.71,15.88,0.0
1987-09-27,9510,1524.71,0.0,4374.71,46.0,21.18,0.0
1987-09-28,9510,1555.91,0.0,4405.91,46.33,28.16,0.0
1987-09-29,9510,1575.05,0.0,4425.05,46.53,33.49,0.0
1987-09-30,9510,1590.75,0.0,4440.75,46.7,25.08,0.0
1987-10-01,9510,1602.98,0.0,4452.98,46.82,20.07,0.0
1987-10-02,9510,1615.24,0.0,4465.24,46.95,16.9,0.0
1987-10-03,9510,1634.55,0.0,4484.55,47.16,16.67,0.0
1987-10-04,9510,1652.16,0.0,4502.16,47.34,21.69,0.0
1987-10-05,9510,1660.97,0.0,4510.97,47.43,18.16,0.0
1987-10-06,9510,1680.41,0.0,4530.41,47.64,11.38,0.0
1987-10-07,9510,1692.81,0.0,4542.81,47.77,21.69,0.0
1987-10-08,9510,1701.68,0.0,4551.68,47.86,14.64,0.0
1987-10-09,9510,1721.24,0.0,4571.24,48.07,11.08,0.0
1987-10-10,9510,1739.06,0.0,4589.06,48.26,21.61,0.0
1987-10-11,9510,1760.51,0.0,4610.51,48.48,19.31,0.0
1987-10-12,9510,1771.26,0.0,4621.26,48.59,22.02,0.0
1987-10-13,9510,1782.02,0.0,4632.02,48.71,14.87,0.0
1987-10-14,9510,1791.0,0.0,4641.0,48.8,13.61,0.0
1987-10-15,9510,1800.0,0.0,4650.0,48.9,12.38,0.0
1987-10-16,9510,1810.8,0.0,4660.8,49.01,11.15,0.0
1987-10-17,9510,1823.43,0.0,4673.43,49.14,12.95,0.0
1987-10-18,9510,1832.46,0.0,4682.46,49.24,14.48,0.0
1987-10-19,9510,1841.51,0.0,4691.51,49.33,9.61,0.0
1987-10-20,9510,1856.0,0.0,4706.0,49.48,11.49,0.0
1987-10-21,9510,1863.25,0.0,4713.25,49.56,16.47,0.0
1987-10-22,9510,1870.52,0.0,4720.52,49.64,10.43,0.0
1987-10-23,9510,1879.61,0.0,4729.61,49.73,12.07,0.0
1987-10-24,9510,1888.71,0.0,4738.71,49.83,9.67,0.0
1987-10-25,9510,1896.0,0.0,4746.0,49.91,9.68,0.0
1987-10-26,9510,1906.94,0.0,4756.94,50.02,7.87,0.0
1987-10-27,9510,1908.77,0.0,4758.77,50.04,12.64,0.0
1987-10-28,9510,1908.77,0.0,4758.77,50.04,11.31,0.0
1987-10-29,9510,1910.59,0.0,4760.59,50.06,6.16,0.0
1987-10-30,9510,1914.25,0.0,4764.25,50.1,6.97,0.0
1987-10-31,9510,1916.08,0.0,4766.08,50.12,9.22,0.0
1987-11-01,9510,1919.73,0.0,4769.73,50.15,6.72,0.0
1987-11-02,9510,1919.73,0.0,4769.73,50.15,6.79,0.0
1987-11-03,9510,1914.25,0.0,4764.25,50.1,9.74,0.0
1987-11-04,9510,1914.25,0.0,4764.25,50.1,4.01,0.0
1987-11-05,9510,1912.42,0.0,4762.42,50.08,10.17,0.0
1987-11-06,9510,1914.25,0.0,4764.25,50.1,5.27,0.0
1987-11-07,9510,1914.25,0.0,4764.25,50.1,11.41,0.0
1987-11-08,9510,1916.08,0.0,4766.08,50.12,9.85,0.0
1987-11-09,9510,1912.42,0.0,4762.42,50.08,5.8,0.0
1987-11-10,9510,1916.08,0.0,4766.08,50.12,6.72,0.0
1987-11-11,9510,1917.9,0.0,4767.9,50.14,14.07,0.0
1987-11-12,9510,1923.39,0.0,4773.39,50.19,13.0,0.0
1987-11-13,9510,1916.08,0.0,4766.08,50.12,15.55,0.0
1987-11-14,9510,1914.25,0.0,4764.25,50.1,3.38,0.0
1987-11-15,9510,1917.9,0.0,4767.9,50.14,8.76,0.0
1987-11-16,9510,1917.9,0.0,4767.9,50.14,6.63,0.0
1987-11-17,9510,1916.08,0.0,4766.08,50.12,8.11,0.0
1987-11-18,9510,1914.25,0.0,4764.25,50.1,6.95,0.0
1987-11-19,9510,1912.42,0.0,4762.42,50.08,6.72,0.0
1987-11-20,9510,1910.59,0.0,4760.59,50.06,6.91,0.0
1987-11-21,9510,1906.94,0.0,4756.94,50.02,6.75,0.0
1987-11-22,9510,1908.77,0.0,4758.77,50.04,5.31,0.0
1987-11-23,9510,1912.42,0.0,4762.42,50.08,4.68,0.0
1987-11-24,9510,1917.9,0.0,4767.9,50.14,6.51,0.0
1987-11-25,9510,1921.56,0.0,4771.56,50.17,8.04,0.0
1987-11-26,9510,1921.56,0.0,4771.56,50.17,8.25,0.0
1987-11-27,9510,1923.39,0.0,4773.39,50.19,2.71,0.0
1987-11-28,9510,1925.22,0.0,4775.22,50.21,4.42,0.0
1987-11-29,9510,1927.05,0.0,4777.05,50.23,5.07,0.0
1987-11-30,9510,1930.71,0.0,4780.71,50.27,3.99,0.0
1987-12-01,9510,1930.71,0.0,4780.71,50.27,6.08,0.0
1987-12-02,9510,1930.71,0.0,4780.71,50.27,2.34,0.0
1987-12-03,9510,1934.37,0.0,4784.37,50.31,1.85,0.0
1987-12-04,9510,1934.37,0.0,4784.37,50.31,5.56,0.0
1987-12-05,9510,1938.04,0.0,4788.04,50.35,2.2,0.0
1987-12-06,9510,1938.04,0.0,4788.04,50.35,4.25,0.0
1987-12-07,9510,1938.04,0.0,4788.04,50.35,1.37,0.0
1987-12-08,9510,1938.04,0.0,4788.04,50.35,2.97,0.0
1987-12-09,9510,1938.04,0.0,4788.04,50.35,1.6,0.0
1987-12-10,9510,1941.71,0.0,4791.71,50.39,1.75,0.0
1987-12-11,9510,1943.54,0.0,4793.54,50.41,5.51,0.0
1987-12-12,9510,1945.37,0.0,4795.37,50.42,4.4,0.0
1987-12-13,9510,1945.37,0.0,4795.37,50.42,3.44,0.0
1987-12-14,9510,1950.88,0.0,4800.88,50.48,1.7,0.0
1987-12-15,9510,1952.72,0.0,4802.72,50.5,7.19,0.0
1987-12-16,9510,1952.72,0.0,4802.72,50.5,3.53,0.0
1987-12-17,9510,1952.72,0.0,4802.72,50.5,1.24,0.0
1987-12-18,9510,1952.72,0.0,4802.72,50.5,1.71,0.0
1987-12-19,9510,1954.55,0.0,4804.55,50.52,1.7,0.0
1987-12-20,9510,1954.55,0.0,4804.55,50.52,3.47,0.0
1987-12-21,9510,1956.39,0.0,4806.39,50.54,1.37,0.0
1987-12-22,9510,1954.55,0.0,4804.55,50.52,3.59,0.0
1987-12-23,9510,1954.55,0.0,4804.55,50.52,2.68,0.0
1987-12-24,9510,1952.72,0.0,4802.72,50.5,3.85,0.0
1987-12-25,9510,1952.72,0.0,4802.72,50.5,0.38,0.0
1987-12-26,9510,1954.55,0.0,4804.55,50.52,1.97,0.0
1987-12-27,9510,1956.39,0.0,4806.39,50.54,3.67,0.0
1987-12-28,9510,1958.23,0.0,4808.23,50.56,3.59,0.0
1987-12-29,9510,1958.23,0.0,4808.23,50.56,4.97,0.0
1987-12-30,9510,1958.23,0.0,4808.23,50.56,3.23,0.0
1987-12-31,9510,1956.39,0.0,4806.39,50.54,2.7,0.0
1988-01-01,9510,1956.39,0.0,4806.39,50.54,1.53,0.0
1988-01-02,9510,1956.39,0.0,4806.39,50.54,1.62,0.0
1988-01-03,9510,1956.39,0.0,4806.39,50.54,1.53,0.0
1988-01-04,9510,1956.39,0.0,4806.39,50.54,4.55,0.0
1988-01-05,9510,1954.55,0.0,4804.55,50.52,2.63,0.0
1988-01-06,9510,1952.72,0.0,4802.72,50.5,2.87,0.0
1988-01-07,9510,1952.72,0.0,4802.72,50.5,4.6,0.0
1988-01-08,9510,1950.88,0.0,4800.88,50.48,2.86,0.0
1988-01-09,9510,1949.04,0.0,4799.04,50.46,3.03,0.0
1988-01-10,9510,1947.21,0.0,4797.21,50.44,0.65,0.0
1988-01-11,9510,1947.21,0.0,4797.21,50.44,6.63,0.0
1988-01-12,9510,1939.87,0.0,4789.87,50.37,0.0,0.0
1988-01-13,9510,1932.54,0.0,4782.54,50.29,0.0,0.0
1988-01-14,9510,1930.71,0.0,4780.71,50.27,3.33,0.0
1988-01-15,9510,1927.05,0.0,4777.05,50.23,1.54,0.0
1988-01-16,9510,1925.22,0.0,4775.22,50.21,3.88,0.0
1988-01-17,9510,1925.22,0.0,4775.22,50.21,1.82,0.0
1988-01-18,9510,1921.56,0.0,4771.56,50.17,3.15,0.0
1988-01-19,9510,1916.08,0.0,4766.08,50.12,4.04,0.0
1988-01-20,9510,1906.94,0.0,4756.94,50.02,0.0,0.0
1988-01-21,9510,1901.47,0.0,4751.47,49.96,3.46,0.0
1988-01-22,9510,1894.17,0.0,4744.17,49.89,2.41,0.0
1988-01-23,9510,1888.71,0.0,4738.71,49.83,3.77,0.0
1988-01-24,9510,1885.07,0.0,4735.07,49.79,1.77,0.0
1988-01-25,9510,1874.15,0.0,4724.15,49.68,3.21,0.0
1988-01-26,9510,1863.25,0.0,4713.25,49.56,2.34,0.0
1988-01-27,9510,1848.75,0.0,4698.75,49.41,0.0,0.0
1988-01-28,9510,1839.7,0.0,4689.7,49.31,4.88,0.0
1988-01-29,9510,1832.46,0.0,4682.46,49.24,2.07,0.0
1988-01-30,9510,1827.04,0.0,4677.04,49.18,4.52,0.0
1988-01-31,9510,1819.82,0.0,4669.82,49.1,0.13,0.0
1988-02-01,9510,1812.6,0.0,4662.6,49.03,7.61,0.0
1988-02-02,9510,1798.2,0.0,4648.2,48.88,0.84,0.0
1988-02-03,9510,1782.02,0.0,4632.02,48.71,1.53,0.0
1988-02-04,9510,1764.09,0.0,4614.09,48.52,0.73,0.0
1988-02-05,9510,1746.2,0.0,4596.2,48.33,0.17,0.0
1988-02-06,9510,1731.93,0.0,4581.93,48.18,3.49,0.0
1988-02-07,9510,1724.8,0.0,4574.8,48.11,2.34,0.0
1988-02-08,9510,1707.01,0.0,4557.01,47.92,1.41,0.0
1988-02-09,9510,1689.27,0.0,4539.27,47.73,1.39,0.0
1988-02-10,9510,1671.57,0.0,4521.57,47.55,1.45,0.0
1988-02-11,9510,1650.39,0.0,4500.39,47.32,1.52,0.0
1988-02-12,9510,1634.55,0.0,4484.55,47.16,1.98,0.0
1988-02-13,9510,1613.49,0.0,4463.49,46.93,0.87,0.0
1988-02-14,9510,1604.73,0.0,4454.73,46.84,1.34,0.0
1988-02-15,9510,1589.0,0.0,4439.0,46.68,2.71,0.0
1988-02-16,9510,1582.02,0.0,4432.02,46.6,5.84,0.0
1988-02-17,9510,1573.3,0.0,4423.3,46.51,2.52,0.0
1988-02-18,9510,1557.65,0.0,4407.65,46.35,2.6,0.0
1988-02-19,9510,1542.03,0.0,4392.03,46.18,2.15,0.0
1988-02-20,9510,1528.17,0.0,4378.17,46.04,1.56,0.0
1988-02-21,9510,1519.53,0.0,4369.53,45.95,5.49,0.0
1988-02-22,9510,1495.39,0.0,4345.39,45.69,1.83,0.0
1988-02-23,9510,1469.63,0.0,4319.63,45.42,1.49,0.0
1988-02-24,9510,1442.27,0.0,4292.27,45.13,2.25,0.0
1988-02-25,9510,1413.33,0.0,4263.33,44.83,1.5,0.0
1988-02-26,9510,1384.53,0.0,4234.53,44.53,2.33,0.0
1988-02-27,9510,1360.91,0.0,4210.91,44.28,1.69,0.0
1988-02-28,9510,1344.1,0.0,4194.1,44.1,2.29,0.0
1988-03-01,9510,1290.64,0.0,4140.64,43.54,3.07,0.0
1988-03-02,9510,1260.78,0.0,4110.78,43.23,2.74,0.0
1988-03-03,9510,1231.09,0.0,4081.09,42.91,1.58,0.0
1988-03-04,9510,1201.56,0.0,4051.56,42.6,1.03,0.0
1988-03-05,9510,1170.56,0.0,4020.56,42.28,1.03,0.0
1988-03-06,9510,1147.83,0.0,3997.83,42.04,0.36,0.0
1988-03-07,9510,1120.37,0.0,3970.37,41.75,0.39,0.0
1988-03-08,9510,1113.93,0.0,3963.93,41.68,2.17,0.0
1988-03-09,9510,1107.5,0.0,3957.5,41.61,4.77,0.0
1988-03-10,9510,1097.87,0.0,3947.87,41.51,3.01,0.0
1988-03-11,9510,1091.45,0.0,3941.45,41.45,0.39,0.0
1988-03-12,9510,1083.45,0.0,3933.45,41.36,3.63,0.0
1988-03-13,9510,1078.66,0.0,3928.66,41.31,1.64,0.0
1988-03-14,9510,1070.67,0.0,3920.67,41.23,1.69,0.0
1988-03-15,9510,1061.11,0.0,3911.11,41.13,3.49,0.0
1988-03-16,9510,1051.57,0.0,3901.57,41.03,0.22,0.0
1988-03-17,9510,1042.04,0.0,3892.04,40.93,0.43,0.0
1988-03-18,9510,1034.12,0.0,3884.12,40.84,1.58,0.0
1988-03-19,9510,1026.21,0.0,3876.21,40.76,1.95,0.0
1988-03-20,9510,1021.47,0.0,3871.47,40.71,1.65,0.0
1988-03-21,9510,1012.0,0.0,3862.0,40.61,1.08,0.0
1988-03-22,9510,1004.13,0.0,3854.13,40.53,0.5,0.0
1988-03-23,9510,994.7,0.0,3844.7,40.43,2.4,0.0
1988-03-24,9510,986.85,0.0,3836.85,40.35,0.97,0.0
1988-03-25,9510,977.46,0.0,3827.46,40.25,1.99,0.0
1988-03-26,9510,969.64,0.0,3819.64,40.16,0.37,0.0
1988-03-27,9510,966.52,0.0,3816.52,40.13,1.6,0.0
1988-03-28,9510,958.72,0.0,3808.72,40.05,2.42,0.0
1988-03-29,9510,949.38,0.0,3799.38,39.95,1.37,0.0
1988-03-30,9510,941.61,0.0,3791.61,39.87,0.15,0.0
1988-03-31,9510,932.31,0.0,3782.31,39.77,2.95,0.0
1988-04-01,9510,921.48,0.0,3771.48,39.66,0.49,0.0
1988-04-02,9510,915.3,0.0,3765.3,39.59,0.0,0.0
1988-04-03,9510,910.67,0.0,3760.67,39.54,2.92,0.0
1988-04-04,9510,899.89,0.0,3749.89,39.43,1.04,0.0
1988-04-05,9510,892.21,0.0,3742.21,39.35,0.0,0.0
1988-04-06,9510,886.07,0.0,3736.07,39.29,2.34,0.0
1988-04-07,9510,876.88,0.0,3726.88,39.19,0.4,0.0
1988-04-08,9510,867.71,0.0,3717.71,39.09,0.92,0.0
1988-04-09,9510,860.09,0.0,3710.09,39.01,1.01,0.0
1988-04-10,9510,855.52,0.0,3705.52,38.96,1.32,0.0
1988-04-11,9510,846.39,0.0,3696.39,38.87,1.0,0.0
1988-04-12,9510,837.29,0.0,3687.29,38.77,0.4,0.0
1988-04-13,9510,834.26,0.0,3684.26,38.74,0.92,0.0
1988-04-14,9510,825.18,0.0,3675.18,38.65,1.34,0.0
1988-04-15,9510,817.63,0.0,3667.63,38.57,0.26,0.0
1988-04-16,9510,820.65,0.0,3670.65,38.6,1.46,0.0
1988-04-17,9510,822.16,0.0,3672.16,38.61,12.47,0.0
1988-04-18,9510,819.14,0.0,3669.14,38.58,5.85,0.0
1988-04-19,9510,811.6,0.0,3661.6,38.5,6.51,0.0
1988-04-20,9510,802.57,0.0,3652.57,38.41,2.13,0.0
1988-04-21,9510,798.06,0.0,3648.06,38.36,0.8,0.0
1988-04-22,9510,792.06,0.0,3642.06,38.3,5.43,0.0
1988-04-23,9510,787.56,0.0,3637.56,38.25,3.5,0.0
1988-04-24,9510,784.57,0.0,3634.57,38.22,5.12,0.0
1988-04-25,9510,775.6,0.0,3625.6,38.12,4.87,0.0
1988-04-26,9510,771.12,0.0,3621.12,38.08,0.27,0.0
1988-04-27,9510,763.67,0.0,3613.67,38.0,4.84,0.0
1988-04-28,9510,757.72,0.0,3607.72,37.94,2.0,0.0
1988-04-29,9510,756.23,0.0,3606.23,37.92,3.43,0.0
1988-04-30,9510,756.23,0.0,3606.23,37.92,7.97,0.0
1988-05-01,9510,769.63,0.0,3619.63,38.06,8.68,0.0
1988-05-02,9510,775.6,0.0,3625.6,38.12,16.8,0.0
1988-05-03,9510,775.6,0.0,3625.6,38.12,11.86,0.0
1988-05-04,9510,777.09,0.0,3627.09,38.14,8.58,0.0
1988-05-05,9510,777.09,0.0,3627.09,38.14,7.27,0.0
1988-05-06,9510,780.08,0.0,3630.08,38.17,8.93,0.0
1988-05-07,9510,775.6,0.0,3625.6,38.12,12.13,0.0
1988-05-08,9510,772.61,0.0,3622.61,38.09,4.98,0.0
1988-05-09,9510,769.63,0.0,3619.63,38.06,5.94,0.0
1988-05-10,9510,772.61,0.0,3622.61,38.09,5.54,0.0
1988-05-11,9510,766.65,0.0,3616.65,38.03,12.43,0.0
1988-05-12,9510,763.67,0.0,3613.67,38.0,4.03,0.0
1988-05-13,9510,763.67,0.0,3613.67,38.0,4.42,0.0
1988-05-14,9510,769.63,0.0,3619.63,38.06,7.36,0.0
1988-05-15,9510,774.11,0.0,3624.11,38.11,12.83,0.0
1988-05-16,9510,777.09,0.0,3627.09,38.14,12.04,0.0
1988-05-17,9510,783.07,0.0,3633.07,38.2,10.48,0.0
1988-05-18,9510,817.63,0.0,3667.63,38.57,11.95,0.0
1988-05-19,9510,843.36,0.0,3693.36,38.84,38.68,0.0
1988-05-20,9510,860.09,0.0,3710.09,39.01,27.64,0.0
1988-05-21,9510,872.3,0.0,3722.3,39.14,19.72,0.0
1988-05-22,9510,884.54,0.0,3734.54,39.27,14.89,0.0
1988-05-23,9510,883.01,0.0,3733.01,39.25,14.44,0.0
1988-05-24,9510,889.14,0.0,3739.14,39.32,2.61,0.0
1988-05-25,9510,890.68,0.0,3740.68,39.33,9.4,0.0
1988-05-26,9510,892.21,0.0,3742.21,39.35,4.2,0.0
1988-05-27,9510,890.68,0.0,3740.68,39.33,4.67,0.0
1988-05-28,9510,893.75,0.0,3743.75,39.37,0.65,0.0
1988-05-29,9510,893.75,0.0,3743.75,39.37,5.62,0.0
1988-05-30,9510,896.82,0.0,3746.82,39.4,1.45,0.0
1988-05-31,9510,899.89,0.0,3749.89,39.43,4.63,0.0
1988-06-01,9510,901.43,0.0,3751.43,39.45,4.64,0.0
1988-06-02,9510,919.93,0.0,3769.93,39.64,5.9,0.0
1988-06-03,9510,933.86,0.0,3783.86,39.79,23.13,0.0
1988-06-04,9510,946.27,0.0,3796.27,39.92,18.96,0.0
1988-06-05,9510,972.77,0.0,3822.77,40.2,14.1,0.0
1988-06-06,9510,996.27,0.0,3846.27,40.44,27.95,0.0
1988-06-07,9510,1023.05,0.0,3873.05,40.73,25.43,0.0
1988-06-08,9510,1046.8,0.0,3896.8,40.98,28.98,0.0
1988-06-09,9510,1059.52,0.0,3909.52,41.11,25.44,0.0
1988-06-10,9510,1070.67,0.0,3920.67,41.23,13.96,0.0
1988-06-11,9510,1075.46,0.0,3925.46,41.28,14.4,0.0
1988-06-12,9510,1083.45,0.0,3933.45,41.36,6.9,0.0
1988-06-13,9510,1088.25,0.0,3938.25,41.41,9.86,0.0
1988-06-14,9510,1094.66,0.0,3944.66,41.48,6.93,0.0
1988-06-15,9510,1094.66,0.0,3944.66,41.48,7.99,0.0
1988-06-16,9510,1097.87,0.0,3947.87,41.51,3.0,0.0
1988-06-17,9510,1096.26,0.0,3946.26,41.5,6.3,0.0
1988-06-18,9510,1102.68,0.0,3952.68,41.56,1.79,0.0
1988-06-19,9510,1110.71,0.0,3960.71,41.65,8.38,0.0
1988-06-20,9510,1118.76,0.0,3968.76,41.73,8.72,0.0
1988-06-21,9510,1134.89,0.0,3984.89,41.9,9.63,0.0
1988-06-22,9510,1144.59,0.0,3994.59,42.0,18.21,0.0
1988-06-23,9510,1149.45,0.0,3999.45,42.06,11.94,0.0
1988-06-24,9510,1154.31,0.0,4004.31,42.11,9.61,0.0
1988-06-25,9510,1160.81,0.0,4010.81,42.17,8.32,0.0
1988-06-26,9510,1164.05,0.0,4014.05,42.21,8.34,0.0
1988-06-27,9510,1165.68,0.0,4015.68,42.23,5.26,0.0
1988-06-28,9510,1167.3,0.0,4017.3,42.24,4.39,0.0
1988-06-29,9510,1167.3,0.0,4017.3,42.24,3.19,0.0
1988-06-30,9510,1162.43,0.0,4012.43,42.19,7.4,0.0
1988-07-01,9510,1168.93,0.0,4018.93,42.26,2.06,0.0
1988-07-02,9510,1173.81,0.0,4023.81,42.31,13.43,0.0
1988-07-03,9510,1177.07,0.0,4027.07,42.35,9.93,0.0
1988-07-04,9510,1180.33,0.0,4030.33,42.38,6.51,0.0
1988-07-05,9510,1190.11,0.0,4040.11,42.48,13.68,0.0
1988-07-06,9510,1204.83,0.0,4054.83,42.64,12.03,0.0
1988-07-07,9510,1240.97,0.0,4090.97,43.02,25.95,0.0
1988-07-08,9510,1277.35,0.0,4127.35,43.4,47.41,0.0
1988-07-09,9510,1307.29,0.0,4157.29,43.71,46.72,0.0
1988-07-10,9510,1327.34,0.0,4177.34,43.93,35.19,0.0
1988-07-11,9510,1340.75,0.0,4190.75,44.07,23.97,0.0
1988-07-12,9510,1355.86,0.0,4205.86,44.23,22.64,0.0
1988-07-13,9510,1384.53,0.0,4234.53,44.53,24.54,0.0
1988-07-14,9510,1420.12,0.0,4270.12,44.9,36.49,0.0
1988-07-15,9510,1452.51,0.0,4302.51,45.24,42.97,0.0
1988-07-16,9510,1479.92,0.0,4329.92,45.53,37.67,0.0
1988-07-17,9510,1528.17,0.0,4378.17,46.04,32.62,0.0
1988-07-18,9510,1566.34,0.0,4416.34,46.44,51.54,0.0
1988-07-19,9510,1595.99,0.0,4445.99,46.75,39.52,0.0
1988-07-20,9510,1617.0,0.0,4467.0,46.97,31.29,0.0
1988-07-21,9510,1643.35,0.0,4493.35,47.25,24.11,0.0
1988-07-22,9510,1668.04,0.0,4518.04,47.51,29.93,0.0
1988-07-23,9510,1692.81,0.0,4542.81,47.77,27.56,0.0
1988-07-24,9510,1719.46,0.0,4569.46,48.05,27.42,0.0
1988-07-25,9510,1739.06,0.0,4589.06,48.26,29.28,0.0
1988-07-26,9510,1755.14,0.0,4605.14,48.42,21.9,0.0
1988-07-27,9510,1769.46,0.0,4619.46,48.57,18.74,0.0
1988-07-28,9510,1780.22,0.0,4630.22,48.69,19.08,0.0
1988-07-29,9510,1789.2,0.0,4639.2,48.78,16.31,0.0
1988-07-30,9510,1798.2,0.0,4648.2,48.88,13.9,0.0
1988-07-31,9510,1814.41,0.0,4664.41,49.05,14.33,0.0
1988-08-01,9510,1827.04,0.0,4677.04,49.18,21.09,0.0
1988-08-02,9510,1830.65,0.0,4680.65,49.22,17.42,0.0
1988-08-03,9510,1843.32,0.0,4693.32,49.35,8.47,0.0
1988-08-04,9510,1877.79,0.0,4727.79,49.71,18.43,0.0
1988-08-05,9510,1925.22,0.0,4775.22,50.21,42.06,0.0
1988-08-06,9510,1961.9,0.0,4811.9,50.6,55.17,0.0
1988-08-07,9510,1993.22,0.0,4843.22,50.93,44.47,0.0
1988-08-08,9510,2048.78,0.0,4898.78,51.51,35.32,0.0
1988-08-09,9510,2108.47,0.0,4958.47,52.14,64.02,0.0
1988-08-10,9510,2166.7,0.0,5016.7,52.75,67.43,0.0
1988-08-11,9510,2234.82,0.0,5084.82,53.47,65.67,0.0
1988-08-12,9510,2320.72,0.0,5170.72,54.37,75.57,0.0
1988-08-13,9510,2397.76,0.0,5247.76,55.18,87.08,0.0
1988-08-14,9510,2461.81,0.0,5311.81,55.85,80.38,0.0
1988-08-15,9510,2524.32,0.0,5374.32,56.51,67.12,0.0
1988-08-16,9510,2597.1,0.0,5447.1,57.28,71.22,0.0
1988-08-17,9510,2664.44,0.0,5514.44,57.99,80.49,0.0
1988-08-18,9510,2714.25,0.0,5564.25,58.51,74.79,0.0
1988-08-19,9510,2764.29,0.0,5614.29,59.04,52.78,0.0
1988-08-20,9510,2802.48,0.0,5652.48,59.44,52.16,0.0
1988-08-21,9510,2846.87,0.0,5696.87,59.9,40.63,0.0
1988-08-22,9510,2883.33,0.0,5733.33,60.29,46.06,0.0
1988-08-23,9510,2913.8,0.0,5763.8,60.61,39.02,0.0
1988-08-24,9510,2940.28,0.0,5790.28,60.89,34.33,0.0
1988-08-25,9510,2970.9,0.0,5820.9,61.21,29.78,0.0
1988-08-26,9510,2997.52,0.0,5847.52,61.49,33.25,0.0
1988-08-27,9510,3024.19,0.0,5874.19,61.77,29.23,0.0
1988-08-28,9510,3052.98,0.0,5902.98,62.07,29.0,0.0
1988-08-29,9510,3077.72,0.0,5927.72,62.33,29.43,0.0
1988-08-30,9510,3117.0,0.0,5967.0,62.74,27.06,0.0
1988-08-31,9510,3139.8,0.0,5989.8,62.98,41.04,0.0
1988-09-01,9510,3168.88,0.0,6018.88,63.29,25.37,0.0
1988-09-02,9510,3191.78,0.0,6041.78,63.53,31.66,0.0
1988-09-03,9510,3218.9,0.0,6068.9,63.82,25.84,0.0
1988-09-04,9510,3237.71,0.0,6087.71,64.01,30.06,0.0
1988-09-05,9510,3254.45,0.0,6104.45,64.19,21.09,0.0
1988-09-06,9510,3288.01,0.0,6138.01,64.54,25.69,0.0
1988-09-07,9510,3319.55,0.0,6169.55,64.87,40.8,0.0
1988-09-08,9510,3344.84,0.0,6194.84,65.14,38.88,0.0
1988-09-09,9510,3370.19,0.0,6220.19,65.41,31.92,0.0
1988-09-10,9510,3389.23,0.0,6239.23,65.61,27.31,0.0
1988-09-11,9510,3414.66,0.0,6264.66,65.87,21.5,0.0
1988-09-12,9510,3433.77,0.0,6283.77,66.08,28.46,0.0
1988-09-13,9510,3448.65,0.0,6298.65,66.23,21.76,0.0
1988-09-14,9510,3465.68,0.0,6315.68,66.41,17.95,0.0
1988-09-15,9510,3480.59,0.0,6330.59,66.57,26.17,0.0
1988-09-16,9510,3489.13,0.0,6339.13,66.66,25.35,0.0
1988-09-17,9510,3495.53,0.0,6345.53,66.72,17.77,0.0
1988-09-18,9510,3506.21,0.0,6356.21,66.84,24.5,0.0
1988-09-19,9510,3521.17,0.0,6371.17,66.99,12.99,0.0
1988-09-20,9510,3538.3,0.0,6388.3,67.17,20.08,0.0
1988-09-21,9510,3544.72,0.0,6394.72,67.24,19.59,0.0
1988-09-22,9510,3551.15,0.0,6401.15,67.31,9.88,0.0
1988-09-23,9510,3561.88,0.0,6411.88,67.42,16.83,0.0
1988-09-24,9510,3566.17,0.0,6416.17,67.47,18.03,0.0
1988-09-25,9510,3570.46,0.0,6420.46,67.51,10.9,0.0
1988-09-26,9510,3574.76,0.0,6424.76,67.56,8.61,0.0
1988-09-27,9510,3579.05,0.0,6429.05,67.6,10.79,0.0
1988-09-28,9510,3574.76,0.0,6424.76,67.56,12.96,0.0
1988-09-29,9510,3568.32,0.0,6418.32,67.49,13.59,0.0
1988-09-30,9510,3574.76,0.0,6424.76,67.56,9.33,0.0
1988-10-01,9510,3574.76,0.0,6424.76,67.56,15.34,0.0
1988-10-02,9510,3583.35,0.0,6433.35,67.65,8.34,0.0
1988-10-03,9510,3591.95,0.0,6441.95,67.74,16.0,0.0
1988-10-04,9510,3591.95,0.0,6441.95,67.74,16.91,0.0
1988-10-05,9510,3589.8,0.0,6439.8,67.72,13.63,0.0
1988-10-06,9510,3583.35,0.0,6433.35,67.65,11.43,0.0
1988-10-07,9510,3585.5,0.0,6435.5,67.67,7.1,0.0
1988-10-08,9510,3587.65,0.0,6437.65,67.69,15.59,0.0
1988-10-09,9510,3594.1,0.0,6444.1,67.76,15.81,0.0
1988-10-10,9510,3598.4,0.0,6448.4,67.81,16.43,0.0
1988-10-11,9510,3604.86,0.0,6454.86,67.87,14.65,0.0
1988-10-12,9510,3613.47,0.0,6463.47,67.96,9.09,0.0
1988-10-13,9510,3619.94,0.0,6469.94,68.03,9.95,0.0
1988-10-14,9510,3635.03,0.0,6485.03,68.19,9.03,0.0
1988-10-15,9510,3645.82,0.0,6495.82,68.31,21.05,0.0
1988-10-16,9510,3669.6,0.0,6519.6,68.56,16.59,0.0
1988-10-17,9510,3686.91,0.0,6536.91,68.74,26.84,0.0
1988-10-18,9510,3699.91,0.0,6549.91,68.87,19.32,0.0
1988-10-19,9510,3719.44,0.0,6569.44,69.08,15.32,0.0
1988-10-20,9510,3732.47,0.0,6582.47,69.22,20.92,0.0
1988-10-21,9510,3749.86,0.0,6599.86,69.4,15.79,0.0
1988-10-22,9510,3758.57,0.0,6608.57,69.49,19.98,0.0
1988-10-23,9510,3771.64,0.0,6621.64,69.63,10.59,0.0
1988-10-24,9510,3780.36,0.0,6630.36,69.72,14.22,0.0
1988-10-25,9510,3786.9,0.0,6636.9,69.79,10.96,0.0
1988-10-26,9510,3793.45,0.0,6643.45,69.86,8.49,0.0
1988-10-27,9510,3802.18,0.0,6652.18,69.95,8.07,0.0
1988-10-28,9510,3806.55,0.0,6656.55,70.0,10.51,0.0
1988-10-29,9510,3815.29,0.0,6665.29,70.09,6.15,0.0
1988-10-30,9510,3819.66,0.0,6669.66,70.13,10.2,0.0
1988-10-31,9510,3826.22,0.0,6676.22,70.2,5.07,0.0
1988-11-01,9510,3826.22,0.0,6676.22,70.2,9.61,0.0
1988-11-02,9510,3828.41,0.0,6678.41,70.23,6.52,0.0
1988-11-03,9510,3826.22,0.0,6676.22,70.2,10.14,0.0
1988-11-04,9510,3819.66,0.0,6669.66,70.13,7.17,0.0
1988-11-05,9510,3819.66,0.0,6669.66,70.13,2.93,0.0
1988-11-06,9510,3815.29,0.0,6665.29,70.09,9.48,0.0
1988-11-07,9510,3815.29,0.0,6665.29,70.09,0.34,0.0
1988-11-08,9510,3810.92,0.0,6660.92,70.04,8.49,0.0
1988-11-09,9510,3808.73,0.0,6658.73,70.02,4.67,0.0
1988-11-10,9510,3806.55,0.0,6656.55,70.0,7.13,0.0
1988-11-11,9510,3800.0,0.0,6650.0,69.93,6.35,0.0
1988-11-12,9510,3797.81,0.0,6647.81,69.9,2.68,0.0
1988-11-13,9510,3797.81,0.0,6647.81,69.9,7.07,0.0
1988-11-14,9510,3793.45,0.0,6643.45,69.86,5.64,0.0
1988-11-15,9510,3791.26,0.0,6641.26,69.83,4.56,0.0
1988-11-16,9510,3786.9,0.0,6636.9,69.79,7.12,0.0
1988-11-17,9510,3784.72,0.0,6634.72,69.77,0.8,0.0
1988-11-18,9510,3784.72,0.0,6634.72,69.77,3.23,0.0
1988-11-19,9510,3784.72,0.0,6634.72,69.77,5.68,0.0
1988-11-20,9510,3791.26,0.0,6641.26,69.83,6.31,0.0
1988-11-21,9510,3791.26,0.0,6641.26,69.83,10.86,0.0
1988-11-22,9510,3795.63,0.0,6645.63,69.88,3.74,0.0
1988-11-23,9510,3793.45,0.0,6643.45,69.86,8.59,0.0
1988-11-24,9510,3797.81,0.0,6647.81,69.9,2.32,0.0
1988-11-25,9510,3795.63,0.0,6645.63,69.88,7.82,0.0
1988-11-26,9510,3797.81,0.0,6647.81,69.9,3.04,0.0
1988-11-27,9510,3800.0,0.0,6650.0,69.93,7.63,0.0
1988-11-28,9510,3797.81,0.0,6647.81,69.9,6.95,0.0
1988-11-29,9510,3795.63,0.0,6645.63,69.88,0.69,0.0
1988-11-30,9510,3797.81,0.0,6647.81,69.9,1.27,0.0
1988-12-01,9510,3797.81,0.0,6647.81,69.9,6.04,0.0
1988-12-02,9510,3797.81,0.0,6647.81,69.9,3.38,0.0
1988-12-03,9510,3797.81,0.0,6647.81,69.9,3.27,0.0
1988-12-04,9510,3797.81,0.0,6647.81,69.9,3.95,0.0
1988-12-05,9510,3800.0,0.0,6650.0,69.93,2.42,0.0
1988-12-06,9510,3800.0,0.0,6650.0,69.93,5.12,0.0
1988-12-07,9510,3800.0,0.0,6650.0,69.93,3.45,0.0
1988-12-08,9510,3802.18,0.0,6652.18,69.95,2.71,0.0
1988-12-09,9510,3804.36,0.0,6654.36,69.97,4.68,0.0
1988-12-10,9510,3804.36,0.0,6654.36,69.97,5.23,0.0
1988-12-11,9510,3804.36,0.0,6654.36,69.97,3.14,0.0
1988-12-12,9510,3802.18,0.0,6652.18,69.95,1.51,0.0
1988-12-13,9510,3802.18,0.0,6652.18,69.95,1.26,0.0
1988-12-14,9510,3802.18,0.0,6652.18,69.95,3.27,0.0
1988-12-15,9510,3802.18,0.0,6652.18,69.95,2.42,0.0
1988-12-16,9510,3808.73,0.0,6658.73,70.02,1.71,0.0
1988-12-17,9510,3808.73,0.0,6658.73,70.02,11.07,0.0
1988-12-18,9510,3808.73,0.0,6658.73,70.02,4.87,0.0
1988-12-19,9510,3810.92,0.0,6660.92,70.04,1.66,0.0
1988-12-20,9510,3806.55,0.0,6656.55,70.0,4.21,0.0
1988-12-21,9510,3806.55,0.0,6656.55,70.0,1.02,0.0
1988-12-22,9510,3806.55,0.0,6656.55,70.0,1.71,0.0
1988-12-23,9510,3806.55,0.0,6656.55,70.0,2.47,0.0
1988-12-24,9510,3806.55,0.0,6656.55,70.0,3.73,0.0
1988-12-25,9510,3806.55,0.0,6656.55,70.0,2.6,0.0
1988-12-26,9510,3804.36,0.0,6654.36,69.97,1.41,0.0
1988-12-27,9510,3804.36,0.0,6654.36,69.97,2.51,0.0
1988-12-28,9510,3804.36,0.0,6654.36,69.97,4.34,0.0
1988-12-29,9510,3802.18,0.0,6652.18,69.95,4.98,0.0
1988-12-30,9510,3802.18,0.0,6652.18,69.95,2.39,0.0
1988-12-31,9510,3802.18,0.0,6652.18,69.95,4.82,0.0
1989-01-01,9510,3802.18,0.0,6652.18,69.95,1.62,0.0
1989-01-02,9510,3802.18,0.0,6652.18,69.95,1.56,0.0
1989-01-03,9510,3797.81,0.0,6647.81,69.9,0.13,0.0
1989-01-04,9510,3795.63,0.0,6645.63,69.88,1.95,0.0
1989-01-05,9510,3793.45,0.0,6643.45,69.86,2.47,0.0
1989-01-06,9510,3789.08,0.0,6639.08,69.81,2.69,0.0
1989-01-07,9510,3784.72,0.0,6634.72,69.77,3.41,0.0
1989-01-08,9510,3782.54,0.0,6632.54,69.74,0.41,0.0
1989-01-09,9510,3778.18,0.0,6628.18,69.7,2.5,0.0
1989-01-10,9510,3776.0,0.0,6626.0,69.67,6.53,0.0
1989-01-11,9510,3771.64,0.0,6621.64,69.63,4.14,0.0
1989-01-12,9510,3767.28,0.0,6617.28,69.58,5.18,0.0
1989-01-13,9510,3754.21,0.0,6604.21,69.44,1.43,0.0
1989-01-14,9510,3747.69,0.0,6597.69,69.38,1.79,0.0
1989-01-15,9510,3745.51,0.0,6595.51,69.35,1.3,0.0
1989-01-16,9510,3741.16,0.0,6591.16,69.31,4.39,0.0
1989-01-17,9510,3734.64,0.0,6584.64,69.24,1.68,0.0
1989-01-18,9510,3728.12,0.0,6578.12,69.17,2.3,0.0
1989-01-19,9510,3721.61,0.0,6571.61,69.1,1.97,0.0
1989-01-20,9510,3717.26,0.0,6567.26,69.06,4.56,0.0
1989-01-21,9510,3712.92,0.0,6562.92,69.01,3.56,0.0
1989-01-22,9510,3712.92,0.0,6562.92,69.01,3.57,0.0
1989-01-23,9510,3704.25,0.0,6554.25,68.92,2.3,0.0
1989-01-24,9510,3697.74,0.0,6547.74,68.85,2.39,0.0
1989-01-25,9510,3689.08,0.0,6539.08,68.76,0.77,0.0
1989-01-26,9510,3682.58,0.0,6532.58,68.69,3.34,0.0
1989-01-27,9510,3673.92,0.0,6523.92,68.6,1.01,0.0
1989-01-28,9510,3667.43,0.0,6517.43,68.53,2.01,0.0
1989-01-29,9510,3663.11,0.0,6513.11,68.49,0.53,0.0
1989-01-30,9510,3654.46,0.0,6504.46,68.4,1.39,0.0
1989-01-31,9510,3643.66,0.0,6493.66,68.28,1.16,0.0
1989-02-01,9510,3635.03,0.0,6485.03,68.19,3.98,0.0
1989-02-02,9510,3626.4,0.0,6476.4,68.1,4.42,0.0
1989-02-03,9510,3617.78,0.0,6467.78,68.01,4.41,0.0
1989-02-04,9510,3609.17,0.0,6459.17,67.92,4.39,0.0
1989-02-05,9510,3602.71,0.0,6452.71,67.85,3.56,0.0
1989-02-06,9510,3596.25,0.0,6446.25,67.78,2.64,0.0
1989-02-07,9510,3583.35,0.0,6433.35,67.65,1.43,0.0
1989-02-08,9510,3570.46,0.0,6420.46,67.51,0.55,0.0
1989-02-09,9510,3553.3,0.0,6403.3,67.33,0.99,0.0
1989-02-10,9510,3538.3,0.0,6388.3,67.17,3.42,0.0
1989-02-11,9510,3525.45,0.0,6375.45,67.04,1.66,0.0
1989-02-12,9510,3514.76,0.0,6364.76,66.93,0.56,0.0
1989-02-13,9510,3504.07,0.0,6354.07,66.81,3.03,0.0
1989-02-14,9510,3493.4,0.0,6343.4,66.7,4.44,0.0
1989-02-15,9510,3482.73,0.0,6332.73,66.59,3.88,0.0
1989-02-16,9510,3469.94,0.0,6319.94,66.46,1.57,0.0
1989-02-17,9510,3459.29,0.0,6309.29,66.34,3.31,0.0
1989-02-18,9510,3446.52,0.0,6296.52,66.21,1.31,0.0
1989-02-19,9510,3438.02,0.0,6288.02,66.12,0.9,0.0
1989-02-20,9510,3429.52,0.0,6279.52,66.03,1.07,0.0
1989-02-21,9510,3416.78,0.0,6266.78,65.9,1.98,0.0
1989-02-22,9510,3404.06,0.0,6254.06,65.76,1.97,0.0
1989-02-23,9510,3393.46,0.0,6243.46,65.65,2.14,0.0
1989-02-24,9510,3382.88,0.0,6232.88,65.54,3.01,0.0
1989-02-25,9510,3374.41,0.0,6224.41,65.45,4.68,0.0
1989-02-26,9510,3370.19,0.0,6220.19,65.41,4.83,0.0
1989-02-27,9510,3359.62,0.0,6209.62,65.3,2.28,0.0
1989-02-28,9510,3351.17,0.0,6201.17,65.21,3.7,0.0
1989-03-01,9510,3342.73,0.0,6192.73,65.12,3.7,0.0
1989-03-02,9510,3332.19,0.0,6182.19,65.01,2.6,0.0
1989-03-03,9510,3321.66,0.0,6171.66,64.9,3.31,0.0
1989-03-04,9510,3311.13,0.0,6161.13,64.79,1.15,0.0
1989-03-05,9510,3306.92,0.0,6156.92,64.74,0.94,0.0
1989-03-06,9510,3294.31,0.0,6144.31,64.61,1.52,0.0
1989-03-07,9510,3281.71,0.0,6131.71,64.48,0.76,0.0
1989-03-08,9510,3271.22,0.0,6121.22,64.37,0.2,0.0
1989-03-09,9510,3258.64,0.0,6108.64,64.23,1.59,0.0
1989-03-10,9510,3246.08,0.0,6096.08,64.1,0.16,0.0
1989-03-11,9510,3237.71,0.0,6087.71,64.01,1.09,0.0
1989-03-12,9510,3231.43,0.0,6081.43,63.95,4.15,0.0
1989-03-13,9510,3220.98,0.0,6070.98,63.84,2.21,0.0
1989-03-14,9510,3208.46,0.0,6058.46,63.71,3.3,0.0
1989-03-15,9510,3198.03,0.0,6048.03,63.6,3.35,0.0
1989-03-16,9510,3187.61,0.0,6037.61,63.49,2.99,0.0
1989-03-17,9510,3177.2,0.0,6027.2,63.38,1.97,0.0
1989-03-18,9510,3168.88,0.0,6018.88,63.29,2.66,0.0
1989-03-19,9510,3160.56,0.0,6010.56,63.2,3.81,0.0
1989-03-20,9510,3148.1,0.0,5998.1,63.07,1.8,0.0
1989-03-21,9510,3137.72,0.0,5987.72,62.96,1.08,0.0
1989-03-22,9510,3125.28,0.0,5975.28,62.83,3.25,0.0
1989-03-23,9510,3114.93,0.0,5964.93,62.72,1.24,0.0
1989-03-24,9510,3104.58,0.0,5954.58,62.61,2.24,0.0
1989-03-25,9510,3094.24,0.0,5944.24,62.51,2.78,0.0
1989-03-26,9510,3090.11,0.0,5940.11,62.46,2.77,0.0
1989-03-27,9510,3077.72,0.0,5927.72,62.33,3.07,0.0
1989-03-28,9510,3065.35,0.0,5915.35,62.2,1.95,0.0
1989-03-29,9510,3050.92,0.0,5900.92,62.05,1.7,0.0
1989-03-30,9510,3038.58,0.0,5888.58,61.92,0.29,0.0
1989-03-31,9510,3026.24,0.0,5876.24,61.79,1.76,0.0
1989-04-01,9510,3011.87,0.0,5861.87,61.64,1.41,0.0
1989-04-02,9510,3003.67,0.0,5853.67,61.55,0.58,0.0
1989-04-03,9510,2987.27,0.0,5837.27,61.38,3.32,0.0
1989-04-04,9510,2972.95,0.0,5822.95,61.23,2.39,0.0
1989-04-05,9510,2958.64,0.0,5808.64,61.08,4.01,0.0
1989-04-06,9510,2946.39,0.0,5796.39,60.95,4.04,0.0
1989-04-07,9510,2932.12,0.0,5782.12,60.8,2.22,0.0
1989-04-08,9510,2913.8,0.0,5763.8,60.61,3.81,0.0
1989-04-09,9510,2901.6,0.0,5751.6,60.48,0.54,0.0
1989-04-10,9510,2883.33,0.0,5733.33,60.29,0.49,0.0
1989-04-11,9510,2867.11,0.0,5717.11,60.12,0.27,0.0
1989-04-12,9510,2852.94,0.0,5702.94,59.97,2.16,0.0
1989-04-13,9510,2836.77,0.0,5686.77,59.8,2.71,0.0
1989-04-14,9510,2818.6,0.0,5668.6,59.61,2.2,0.0
1989-04-15,9510,2802.48,0.0,5652.48,59.44,0.48,0.0
1989-04-16,9510,2784.37,0.0,5634.37,59.25,0.95,0.0
1989-04-17,9510,2766.3,0.0,5616.3,59.06,1.06,0.0
1989-04-18,9510,2748.25,0.0,5598.25,58.87,0.12,0.0
1989-04-19,9510,2730.24,0.0,5580.24,58.68,1.28,0.0
1989-04-20,9510,2712.25,0.0,5562.25,58.49,1.92,0.0
1989-04-21,9510,2694.3,0.0,5544.3,58.3,0.53,0.0
1989-04-22,9510,2676.38,0.0,5526.38,58.11,1.1,0.0
1989-04-23,9510,2660.47,0.0,5510.47,57.94,1.23,0.0
1989-04-24,9510,2634.68,0.0,5484.68,57.67,1.52,0.0
1989-04-25,9510,2610.93,0.0,5460.93,57.42,1.31,0.0
1989-04-26,9510,2587.23,0.0,5437.23,57.17,2.65,0.0
1989-04-27,9510,2563.59,0.0,5413.59,56.93,0.96,0.0
1989-04-28,9510,2534.12,0.0,5384.12,56.62,0.83,0.0
1989-04-29,9510,2508.65,0.0,5358.65,56.35,0.17,0.0
1989-04-30,9510,2483.25,0.0,5333.25,56.08,0.91,0.0
1989-05-01,9510,2461.81,0.0,5311.81,55.85,1.44,0.0
1989-05-02,9510,2438.47,0.0,5288.47,55.61,3.15,0.0
1989-05-03,9510,2417.13,0.0,5267.13,55.39,2.11,0.0
1989-05-04,9510,2391.96,0.0,5241.96,55.12,2.97,0.0
1989-05-05,9510,2366.87,0.0,5216.87,54.86,1.91,0.0
1989-05-06,9510,2345.69,0.0,5195.69,54.63,2.12,0.0
1989-05-07,9510,2320.72,0.0,5170.72,54.37,3.71,0.0
1989-05-08,9510,2295.82,0.0,5145.82,54.11,1.81,0.0
1989-05-09,9510,2270.99,0.0,5120.99,53.85,3.1,0.0
1989-05-10,9510,2251.94,0.0,5101.94,53.65,2.3,0.0
1989-05-11,9510,2234.82,0.0,5084.82,53.47,2.01,0.0
1989-05-12,9510,2219.64,0.0,5069.64,53.31,6.13,0.0
1989-05-13,9510,2202.59,0.0,5052.59,53.13,5.91,0.0
1989-05-14,9510,2196.91,0.0,5046.91,53.07,3.35,0.0
1989-05-15,9510,2191.24,0.0,5041.24,53.01,11.52,0.0
1989-05-16,9510,2191.24,0.0,5041.24,53.01,10.47,0.0
1989-05-17,9510,2187.46,0.0,5037.46,52.97,15.83,0.0
1989-05-18,9510,2183.68,0.0,5033.68,52.93,13.78,0.0
1989-05-19,9510,2174.24,0.0,5024.24,52.83,12.93,0.0
1989-05-20,9510,2162.93,0.0,5012.93,52.71,6.34,0.0
1989-05-21,9510,2149.75,0.0,4999.75,52.57,5.45,0.0
1989-05-22,9510,2134.72,0.0,4984.72,52.42,2.03,0.0
1989-05-23,9510,2119.71,0.0,4969.71,52.26,1.83,0.0
1989-05-24,9510,2104.73,0.0,4954.73,52.1,2.07,0.0
1989-05-25,9510,2089.77,0.0,4939.77,51.94,1.94,0.0
1989-05-26,9510,2074.84,0.0,4924.84,51.79,1.2,0.0
1989-05-27,9510,2074.84,0.0,4924.84,51.79,2.45,0.0
1989-05-28,9510,2123.46,0.0,4973.46,52.3,8.0,0.0
1989-05-29,9510,2153.52,0.0,5003.52,52.61,54.45,0.0
1989-05-30,9510,2168.59,0.0,5018.59,52.77,41.72,0.0
1989-05-31,9510,2172.36,0.0,5022.36,52.81,29.23,0.0
1989-06-01,9510,2170.47,0.0,5020.47,52.79,17.61,0.0
1989-06-02,9510,2170.47,0.0,5020.47,52.79,12.99,0.0
1989-06-03,9510,2174.24,0.0,5024.24,52.83,14.27,0.0
1989-06-04,9510,2183.68,0.0,5033.68,52.93,9.28,0.0
1989-06-05,9510,2185.57,0.0,5035.57,52.95,10.22,0.0
1989-06-06,9510,2181.79,0.0,5031.79,52.91,8.6,0.0
1989-06-07,9510,2178.02,0.0,5028.02,52.87,6.93,0.0
1989-06-08,9510,2174.24,0.0,5024.24,52.83,4.91,0.0
1989-06-09,9510,2164.82,0.0,5014.82,52.73,6.93,0.0
1989-06-10,9510,2161.05,0.0,5011.05,52.69,5.26,0.0
1989-06-11,9510,2161.05,0.0,5011.05,52.69,4.79,0.0
1989-06-12,9510,2162.93,0.0,5012.93,52.71,1.51,0.0
1989-06-13,9510,2170.47,0.0,5020.47,52.79,6.48,0.0
1989-06-14,9510,2183.68,0.0,5033.68,52.93,11.21,0.0
1989-06-15,9510,2185.57,0.0,5035.57,52.95,15.86,0.0
1989-06-16,9510,2193.13,0.0,5043.13,53.03,4.74,0.0
1989-06-17,9510,2198.8,0.0,5048.8,53.09,10.1,0.0
1989-06-18,9510,2206.37,0.0,5056.37,53.17,8.28,0.0
1989-06-19,9510,2210.16,0.0,5060.16,53.21,8.36,0.0
1989-06-20,9510,2212.06,0.0,5062.06,53.23,8.35,0.0
1989-06-21,9510,2212.06,0.0,5062.06,53.23,8.17,0.0
1989-06-22,9510,2208.27,0.0,5058.27,53.19,4.19,0.0
1989-06-23,9510,2204.48,0.0,5054.48,53.15,3.29,0.0
1989-06-24,9510,2204.48,0.0,5054.48,53.15,1.29,0.0
1989-06-25,9510,2204.48,0.0,5054.48,53.15,1.91,0.0
1989-06-26,9510,2208.27,0.0,5058.27,53.19,0.78,0.0
1989-06-27,9510,2210.16,0.0,5060.16,53.21,6.87,0.0
1989-06-28,9510,2219.64,0.0,5069.64,53.31,4.88,0.0
1989-06-29,9510,2231.02,0.0,5081.02,53.43,15.1,0.0
1989-06-30,9510,2242.43,0.0,5092.43,53.55,16.6,0.0
1989-07-01,9510,2250.03,0.0,5100.03,53.63,15.01,0.0
1989-07-02,9510,2251.94,0.0,5101.94,53.65,8.98,0.0
1989-07-03,9510,2257.65,0.0,5107.65,53.71,2.55,0.0
1989-07-04,9510,2261.46,0.0,5111.46,53.75,8.03,0.0
1989-07-05,9510,2269.08,0.0,5119.08,53.83,12.74,0.0
1989-07-06,9510,2297.74,0.0,5147.74,54.13,16.49,0.0
1989-07-07,9510,2307.31,0.0,5157.31,54.23,37.67,0.0
1989-07-08,9510,2322.64,0.0,5172.64,54.39,18.86,0.0
1989-07-09,9510,2334.16,0.0,5184.16,54.51,24.42,0.0
1989-07-10,9510,2343.77,0.0,5193.77,54.61,18.14,0.0
1989-07-11,9510,2343.77,0.0,5193.77,54.61,19.11,0.0
1989-07-12,9510,2355.31,0.0,5205.31,54.74,8.68,0.0
1989-07-13,9510,2378.44,0.0,5228.44,54.98,19.77,0.0
1989-07-14,9510,2405.5,0.0,5255.5,55.26,29.53,0.0
1989-07-15,9510,2426.82,0.0,5276.82,55.49,35.55,0.0
1989-07-16,9510,2440.41,0.0,5290.41,55.63,26.98,0.0
1989-07-17,9510,2452.07,0.0,5302.07,55.75,16.86,0.0
1989-07-18,9510,2461.81,0.0,5311.81,55.85,16.54,0.0
1989-07-19,9510,2467.65,0.0,5317.65,55.92,13.3,0.0
1989-07-20,9510,2483.25,0.0,5333.25,56.08,11.09,0.0
1989-07-21,9510,2496.92,0.0,5346.92,56.22,21.24,0.0
1989-07-22,9510,2508.65,0.0,5358.65,56.35,17.07,0.0
1989-07-23,9510,2524.32,0.0,5374.32,56.51,14.76,0.0
1989-07-24,9510,2536.08,0.0,5386.08,56.64,16.97,0.0
1989-07-25,9510,2549.83,0.0,5399.83,56.78,16.52,0.0
1989-07-26,9510,2593.15,0.0,5443.15,57.24,21.04,0.0
1989-07-27,9510,2630.72,0.0,5480.72,57.63,51.13,0.0
1989-07-28,9510,2652.53,0.0,5502.53,57.86,45.52,0.0
1989-07-29,9510,2672.4,0.0,5522.4,58.07,30.32,0.0
1989-07-30,9510,2688.32,0.0,5538.32,58.24,28.28,0.0
1989-07-31,9510,2696.29,0.0,5546.29,58.32,18.92,0.0
1989-08-01,9510,2704.27,0.0,5554.27,58.4,15.74,0.0
1989-08-02,9510,2712.25,0.0,5562.25,58.49,18.31,0.0
1989-08-03,9510,2714.25,0.0,5564.25,58.51,18.52,0.0
1989-08-04,9510,2722.24,0.0,5572.24,58.59,13.58,0.0
1989-08-05,9510,2728.24,0.0,5578.24,58.66,19.16,0.0
1989-08-06,9510,2736.24,0.0,5586.24,58.74,18.31,0.0
1989-08-07,9510,2738.24,0.0,5588.24,58.76,16.61,0.0
1989-08-08,9510,2740.24,0.0,5590.24,58.78,14.47,0.0
1989-08-09,9510,2742.24,0.0,5592.24,58.8,16.04,0.0
1989-08-10,9510,2760.28,0.0,5610.28,58.99,14.64,0.0
1989-08-11,9510,2764.29,0.0,5614.29,59.04,31.0,0.0
1989-08-12,9510,2774.33,0.0,5624.33,59.14,16.59,0.0
1989-08-13,9510,2786.38,0.0,5636.38,59.27,23.23,0.0
1989-08-14,9510,2810.54,0.0,5660.54,59.52,21.29,0.0
1989-08-15,9510,2856.99,0.0,5706.99,60.01,33.65,0.0
1989-08-16,9510,2899.57,0.0,5749.57,60.46,56.72,0.0
1989-08-17,9510,2926.01,0.0,5776.01,60.74,52.94,0.0
1989-08-18,9510,2944.35,0.0,5794.35,60.93,37.37,0.0
1989-08-19,9510,2950.48,0.0,5800.48,60.99,29.5,0.0
1989-08-20,9510,2956.6,0.0,5806.6,61.06,19.95,0.0
1989-08-21,9510,2964.77,0.0,5814.77,61.14,16.67,0.0
1989-08-22,9510,2962.73,0.0,5812.73,61.12,24.81,0.0
1989-08-23,9510,2964.77,0.0,5814.77,61.14,14.17,0.0
1989-08-24,9510,2972.95,0.0,5822.95,61.23,18.64,0.0
1989-08-25,9510,2981.13,0.0,5831.13,61.32,23.91,0.0
1989-08-26,9510,2995.47,0.0,5845.47,61.47,25.45,0.0
1989-08-27,9510,3030.35,0.0,5880.35,61.83,35.3,0.0
1989-08-28,9510,3052.98,0.0,5902.98,62.07,51.87,0.0
1989-08-29,9510,3061.22,0.0,5911.22,62.16,44.67,0.0
1989-08-30,9510,3063.29,0.0,5913.29,62.18,35.3,0.0
1989-08-31,9510,3075.66,0.0,5925.66,62.31,28.85,0.0
1989-09-01,9510,3079.79,0.0,5929.79,62.35,36.95,0.0
1989-09-02,9510,3069.47,0.0,5919.47,62.24,30.67,0.0
1989-09-03,9510,3073.6,0.0,5923.6,62.29,16.24,0.0
1989-09-04,9510,3077.72,0.0,5927.72,62.33,21.85,0.0
1989-09-05,9510,3075.66,0.0,5925.66,62.31,22.42,0.0
1989-09-06,9510,3075.66,0.0,5925.66,62.31,16.84,0.0
1989-09-07,9510,3088.05,0.0,5938.05,62.44,18.26,0.0
1989-09-08,9510,3098.38,0.0,5948.38,62.55,30.51,0.0
1989-09-09,9510,3104.58,0.0,5954.58,62.61,28.12,0.0
1989-09-10,9510,3117.0,0.0,5967.0,62.74,24.53,0.0
1989-09-11,9510,3129.43,0.0,5979.43,62.88,30.72,0.0
1989-09-12,9510,3135.65,0.0,5985.65,62.94,32.74,0.0
1989-09-13,9510,3143.95,0.0,5993.95,63.03,26.9,0.0
1989-09-14,9510,3156.41,0.0,6006.41,63.16,27.35,0.0
1989-09-15,9510,3168.88,0.0,6018.88,63.29,31.09,0.0
1989-09-16,9510,3181.36,0.0,6031.36,63.42,32.23,0.0
1989-09-17,9510,3191.78,0.0,6041.78,63.53,33.43,0.0
1989-09-18,9510,3179.28,0.0,6029.28,63.4,30.69,0.0
1989-09-19,9510,3189.69,0.0,6039.69,63.51,9.24,0.0
1989-09-20,9510,3195.95,0.0,6045.95,63.57,25.27,0.0
1989-09-21,9510,3202.2,0.0,6052.2,63.64,19.47,0.0
1989-09-22,9510,3208.46,0.0,6058.46,63.71,23.08,0.0
1989-09-23,9510,3235.61,0.0,6085.61,63.99,23.0,0.0
1989-09-24,9510,3285.91,0.0,6135.91,64.52,44.32,0.0
1989-09-25,9510,3327.98,0.0,6177.98,64.96,57.22,0.0
1989-09-26,9510,3389.23,0.0,6239.23,65.61,53.69,0.0
1989-09-27,9510,3429.52,0.0,6279.52,66.03,68.76,0.0
1989-09-28,9510,3461.42,0.0,6311.42,66.37,55.63,0.0
1989-09-29,9510,3493.4,0.0,6343.4,66.7,40.75,0.0
1989-09-30,9510,3521.17,0.0,6371.17,66.99,37.73,0.0
1989-10-01,9510,3549.01,0.0,6399.01,67.29,28.47,0.0
1989-10-02,9510,3570.46,0.0,6420.46,67.51,28.52,0.0
1989-10-03,9510,3589.8,0.0,6439.8,67.72,27.45,0.0
1989-10-04,9510,3602.71,0.0,6452.71,67.85,24.22,0.0
1989-10-05,9510,3615.63,0.0,6465.63,67.99,24.97,0.0
1989-10-06,9510,3619.94,0.0,6469.94,68.03,27.15,0.0
1989-10-07,9510,3630.72,0.0,6480.72,68.15,23.27,0.0
1989-10-08,9510,3647.98,0.0,6497.98,68.33,20.87,0.0
1989-10-09,9510,3656.62,0.0,6506.62,68.42,18.48,0.0
1989-10-10,9510,3663.11,0.0,6513.11,68.49,18.81,0.0
1989-10-11,9510,3665.27,0.0,6515.27,68.51,17.58,0.0
1989-10-12,9510,3669.6,0.0,6519.6,68.56,11.13,0.0
1989-10-13,9510,3676.09,0.0,6526.09,68.62,13.62,0.0
1989-10-14,9510,3686.91,0.0,6536.91,68.74,17.02,0.0
1989-10-15,9510,3704.25,0.0,6554.25,68.92,17.67,0.0
1989-10-16,9510,3719.44,0.0,6569.44,69.08,18.55,0.0
1989-10-17,9510,3732.47,0.0,6582.47,69.22,19.19,0.0
1989-10-18,9510,3745.51,0.0,6595.51,69.35,16.91,0.0
1989-10-19,9510,3752.04,0.0,6602.04,69.42,16.06,0.0
1989-10-20,9510,3767.28,0.0,6617.28,69.58,8.47,0.0
1989-10-21,9510,3776.0,0.0,6626.0,69.67,17.26,0.0
1989-10-22,9510,3784.72,0.0,6634.72,69.77,9.91,0.0
1989-10-23,9510,3793.45,0.0,6643.45,69.86,9.77,0.0
1989-10-24,9510,3800.0,0.0,6650.0,69.93,9.43,0.0
1989-10-25,9510,3813.1,0.0,6663.1,70.06,9.25,0.0
1989-10-26,9510,3817.47,0.0,6667.47,70.11,16.58,0.0
1989-10-27,9510,3815.29,0.0,6665.29,70.09,7.71,0.0
1989-10-28,9510,3806.55,0.0,6656.55,70.0,8.47,0.0
1989-10-29,9510,3800.0,0.0,6650.0,69.93,13.45,0.0
1989-10-30,9510,3791.26,0.0,6641.26,69.83,11.76,0.0
1989-10-31,9510,3789.08,0.0,6639.08,69.81,1.55,0.0
1989-11-01,9510,3786.9,0.0,6636.9,69.79,7.23,0.0
1989-11-02,9510,3782.54,0.0,6632.54,69.74,7.0,0.0
1989-11-03,9510,3776.0,0.0,6626.0,69.67,5.83,0.0
1989-11-04,9510,3773.82,0.0,6623.82,69.65,3.54,0.0
1989-11-05,9510,3776.0,0.0,6626.0,69.67,6.26,0.0
1989-11-06,9510,3767.28,0.0,6617.28,69.58,7.43,0.0
1989-11-07,9510,3762.92,0.0,6612.92,69.54,8.49,0.0
1989-11-08,9510,3754.21,0.0,6604.21,69.44,9.86,0.0
1989-11-09,9510,3754.21,0.0,6604.21,69.44,4.79,0.0
1989-11-10,9510,3745.51,0.0,6595.51,69.35,14.84,0.0
1989-11-11,9510,3736.81,0.0,6586.81,69.26,5.5,0.0
1989-11-12,9510,3736.81,0.0,6586.81,69.26,5.84,0.0
1989-11-13,9510,3723.78,0.0,6573.78,69.12,4.99,0.0
1989-11-14,9510,3715.09,0.0,6565.09,69.03,3.75,0.0
1989-11-15,9510,3704.25,0.0,6554.25,68.92,9.53,0.0
1989-11-16,9510,3699.91,0.0,6549.91,68.87,2.99,0.0
1989-11-17,9510,3689.08,0.0,6539.08,68.76,8.9,0.0
1989-11-18,9510,3680.41,0.0,6530.41,68.67,2.98,0.0
1989-11-19,9510,3673.92,0.0,6523.92,68.6,4.88,0.0
1989-11-20,9510,3665.27,0.0,6515.27,68.51,0.66,0.0
1989-11-21,9510,3654.46,0.0,6504.46,68.4,5.23,0.0
1989-11-22,9510,3645.82,0.0,6495.82,68.31,2.63,0.0
1989-11-23,9510,3635.03,0.0,6485.03,68.19,3.7,0.0
1989-11-24,9510,3639.35,0.0,6489.35,68.24,2.88,0.0
1989-11-25,9510,3630.72,0.0,6480.72,68.15,18.12,0.0
1989-11-26,9510,3626.4,0.0,6476.4,68.1,5.16,0.0
1989-11-27,9510,3615.63,0.0,6465.63,67.99,1.05,0.0
1989-11-28,9510,3607.01,0.0,6457.01,67.9,1.71,0.0
1989-11-29,9510,3604.86,0.0,6454.86,67.87,3.22,0.0
1989-11-30,9510,3598.4,0.0,6448.4,67.81,8.17,0.0
1989-12-01,9510,3591.95,0.0,6441.95,67.74,3.78,0.0
1989-12-02,9510,3583.35,0.0,6433.35,67.65,3.69,0.0
1989-12-03,9510,3579.05,0.0,6429.05,67.6,1.15,0.0
1989-12-04,9510,3570.46,0.0,6420.46,67.51,1.04,0.0
1989-12-05,9510,3570.46,0.0,6420.46,67.51,5.36,0.0
1989-12-06,9510,3568.32,0.0,6418.32,67.49,3.31,0.0
1989-12-07,9510,3566.17,0.0,6416.17,67.47,6.57,0.0
1989-12-08,9510,3564.02,0.0,6414.02,67.45,3.05,0.0
1989-12-09,9510,3561.88,0.0,6411.88,67.42,0.35,0.0
1989-12-10,9510,3561.88,0.0,6411.88,67.42,0.88,0.0
1989-12-11,9510,3561.88,0.0,6411.88,67.42,2.12,0.0
1989-12-12,9510,3568.32,0.0,6418.32,67.49,2.84,0.0
1989-12-13,9510,3566.17,0.0,6416.17,67.47,8.82,0.0
1989-12-14,9510,3568.32,0.0,6418.32,67.49,0.41,0.0
1989-12-15,9510,3566.17,0.0,6416.17,67.47,4.91,0.0
1989-12-16,9510,3566.17,0.0,6416.17,67.47,0.28,0.0
1989-12-17,9510,3566.17,0.0,6416.17,67.47,2.15,0.0
1989-12-18,9510,3566.17,0.0,6416.17,67.47,2.67,0.0
1989-12-19,9510,3566.17,0.0,6416.17,67.47,1.28,0.0
1989-12-20,9510,3564.02,0.0,6414.02,67.45,1.84,0.0
1989-12-21,9510,3568.32,0.0,6418.32,67.49,2.1,0.0
1989-12-22,9510,3566.17,0.0,6416.17,67.47,10.62,0.0
1989-12-23,9510,3566.17,0.0,6416.17,67.47,0.7,0.0
1989-12-24,9510,3566.17,0.0,6416.17,67.47,1.17,0.0
1989-12-25,9510,3568.32,0.0,6418.32,67.49,0.69,0.0
1989-12-26,9510,3566.17,0.0,6416.17,67.47,4.6,0.0
1989-12-27,9510,3561.88,0.0,6411.88,67.42,2.85,0.0
1989-12-28,9510,3564.02,0.0,6414.02,67.45,0.72,0.0
1989-12-29,9510,3566.17,0.0,6416.17,67.47,7.47,0.0
1989-12-30,9510,3566.17,0.0,6416.17,67.47,5.66,0.0
1989-12-31,9510,3564.02,0.0,6414.02,67.45,3.56,0.0
1990-01-01,9510,3568.32,0.0,6418.32,67.49,6.31,0.0
1990-01-02,9510,3568.32,0.0,6418.32,67.49,0.76,0.0
1990-01-03,9510,3561.88,0.0,6411.88,67.42,4.65,0.0
1990-01-04,9510,3553.3,0.0,6403.3,67.33,1.05,0.0
1990-01-05,9510,3540.44,0.0,6390.44,67.2,1.15,0.0
1990-01-06,9510,3536.16,0.0,6386.16,67.15,5.0,0.0
1990-01-07,9510,3536.16,0.0,6386.16,67.15,2.19,0.0
1990-01-08,9510,3525.45,0.0,6375.45,67.04,6.31,0.0
1990-01-09,9510,3514.76,0.0,6364.76,66.93,2.03,0.0
1990-01-10,9510,3510.48,0.0,6360.48,66.88,7.99,0.0
1990-01-11,9510,3499.8,0.0,6349.8,66.77,2.74,0.0
1990-01-12,9510,3486.99,0.0,6336.99,66.64,1.83,0.0
1990-01-13,9510,3478.46,0.0,6328.46,66.55,1.09,0.0
1990-01-14,9510,3478.46,0.0,6328.46,66.55,1.6,0.0
1990-01-15,9510,3469.94,0.0,6319.94,66.46,1.94,0.0
1990-01-16,9510,3459.29,0.0,6309.29,66.34,0.81,0.0
1990-01-17,9510,3450.78,0.0,6300.78,66.25,0.93,0.0
1990-01-18,9510,3444.39,0.0,6294.39,66.19,1.27,0.0
1990-01-19,9510,3438.02,0.0,6288.02,66.12,1.42,0.0
1990-01-20,9510,3431.64,0.0,6281.64,66.05,0.84,0.0
1990-01-21,9510,3431.64,0.0,6281.64,66.05,1.7,0.0
1990-01-22,9510,3433.77,0.0,6283.77,66.08,10.96,0.0
1990-01-23,9510,3425.27,0.0,6275.27,65.99,1.72,0.0
1990-01-24,9510,3416.78,0.0,6266.78,65.9,0.75,0.0
1990-01-25,9510,3410.42,0.0,6260.42,65.83,3.15,0.0
1990-01-26,9510,3401.94,0.0,6251.94,65.74,2.57,0.0
1990-01-27,9510,3397.7,0.0,6247.7,65.7,1.8,0.0
1990-01-28,9510,3393.46,0.0,6243.46,65.65,1.76,0.0
1990-01-29,9510,3382.88,0.0,6232.88,65.54,1.4,0.0
1990-01-30,9510,3370.19,0.0,6220.19,65.41,3.42,0.0
1990-01-31,9510,3357.51,0.0,6207.51,65.27,2.83,0.0
1990-02-01,9510,3344.84,0.0,6194.84,65.14,4.9,0.0
1990-02-02,9510,3334.3,0.0,6184.3,65.03,3.16,0.0
1990-02-03,9510,3323.76,0.0,6173.76,64.92,1.28,0.0
1990-02-04,9510,3321.66,0.0,6171.66,64.9,4.56,0.0
1990-02-05,9510,3311.13,0.0,6161.13,64.79,3.47,0.0
1990-02-06,9510,3298.51,0.0,6148.51,64.65,3.85,0.0
1990-02-07,9510,3283.81,0.0,6133.81,64.5,1.92,0.0
1990-02-08,9510,3269.12,0.0,6119.12,64.34,1.47,0.0
1990-02-09,9510,3260.74,0.0,6110.74,64.26,1.78,0.0
1990-02-10,9510,3250.26,0.0,6100.26,64.15,3.89,0.0
1990-02-11,9510,3243.98,0.0,6093.98,64.08,3.79,0.0
1990-02-12,9510,3229.34,0.0,6079.34,63.93,2.62,0.0
1990-02-13,9510,3214.72,0.0,6064.72,63.77,0.76,0.0
1990-02-14,9510,3200.12,0.0,6050.12,63.62,1.88,0.0
1990-02-15,9510,3183.45,0.0,6033.45,63.44,1.19,0.0
1990-02-16,9510,3166.8,0.0,6016.8,63.27,2.1,0.0
1990-02-17,9510,3154.33,0.0,6004.33,63.14,2.83,0.0
1990-02-18,9510,3148.1,0.0,5998.1,63.07,3.51,0.0
1990-02-19,9510,3131.5,0.0,5981.5,62.9,2.36,0.0
1990-02-20,9510,3114.93,0.0,5964.93,62.72,1.66,0.0
1990-02-21,9510,3100.45,0.0,5950.45,62.57,2.33,0.0
1990-02-22,9510,3079.79,0.0,5929.79,62.35,2.49,0.0
1990-02-23,9510,3059.16,0.0,5909.16,62.14,0.95,0.0
1990-02-24,9510,3044.75,0.0,5894.75,61.98,3.2,0.0
1990-02-25,9510,3036.52,0.0,5886.52,61.9,2.51,0.0
1990-02-26,9510,3015.98,0.0,5865.98,61.68,1.96,0.0
1990-02-27,9510,2997.52,0.0,5847.52,61.49,6.32,0.0
1990-02-28,9510,2981.13,0.0,5831.13,61.32,7.65,0.0
1990-03-01,9510,2956.6,0.0,5806.6,61.06,7.65,0.0
1990-03-02,9510,2934.16,0.0,5784.16,60.82,0.0,0.0
1990-03-03,9510,2915.83,0.0,5765.83,60.63,2.44,0.0
1990-03-04,9510,2899.57,0.0,5749.57,60.46,1.48,0.0
1990-03-05,9510,2879.27,0.0,5729.27,60.24,2.56,0.0
1990-03-06,9510,2852.94,0.0,5702.94,59.97,2.89,0.0
1990-03-07,9510,2828.69,0.0,5678.69,59.71,0.05,0.0
1990-03-08,9510,2804.5,0.0,5654.5,59.46,1.04,0.0
1990-03-09,9510,2778.35,0.0,5628.35,59.18,1.75,0.0
1990-03-10,9510,2754.26,0.0,5604.26,58.93,0.0,0.0
1990-03-11,9510,2740.24,0.0,5590.24,58.78,1.88,0.0
1990-03-12,9510,2716.25,0.0,5566.25,58.53,1.84,0.0
1990-03-13,9510,2688.32,0.0,5538.32,58.24,1.72,0.0
1990-03-14,9510,2662.46,0.0,5512.46,57.96,0.32,0.0
1990-03-15,9510,2640.62,0.0,5490.62,57.74,1.75,0.0
1990-03-16,9510,2616.86,0.0,5466.86,57.49,3.74,0.0
1990-03-17,9510,2597.1,0.0,5447.1,57.28,2.28,0.0
1990-03-18,9510,2583.29,0.0,5433.29,57.13,5.41,0.0
1990-03-19,9510,2557.69,0.0,5407.69,56.86,3.13,0.0
1990-03-20,9510,2536.08,0.0,5386.08,56.64,0.06,0.0
1990-03-21,9510,2512.57,0.0,5362.57,56.39,4.67,0.0
1990-03-22,9510,2489.11,0.0,5339.11,56.14,2.03,0.0
1990-03-23,9510,2465.7,0.0,5315.7,55.9,2.29,0.0
1990-03-24,9510,2444.3,0.0,5294.3,55.67,3.08,0.0
1990-03-25,9510,2430.7,0.0,5280.7,55.53,4.87,0.0
1990-03-26,9510,2409.38,0.0,5259.38,55.3,1.48,0.0
1990-03-27,9510,2384.24,0.0,5234.24,55.04,3.75,0.0
1990-03-28,9510,2359.16,0.0,5209.16,54.78,0.41,0.0
1990-03-29,9510,2334.16,0.0,5184.16,54.51,1.39,0.0
1990-03-30,9510,2307.31,0.0,5157.31,54.23,1.07,0.0
1990-03-31,9510,2280.53,0.0,5130.53,53.95,0.0,0.0
1990-04-01,9510,2265.27,0.0,5115.27,53.79,0.0,0.0
1990-04-02,9510,2240.52,0.0,5090.52,53.53,1.42,0.0
1990-04-03,9510,2215.85,0.0,5065.85,53.27,0.04,0.0
1990-04-04,9510,2191.24,0.0,5041.24,53.01,1.4,0.0
1990-04-05,9510,2166.7,0.0,5016.7,52.75,1.35,0.0
1990-04-06,9510,2142.23,0.0,4992.23,52.49,2.35,0.0
1990-04-07,9510,2121.58,0.0,4971.58,52.28,2.11,0.0
1990-04-08,9510,2110.34,0.0,4960.34,52.16,5.92,0.0
1990-04-09,9510,2087.9,0.0,4937.9,51.92,4.08,0.0
1990-04-10,9510,2063.66,0.0,4913.66,51.67,1.85,0.0
1990-04-11,9510,2043.21,0.0,4893.21,51.45,0.28,0.0
1990-04-12,9510,2024.66,0.0,4874.66,51.26,1.68,0.0
1990-04-13,9510,2011.7,0.0,4861.7,51.12,1.86,0.0
1990-04-14,9510,1995.06,0.0,4845.06,50.95,1.67,0.0
1990-04-15,9510,1972.94,0.0,4822.94,50.71,1.59,0.0
1990-04-16,9510,1947.21,0.0,4797.21,50.44,0.0,0.0
1990-04-17,9510,1921.56,0.0,4771.56,50.17,0.0,0.0
1990-04-18,9510,1896.0,0.0,4746.0,49.91,0.0,0.0
1990-04-19,9510,1868.7,0.0,4718.7,49.62,0.0,0.0
1990-04-20,9510,1846.94,0.0,4696.94,49.39,0.0,0.0
1990-04-21,9510,1823.43,0.0,4673.43,49.14,2.69,0.0
1990-04-22,9510,1810.8,0.0,4660.8,49.01,0.34,0.0
1990-04-23,9510,1791.0,0.0,4641.0,48.8,3.98,0.0
1990-04-24,9510,1767.67,0.0,4617.67,48.56,1.86,0.0
1990-04-25,9510,1740.85,0.0,4590.85,48.27,1.88,0.0
1990-04-26,9510,1721.24,0.0,4571.24,48.07,0.12,0.0
1990-04-27,9510,1701.68,0.0,4551.68,47.86,0.77,0.0
1990-04-28,9510,1683.95,0.0,4533.95,47.68,2.12,0.0
1990-04-29,9510,1675.11,0.0,4525.11,47.58,1.3,0.0
1990-04-30,9510,1657.44,0.0,4507.44,47.4,4.96,0.0
1990-05-01,9510,1652.16,0.0,4502.16,47.34,0.98,0.0
1990-05-02,9510,1632.8,0.0,4482.8,47.14,2.91,0.0
1990-05-03,9510,1608.23,0.0,4458.23,46.88,2.27,0.0
1990-05-04,9510,1582.02,0.0,4432.02,46.6,1.72,0.0
1990-05-05,9510,1568.08,0.0,4418.08,46.46,0.36,0.0
1990-05-06,9510,1561.12,0.0,4411.12,46.38,2.95,0.0
1990-05-07,9510,1552.44,0.0,4402.44,46.29,4.68,0.0
1990-05-08,9510,1543.76,0.0,4393.76,46.2,11.28,0.0
1990-05-09,9510,1526.44,0.0,4376.44,46.02,7.99,0.0
1990-05-10,9510,1512.62,0.0,4362.62,45.87,0.62,0.0
1990-05-11,9510,1498.83,0.0,4348.83,45.73,4.63,0.0
1990-05-12,9510,1481.64,0.0,4331.64,45.55,3.86,0.0
1990-05-13,9510,1474.77,0.0,4324.77,45.48,2.9,0.0
1990-05-14,9510,1462.78,0.0,4312.78,45.35,1.84,0.0
1990-05-15,9510,1447.39,0.0,4297.39,45.19,3.74,0.0
1990-05-16,9510,1435.44,0.0,4285.44,45.06,1.61,0.0
1990-05-17,9510,1426.93,0.0,4276.93,44.97,2.29,0.0
1990-05-18,9510,1416.72,0.0,4266.72,44.87,9.74,0.0
1990-05-19,9510,1415.03,0.0,4265.03,44.85,5.06,0.0
1990-05-20,9510,1420.12,0.0,4270.12,44.9,14.46,0.0
1990-05-21,9510,1408.23,0.0,4258.23,44.78,12.65,0.0
1990-05-22,9510,1408.23,0.0,4258.23,44.78,4.82,0.0
1990-05-23,9510,1416.72,0.0,4266.72,44.87,16.68,0.0
1990-05-24,9510,1416.72,0.0,4266.72,44.87,20.76,0.0
1990-05-25,9510,1413.33,0.0,4263.33,44.83,15.17,0.0
1990-05-26,9510,1413.33,0.0,4263.33,44.83,10.12,0.0
1990-05-27,9510,1416.72,0.0,4266.72,44.87,14.08,0.0
1990-05-28,9510,1411.63,0.0,4261.63,44.81,4.53,0.0
1990-05-29,9510,1404.84,0.0,4254.84,44.74,17.3,0.0
1990-05-30,9510,1392.98,0.0,4242.98,44.62,15.42,0.0
1990-05-31,9510,1387.91,0.0,4237.91,44.56,11.8,0.0
1990-06-01,9510,1386.22,0.0,4236.22,44.54,11.68,0.0
1990-06-02,9510,1387.91,0.0,4237.91,44.56,13.8,0.0
1990-06-03,9510,1389.6,0.0,4239.6,44.58,13.0,0.0
1990-06-04,9510,1392.98,0.0,4242.98,44.62,2.4,0.0
1990-06-05,9510,1384.53,0.0,4234.53,44.53,16.71,0.0
1990-06-06,9510,1377.77,0.0,4227.77,44.46,7.23,0.0
1990-06-07,9510,1360.91,0.0,4210.91,44.28,13.33,0.0
1990-06-08,9510,1355.86,0.0,4205.86,44.23,2.56,0.0
1990-06-09,9510,1372.71,0.0,4222.71,44.4,3.45,0.0
1990-06-10,9510,1389.6,0.0,4239.6,44.58,17.91,0.0
1990-06-11,9510,1425.23,0.0,4275.23,44.96,17.6,0.0
1990-06-12,9510,1445.68,0.0,4295.68,45.17,39.29,0.0
1990-06-13,9510,1452.51,0.0,4302.51,45.24,31.78,0.0
1990-06-14,9510,1452.51,0.0,4302.51,45.24,23.4,0.0
1990-06-15,9510,1449.1,0.0,4299.1,45.21,18.51,0.0
1990-06-16,9510,1440.56,0.0,4290.56,45.12,15.23,0.0
1990-06-17,9510,1442.27,0.0,4292.27,45.13,4.49,0.0
1990-06-18,9510,1438.85,0.0,4288.85,45.1,3.28,0.0
1990-06-19,9510,1426.93,0.0,4276.93,44.97,13.48,0.0
1990-06-20,9510,1416.72,0.0,4266.72,44.87,5.99,0.0
1990-06-21,9510,1406.54,0.0,4256.54,44.76,4.49,0.0
1990-06-22,9510,1396.37,0.0,4246.37,44.65,5.19,0.0
1990-06-23,9510,1386.22,0.0,4236.22,44.54,7.3,0.0
1990-06-24,9510,1389.6,0.0,4239.6,44.58,5.85,0.0
1990-06-25,9510,1377.77,0.0,4227.77,44.46,9.29,0.0
1990-06-26,9510,1367.65,0.0,4217.65,44.35,6.04,0.0
1990-06-27,9510,1365.96,0.0,4215.96,44.33,8.74,0.0
1990-06-28,9510,1364.28,0.0,4214.28,44.31,11.21,0.0
1990-06-29,9510,1362.59,0.0,4212.59,44.3,11.48,0.0
1990-06-30,9510,1352.5,0.0,4202.5,44.19,16.04,0.0
1990-07-01,9510,1354.18,0.0,4204.18,44.21,11.62,0.0
1990-07-02,9510,1350.82,0.0,4200.82,44.17,8.99,0.0
1990-07-03,9510,1345.78,0.0,4195.78,44.12,12.02,0.0
1990-07-04,9510,1339.07,0.0,4189.07,44.05,9.13,0.0
1990-07-05,9510,1342.42,0.0,4192.42,44.08,11.02,0.0
1990-07-06,9510,1352.5,0.0,4202.5,44.19,15.76,0.0
1990-07-07,9510,1387.91,0.0,4237.91,44.56,22.82,0.0
1990-07-08,9510,1421.82,0.0,4271.82,44.92,37.11,0.0
1990-07-09,9510,1443.97,0.0,4293.97,45.15,35.66,0.0
1990-07-10,9510,1454.22,0.0,4304.22,45.26,26.13,0.0
1990-07-11,9510,1454.22,0.0,4304.22,45.26,23.42,0.0
1990-07-12,9510,1447.39,0.0,4297.39,45.19,15.9,0.0
1990-07-13,9510,1447.39,0.0,4297.39,45.19,6.53,0.0
1990-07-14,9510,1449.1,0.0,4299.1,45.21,12.22,0.0
1990-07-15,9510,1454.22,0.0,4304.22,45.26,12.45,0.0
1990-07-16,9510,1447.39,0.0,4297.39,45.19,11.47,0.0
1990-07-17,9510,1437.15,0.0,4287.15,45.08,5.74,0.0
1990-07-18,9510,1430.33,0.0,4280.33,45.01,5.16,0.0
1990-07-19,9510,1418.42,0.0,4268.42,44.88,11.32,0.0
1990-07-20,9510,1409.93,0.0,4259.93,44.79,5.3,0.0
1990-07-21,9510,1413.33,0.0,4263.33,44.83,7.99,0.0
1990-07-22,9510,1420.12,0.0,4270.12,44.9,15.73,0.0
1990-07-23,9510,1437.15,0.0,4287.15,45.08,10.9,0.0
1990-07-24,9510,1457.64,0.0,4307.64,45.3,31.8,0.0
1990-07-25,9510,1497.11,0.0,4347.11,45.71,42.1,0.0
1990-07-26,9510,1524.71,0.0,4374.71,46.0,61.19,0.0
1990-07-27,9510,1536.83,0.0,4386.83,46.13,50.1,0.0
1990-07-28,9510,1545.49,0.0,4395.49,46.22,36.93,0.0
1990-07-29,9510,1568.08,0.0,4418.08,46.46,31.58,0.0
1990-07-30,9510,1592.49,0.0,4442.49,46.71,30.93,0.0
1990-07-31,9510,1653.92,0.0,4503.92,47.36,43.0,0.0
1990-08-01,9510,1714.12,0.0,4564.12,47.99,80.13,0.0
1990-08-02,9510,1762.3,0.0,4612.3,48.5,79.02,0.0
1990-08-03,9510,1792.8,0.0,4642.8,48.82,70.84,0.0
1990-08-04,9510,1814.41,0.0,4664.41,49.05,50.95,0.0
1990-08-05,9510,1848.75,0.0,4698.75,49.41,41.5,0.0
1990-08-06,9510,1865.07,0.0,4715.07,49.58,37.57,0.0
1990-08-07,9510,1875.97,0.0,4725.97,49.69,34.88,0.0
1990-08-08,9510,1881.43,0.0,4731.43,49.75,28.43,0.0
1990-08-09,9510,1897.82,0.0,4747.82,49.92,22.12,0.0
1990-08-10,9510,1914.25,0.0,4764.25,50.1,26.16,0.0
1990-08-11,9510,1943.54,0.0,4793.54,50.41,26.59,0.0
1990-08-12,9510,1972.94,0.0,4822.94,50.71,36.69,0.0
1990-08-13,9510,2004.3,0.0,4854.3,51.04,32.83,0.0
1990-08-14,9510,2020.95,0.0,4870.95,51.22,42.06,0.0
1990-08-15,9510,2026.51,0.0,4876.51,51.28,29.75,0.0
1990-08-16,9510,2039.5,0.0,4889.5,51.41,21.18,0.0
1990-08-17,9510,2043.21,0.0,4893.21,51.45,28.1,0.0
1990-08-18,9510,2046.92,0.0,4896.92,51.49,18.59,0.0
1990-08-19,9510,2059.94,0.0,4909.94,51.63,20.62,0.0
1990-08-20,9510,2065.53,0.0,4915.53,51.69,16.96,0.0
1990-08-21,9510,2071.12,0.0,4921.12,51.75,14.78,0.0
1990-08-22,9510,2071.12,0.0,4921.12,51.75,16.65,0.0
1990-08-23,9510,2069.25,0.0,4919.25,51.73,12.5,0.0
1990-08-24,9510,2058.08,0.0,4908.08,51.61,15.02,0.0
1990-08-25,9510,2048.78,0.0,4898.78,51.51,9.87,0.0
1990-08-26,9510,2058.08,0.0,4908.08,51.61,6.45,0.0
1990-08-27,9510,2052.5,0.0,4902.5,51.55,13.51,0.0
1990-08-28,9510,2048.78,0.0,4898.78,51.51,15.68,0.0
1990-08-29,9510,2056.22,0.0,4906.22,51.59,10.78,0.0
1990-08-30,9510,2078.57,0.0,4928.57,51.83,21.52,0.0
1990-08-31,9510,2108.47,0.0,4958.47,52.14,35.18,0.0
1990-09-01,9510,2123.46,0.0,4973.46,52.3,47.22,0.0
1990-09-02,9510,2140.35,0.0,4990.35,52.47,39.37,0.0
1990-09-03,9510,2153.52,0.0,5003.52,52.61,33.69,0.0
1990-09-04,9510,2196.91,0.0,5046.91,53.07,30.53,0.0
1990-09-05,9510,2223.43,0.0,5073.43,53.35,53.61,0.0
1990-09-06,9510,2236.72,0.0,5086.72,53.49,40.13,0.0
1990-09-07,9510,2250.03,0.0,5100.03,53.63,37.51,0.0
1990-09-08,9510,2251.94,0.0,5101.94,53.65,34.95,0.0
1990-09-09,9510,2267.18,0.0,5117.18,53.81,13.54,0.0
1990-09-10,9510,2290.09,0.0,5140.09,54.05,23.41,0.0
1990-09-11,9510,2297.74,0.0,5147.74,54.13,44.54,0.0
1990-09-12,9510,2305.39,0.0,5155.39,54.21,28.37,0.0
1990-09-13,9510,2316.89,0.0,5166.89,54.33,27.51,0.0
1990-09-14,9510,2338.0,0.0,5188.0,54.55,32.46,0.0
1990-09-15,9510,2359.16,0.0,5209.16,54.78,41.35,0.0
1990-09-16,9510,2403.57,0.0,5253.57,55.24,34.48,0.0
1990-09-17,9510,2422.94,0.0,5272.94,55.45,47.82,0.0
1990-09-18,9510,2442.35,0.0,5292.35,55.65,38.29,0.0
1990-09-19,9510,2455.97,0.0,5305.97,55.79,36.52,0.0
1990-09-20,9510,2461.81,0.0,5311.81,55.85,30.42,0.0
1990-09-21,9510,2469.6,0.0,5319.6,55.94,20.76,0.0
1990-09-22,9510,2481.3,0.0,5331.3,56.06,22.68,0.0
1990-09-23,9510,2493.01,0.0,5343.01,56.18,23.02,0.0
1990-09-24,9510,2502.78,0.0,5352.78,56.29,14.38,0.0
1990-09-25,9510,2514.52,0.0,5364.52,56.41,25.24,0.0
1990-09-26,9510,2522.36,0.0,5372.36,56.49,23.26,0.0
1990-09-27,9510,2528.24,0.0,5378.24,56.55,20.7,0.0
1990-09-28,9510,2528.24,0.0,5378.24,56.55,20.8,0.0
1990-09-29,9510,2534.12,0.0,5384.12,56.62,14.97,0.0
1990-09-30,9510,2543.94,0.0,5393.94,56.72,16.12,0.0
1990-10-01,9510,2545.9,0.0,5395.9,56.74,15.19,0.0
1990-10-02,9510,2549.83,0.0,5399.83,56.78,18.68,0.0
1990-10-03,9510,2545.9,0.0,5395.9,56.74,18.66,0.0
1990-10-04,9510,2553.76,0.0,5403.76,56.82,12.08,0.0
1990-10-05,9510,2561.62,0.0,5411.62,56.9,14.11,0.0
1990-10-06,9510,2567.53,0.0,5417.53,56.97,11.24,0.0
1990-10-07,9510,2581.32,0.0,5431.32,57.11,11.13,0.0
1990-10-08,9510,2591.18,0.0,5441.18,57.22,14.41,0.0
1990-10-09,9510,2597.1,0.0,5447.1,57.28,19.59,0.0
1990-10-10,9510,2603.02,0.0,5453.02,57.34,14.53,0.0
1990-10-11,9510,2605.0,0.0,5455.0,57.36,17.66,0.0
1990-10-12,9510,2603.02,0.0,5453.02,57.34,15.59,0.0
1990-10-13,9510,2603.02,0.0,5453.02,57.34,18.77,0.0
1990-10-14,9510,2610.93,0.0,5460.93,57.42,8.48,0.0
1990-10-15,9510,2618.84,0.0,5468.84,57.51,10.68,0.0
1990-10-16,9510,2616.86,0.0,5466.86,57.49,14.64,0.0
1990-10-17,9510,2614.88,0.0,5464.88,57.46,7.86,0.0
1990-10-18,9510,2608.95,0.0,5458.95,57.4,12.13,0.0
1990-10-19,9510,2601.05,0.0,5451.05,57.32,10.44,0.0
1990-10-20,9510,2593.15,0.0,5443.15,57.24,8.46,0.0
1990-10-21,9510,2597.1,0.0,5447.1,57.28,7.92,0.0
1990-10-22,9510,2599.07,0.0,5449.07,57.3,9.41,0.0
1990-10-23,9510,2603.02,0.0,5453.02,57.34,14.51,0.0
1990-10-24,9510,2599.07,0.0,5449.07,57.3,6.46,0.0
1990-10-25,9510,2593.15,0.0,5443.15,57.24,12.27,0.0
1990-10-26,9510,2599.07,0.0,5449.07,57.3,6.78,0.0
1990-10-27,9510,2599.07,0.0,5449.07,57.3,21.02,0.0
1990-10-28,9510,2605.0,0.0,5455.0,57.36,14.73,0.0
1990-10-29,9510,2612.9,0.0,5462.9,57.44,8.39,0.0
1990-10-30,9510,2606.97,0.0,5456.97,57.38,19.89,0.0
1990-10-31,9510,2599.07,0.0,5449.07,57.3,9.28,0.0
1990-11-01,9510,2597.1,0.0,5447.1,57.28,5.7,0.0
1990-11-02,9510,2593.15,0.0,5443.15,57.24,12.85,0.0
1990-11-03,9510,2591.18,0.0,5441.18,57.22,6.81,0.0
1990-11-04,9510,2593.15,0.0,5443.15,57.24,5.65,0.0
1990-11-05,9510,2595.12,0.0,5445.12,57.26,4.42,0.0
1990-11-06,9510,2589.2,0.0,5439.2,57.19,17.21,0.0
1990-11-07,9510,2581.32,0.0,5431.32,57.11,8.7,0.0
1990-11-08,9510,2571.47,0.0,5421.47,57.01,9.07,0.0
1990-11-09,9510,2565.56,0.0,5415.56,56.95,6.42,0.0
1990-11-10,9510,2561.62,0.0,5411.62,56.9,8.59,0.0
1990-11-11,9510,2569.5,0.0,5419.5,56.99,1.34,0.0
1990-11-12,9510,2585.26,0.0,5435.26,57.15,8.53,0.0
1990-11-13,9510,2581.32,0.0,5431.32,57.11,22.97,0.0
1990-11-14,9510,2577.37,0.0,5427.37,57.07,5.21,0.0
1990-11-15,9510,2573.43,0.0,5423.43,57.03,5.3,0.0
1990-11-16,9510,2569.5,0.0,5419.5,56.99,6.95,0.0
1990-11-17,9510,2571.47,0.0,5421.47,57.01,3.67,0.0
1990-11-18,9510,2575.4,0.0,5425.4,57.05,4.57,0.0
1990-11-19,9510,2575.4,0.0,5425.4,57.05,6.59,0.0
1990-11-20,9510,2569.5,0.0,5419.5,56.99,8.56,0.0
1990-11-21,9510,2561.62,0.0,5411.62,56.9,13.81,0.0
1990-11-22,9510,2545.9,0.0,5395.9,56.74,8.91,0.0
1990-11-23,9510,2532.16,0.0,5382.16,56.59,3.09,0.0
1990-11-24,9510,2518.44,0.0,5368.44,56.45,3.32,0.0
1990-11-25,9510,2518.44,0.0,5368.44,56.45,2.34,0.0
1990-11-26,9510,2510.61,0.0,5360.61,56.37,3.28,0.0
1990-11-27,9510,2498.87,0.0,5348.87,56.24,8.94,0.0
1990-11-28,9510,2491.06,0.0,5341.06,56.16,3.74,0.0
1990-11-29,9510,2475.45,0.0,5325.45,56.0,8.59,0.0
1990-11-30,9510,2469.6,0.0,5319.6,55.94,0.39,0.0
1990-12-01,9510,2457.91,0.0,5307.91,55.81,10.01,0.0
1990-12-02,9510,2455.97,0.0,5305.97,55.79,1.32,0.0
1990-12-03,9510,2452.07,0.0,5302.07,55.75,1.46,0.0
1990-12-04,9510,2454.02,0.0,5304.02,55.77,2.7,0.0
1990-12-05,9510,2454.02,0.0,5304.02,55.77,6.31,0.0
1990-12-06,9510,2454.02,0.0,5304.02,55.77,1.27,0.0
1990-12-07,9510,2454.02,0.0,5304.02,55.77,4.31,0.0
1990-12-08,9510,2452.07,0.0,5302.07,55.75,4.41,0.0
1990-12-09,9510,2454.02,0.0,5304.02,55.77,1.56,0.0
1990-12-10,9510,2455.97,0.0,5305.97,55.79,4.62,0.0
1990-12-11,9510,2450.13,0.0,5300.13,55.73,5.42,0.0
1990-12-12,9510,2444.3,0.0,5294.3,55.67,2.75,0.0
1990-12-13,9510,2438.47,0.0,5288.47,55.61,4.73,0.0
1990-12-14,9510,2426.82,0.0,5276.82,55.49,6.92,0.0
1990-12-15,9510,2422.94,0.0,5272.94,55.45,1.79,0.0
1990-12-16,9510,2421.0,0.0,5271.0,55.43,2.75,0.0
1990-12-17,9510,2417.13,0.0,5267.13,55.39,1.37,0.0
1990-12-18,9510,2409.38,0.0,5259.38,55.3,4.69,0.0
1990-12-19,9510,2403.57,0.0,5253.57,55.24,4.0,0.0
1990-12-20,9510,2397.76,0.0,5247.76,55.18,2.85,0.0
1990-12-21,9510,2391.96,0.0,5241.96,55.12,1.74,0.0
1990-12-22,9510,2390.03,0.0,5240.03,55.1,1.01,0.0
1990-12-23,9510,2390.03,0.0,5240.03,55.1,3.25,0.0
1990-12-24,9510,2386.17,0.0,5236.17,55.06,4.63,0.0
1990-12-25,9510,2384.24,0.0,5234.24,55.04,1.6,0.0
1990-12-26,9510,2382.3,0.0,5232.3,55.02,2.97,0.0
1990-12-27,9510,2378.44,0.0,5228.44,54.98,3.69,0.0
1990-12-28,9510,2378.44,0.0,5228.44,54.98,2.17,0.0
1990-12-29,9510,2378.44,0.0,5228.44,54.98,3.37,0.0
1990-12-30,9510,2378.44,0.0,5228.44,54.98,5.49,0.0
1990-12-31,9510,2378.44,0.0,5228.44,54.98,1.4,0.0
1991-01-01,9510,2380.37,0.0,5230.37,55.0,3.46,0.0
1991-01-02,9510,2378.44,0.0,5228.44,54.98,3.6,0.0
1991-01-03,9510,2378.44,0.0,5228.44,54.98,8.28,0.0
1991-01-04,9510,2372.66,0.0,5222.66,54.92,3.13,0.0
1991-01-05,9510,2368.8,0.0,5218.8,54.88,3.28,0.0
1991-01-06,9510,2366.87,0.0,5216.87,54.86,0.42,0.0
1991-01-07,9510,2351.46,0.0,5201.46,54.69,3.72,0.0
1991-01-08,9510,2338.0,0.0,5188.0,54.55,3.26,0.0
1991-01-09,9510,2328.4,0.0,5178.4,54.45,1.39,0.0
1991-01-10,9510,2324.56,0.0,5174.56,54.41,1.73,0.0
1991-01-11,9510,2320.72,0.0,5170.72,54.37,2.62,0.0
1991-01-12,9510,2316.89,0.0,5166.89,54.33,1.51,0.0
1991-01-13,9510,2316.89,0.0,5166.89,54.33,1.53,0.0
1991-01-14,9510,2311.14,0.0,5161.14,54.27,2.4,0.0
1991-01-15,9510,2307.31,0.0,5157.31,54.23,1.6,0.0
1991-01-16,9510,2307.31,0.0,5157.31,54.23,3.57,0.0
1991-01-17,9510,2305.39,0.0,5155.39,54.21,2.86,0.0
1991-01-18,9510,2299.65,0.0,5149.65,54.15,3.12,0.0
1991-01-19,9510,2293.91,0.0,5143.91,54.09,3.76,0.0
1991-01-20,9510,2293.91,0.0,5143.91,54.09,1.48,0.0
1991-01-21,9510,2288.17,0.0,5138.17,54.03,2.36,0.0
1991-01-22,9510,2280.53,0.0,5130.53,53.95,1.4,0.0
1991-01-23,9510,2274.81,0.0,5124.81,53.89,2.29,0.0
1991-01-24,9510,2269.08,0.0,5119.08,53.83,2.0,0.0
1991-01-25,9510,2267.18,0.0,5117.18,53.81,4.98,0.0
1991-01-26,9510,2259.55,0.0,5109.55,53.73,3.25,0.0
1991-01-27,9510,2259.55,0.0,5109.55,53.73,2.25,0.0
1991-01-28,9510,2253.84,0.0,5103.84,53.67,4.54,0.0
1991-01-29,9510,2250.03,0.0,5100.03,53.63,5.39,0.0
1991-01-30,9510,2242.43,0.0,5092.43,53.55,0.31,0.0
1991-01-31,9510,2234.82,0.0,5084.82,53.47,0.9,0.0
1991-02-01,9510,2229.13,0.0,5079.13,53.41,1.73,0.0
1991-02-02,9510,2221.54,0.0,5071.54,53.33,1.83,0.0
1991-02-03,9510,2219.64,0.0,5069.64,53.31,2.08,0.0
1991-02-04,9510,2202.59,0.0,5052.59,53.13,1.97,0.0
1991-02-05,9510,2183.68,0.0,5033.68,52.93,1.14,0.0
1991-02-06,9510,2162.93,0.0,5012.93,52.71,0.87,0.0
1991-02-07,9510,2142.23,0.0,4992.23,52.49,2.64,0.0
1991-02-08,9510,2119.71,0.0,4969.71,52.26,2.13,0.0
1991-02-09,9510,2099.12,0.0,4949.12,52.04,2.37,0.0
1991-02-10,9510,2091.64,0.0,4941.64,51.96,2.05,0.0
1991-02-11,9510,2069.25,0.0,4919.25,51.73,1.83,0.0
1991-02-12,9510,2046.92,0.0,4896.92,51.49,1.46,0.0
1991-02-13,9510,2024.66,0.0,4874.66,51.26,1.4,0.0
1991-02-14,9510,2006.15,0.0,4856.15,51.06,1.8,0.0
1991-02-15,9510,1991.37,0.0,4841.37,50.91,0.22,0.0
1991-02-16,9510,1978.47,0.0,4828.47,50.77,2.16,0.0
1991-02-17,9510,1969.26,0.0,4819.26,50.68,0.8,0.0
1991-02-18,9510,1947.21,0.0,4797.21,50.44,1.14,0.0
1991-02-19,9510,1923.39,0.0,4773.39,50.19,0.09,0.0
1991-02-20,9510,1901.47,0.0,4751.47,49.96,1.57,0.0
1991-02-21,9510,1881.43,0.0,4731.43,49.75,1.72,0.0
1991-02-22,9510,1861.44,0.0,4711.44,49.54,0.9,0.0
1991-02-23,9510,1841.51,0.0,4691.51,49.33,0.91,0.0
1991-02-24,9510,1832.46,0.0,4682.46,49.24,1.61,0.0
1991-02-25,9510,1809.0,0.0,4659.0,48.99,1.89,0.0
1991-02-26,9510,1787.41,0.0,4637.41,48.76,1.54,0.0
1991-02-27,9510,1765.88,0.0,4615.88,48.54,1.96,0.0
1991-02-28,9510,1747.99,0.0,4597.99,48.35,2.75,0.0
1991-03-01,9510,1730.14,0.0,4580.14,48.16,2.75,0.0
1991-03-02,9510,1708.79,0.0,4558.79,47.94,1.09,0.0
1991-03-03,9510,1698.13,0.0,4548.13,47.82,1.3,0.0
1991-03-04,9510,1673.34,0.0,4523.34,47.56,1.18,0.0
1991-03-05,9510,1648.63,0.0,4498.63,47.3,1.77,0.0
1991-03-06,9510,1629.28,0.0,4479.28,47.1,1.22,0.0
1991-03-07,9510,1608.23,0.0,4458.23,46.88,1.56,0.0
1991-03-08,9510,1587.25,0.0,4437.25,46.66,0.16,0.0
1991-03-09,9510,1566.34,0.0,4416.34,46.44,1.94,0.0
1991-03-10,9510,1552.44,0.0,4402.44,46.29,0.51,0.0
1991-03-11,9510,1526.44,0.0,4376.44,46.02,0.08,0.0
1991-03-12,9510,1498.83,0.0,4348.83,45.73,0.3,0.0
1991-03-13,9510,1478.2,0.0,4328.2,45.51,0.65,0.0
1991-03-14,9510,1457.64,0.0,4307.64,45.3,1.85,0.0
1991-03-15,9510,1435.44,0.0,4285.44,45.06,0.76,0.0
1991-03-16,9510,1413.33,0.0,4263.33,44.83,1.02,0.0
1991-03-17,9510,1403.15,0.0,4253.15,44.72,1.71,0.0
1991-03-18,9510,1379.46,0.0,4229.46,44.47,0.89,0.0
1991-03-19,9510,1354.18,0.0,4204.18,44.21,0.88,0.0
1991-03-20,9510,1329.01,0.0,4179.01,43.94,0.21,0.0
1991-03-21,9510,1307.29,0.0,4157.29,43.71,0.47,0.0
1991-03-22,9510,1287.31,0.0,4137.31,43.5,0.2,0.0
1991-03-23,9510,1265.75,0.0,4115.75,43.28,1.15,0.0
1991-03-24,9510,1252.52,0.0,4102.52,43.14,1.21,0.0
1991-03-25,9510,1227.8,0.0,4077.8,42.88,1.17,0.0
1991-03-26,9510,1201.56,0.0,4051.56,42.6,0.39,0.0
1991-03-27,9510,1177.07,0.0,4027.07,42.35,0.5,0.0
1991-03-28,9510,1154.31,0.0,4004.31,42.11,1.11,0.0
1991-03-29,9510,1131.66,0.0,3981.66,41.87,1.28,0.0
1991-03-30,9510,1109.11,0.0,3959.11,41.63,0.34,0.0
1991-03-31,9510,1096.26,0.0,3946.26,41.5,1.36,0.0
1991-04-01,9510,1073.86,0.0,3923.86,41.26,1.05,0.0
1991-04-02,9510,1048.39,0.0,3898.39,40.99,1.39,0.0
1991-04-03,9510,1021.47,0.0,3871.47,40.71,1.58,0.0
1991-04-04,9510,997.84,0.0,3847.84,40.46,0.8,0.0
1991-04-05,9510,974.33,0.0,3824.33,40.21,2.01,0.0
1991-04-06,9510,950.94,0.0,3800.94,39.97,2.52,0.0
1991-04-07,9510,940.06,0.0,3790.06,39.85,2.93,0.0
1991-04-08,9510,915.3,0.0,3765.3,39.59,1.53,0.0
1991-04-09,9510,890.68,0.0,3740.68,39.33,1.07,0.0
1991-04-10,9510,866.19,0.0,3716.19,39.08,2.71,0.0
1991-04-11,9510,843.36,0.0,3693.36,38.84,2.27,0.0
1991-04-12,9510,829.72,0.0,3679.72,38.69,2.01,0.0
1991-04-13,9510,811.6,0.0,3661.6,38.5,2.33,0.0
1991-04-14,9510,802.57,0.0,3652.57,38.41,0.49,0.0
1991-04-15,9510,780.08,0.0,3630.08,38.17,0.21,0.0
1991-04-16,9510,754.75,0.0,3604.75,37.9,1.35,0.0
1991-04-17,9510,729.57,0.0,3579.57,37.64,0.48,0.0
1991-04-18,9510,710.43,0.0,3560.43,37.44,0.41,0.0
1991-04-19,9510,689.92,0.0,3539.92,37.22,1.33,0.0
1991-04-20,9510,672.43,0.0,3522.43,37.04,0.06,0.0
1991-04-21,9510,662.26,0.0,3512.26,36.93,0.94,0.0
1991-04-22,9510,644.9,0.0,3494.9,36.75,0.9,0.0
1991-04-23,9510,630.5,0.0,3480.5,36.6,0.38,0.0
1991-04-24,9510,616.15,0.0,3466.15,36.45,2.81,0.0
1991-04-25,9510,603.29,0.0,3453.29,36.31,4.62,0.0
1991-04-26,9510,593.31,0.0,3443.31,36.21,5.94,0.0
1991-04-27,9510,587.63,0.0,3437.63,36.15,7.71,0.0
1991-04-28,9510,581.95,0.0,3431.95,36.09,7.78,0.0
1991-04-29,9510,566.39,0.0,3416.39,35.92,3.26,0.0
1991-04-30,9510,550.9,0.0,3400.9,35.76,4.14,0.0
1991-05-01,9510,546.68,0.0,3396.68,35.72,2.5,0.0
1991-05-02,9510,528.49,0.0,3378.49,35.53,1.82,0.0
1991-05-03,9510,511.78,0.0,3361.78,35.35,2.95,0.0
1991-05-04,9510,506.23,0.0,3356.23,35.29,2.58,0.0
1991-05-05,9510,502.07,0.0,3352.07,35.25,5.13,0.0
1991-05-06,9510,492.4,0.0,3342.4,35.15,2.04,0.0
1991-05-07,9510,481.37,0.0,3331.37,35.03,2.92,0.0
1991-05-08,9510,470.39,0.0,3320.39,34.91,5.14,0.0
1991-05-09,9510,466.28,0.0,3316.28,34.87,7.65,0.0
1991-05-10,9510,470.39,0.0,3320.39,34.91,15.59,0.0
1991-05-11,9510,481.37,0.0,3331.37,35.03,15.69,0.0
1991-05-12,9510,488.26,0.0,3338.26,35.1,23.32,0.0
1991-05-13,9510,481.37,0.0,3331.37,35.03,12.33,0.0
1991-05-14,9510,474.5,0.0,3324.5,34.96,6.22,0.0
1991-05-15,9510,463.54,0.0,3313.54,34.84,8.95,0.0
1991-05-16,9510,455.35,0.0,3305.35,34.76,3.31,0.0
1991-05-17,9510,448.53,0.0,3298.53,34.68,3.08,0.0
1991-05-18,9510,445.81,0.0,3295.81,34.66,3.72,0.0
1991-05-19,9510,444.45,0.0,3294.45,34.64,4.65,0.0
1991-05-20,9510,440.38,0.0,3290.38,34.6,5.34,0.0
1991-05-21,9510,437.66,0.0,3287.66,34.57,5.68,0.0
1991-05-22,9510,434.95,0.0,3284.95,34.54,5.82,0.0
1991-05-23,9510,432.24,0.0,3282.24,34.51,7.22,0.0
1991-05-24,9510,434.95,0.0,3284.95,34.54,8.39,0.0
1991-05-25,9510,436.31,0.0,3286.31,34.56,12.95,0.0
1991-05-26,9510,440.38,0.0,3290.38,34.6,10.19,0.0
1991-05-27,9510,440.38,0.0,3290.38,34.6,8.11,0.0
1991-05-28,9510,439.02,0.0,3289.02,34.58,6.87,0.0
1991-05-29,9510,433.59,0.0,3283.59,34.53,7.85,0.0
1991-05-30,9510,432.24,0.0,3282.24,34.51,3.77,0.0
1991-05-31,9510,433.59,0.0,3283.59,34.53,6.64,0.0
1991-06-01,9510,430.89,0.0,3280.89,34.5,10.7,0.0
1991-06-02,9510,428.18,0.0,3278.18,34.47,3.68,0.0
1991-06-03,9510,425.48,0.0,3275.48,34.44,3.17,0.0
1991-06-04,9510,420.08,0.0,3270.08,34.39,7.11,0.0
1991-06-05,9510,424.13,0.0,3274.13,34.43,4.57,0.0
1991-06-06,9510,426.83,0.0,3276.83,34.46,11.04,0.0
1991-06-07,9510,430.89,0.0,3280.89,34.5,10.74,0.0
1991-06-08,9510,436.31,0.0,3286.31,34.56,11.93,0.0
1991-06-09,9510,443.09,0.0,3293.09,34.63,11.27,0.0
1991-06-10,9510,449.89,0.0,3299.89,34.7,10.44,0.0
1991-06-11,9510,458.07,0.0,3308.07,34.79,12.05,0.0
1991-06-12,9510,466.28,0.0,3316.28,34.87,9.66,0.0
1991-06-13,9510,471.76,0.0,3321.76,34.93,8.83,0.0
1991-06-14,9510,473.13,0.0,3323.13,34.94,10.01,0.0
1991-06-15,9510,470.39,0.0,3320.39,34.91,6.48,0.0
1991-06-16,9510,474.5,0.0,3324.5,34.96,4.44,0.0
1991-06-17,9510,478.62,0.0,3328.62,35.0,4.74,0.0
1991-06-18,9510,478.62,0.0,3328.62,35.0,10.19,0.0
1991-06-19,9510,478.62,0.0,3328.62,35.0,5.47,0.0
1991-06-20,9510,477.25,0.0,3327.25,34.99,5.09,0.0
1991-06-21,9510,477.25,0.0,3327.25,34.99,3.98,0.0
1991-06-22,9510,474.5,0.0,3324.5,34.96,5.8,0.0
1991-06-23,9510,475.88,0.0,3325.88,34.97,2.09,0.0
1991-06-24,9510,480.0,0.0,3330.0,35.02,3.48,0.0
1991-06-25,9510,486.88,0.0,3336.88,35.09,10.39,0.0
1991-06-26,9510,502.07,0.0,3352.07,35.25,13.71,0.0
1991-06-27,9510,507.62,0.0,3357.62,35.31,22.97,0.0
1991-06-28,9510,513.17,0.0,3363.17,35.36,12.65,0.0
1991-06-29,9510,518.73,0.0,3368.73,35.42,13.74,0.0
1991-06-30,9510,525.7,0.0,3375.7,35.5,9.89,0.0
1991-07-01,9510,531.28,0.0,3381.28,35.55,11.14,0.0
1991-07-02,9510,529.88,0.0,3379.88,35.54,13.45,0.0
1991-07-03,9510,529.88,0.0,3379.88,35.54,10.1,0.0
1991-07-04,9510,520.12,0.0,3370.12,35.44,9.44,0.0
1991-07-05,9510,528.49,0.0,3378.49,35.53,1.35,0.0
1991-07-06,9510,539.67,0.0,3389.67,35.64,20.43,0.0
1991-07-07,9510,543.88,0.0,3393.88,35.69,15.85,0.0
1991-07-08,9510,545.28,0.0,3395.28,35.7,8.79,0.0
1991-07-09,9510,538.27,0.0,3388.27,35.63,12.52,0.0
1991-07-10,9510,534.08,0.0,3384.08,35.58,4.19,0.0
1991-07-11,9510,528.49,0.0,3378.49,35.53,7.58,0.0
1991-07-12,9510,520.12,0.0,3370.12,35.44,5.13,0.0
1991-07-13,9510,518.73,0.0,3368.73,35.42,2.63,0.0
1991-07-14,9510,518.73,0.0,3368.73,35.42,7.33,0.0
1991-07-15,9510,520.12,0.0,3370.12,35.44,2.81,0.0
1991-07-16,9510,522.91,0.0,3372.91,35.47,10.4,0.0
1991-07-17,9510,525.7,0.0,3375.7,35.5,12.15,0.0
1991-07-18,9510,528.49,0.0,3378.49,35.53,12.01,0.0
1991-07-19,9510,528.49,0.0,3378.49,35.53,11.87,0.0
1991-07-20,9510,520.12,0.0,3370.12,35.44,14.57,0.0
1991-07-21,9510,518.73,0.0,3368.73,35.42,9.73,0.0
1991-07-22,9510,517.34,0.0,3367.34,35.41,10.23,0.0
1991-07-23,9510,509.0,0.0,3359.0,35.32,11.03,0.0
1991-07-24,9510,506.23,0.0,3356.23,35.29,5.28,0.0
1991-07-25,9510,524.3,0.0,3374.3,35.48,12.5,0.0
1991-07-26,9510,529.88,0.0,3379.88,35.54,31.74,0.0
1991-07-27,9510,534.08,0.0,3384.08,35.58,16.76,0.0
1991-07-28,9510,538.27,0.0,3388.27,35.63,14.5,0.0
1991-07-29,9510,543.88,0.0,3393.88,35.69,14.42,0.0
1991-07-30,9510,534.08,0.0,3384.08,35.58,20.37,0.0
1991-07-31,9510,525.7,0.0,3375.7,35.5,8.55,0.0
1991-08-01,9510,518.73,0.0,3368.73,35.42,10.14,0.0
1991-08-02,9510,518.73,0.0,3368.73,35.42,8.71,0.0
1991-08-03,9510,521.52,0.0,3371.52,35.45,15.0,0.0
1991-08-04,9510,536.87,0.0,3386.87,35.61,18.12,0.0
1991-08-05,9510,539.67,0.0,3389.67,35.64,23.45,0.0
1991-08-06,9510,539.67,0.0,3389.67,35.64,19.01,0.0
1991-08-07,9510,539.67,0.0,3389.67,35.64,13.85,0.0
1991-08-08,9510,532.68,0.0,3382.68,35.57,15.69,0.0
1991-08-09,9510,535.47,0.0,3385.47,35.6,9.63,0.0
1991-08-10,9510,535.47,0.0,3385.47,35.6,18.3,0.0
1991-08-11,9510,539.67,0.0,3389.67,35.64,15.87,0.0
1991-08-12,9510,545.28,0.0,3395.28,35.7,12.17,0.0
1991-08-13,9510,549.49,0.0,3399.49,35.75,15.29,0.0
1991-08-14,9510,545.28,0.0,3395.28,35.7,21.63,0.0
1991-08-15,9510,556.52,0.0,3406.52,35.82,14.83,0.0
1991-08-16,9510,581.95,0.0,3431.95,36.09,26.45,0.0
1991-08-17,9510,589.05,0.0,3439.05,36.16,42.94,0.0
1991-08-18,9510,640.57,0.0,3490.57,36.7,25.66,0.0
1991-08-19,9510,662.26,0.0,3512.26,36.93,62.39,0.0
1991-08-20,9510,682.62,0.0,3532.62,37.15,26.29,0.0
1991-08-21,9510,694.31,0.0,3544.31,37.27,28.63,0.0
1991-08-22,9510,711.9,0.0,3561.9,37.45,23.67,0.0
1991-08-23,9510,729.57,0.0,3579.57,37.64,22.35,0.0
1991-08-24,9510,750.29,0.0,3600.29,37.86,20.76,0.0
1991-08-25,9510,781.58,0.0,3631.58,38.19,22.18,0.0
1991-08-26,9510,807.08,0.0,3657.08,38.46,31.77,0.0
1991-08-27,9510,835.77,0.0,3685.77,38.76,33.37,0.0
1991-08-28,9510,892.21,0.0,3742.21,39.35,37.04,0.0
1991-08-29,9510,941.61,0.0,3791.61,39.87,60.99,0.0
1991-08-30,9510,983.72,0.0,3833.72,40.31,52.79,0.0
1991-08-31,9510,1024.63,0.0,3874.63,40.74,45.79,0.0
1991-09-01,9510,1057.93,0.0,3907.93,41.09,42.31,0.0
1991-09-02,9510,1083.45,0.0,3933.45,41.36,33.82,0.0
1991-09-03,9510,1110.71,0.0,3960.71,41.65,32.66,0.0
1991-09-04,9510,1133.28,0.0,3983.28,41.89,29.77,0.0
1991-09-05,9510,1157.56,0.0,4007.56,42.14,26.49,0.0
1991-09-06,9510,1190.11,0.0,4040.11,42.48,27.79,0.0
1991-09-07,9510,1216.3,0.0,4066.3,42.76,36.65,0.0
1991-09-08,9510,1240.97,0.0,4090.97,43.02,30.42,0.0
1991-09-09,9510,1270.72,0.0,4120.72,43.33,25.2,0.0
1991-09-10,9510,1300.62,0.0,4150.62,43.64,31.91,0.0
1991-09-11,9510,1337.39,0.0,4187.39,44.03,33.86,0.0
1991-09-12,9510,1367.65,0.0,4217.65,44.35,40.95,0.0
1991-09-13,9510,1394.68,0.0,4244.68,44.63,36.24,0.0
1991-09-14,9510,1420.12,0.0,4270.12,44.9,30.51,0.0
1991-09-15,9510,1442.27,0.0,4292.27,45.13,26.83,0.0
1991-09-16,9510,1471.34,0.0,4321.34,45.44,22.69,0.0
1991-09-17,9510,1490.23,0.0,4340.23,45.64,30.45,0.0
1991-09-18,9510,1517.8,0.0,4367.8,45.93,20.97,0.0
1991-09-19,9510,1540.29,0.0,4390.29,46.16,28.13,0.0
1991-09-20,9510,1571.56,0.0,4421.56,46.49,24.89,0.0
1991-09-21,9510,1604.73,0.0,4454.73,46.84,32.58,0.0
1991-09-22,9510,1627.52,0.0,4477.52,47.08,35.8,0.0
1991-09-23,9510,1653.92,0.0,4503.92,47.36,23.36,0.0
1991-09-24,9510,1678.64,0.0,4528.64,47.62,27.64,0.0
1991-09-25,9510,1689.27,0.0,4539.27,47.73,26.11,0.0
1991-09-26,9510,1712.34,0.0,4562.34,47.97,15.41,0.0
1991-09-27,9510,1730.14,0.0,4580.14,48.16,24.18,0.0
1991-09-28,9510,1755.14,0.0,4605.14,48.42,19.53,0.0
1991-09-29,9510,1776.64,0.0,4626.64,48.65,27.81,0.0
1991-09-30,9510,1794.6,0.0,4644.6,48.84,22.07,0.0
1991-10-01,9510,1814.41,0.0,4664.41,49.05,21.68,0.0
1991-10-02,9510,1828.85,0.0,4678.85,49.2,21.99,0.0
1991-10-03,9510,1843.32,0.0,4693.32,49.35,17.37,0.0
1991-10-04,9510,1854.18,0.0,4704.18,49.47,20.89,0.0
1991-10-05,9510,1865.07,0.0,4715.07,49.58,17.61,0.0
1991-10-06,9510,1881.43,0.0,4731.43,49.75,17.81,0.0
1991-10-07,9510,1892.35,0.0,4742.35,49.87,16.93,0.0
1991-10-08,9510,1901.47,0.0,4751.47,49.96,16.26,0.0
1991-10-09,9510,1906.94,0.0,4756.94,50.02,15.51,0.0
1991-10-10,9510,1914.25,0.0,4764.25,50.1,11.2,0.0
1991-10-11,9510,1921.56,0.0,4771.56,50.17,12.45,0.0
1991-10-12,9510,1932.54,0.0,4782.54,50.29,12.41,0.0
1991-10-13,9510,1941.71,0.0,4791.71,50.39,15.3,0.0
1991-10-14,9510,1950.88,0.0,4800.88,50.48,9.74,0.0
1991-10-15,9510,1954.55,0.0,4804.55,50.52,15.73,0.0
1991-10-16,9510,1958.23,0.0,4808.23,50.56,10.48,0.0
1991-10-17,9510,1960.06,0.0,4810.06,50.58,12.41,0.0
1991-10-18,9510,1963.74,0.0,4813.74,50.62,10.95,0.0
1991-10-19,9510,1967.42,0.0,4817.42,50.66,12.8,0.0
1991-10-20,9510,1980.31,0.0,4830.31,50.79,12.83,0.0
1991-10-21,9510,1985.84,0.0,4835.84,50.85,13.47,0.0
1991-10-22,9510,1989.53,0.0,4839.53,50.89,13.3,0.0
1991-10-23,9510,1996.91,0.0,4846.91,50.97,12.93,0.0
1991-10-24,9510,2000.61,0.0,4850.61,51.01,12.99,0.0
1991-10-25,9510,2002.45,0.0,4852.45,51.02,12.38,0.0
1991-10-26,9510,2002.45,0.0,4852.45,51.02,11.91,0.0
1991-10-27,9510,2008.0,0.0,4858.0,51.08,8.62,0.0
1991-10-28,9510,2009.85,0.0,4859.85,51.1,9.6,0.0
1991-10-29,9510,2011.7,0.0,4861.7,51.12,10.92,0.0
1991-10-30,9510,2009.85,0.0,4859.85,51.1,11.38,0.0
1991-10-31,9510,2008.0,0.0,4858.0,51.08,7.6,0.0
1991-11-01,9510,2006.15,0.0,4856.15,51.06,7.32,0.0
1991-11-02,9510,2006.15,0.0,4856.15,51.06,9.02,0.0
1991-11-03,9510,2009.85,0.0,4859.85,51.1,5.63,0.0
1991-11-04,9510,2008.0,0.0,4858.0,51.08,6.65,0.0
1991-11-05,9510,2002.45,0.0,4852.45,51.02,9.33,0.0
1991-11-06,9510,1996.91,0.0,4846.91,50.97,8.04,0.0
1991-11-07,9510,1987.68,0.0,4837.68,50.87,7.44,0.0
1991-11-08,9510,1982.15,0.0,4832.15,50.81,7.46,0.0
1991-11-09,9510,1974.78,0.0,4824.78,50.73,7.51,0.0
1991-11-10,9510,1976.62,0.0,4826.62,50.75,1.67,0.0
1991-11-11,9510,1976.62,0.0,4826.62,50.75,2.95,0.0
1991-11-12,9510,1972.94,0.0,4822.94,50.71,9.01,0.0
1991-11-13,9510,1971.1,0.0,4821.1,50.7,4.23,0.0
1991-11-14,9510,1967.42,0.0,4817.42,50.66,5.35,0.0
1991-11-15,9510,1963.74,0.0,4813.74,50.62,6.01,0.0
1991-11-16,9510,1958.23,0.0,4808.23,50.56,5.97,0.0
1991-11-17,9510,1958.23,0.0,4808.23,50.56,3.27,0.0
1991-11-18,9510,1956.39,0.0,4806.39,50.54,6.19,0.0
1991-11-19,9510,1950.88,0.0,4800.88,50.48,7.0,0.0
1991-11-20,9510,1941.71,0.0,4791.71,50.39,3.17,0.0
1991-11-21,9510,1930.71,0.0,4780.71,50.27,4.54,0.0
1991-11-22,9510,1921.56,0.0,4771.56,50.17,3.28,0.0
1991-11-23,9510,1919.73,0.0,4769.73,50.15,3.24,0.0
1991-11-24,9510,1916.08,0.0,4766.08,50.12,6.21,0.0
1991-11-25,9510,1912.42,0.0,4762.42,50.08,1.01,0.0
1991-11-26,9510,1906.94,0.0,4756.94,50.02,4.81,0.0
1991-11-27,9510,1903.29,0.0,4753.29,49.98,4.2,0.0
1991-11-28,9510,1899.64,0.0,4749.64,49.94,5.54,0.0
1991-11-29,9510,1894.17,0.0,4744.17,49.89,6.31,0.0
1991-11-30,9510,1896.0,0.0,4746.0,49.91,4.27,0.0
1991-12-01,9510,1896.0,0.0,4746.0,49.91,8.08,0.0
1991-12-02,9510,1886.89,0.0,4736.89,49.81,4.48,0.0
1991-12-03,9510,1877.79,0.0,4727.79,49.71,2.73,0.0
1991-12-04,9510,1870.52,0.0,4720.52,49.64,1.75,0.0
1991-12-05,9510,1870.52,0.0,4720.52,49.64,1.8,0.0
1991-12-06,9510,1865.07,0.0,4715.07,49.58,3.27,0.0
1991-12-07,9510,1857.81,0.0,4707.81,49.5,4.25,0.0
1991-12-08,9510,1856.0,0.0,4706.0,49.48,1.51,0.0
1991-12-09,9510,1852.37,0.0,4702.37,49.45,3.84,0.0
1991-12-10,9510,1850.56,0.0,4700.56,49.43,2.78,0.0
1991-12-11,9510,1850.56,0.0,4700.56,49.43,2.7,0.0
1991-12-12,9510,1846.94,0.0,4696.94,49.39,7.07,0.0
1991-12-13,9510,1841.51,0.0,4691.51,49.33,1.95,0.0
1991-12-14,9510,1836.08,0.0,4686.08,49.28,1.81,0.0
1991-12-15,9510,1836.08,0.0,4686.08,49.28,1.25,0.0
1991-12-16,9510,1832.46,0.0,4682.46,49.24,2.52,0.0
1991-12-17,9510,1828.85,0.0,4678.85,49.2,3.25,0.0
1991-12-18,9510,1827.04,0.0,4677.04,49.18,3.31,0.0
1991-12-19,9510,1825.23,0.0,4675.23,49.16,2.82,0.0
1991-12-20,9510,1821.62,0.0,4671.62,49.12,2.7,0.0
1991-12-21,9510,1819.82,0.0,4669.82,49.1,2.13,0.0
1991-12-22,9510,1818.01,0.0,4668.01,49.09,1.41,0.0
1991-12-23,9510,1818.01,0.0,4668.01,49.09,0.46,0.0
1991-12-24,9510,1814.41,0.0,4664.41,49.05,5.09,0.0
1991-12-25,9510,1809.0,0.0,4659.0,48.99,3.09,0.0
1991-12-26,9510,1809.0,0.0,4659.0,48.99,0.37,0.0
1991-12-27,9510,1807.2,0.0,4657.2,48.97,4.45,0.0
1991-12-28,9510,1805.4,0.0,4655.4,48.95,1.62,0.0
1991-12-29,9510,1805.4,0.0,4655.4,48.95,0.88,0.0
1991-12-30,9510,1803.6,0.0,4653.6,48.93,2.61,0.0
1991-12-31,9510,1803.6,0.0,4653.6,48.93,3.18,0.0
1992-01-01,9510,1801.79,0.0,4651.79,48.91,3.69,0.0
1992-01-02,9510,1798.2,0.0,4648.2,48.88,1.05,0.0
1992-01-03,9510,1796.4,0.0,4646.4,48.86,3.56,0.0
1992-01-04,9510,1794.6,0.0,4644.6,48.84,3.87,0.0
1992-01-05,9510,1796.4,0.0,4646.4,48.86,4.29,0.0
1992-01-06,9510,1794.6,0.0,4644.6,48.84,3.98,0.0
1992-01-07,9510,1792.8,0.0,4642.8,48.82,4.86,0.0
1992-01-08,9510,1789.2,0.0,4639.2,48.78,3.44,0.0
1992-01-09,9510,1785.61,0.0,4635.61,48.74,1.56,0.0
1992-01-10,9510,1783.82,0.0,4633.82,48.73,3.79,0.0
1992-01-11,9510,1783.82,0.0,4633.82,48.73,3.15,0.0
1992-01-12,9510,1783.82,0.0,4633.82,48.73,2.89,0.0
1992-01-13,9510,1776.64,0.0,4626.64,48.65,2.65,0.0
1992-01-14,9510,1771.26,0.0,4621.26,48.59,2.45,0.0
1992-01-15,9510,1764.09,0.0,4614.09,48.52,1.43,0.0
1992-01-16,9510,1758.72,0.0,4608.72,48.46,1.77,0.0
1992-01-17,9510,1753.35,0.0,4603.35,48.41,1.7,0.0
1992-01-18,9510,1751.56,0.0,4601.56,48.39,1.88,0.0
1992-01-19,9510,1749.78,0.0,4599.78,48.37,1.23,0.0
1992-01-20,9510,1744.42,0.0,4594.42,48.31,2.45,0.0
1992-01-21,9510,1737.28,0.0,4587.28,48.24,3.06,0.0
1992-01-22,9510,1726.58,0.0,4576.58,48.12,0.46,0.0
1992-01-23,9510,1717.68,0.0,4567.68,48.03,2.8,0.0
1992-01-24,9510,1708.79,0.0,4558.79,47.94,1.81,0.0
1992-01-25,9510,1699.91,0.0,4549.91,47.84,2.0,0.0
1992-01-26,9510,1698.13,0.0,4548.13,47.82,2.58,0.0
1992-01-27,9510,1689.27,0.0,4539.27,47.73,3.44,0.0
1992-01-28,9510,1678.64,0.0,4528.64,47.62,1.7,0.0
1992-01-29,9510,1668.04,0.0,4518.04,47.51,2.81,0.0
1992-01-30,9510,1659.21,0.0,4509.21,47.42,3.68,0.0
1992-01-31,9510,1650.39,0.0,4500.39,47.32,1.91,0.0
1992-02-01,9510,1643.35,0.0,4493.35,47.25,2.29,0.0
1992-02-02,9510,1641.59,0.0,4491.59,47.23,4.41,0.0
1992-02-03,9510,1632.8,0.0,4482.8,47.14,1.59,0.0
1992-02-04,9510,1624.01,0.0,4474.01,47.05,0.27,0.0
1992-02-05,9510,1609.99,0.0,4459.99,46.9,0.12,0.0
1992-02-06,9510,1599.49,0.0,4449.49,46.79,3.14,0.0
1992-02-07,9510,1587.25,0.0,4437.25,46.66,2.46,0.0
1992-02-08,9510,1576.79,0.0,4426.79,46.55,1.53,0.0
1992-02-09,9510,1569.82,0.0,4419.82,46.48,0.23,0.0
1992-02-10,9510,1559.38,0.0,4409.38,46.37,3.24,0.0
1992-02-11,9510,1543.76,0.0,4393.76,46.2,0.07,0.0
1992-02-12,9510,1529.9,0.0,4379.9,46.06,2.07,0.0
1992-02-13,9510,1516.07,0.0,4366.07,45.91,2.84,0.0
1992-02-14,9510,1500.55,0.0,4350.55,45.75,1.61,0.0
1992-02-15,9510,1491.95,0.0,4341.95,45.66,0.76,0.0
1992-02-16,9510,1485.07,0.0,4335.07,45.58,0.74,0.0
1992-02-17,9510,1471.34,0.0,4321.34,45.44,2.77,0.0
1992-02-18,9510,1466.2,0.0,4316.2,45.39,1.76,0.0
1992-02-19,9510,1454.22,0.0,4304.22,45.26,4.0,0.0
1992-02-20,9510,1440.56,0.0,4290.56,45.12,2.64,0.0
1992-02-21,9510,1426.93,0.0,4276.93,44.97,2.0,0.0
1992-02-22,9510,1418.42,0.0,4268.42,44.88,1.09,0.0
1992-02-23,9510,1413.33,0.0,4263.33,44.83,2.07,0.0
1992-02-24,9510,1399.76,0.0,4249.76,44.69,1.37,0.0
1992-02-25,9510,1386.22,0.0,4236.22,44.54,1.24,0.0
1992-02-26,9510,1379.46,0.0,4229.46,44.47,7.51,0.0
1992-02-27,9510,1371.02,0.0,4221.02,44.39,5.64,0.0
1992-02-28,9510,1359.23,0.0,4209.23,44.26,2.61,0.0
1992-03-01,9510,1350.82,0.0,4200.82,44.17,4.46,0.0
1992-03-02,9510,1340.75,0.0,4190.75,44.07,4.01,0.0
1992-03-03,9510,1323.99,0.0,4173.99,43.89,4.8,0.0
1992-03-04,9510,1310.63,0.0,4160.63,43.75,1.19,0.0
1992-03-05,9510,1300.62,0.0,4150.62,43.64,1.65,0.0
1992-03-06,9510,1290.64,0.0,4140.64,43.54,4.48,0.0
1992-03-07,9510,1280.67,0.0,4130.67,43.44,3.13,0.0
1992-03-08,9510,1275.69,0.0,4125.69,43.38,0.77,0.0
1992-03-09,9510,1259.13,0.0,4109.13,43.21,3.45,0.0
1992-03-10,9510,1242.62,0.0,4092.62,43.03,2.35,0.0
1992-03-11,9510,1227.8,0.0,4077.8,42.88,1.99,0.0
1992-03-12,9510,1209.74,0.0,4059.74,42.69,4.09,0.0
1992-03-13,9510,1195.01,0.0,4045.01,42.53,0.09,0.0
1992-03-14,9510,1181.96,0.0,4031.96,42.4,2.35,0.0
1992-03-15,9510,1175.44,0.0,4025.44,42.33,0.52,0.0
1992-03-16,9510,1159.18,0.0,4009.18,42.16,3.18,0.0
1992-03-17,9510,1139.74,0.0,3989.74,41.95,2.09,0.0
1992-03-18,9510,1125.21,0.0,3975.21,41.8,0.41,0.0
1992-03-19,9510,1109.11,0.0,3959.11,41.63,3.43,0.0
1992-03-20,9510,1091.45,0.0,3941.45,41.45,1.39,0.0
1992-03-21,9510,1080.25,0.0,3930.25,41.33,0.6,0.0
1992-03-22,9510,1077.06,0.0,3927.06,41.29,3.15,0.0
1992-03-23,9510,1054.75,0.0,3904.75,41.06,0.71,0.0
1992-03-24,9510,1034.12,0.0,3884.12,40.84,0.58,0.0
1992-03-25,9510,1013.58,0.0,3863.58,40.63,1.13,0.0
1992-03-26,9510,994.7,0.0,3844.7,40.43,0.89,0.0
1992-03-27,9510,980.59,0.0,3830.59,40.28,3.33,0.0
1992-03-28,9510,968.08,0.0,3818.08,40.15,1.21,0.0
1992-03-29,9510,960.28,0.0,3810.28,40.07,1.28,0.0
1992-03-30,9510,943.17,0.0,3793.17,39.89,1.58,0.0
1992-03-31,9510,926.12,0.0,3776.12,39.71,2.41,0.0
1992-04-01,9510,909.13,0.0,3759.13,39.53,1.94,0.0
1992-04-02,9510,892.21,0.0,3742.21,39.35,3.3,0.0
1992-04-03,9510,876.88,0.0,3726.88,39.19,0.32,0.0
1992-04-04,9510,861.61,0.0,3711.61,39.03,1.56,0.0
1992-04-05,9510,854.0,0.0,3704.0,38.95,0.47,0.0
1992-04-06,9510,840.32,0.0,3690.32,38.8,0.85,0.0
1992-04-07,9510,823.67,0.0,3673.67,38.63,1.57,0.0
1992-04-08,9510,805.58,0.0,3655.58,38.44,1.29,0.0
1992-04-09,9510,787.56,0.0,3637.56,38.25,0.97,0.0
1992-04-10,9510,774.11,0.0,3624.11,38.11,0.82,0.0
1992-04-11,9510,762.18,0.0,3612.18,37.98,2.11,0.0
1992-04-12,9510,754.75,0.0,3604.75,37.9,0.42,0.0
1992-04-13,9510,744.36,0.0,3594.36,37.8,2.16,0.0
1992-04-14,9510,734.0,0.0,3584.0,37.69,2.17,0.0
1992-04-15,9510,720.72,0.0,3570.72,37.55,1.3,0.0
1992-04-16,9510,701.63,0.0,3551.63,37.35,2.29,0.0
1992-04-17,9510,681.16,0.0,3531.16,37.13,1.72,0.0
1992-04-18,9510,666.62,0.0,3516.62,36.98,1.21,0.0
1992-04-19,9510,657.92,0.0,3507.92,36.89,1.45,0.0
1992-04-20,9510,642.02,0.0,3492.02,36.72,2.89,0.0
1992-04-21,9510,626.19,0.0,3476.19,36.55,2.19,0.0
1992-04-22,9510,609.0,0.0,3459.0,36.37,3.13,0.0
1992-04-23,9510,591.89,0.0,3441.89,36.19,0.55,0.0
1992-04-24,9510,572.04,0.0,3422.04,35.98,1.53,0.0
1992-04-25,9510,559.34,0.0,3409.34,35.85,1.42,0.0
1992-04-26,9510,549.49,0.0,3399.49,35.75,1.08,0.0
1992-04-27,9510,531.28,0.0,3381.28,35.55,0.18,0.0
1992-04-28,9510,514.56,0.0,3364.56,35.38,2.64,0.0
1992-04-29,9510,496.54,0.0,3346.54,35.19,0.9,0.0
1992-04-30,9510,480.0,0.0,3330.0,35.02,0.45,0.0
1992-05-01,9510,467.65,0.0,3317.65,34.89,2.08,0.0
1992-05-02,9510,452.62,0.0,3302.62,34.73,2.98,0.0
1992-05-03,9510,441.73,0.0,3291.73,34.61,2.92,0.0
1992-05-04,9510,421.43,0.0,3271.43,34.4,6.24,0.0
1992-05-05,9510,409.31,0.0,3259.31,34.27,0.53,0.0
1992-05-06,9510,390.56,0.0,3240.56,34.08,1.93,0.0
1992-05-07,9510,377.24,0.0,3227.24,33.94,0.82,0.0
1992-05-08,9510,361.34,0.0,3211.34,33.77,2.22,0.0
1992-05-09,9510,349.47,0.0,3199.47,33.64,1.16,0.0
1992-05-10,9510,342.9,0.0,3192.9,33.57,1.1,0.0
1992-05-11,9510,332.41,0.0,3182.41,33.46,2.06,0.0
1992-05-12,9510,320.67,0.0,3170.67,33.34,1.36,0.0
1992-05-13,9510,308.97,0.0,3158.97,33.22,1.03,0.0
1992-05-14,9510,302.5,0.0,3152.5,33.15,0.0,0.0
1992-05-15,9510,293.46,0.0,3143.46,33.05,1.9,0.0
1992-05-16,9510,284.45,0.0,3134.45,32.96,2.79,0.0
1992-05-17,9510,278.03,0.0,3128.03,32.89,0.83,0.0
1992-05-18,9510,269.08,0.0,3119.08,32.8,0.19,0.0
1992-05-19,9510,258.88,0.0,3108.88,32.69,2.85,0.0
1992-05-20,9510,252.53,0.0,3102.53,32.62,2.23,0.0
1992-05-21,9510,243.46,0.0,3093.46,32.53,2.78,0.0
1992-05-22,9510,235.64,0.0,3085.64,32.45,1.21,0.0
1992-05-23,9510,230.44,0.0,3080.44,32.39,2.39,0.0
1992-05-24,9510,225.25,0.0,3075.25,32.34,2.51,0.0
1992-05-25,9510,220.06,0.0,3070.06,32.28,0.32,0.0
1992-05-26,9510,214.89,0.0,3064.89,32.23,2.57,0.0
1992-05-27,9510,208.44,0.0,3058.44,32.16,2.17,0.0
1992-05-28,9510,203.29,0.0,3053.29,32.11,0.92,0.0
1992-05-29,9510,196.87,0.0,3046.87,32.04,2.51,0.0
1992-05-30,9510,195.58,0.0,3045.58,32.03,1.56,0.0
1992-05-31,9510,193.02,0.0,3043.02,32.0,3.35,0.0
1992-06-01,9510,182.79,0.0,3032.79,31.89,1.02,0.0
1992-06-02,9510,176.41,0.0,3026.41,31.82,1.04,0.0
1992-06-03,9510,171.32,0.0,3021.32,31.77,0.89,0.0
1992-06-04,9510,167.51,0.0,3017.51,31.73,1.49,0.0
1992-06-05,9510,162.44,0.0,3012.44,31.68,2.0,0.0
1992-06-06,9510,161.17,0.0,3011.17,31.66,1.19,0.0
1992-06-07,9510,159.91,0.0,3009.91,31.65,2.91,0.0
1992-06-08,9510,154.85,0.0,3004.85,31.6,2.1,0.0
1992-06-09,9510,159.91,0.0,3009.91,31.65,1.68,0.0
1992-06-10,9510,161.17,0.0,3011.17,31.66,10.26,0.0
1992-06-11,9510,164.98,0.0,3014.98,31.7,1.86,0.0
1992-06-12,9510,167.51,0.0,3017.51,31.73,4.81,0.0
1992-06-13,9510,164.98,0.0,3014.98,31.7,6.07,0.0
1992-06-14,9510,167.51,0.0,3017.51,31.73,4.18,0.0
1992-06-15,9510,170.05,0.0,3020.05,31.76,5.95,0.0
1992-06-16,9510,170.05,0.0,3020.05,31.76,6.46,0.0
1992-06-17,9510,171.32,0.0,3021.32,31.77,3.5,0.0
1992-06-18,9510,172.6,0.0,3022.6,31.78,4.7,0.0
1992-06-19,9510,171.32,0.0,3021.32,31.77,3.71,0.0
1992-06-20,9510,170.05,0.0,3020.05,31.76,2.24,0.0
1992-06-21,9510,170.05,0.0,3020.05,31.76,1.66,0.0
1992-06-22,9510,168.78,0.0,3018.78,31.74,2.79,0.0
1992-06-23,9510,164.98,0.0,3014.98,31.7,4.27,0.0
1992-06-24,9510,161.17,0.0,3011.17,31.66,1.39,0.0
1992-06-25,9510,158.64,0.0,3008.64,31.64,1.16,0.0
1992-06-26,9510,154.85,0.0,3004.85,31.6,2.34,0.0
1992-06-27,9510,151.06,0.0,3001.06,31.56,1.67,0.0
1992-06-28,9510,149.8,0.0,2999.8,31.54,1.49,0.0
1992-06-29,9510,147.28,0.0,2997.28,31.52,0.96,0.0
1992-06-30,9510,147.28,0.0,2997.28,31.52,1.92,0.0
1992-07-01,9510,142.24,0.0,2992.24,31.46,4.42,0.0
1992-07-02,9510,138.47,0.0,2988.47,31.42,0.0,0.0
1992-07-03,9510,130.94,0.0,2980.94,31.35,2.51,0.0
1992-07-04,9510,124.69,0.0,2974.69,31.28,2.41,0.0
1992-07-05,9510,122.19,0.0,2972.19,31.25,0.0,0.0
1992-07-06,9510,117.2,0.0,2967.2,31.2,0.0,0.0
1992-07-07,9510,110.97,0.0,2960.97,31.14,6.98,0.0
1992-07-08,9510,106.0,0.0,2956.0,31.08,1.92,0.0
1992-07-09,9510,103.52,0.0,2953.52,31.06,1.17,0.0
1992-07-10,9510,104.76,0.0,2954.76,31.07,0.0,0.0
1992-07-11,9510,108.49,0.0,2958.49,31.11,2.56,0.0
1992-07-12,9510,112.22,0.0,2962.22,31.15,4.72,0.0
1992-07-13,9510,118.44,0.0,2968.44,31.21,5.87,0.0
1992-07-14,9510,122.19,0.0,2972.19,31.25,8.3,0.0
1992-07-15,9510,124.69,0.0,2974.69,31.28,6.55,0.0
1992-07-16,9510,132.2,0.0,2982.2,31.36,4.17,0.0
1992-07-17,9510,143.5,0.0,2993.5,31.48,13.44,0.0
1992-07-18,9510,147.28,0.0,2997.28,31.52,14.95,0.0
1992-07-19,9510,149.8,0.0,2999.8,31.54,7.04,0.0
1992-07-20,9510,151.06,0.0,3001.06,31.56,5.1,0.0
1992-07-21,9510,149.8,0.0,2999.8,31.54,6.21,0.0
1992-07-22,9510,148.54,0.0,2998.54,31.53,3.46,0.0
1992-07-23,9510,162.44,0.0,3012.44,31.68,4.45,0.0
1992-07-24,9510,231.74,0.0,3081.74,32.41,19.24,0.0
1992-07-25,9510,269.08,0.0,3119.08,32.8,74.45,0.0
1992-07-26,9510,293.46,0.0,3143.46,33.05,40.53,0.0
1992-07-27,9510,312.87,0.0,3162.87,33.26,26.57,0.0
1992-07-28,9510,336.34,0.0,3186.34,33.51,25.71,0.0
1992-07-29,9510,361.34,0.0,3211.34,33.77,29.71,0.0
1992-07-30,9510,395.91,0.0,3245.91,34.13,31.29,0.0
1992-07-31,9510,425.48,0.0,3275.48,34.44,37.19,0.0
1992-08-01,9510,458.07,0.0,3308.07,34.79,31.47,0.0
1992-08-02,9510,491.02,0.0,3341.02,35.13,33.44,0.0
1992-08-03,9510,525.7,0.0,3375.7,35.5,34.39,0.0
1992-08-04,9510,543.88,0.0,3393.88,35.69,36.93,0.0
1992-08-05,9510,576.28,0.0,3426.28,36.03,22.14,0.0
1992-08-06,9510,599.01,0.0,3449.01,36.27,35.76,0.0
1992-08-07,9510,617.58,0.0,3467.58,36.46,26.04,0.0
1992-08-08,9510,670.98,0.0,3520.98,37.02,19.51,0.0
1992-08-09,9510,701.63,0.0,3551.63,37.35,55.69,0.0
1992-08-10,9510,726.62,0.0,3576.62,37.61,31.66,0.0
1992-08-11,9510,745.84,0.0,3595.84,37.81,27.37,0.0
1992-08-12,9510,763.67,0.0,3613.67,38.0,20.84,0.0
1992-08-13,9510,786.07,0.0,3636.07,38.23,18.31,0.0
1992-08-14,9510,804.07,0.0,3654.07,38.42,23.74,0.0
1992-08-15,9510,822.16,0.0,3672.16,38.61,19.18,0.0
1992-08-16,9510,840.32,0.0,3690.32,38.8,18.73,0.0
1992-08-17,9510,850.95,0.0,3700.95,38.92,18.65,0.0
1992-08-18,9510,864.66,0.0,3714.66,39.06,12.2,0.0
1992-08-19,9510,876.88,0.0,3726.88,39.19,14.58,0.0
1992-08-20,9510,887.61,0.0,3737.61,39.3,13.37,0.0
1992-08-21,9510,898.36,0.0,3748.36,39.41,0.37,0.0
1992-08-22,9510,902.97,0.0,3752.97,39.46,11.96,0.0
1992-08-23,9510,912.21,0.0,3762.21,39.56,5.61,0.0
1992-08-24,9510,924.57,0.0,3774.57,39.69,9.74,0.0
1992-08-25,9510,943.17,0.0,3793.17,39.89,13.22,0.0
1992-08-26,9510,960.28,0.0,3810.28,40.07,19.09,0.0
1992-08-27,9510,983.72,0.0,3833.72,40.31,17.83,0.0
1992-08-28,9510,1004.13,0.0,3854.13,40.53,23.94,0.0
1992-08-29,9510,1026.21,0.0,3876.21,40.76,20.91,0.0
1992-08-30,9510,1056.34,0.0,3906.34,41.08,22.58,0.0
1992-08-31,9510,1078.66,0.0,3928.66,41.31,30.63,0.0
1992-09-01,9510,1104.29,0.0,3954.29,41.58,23.83,0.0
1992-09-02,9510,1125.21,0.0,3975.21,41.8,27.65,0.0
1992-09-03,9510,1144.59,0.0,3994.59,42.0,21.77,0.0
1992-09-04,9510,1162.43,0.0,4012.43,42.19,20.27,0.0
1992-09-05,9510,1183.59,0.0,4033.59,42.41,18.83,0.0
1992-09-06,9510,1201.56,0.0,4051.56,42.6,22.29,0.0
1992-09-07,9510,1224.51,0.0,4074.51,42.84,18.93,0.0
1992-09-08,9510,1252.52,0.0,4102.52,43.14,26.27,0.0
1992-09-09,9510,1269.06,0.0,4119.06,43.31,29.46,0.0
1992-09-10,9510,1285.65,0.0,4135.65,43.49,17.43,0.0
1992-09-11,9510,1315.64,0.0,4165.64,43.8,17.49,0.0
1992-09-12,9510,1337.39,0.0,4187.39,44.03,31.31,0.0
1992-09-13,9510,1359.23,0.0,4209.23,44.26,22.3,0.0
1992-09-14,9510,1372.71,0.0,4222.71,44.4,22.38,0.0
1992-09-15,9510,1387.91,0.0,4237.91,44.56,17.95,0.0
1992-09-16,9510,1401.45,0.0,4251.45,44.71,20.21,0.0
1992-09-17,9510,1416.72,0.0,4266.72,44.87,18.79,0.0
1992-09-18,9510,1437.15,0.0,4287.15,45.08,19.58,0.0
1992-09-19,9510,1461.06,0.0,4311.06,45.33,26.05,0.0
1992-09-20,9510,1490.23,0.0,4340.23,45.64,34.1,0.0
1992-09-21,9510,1517.8,0.0,4367.8,45.93,36.18,0.0
1992-09-22,9510,1543.76,0.0,4393.76,46.2,29.55,0.0
1992-09-23,9510,1575.05,0.0,4425.05,46.53,28.9,0.0
1992-09-24,9510,1606.48,0.0,4456.48,46.86,34.75,0.0
1992-09-25,9510,1634.55,0.0,4484.55,47.16,33.08,0.0
1992-09-26,9510,1659.21,0.0,4509.21,47.42,29.87,0.0
1992-09-27,9510,1680.41,0.0,4530.41,47.64,25.56,0.0
1992-09-28,9510,1701.68,0.0,4551.68,47.86,21.77,0.0
1992-09-29,9510,1719.46,0.0,4569.46,48.05,22.09,0.0
1992-09-30,9510,1746.2,0.0,4596.2,48.33,18.96,0.0
1992-10-01,9510,1769.46,0.0,4619.46,48.57,27.72,0.0
1992-10-02,9510,1785.61,0.0,4635.61,48.74,27.87,0.0
1992-10-03,9510,1800.0,0.0,4650.0,48.9,20.66,0.0
1992-10-04,9510,1818.01,0.0,4668.01,49.09,15.19,0.0
1992-10-05,9510,1834.27,0.0,4684.27,49.26,18.59,0.0
1992-10-06,9510,1845.13,0.0,4695.13,49.37,19.48,0.0
1992-10-07,9510,1866.89,0.0,4716.89,49.6,11.51,0.0
1992-10-08,9510,1881.43,0.0,4731.43,49.75,23.44,0.0
1992-10-09,9510,1897.82,0.0,4747.82,49.92,16.22,0.0
1992-10-10,9510,1906.94,0.0,4756.94,50.02,17.36,0.0
1992-10-11,9510,1917.9,0.0,4767.9,50.14,10.0,0.0
1992-10-12,9510,1928.88,0.0,4778.88,50.25,11.54,0.0
1992-10-13,9510,1941.71,0.0,4791.71,50.39,11.8,0.0
1992-10-14,9510,1952.72,0.0,4802.72,50.5,14.03,0.0
1992-10-15,9510,1963.74,0.0,4813.74,50.62,11.76,0.0
1992-10-16,9510,1974.78,0.0,4824.78,50.73,12.42,0.0
1992-10-17,9510,1985.84,0.0,4835.84,50.85,12.11,0.0
1992-10-18,9510,2000.61,0.0,4850.61,51.01,11.87,0.0
1992-10-19,9510,2022.81,0.0,4872.81,51.24,15.35,0.0
1992-10-20,9510,2046.92,0.0,4896.92,51.49,23.03,0.0
1992-10-21,9510,2056.22,0.0,4906.22,51.59,24.94,0.0
1992-10-22,9510,2065.53,0.0,4915.53,51.69,10.23,0.0
1992-10-23,9510,2080.44,0.0,4930.44,51.84,10.57,0.0
1992-10-24,9510,2091.64,0.0,4941.64,51.96,15.5,0.0
1992-10-25,9510,2100.99,0.0,4950.99,52.06,11.96,0.0
1992-10-26,9510,2108.47,0.0,4958.47,52.14,9.94,0.0
1992-10-27,9510,2117.84,0.0,4967.84,52.24,8.37,0.0
1992-10-28,9510,2119.71,0.0,4969.71,52.26,12.06,0.0
1992-10-29,9510,2125.33,0.0,4975.33,52.32,8.48,0.0
1992-10-30,9510,2127.21,0.0,4977.21,52.34,9.96,0.0
1992-10-31,9510,2129.09,0.0,4979.09,52.36,8.73,0.0
1992-11-01,9510,2136.6,0.0,4986.6,52.44,5.18,0.0
1992-11-02,9510,2142.23,0.0,4992.23,52.49,8.45,0.0
1992-11-03,9510,2144.11,0.0,4994.11,52.51,8.18,0.0
1992-11-04,9510,2147.87,0.0,4997.87,52.55,4.91,0.0
1992-11-05,9510,2151.64,0.0,5001.64,52.59,7.94,0.0
1992-11-06,9510,2144.11,0.0,4994.11,52.51,9.54,0.0
1992-11-07,9510,2140.35,0.0,4990.35,52.47,4.97,0.0
1992-11-08,9510,2144.11,0.0,4994.11,52.51,7.74,0.0
1992-11-09,9510,2147.87,0.0,4997.87,52.55,4.61,0.0
1992-11-10,9510,2144.11,0.0,4994.11,52.51,8.09,0.0
1992-11-11,9510,2144.11,0.0,4994.11,52.51,1.37,0.0
1992-11-12,9510,2144.11,0.0,4994.11,52.51,4.49,0.0
1992-11-13,9510,2145.99,0.0,4995.99,52.53,4.56,0.0
1992-11-14,9510,2144.11,0.0,4994.11,52.51,8.33,0.0
1992-11-15,9510,2145.99,0.0,4995.99,52.53,2.23,0.0
1992-11-16,9510,2147.87,0.0,4997.87,52.55,3.51,0.0
1992-11-17,9510,2144.11,0.0,4994.11,52.51,13.09,0.0
1992-11-18,9510,2134.72,0.0,4984.72,52.42,6.84,0.0
1992-11-19,9510,2127.21,0.0,4977.21,52.34,0.02,0.0
1992-11-20,9510,2123.46,0.0,4973.46,52.3,9.32,0.0
1992-11-21,9510,2121.58,0.0,4971.58,52.28,4.2,0.0
1992-11-22,9510,2121.58,0.0,4971.58,52.28,2.77,0.0
1992-11-23,9510,2119.71,0.0,4969.71,52.26,4.92,0.0
1992-11-24,9510,2115.96,0.0,4965.96,52.22,9.7,0.0
1992-11-25,9510,2110.34,0.0,4960.34,52.16,7.97,0.0
1992-11-26,9510,2106.6,0.0,4956.6,52.12,5.43,0.0
1992-11-27,9510,2099.12,0.0,4949.12,52.04,7.86,0.0
1992-11-28,9510,2089.77,0.0,4939.77,51.94,3.64,0.0
1992-11-29,9510,2084.17,0.0,4934.17,51.88,0.0,0.0
1992-11-30,9510,2076.71,0.0,4926.71,51.81,2.37,0.0
1992-12-01,9510,2061.8,0.0,4911.8,51.65,9.46,0.0
1992-12-02,9510,2048.78,0.0,4898.78,51.51,1.25,0.0
1992-12-03,9510,2035.78,0.0,4885.78,51.38,4.77,0.0
1992-12-04,9510,2019.1,0.0,4869.1,51.2,3.47,0.0
1992-12-05,9510,2013.55,0.0,4863.55,51.14,0.0,0.0
1992-12-06,9510,2009.85,0.0,4859.85,51.1,0.58,0.0
1992-12-07,9510,2006.15,0.0,4856.15,51.06,1.82,0.0
1992-12-08,9510,1996.91,0.0,4846.91,50.97,10.02,0.0
1992-12-09,9510,1991.37,0.0,4841.37,50.91,4.32,0.0
1992-12-10,9510,1985.84,0.0,4835.84,50.85,3.29,0.0
1992-12-11,9510,1978.47,0.0,4828.47,50.77,5.56,0.0
1992-12-12,9510,1969.26,0.0,4819.26,50.68,8.79,0.0
1992-12-13,9510,1963.74,0.0,4813.74,50.62,0.0,0.0
1992-12-14,9510,1958.23,0.0,4808.23,50.56,0.0,0.0
1992-12-15,9510,1954.55,0.0,4804.55,50.52,2.17,0.0
1992-12-16,9510,1952.72,0.0,4802.72,50.5,5.0,0.0
1992-12-17,9510,1950.88,0.0,4800.88,50.48,2.79,0.0
1992-12-18,9510,1950.88,0.0,4800.88,50.48,2.99,0.0
1992-12-19,9510,1950.88,0.0,4800.88,50.48,5.62,0.0
1992-12-20,9510,1950.88,0.0,4800.88,50.48,2.93,0.0
1992-12-21,9510,1950.88,0.0,4800.88,50.48,1.12,0.0
1992-12-22,9510,1945.37,0.0,4795.37,50.42,5.84,0.0
1992-12-23,9510,1943.54,0.0,4793.54,50.41,2.39,0.0
1992-12-24,9510,1949.04,0.0,4799.04,50.46,1.91,0.0
1992-12-25,9510,1952.72,0.0,4802.72,50.5,11.09,0.0
1992-12-26,9510,1972.94,0.0,4822.94,50.71,4.26,0.0
1992-12-27,9510,1985.84,0.0,4835.84,50.85,21.54,0.0
1992-12-28,9510,1989.53,0.0,4839.53,50.89,14.35,0.0
1992-12-29,9510,1989.53,0.0,4839.53,50.89,9.28,0.0
1992-12-30,9510,1991.37,0.0,4841.37,50.91,4.33,0.0
1992-12-31,9510,1995.06,0.0,4845.06,50.95,4.21,0.0
1993-01-01,9510,1996.91,0.0,4846.91,50.97,7.04,0.0
1993-01-02,9510,1995.06,0.0,4845.06,50.95,2.2,0.0
1993-01-03,9510,1995.06,0.0,4845.06,50.95,3.92,0.0
1993-01-04,9510,1995.06,0.0,4845.06,50.95,3.73,0.0
1993-01-05,9510,1991.37,0.0,4841.37,50.91,0.27,0.0
1993-01-06,9510,1991.37,0.0,4841.37,50.91,2.68,0.0
1993-01-07,9510,1993.22,0.0,4843.22,50.93,6.04,0.0
1993-01-08,9510,1991.37,0.0,4841.37,50.91,3.88,0.0
1993-01-09,9510,1989.53,0.0,4839.53,50.89,3.3,0.0
1993-01-10,9510,1989.53,0.0,4839.53,50.89,0.72,0.0
1993-01-11,9510,1985.84,0.0,4835.84,50.85,7.48,0.0
1993-01-12,9510,1982.15,0.0,4832.15,50.81,3.67,0.0
1993-01-13,9510,1978.47,0.0,4828.47,50.77,1.37,0.0
1993-01-14,9510,1974.78,0.0,4824.78,50.73,1.84,0.0
1993-01-15,9510,1971.1,0.0,4821.1,50.7,1.02,0.0
1993-01-16,9510,1967.42,0.0,4817.42,50.66,2.46,0.0
1993-01-17,9510,1967.42,0.0,4817.42,50.66,0.94,0.0
1993-01-18,9510,1965.58,0.0,4815.58,50.64,3.91,0.0
1993-01-19,9510,1958.23,0.0,4808.23,50.56,1.29,0.0
1993-01-20,9510,1954.55,0.0,4804.55,50.52,7.05,0.0
1993-01-21,9510,1949.04,0.0,4799.04,50.46,2.33,0.0
1993-01-22,9510,1947.21,0.0,4797.21,50.44,1.62,0.0
1993-01-23,9510,1945.37,0.0,4795.37,50.42,1.91,0.0
1993-01-24,9510,1943.54,0.0,4793.54,50.41,2.58,0.0
1993-01-25,9510,1941.71,0.0,4791.71,50.39,3.45,0.0
1993-01-26,9510,1934.37,0.0,4784.37,50.31,0.71,0.0
1993-01-27,9510,1930.71,0.0,4780.71,50.27,2.58,0.0
1993-01-28,9510,1927.05,0.0,4777.05,50.23,3.29,0.0
1993-01-29,9510,1925.22,0.0,4775.22,50.21,5.88,0.0
1993-01-30,9510,1921.56,0.0,4771.56,50.17,2.26,0.0
1993-01-31,9510,1919.73,0.0,4769.73,50.15,2.24,0.0
1993-02-01,9510,1908.77,0.0,4758.77,50.04,0.0,0.0
1993-02-02,9510,1897.82,0.0,4747.82,49.92,0.0,0.0
1993-02-03,9510,1886.89,0.0,4736.89,49.81,0.51,0.0
1993-02-04,9510,1877.79,0.0,4727.79,49.71,1.68,0.0
1993-02-05,9510,1866.89,0.0,4716.89,49.6,0.61,0.0
1993-02-06,9510,1865.07,0.0,4715.07,49.58,2.96,0.0
1993-02-07,9510,1861.44,0.0,4711.44,49.54,1.26,0.0
1993-02-08,9510,1854.18,0.0,4704.18,49.47,4.25,0.0
1993-02-09,9510,1839.7,0.0,4689.7,49.31,1.48,0.0
1993-02-10,9510,1823.43,0.0,4673.43,49.14,4.66,0.0
1993-02-11,9510,1805.4,0.0,4655.4,48.95,1.66,0.0
1993-02-12,9510,1794.6,0.0,4644.6,48.84,0.08,0.0
1993-02-13,9510,1791.0,0.0,4641.0,48.8,1.94,0.0
1993-02-14,9510,1787.41,0.0,4637.41,48.76,2.1,0.0
1993-02-15,9510,1780.22,0.0,4630.22,48.69,3.78,0.0
1993-02-16,9510,1773.05,0.0,4623.05,48.61,4.21,0.0
1993-02-17,9510,1762.3,0.0,4612.3,48.5,1.15,0.0
1993-02-18,9510,1749.78,0.0,4599.78,48.37,1.14,0.0
1993-02-19,9510,1739.06,0.0,4589.06,48.26,1.07,0.0
1993-02-20,9510,1731.93,0.0,4581.93,48.18,0.0,0.0
1993-02-21,9510,1728.36,0.0,4578.36,48.14,1.78,0.0
1993-02-22,9510,1715.9,0.0,4565.9,48.01,2.44,0.0
1993-02-23,9510,1703.46,0.0,4553.46,47.88,3.0,0.0
1993-02-24,9510,1687.5,0.0,4537.5,47.71,0.29,0.0
1993-02-25,9510,1675.11,0.0,4525.11,47.58,2.36,0.0
1993-02-26,9510,1664.5,0.0,4514.5,47.47,3.71,0.0
1993-02-27,9510,1657.44,0.0,4507.44,47.4,1.37,0.0
1993-02-28,9510,1652.16,0.0,4502.16,47.34,0.44,0.0
1993-03-01,9510,1639.83,0.0,4489.83,47.21,0.44,0.0
1993-03-02,9510,1627.52,0.0,4477.52,47.08,1.92,0.0
1993-03-03,9510,1617.0,0.0,4467.0,46.97,1.58,0.0
1993-03-04,9510,1604.73,0.0,4454.73,46.84,3.05,0.0
1993-03-05,9510,1592.49,0.0,4442.49,46.71,1.96,0.0
1993-03-06,9510,1571.56,0.0,4421.56,46.49,0.67,0.0
1993-03-07,9510,1568.08,0.0,4418.08,46.46,0.34,0.0
1993-03-08,9510,1555.91,0.0,4405.91,46.33,1.73,0.0
1993-03-09,9510,1542.03,0.0,4392.03,46.18,1.94,0.0
1993-03-10,9510,1529.9,0.0,4379.9,46.06,1.99,0.0
1993-03-11,9510,1519.53,0.0,4369.53,45.95,2.14,0.0
1993-03-12,9510,1509.17,0.0,4359.17,45.84,3.68,0.0
1993-03-13,9510,1502.28,0.0,4352.28,45.77,3.11,0.0
1993-03-14,9510,1498.83,0.0,4348.83,45.73,3.09,0.0
1993-03-15,9510,1490.23,0.0,4340.23,45.64,1.22,0.0
1993-03-16,9510,1474.77,0.0,4324.77,45.48,8.51,0.0
1993-03-17,9510,1462.78,0.0,4312.78,45.35,2.17,0.0
1993-03-18,9510,1445.68,0.0,4295.68,45.17,3.73,0.0
1993-03-19,9510,1430.33,0.0,4280.33,45.01,3.31,0.0
1993-03-20,9510,1420.12,0.0,4270.12,44.9,3.08,0.0
1993-03-21,9510,1418.42,0.0,4268.42,44.88,1.5,0.0
1993-03-22,9510,1408.23,0.0,4258.23,44.78,7.36,0.0
1993-03-23,9510,1396.37,0.0,4246.37,44.65,2.45,0.0
1993-03-24,9510,1386.22,0.0,4236.22,44.54,1.62,0.0
1993-03-25,9510,1374.39,0.0,4224.39,44.42,3.18,0.0
1993-03-26,9510,1360.91,0.0,4210.91,44.28,2.04,0.0
1993-03-27,9510,1349.14,0.0,4199.14,44.15,0.04,0.0
1993-03-28,9510,1340.75,0.0,4190.75,44.07,3.59,0.0
1993-03-29,9510,1323.99,0.0,4173.99,43.89,0.82,0.0
1993-03-30,9510,1307.29,0.0,4157.29,43.71,1.61,0.0
1993-03-31,9510,1290.64,0.0,4140.64,43.54,0.41,0.0
1993-04-01,9510,1274.03,0.0,4124.03,43.37,1.4,0.0
1993-04-02,9510,1257.48,0.0,4107.48,43.19,0.35,0.0
1993-04-03,9510,1244.27,0.0,4094.27,43.05,1.33,0.0
1993-04-04,9510,1236.03,0.0,4086.03,42.97,1.12,0.0
1993-04-05,9510,1224.51,0.0,4074.51,42.84,0.45,0.0
1993-04-06,9510,1221.23,0.0,4071.23,42.81,5.96,0.0
1993-04-07,9510,1199.92,0.0,4049.92,42.59,1.53,0.0
1993-04-08,9510,1188.48,0.0,4038.48,42.47,3.25,0.0
1993-04-09,9510,1180.33,0.0,4030.33,42.38,4.22,0.0
1993-04-10,9510,1170.56,0.0,4020.56,42.28,6.12,0.0
1993-04-11,9510,1167.3,0.0,4017.3,42.24,1.75,0.0
1993-04-12,9510,1157.56,0.0,4007.56,42.14,2.74,0.0
1993-04-13,9510,1149.45,0.0,3999.45,42.06,2.13,0.0
1993-04-14,9510,1139.74,0.0,3989.74,41.95,2.8,0.0
1993-04-15,9510,1126.82,0.0,3976.82,41.82,1.83,0.0
1993-04-16,9510,1109.11,0.0,3959.11,41.63,5.63,0.0
1993-04-17,9510,1101.07,0.0,3951.07,41.55,0.38,0.0
1993-04-18,9510,1096.26,0.0,3946.26,41.5,1.05,0.0
1993-04-19,9510,1081.85,0.0,3931.85,41.34,1.75,0.0
1993-04-20,9510,1062.7,0.0,3912.7,41.14,4.08,0.0
1993-04-21,9510,1043.63,0.0,3893.63,40.94,0.24,0.0
1993-04-22,9510,1029.37,0.0,3879.37,40.79,0.14,0.0
1993-04-23,9510,1018.31,0.0,3868.31,40.68,0.13,0.0
1993-04-24,9510,1007.28,0.0,3857.28,40.56,1.78,0.0
1993-04-25,9510,1005.7,0.0,3855.7,40.54,3.18,0.0
1993-04-26,9510,989.99,0.0,3839.99,40.38,3.56,0.0
1993-04-27,9510,974.33,0.0,3824.33,40.21,4.79,0.0
1993-04-28,9510,955.61,0.0,3805.61,40.02,3.0,0.0
1993-04-29,9510,935.41,0.0,3785.41,39.8,2.56,0.0
1993-04-30,9510,915.3,0.0,3765.3,39.59,1.68,0.0
1993-05-01,9510,910.67,0.0,3760.67,39.54,0.22,0.0
1993-05-02,9510,904.51,0.0,3754.51,39.48,1.22,0.0
1993-05-03,9510,886.07,0.0,3736.07,39.29,1.09,0.0
1993-05-04,9510,867.71,0.0,3717.71,39.09,0.94,0.0
1993-05-05,9510,852.47,0.0,3702.47,38.93,6.1,0.0
1993-05-06,9510,823.67,0.0,3673.67,38.63,2.66,0.0
1993-05-07,9510,799.56,0.0,3649.56,38.38,0.07,0.0
1993-05-08,9510,784.57,0.0,3634.57,38.22,4.17,0.0
1993-05-09,9510,783.07,0.0,3633.07,38.2,4.16,0.0
1993-05-10,9510,766.65,0.0,3616.65,38.03,2.87,0.0
1993-05-11,9510,748.81,0.0,3598.81,37.84,2.51,0.0
1993-05-12,9510,734.0,0.0,3584.0,37.69,0.07,0.0
1993-05-13,9510,723.67,0.0,3573.67,37.58,0.91,0.0
1993-05-14,9510,711.9,0.0,3561.9,37.45,1.76,0.0
1993-05-15,9510,704.56,0.0,3554.56,37.38,1.66,0.0
1993-05-16,9510,703.09,0.0,3553.09,37.36,2.06,0.0
1993-05-17,9510,694.31,0.0,3544.31,37.27,2.88,0.0
1993-05-18,9510,685.54,0.0,3535.54,37.18,6.1,0.0
1993-05-19,9510,681.16,0.0,3531.16,37.13,0.81,0.0
1993-05-20,9510,676.79,0.0,3526.79,37.09,2.33,0.0
1993-05-21,9510,668.07,0.0,3518.07,36.99,4.24,0.0
1993-05-22,9510,665.17,0.0,3515.17,36.96,3.4,0.0
1993-05-23,9510,670.98,0.0,3520.98,37.02,3.61,0.0
1993-05-24,9510,665.17,0.0,3515.17,36.96,11.49,0.0
1993-05-25,9510,662.26,0.0,3512.26,36.93,4.85,0.0
1993-05-26,9510,659.36,0.0,3509.36,36.9,5.42,0.0
1993-05-27,9510,655.02,0.0,3505.02,36.86,4.79,0.0
1993-05-28,9510,647.79,0.0,3497.79,36.78,6.18,0.0
1993-05-29,9510,647.79,0.0,3497.79,36.78,4.68,0.0
1993-05-30,9510,660.81,0.0,3510.81,36.92,7.18,0.0
1993-05-31,9510,660.81,0.0,3510.81,36.92,17.4,0.0
1993-06-01,9510,663.71,0.0,3513.71,36.95,7.9,0.0
1993-06-02,9510,662.26,0.0,3512.26,36.93,8.86,0.0
1993-06-03,9510,653.57,0.0,3503.57,36.84,4.42,0.0
1993-06-04,9510,653.57,0.0,3503.57,36.84,4.07,0.0
1993-06-05,9510,655.02,0.0,3505.02,36.86,3.72,0.0
1993-06-06,9510,659.36,0.0,3509.36,36.9,6.46,0.0
1993-06-07,9510,656.47,0.0,3506.47,36.87,7.8,0.0
1993-06-08,9510,650.68,0.0,3500.68,36.81,11.01,0.0
1993-06-09,9510,643.46,0.0,3493.46,36.73,8.49,0.0
1993-06-10,9510,640.57,0.0,3490.57,36.7,7.21,0.0
1993-06-11,9510,642.02,0.0,3492.02,36.72,10.12,0.0
1993-06-12,9510,647.79,0.0,3497.79,36.78,15.16,0.0
1993-06-13,9510,653.57,0.0,3503.57,36.84,10.83,0.0
1993-06-14,9510,649.23,0.0,3499.23,36.8,7.5,0.0
1993-06-15,9510,639.13,0.0,3489.13,36.69,12.85,0.0
1993-06-16,9510,626.19,0.0,3476.19,36.55,7.94,0.0
1993-06-17,9510,607.57,0.0,3457.57,36.36,7.06,0.0
1993-06-18,9510,593.31,0.0,3443.31,36.21,3.02,0.0
1993-06-19,9510,587.63,0.0,3437.63,36.15,4.21,0.0
1993-06-20,9510,586.21,0.0,3436.21,36.13,3.5,0.0
1993-06-21,9510,574.87,0.0,3424.87,36.01,1.94,0.0
1993-06-22,9510,566.39,0.0,3416.39,35.92,4.47,0.0
1993-06-23,9510,549.49,0.0,3399.49,35.75,6.0,0.0
1993-06-24,9510,543.88,0.0,3393.88,35.69,1.59,0.0
1993-06-25,9510,539.67,0.0,3389.67,35.64,1.02,0.0
1993-06-26,9510,536.87,0.0,3386.87,35.61,3.65,0.0
1993-06-27,9510,536.87,0.0,3386.87,35.61,2.97,0.0
1993-06-28,9510,545.28,0.0,3395.28,35.7,1.44,0.0
1993-06-29,9510,546.68,0.0,3396.68,35.72,17.47,0.0
1993-06-30,9510,552.3,0.0,3402.3,35.78,8.94,0.0
1993-07-01,9510,552.3,0.0,3402.3,35.78,11.87,0.0
1993-07-02,9510,559.34,0.0,3409.34,35.85,6.43,0.0
1993-07-03,9510,567.8,0.0,3417.8,35.94,12.88,0.0
1993-07-04,9510,572.04,0.0,3422.04,35.98,12.89,0.0
1993-07-05,9510,574.87,0.0,3424.87,36.01,8.55,0.0
1993-07-06,9510,563.57,0.0,3413.57,35.89,23.38,0.0
1993-07-07,9510,557.93,0.0,3407.93,35.84,9.16,0.0
1993-07-08,9510,552.3,0.0,3402.3,35.78,14.78,0.0
1993-07-09,9510,567.8,0.0,3417.8,35.94,11.11,0.0
1993-07-10,9510,574.87,0.0,3424.87,36.01,32.0,0.0
1993-07-11,9510,583.37,0.0,3433.37,36.1,20.08,0.0
1993-07-12,9510,593.31,0.0,3443.31,36.21,16.84,0.0
1993-07-13,9510,607.57,0.0,3457.57,36.36,26.29,0.0
1993-07-14,9510,653.57,0.0,3503.57,36.84,29.47,0.0
1993-07-15,9510,707.49,0.0,3557.49,37.41,62.2,0.0
1993-07-16,9510,792.06,0.0,3642.06,38.3,68.85,0.0
1993-07-17,9510,855.52,0.0,3705.52,38.96,99.9,0.0
1993-07-18,9510,896.82,0.0,3746.82,39.4,68.25,0.0
1993-07-19,9510,913.76,0.0,3763.76,39.58,46.67,0.0
1993-07-20,9510,913.76,0.0,3763.76,39.58,33.76,0.0
1993-07-21,9510,921.48,0.0,3771.48,39.66,17.26,0.0
1993-07-22,9510,927.66,0.0,3777.66,39.72,25.31,0.0
1993-07-23,9510,926.12,0.0,3776.12,39.71,23.35,0.0
1993-07-24,9510,927.66,0.0,3777.66,39.72,15.73,0.0
1993-07-25,9510,936.96,0.0,3786.96,39.82,12.41,0.0
1993-07-26,9510,943.17,0.0,3793.17,39.89,18.78,0.0
1993-07-27,9510,935.41,0.0,3785.41,39.8,23.2,0.0
1993-07-28,9510,924.57,0.0,3774.57,39.69,12.51,0.0
1993-07-29,9510,915.3,0.0,3765.3,39.59,8.41,0.0
1993-07-30,9510,902.97,0.0,3752.97,39.46,10.48,0.0
1993-07-31,9510,896.82,0.0,3746.82,39.4,6.76,0.0
1993-08-01,9510,892.21,0.0,3742.21,39.35,9.56,0.0
1993-08-02,9510,884.54,0.0,3734.54,39.27,10.86,0.0
1993-08-03,9510,893.75,0.0,3743.75,39.37,6.72,0.0
1993-08-04,9510,896.82,0.0,3746.82,39.4,23.11,0.0
1993-08-05,9510,892.21,0.0,3742.21,39.35,26.97,0.0
1993-08-06,9510,890.68,0.0,3740.68,39.33,18.37,0.0
1993-08-07,9510,887.61,0.0,3737.61,39.3,22.89,0.0
1993-08-08,9510,879.95,0.0,3729.95,39.22,24.71,0.0
1993-08-09,9510,869.24,0.0,3719.24,39.11,21.06,0.0
1993-08-10,9510,861.61,0.0,3711.61,39.03,12.82,0.0
1993-08-11,9510,860.09,0.0,3710.09,39.01,14.49,0.0
1993-08-12,9510,857.04,0.0,3707.04,38.98,19.08,0.0
1993-08-13,9510,854.0,0.0,3704.0,38.95,12.64,0.0
1993-08-14,9510,840.32,0.0,3690.32,38.8,20.15,0.0
1993-08-15,9510,832.74,0.0,3682.74,38.72,8.57,0.0
1993-08-16,9510,825.18,0.0,3675.18,38.65,3.86,0.0
1993-08-17,9510,810.09,0.0,3660.09,38.49,17.87,0.0
1993-08-18,9510,789.06,0.0,3639.06,38.27,12.85,0.0
1993-08-19,9510,772.61,0.0,3622.61,38.09,10.29,0.0
1993-08-20,9510,750.29,0.0,3600.29,37.86,15.88,0.0
1993-08-21,9510,769.63,0.0,3619.63,38.06,10.62,0.0
1993-08-22,9510,798.06,0.0,3648.06,38.36,37.32,0.0
1993-08-23,9510,798.06,0.0,3648.06,38.36,46.22,0.0
1993-08-24,9510,787.56,0.0,3637.56,38.25,26.49,0.0
1993-08-25,9510,787.56,0.0,3637.56,38.25,22.79,0.0
1993-08-26,9510,789.06,0.0,3639.06,38.27,34.54,0.0
1993-08-27,9510,786.07,0.0,3636.07,38.23,33.38,0.0
1993-08-28,9510,780.08,0.0,3630.08,38.17,29.81,0.0
1993-08-29,9510,780.08,0.0,3630.08,38.17,18.06,0.0
1993-08-30,9510,784.57,0.0,3634.57,38.22,23.49,0.0
1993-08-31,9510,789.06,0.0,3639.06,38.27,28.76,0.0
1993-09-01,9510,807.08,0.0,3657.08,38.46,28.34,0.0
1993-09-02,9510,819.14,0.0,3669.14,38.58,38.55,0.0
1993-09-03,9510,825.18,0.0,3675.18,38.65,36.61,0.0
1993-09-04,9510,826.69,0.0,3676.69,38.66,30.34,0.0
1993-09-05,9510,820.65,0.0,3670.65,38.6,26.8,0.0
1993-09-06,9510,816.12,0.0,3666.12,38.55,17.94,0.0
1993-09-07,9510,799.56,0.0,3649.56,38.38,23.37,0.0
1993-09-08,9510,789.06,0.0,3639.06,38.27,15.8,0.0
1993-09-09,9510,786.07,0.0,3636.07,38.23,20.58,0.0
1993-09-10,9510,807.08,0.0,3657.08,38.46,14.68,0.0
1993-09-11,9510,826.69,0.0,3676.69,38.66,29.38,0.0
1993-09-12,9510,850.95,0.0,3700.95,38.92,20.97,0.0
1993-09-13,9510,867.71,0.0,3717.71,39.09,26.94,0.0
1993-09-14,9510,872.3,0.0,3722.3,39.14,26.27,0.0
1993-09-15,9510,889.14,0.0,3739.14,39.32,15.87,0.0
1993-09-16,9510,902.97,0.0,3752.97,39.46,20.3,0.0
1993-09-17,9510,916.84,0.0,3766.84,39.61,14.34,0.0
1993-09-18,9510,944.72,0.0,3794.72,39.9,14.39,0.0
1993-09-19,9510,972.77,0.0,3822.77,40.2,28.39,0.0
1993-09-20,9510,997.84,0.0,3847.84,40.46,28.57,0.0
1993-09-21,9510,1024.63,0.0,3874.63,40.74,25.59,0.0
1993-09-22,9510,1048.39,0.0,3898.39,40.99,27.31,0.0
1993-09-23,9510,1067.48,0.0,3917.48,41.19,24.29,0.0
1993-09-24,9510,1083.45,0.0,3933.45,41.36,19.62,0.0
1993-09-25,9510,1094.66,0.0,3944.66,41.48,16.49,0.0
1993-09-26,9510,1109.11,0.0,3959.11,41.63,12.68,0.0
1993-09-27,9510,1125.21,0.0,3975.21,41.8,14.98,0.0
1993-09-28,9510,1139.74,0.0,3989.74,41.95,16.63,0.0
1993-09-29,9510,1151.07,0.0,4001.07,42.07,15.06,0.0
1993-09-30,9510,1165.68,0.0,4015.68,42.23,11.86,0.0
1993-10-01,9510,1180.33,0.0,4030.33,42.38,15.14,0.0
1993-10-02,9510,1199.92,0.0,4049.92,42.59,15.17,0.0
1993-10-03,9510,1217.94,0.0,4067.94,42.78,20.12,0.0
1993-10-04,9510,1240.97,0.0,4090.97,43.02,18.55,0.0
1993-10-05,9510,1255.82,0.0,4105.82,43.17,23.56,0.0
1993-10-06,9510,1269.06,0.0,4119.06,43.31,15.39,0.0
1993-10-07,9510,1280.67,0.0,4130.67,43.44,14.79,0.0
1993-10-08,9510,1288.97,0.0,4138.97,43.52,13.26,0.0
1993-10-09,9510,1300.62,0.0,4150.62,43.64,8.84,0.0
1993-10-10,9510,1310.63,0.0,4160.63,43.75,13.25,0.0
1993-10-11,9510,1317.31,0.0,4167.31,43.82,10.54,0.0
1993-10-12,9510,1323.99,0.0,4173.99,43.89,9.73,0.0
1993-10-13,9510,1329.01,0.0,4179.01,43.94,9.8,0.0
1993-10-14,9510,1335.71,0.0,4185.71,44.01,8.0,0.0
1993-10-15,9510,1337.39,0.0,4187.39,44.03,15.33,0.0
1993-10-16,9510,1339.07,0.0,4189.07,44.05,5.26,0.0
1993-10-17,9510,1345.78,0.0,4195.78,44.12,5.02,0.0
1993-10-18,9510,1347.46,0.0,4197.46,44.14,10.48,0.0
1993-10-19,9510,1349.14,0.0,4199.14,44.15,8.03,0.0
1993-10-20,9510,1347.46,0.0,4197.46,44.14,10.62,0.0
1993-10-21,9510,1355.86,0.0,4205.86,44.23,3.81,0.0
1993-10-22,9510,1354.18,0.0,4204.18,44.21,14.16,0.0
1993-10-23,9510,1355.86,0.0,4205.86,44.23,4.06,0.0
1993-10-24,9510,1359.23,0.0,4209.23,44.26,7.89,0.0
1993-10-25,9510,1362.59,0.0,4212.59,44.3,8.88,0.0
1993-10-26,9510,1359.23,0.0,4209.23,44.26,10.07,0.0
1993-10-27,9510,1355.86,0.0,4205.86,44.23,6.83,0.0
1993-10-28,9510,1354.18,0.0,4204.18,44.21,5.71,0.0
1993-10-29,9510,1349.14,0.0,4199.14,44.15,7.53,0.0
1993-10-30,9510,1347.46,0.0,4197.46,44.14,5.79,0.0
1993-10-31,9510,1345.78,0.0,4195.78,44.12,5.57,0.0
1993-11-01,9510,1342.42,0.0,4192.42,44.08,6.18,0.0
1993-11-02,9510,1334.04,0.0,4184.04,44.0,9.22,0.0
1993-11-03,9510,1325.67,0.0,4175.67,43.91,4.17,0.0
1993-11-04,9510,1320.65,0.0,4170.65,43.86,2.22,0.0
1993-11-05,9510,1315.64,0.0,4165.64,43.8,6.68,0.0
1993-11-06,9510,1310.63,0.0,4160.63,43.75,6.51,0.0
1993-11-07,9510,1310.63,0.0,4160.63,43.75,2.47,0.0
1993-11-08,9510,1302.29,0.0,4152.29,43.66,5.36,0.0
1993-11-09,9510,1283.99,0.0,4133.99,43.47,13.23,0.0
1993-11-10,9510,1264.09,0.0,4114.09,43.26,2.08,0.0
1993-11-11,9510,1247.57,0.0,4097.57,43.09,0.36,0.0
1993-11-12,9510,1240.97,0.0,4090.97,43.02,3.92,0.0
1993-11-13,9510,1222.87,0.0,4072.87,42.83,14.56,0.0
1993-11-14,9510,1213.02,0.0,4063.02,42.72,1.24,0.0
1993-11-15,9510,1203.19,0.0,4053.19,42.62,0.94,0.0
1993-11-16,9510,1185.22,0.0,4035.22,42.43,8.36,0.0
1993-11-17,9510,1168.93,0.0,4018.93,42.26,0.36,0.0
1993-11-18,9510,1159.18,0.0,4009.18,42.16,0.48,0.0
1993-11-19,9510,1146.21,0.0,3996.21,42.02,4.57,0.0
1993-11-20,9510,1139.74,0.0,3989.74,41.95,4.49,0.0
1993-11-21,9510,1136.51,0.0,3986.51,41.92,0.79,0.0
1993-11-22,9510,1134.89,0.0,3984.89,41.9,5.37,0.0
1993-11-23,9510,1115.54,0.0,3965.54,41.7,17.75,0.0
1993-11-24,9510,1094.66,0.0,3944.66,41.48,2.42,0.0
1993-11-25,9510,1072.27,0.0,3922.27,41.24,0.81,0.0
1993-11-26,9510,1056.34,0.0,3906.34,41.08,1.3,0.0
1993-11-27,9510,1038.87,0.0,3888.87,40.89,6.75,0.0
1993-11-28,9510,1032.54,0.0,3882.54,40.83,1.33,0.0
1993-11-29,9510,1015.16,0.0,3865.16,40.64,1.48,0.0
1993-11-30,9510,1002.56,0.0,3852.56,40.51,0.86,0.0
1993-12-01,9510,997.84,0.0,3847.84,40.46,0.51,0.0
1993-12-02,9510,986.85,0.0,3836.85,40.35,8.74,0.0
1993-12-03,9510,977.46,0.0,3827.46,40.25,3.6,0.0
1993-12-04,9510,969.64,0.0,3819.64,40.16,4.1,0.0
1993-12-05,9510,961.84,0.0,3811.84,40.08,1.31,0.0
1993-12-06,9510,958.72,0.0,3808.72,40.05,0.08,0.0
1993-12-07,9510,954.05,0.0,3804.05,40.0,5.24,0.0
1993-12-08,9510,949.38,0.0,3799.38,39.95,3.61,0.0
1993-12-09,9510,943.17,0.0,3793.17,39.89,3.81,0.0
1993-12-10,9510,936.96,0.0,3786.96,39.82,3.0,0.0
1993-12-11,9510,932.31,0.0,3782.31,39.77,1.33,0.0
1993-12-12,9510,930.76,0.0,3780.76,39.76,1.93,0.0
1993-12-13,9510,927.66,0.0,3777.66,39.72,3.68,0.0
1993-12-14,9510,924.57,0.0,3774.57,39.69,2.95,0.0
1993-12-15,9510,923.02,0.0,3773.02,39.67,1.98,0.0
1993-12-16,9510,921.48,0.0,3771.48,39.66,4.57,0.0
1993-12-17,9510,916.84,0.0,3766.84,39.61,4.09,0.0
1993-12-18,9510,913.76,0.0,3763.76,39.58,1.01,0.0
1993-12-19,9510,910.67,0.0,3760.67,39.54,0.95,0.0
1993-12-20,9510,907.59,0.0,3757.59,39.51,0.49,0.0
1993-12-21,9510,904.51,0.0,3754.51,39.48,2.79,0.0
1993-12-22,9510,901.43,0.0,3751.43,39.45,2.49,0.0
1993-12-23,9510,898.36,0.0,3748.36,39.41,2.76,0.0
1993-12-24,9510,893.75,0.0,3743.75,39.37,3.12,0.0
1993-12-25,9510,890.68,0.0,3740.68,39.33,0.95,0.0
1993-12-26,9510,887.61,0.0,3737.61,39.3,0.96,0.0
1993-12-27,9510,884.54,0.0,3734.54,39.27,0.53,0.0
1993-12-28,9510,881.48,0.0,3731.48,39.24,2.51,0.0
1993-12-29,9510,876.88,0.0,3726.88,39.19,2.89,0.0
1993-12-30,9510,873.83,0.0,3723.83,39.16,0.94,0.0
1993-12-31,9510,872.3,0.0,3722.3,39.14,2.62,0.0
1994-01-01,9510,869.24,0.0,3719.24,39.11,1.13,0.0
1994-01-02,9510,867.71,0.0,3717.71,39.09,2.98,0.0
1994-01-03,9510,866.19,0.0,3716.19,39.08,4.24,0.0
1994-01-04,9510,860.09,0.0,3710.09,39.01,0.22,0.0
1994-01-05,9510,857.04,0.0,3707.04,38.98,3.41,0.0
1994-01-06,9510,855.52,0.0,3705.52,38.96,4.77,0.0
1994-01-07,9510,849.43,0.0,3699.43,38.9,0.22,0.0
1994-01-08,9510,844.88,0.0,3694.88,38.85,0.22,0.0
1994-01-09,9510,841.84,0.0,3691.84,38.82,0.77,0.0
1994-01-10,9510,841.84,0.0,3691.84,38.82,6.45,0.0
1994-01-11,9510,837.29,0.0,3687.29,38.77,1.8,0.0
1994-01-12,9510,832.74,0.0,3682.74,38.72,3.52,0.0
1994-01-13,9510,826.69,0.0,3676.69,38.66,1.04,0.0
1994-01-14,9510,822.16,0.0,3672.16,38.61,1.38,0.0
1994-01-15,9510,820.65,0.0,3670.65,38.6,2.79,0.0
1994-01-16,9510,819.14,0.0,3669.14,38.58,2.97,0.0
1994-01-17,9510,814.61,0.0,3664.61,38.53,2.33,0.0
1994-01-18,9510,810.09,0.0,3660.09,38.49,1.66,0.0
1994-01-19,9510,805.58,0.0,3655.58,38.44,1.91,0.0
1994-01-20,9510,802.57,0.0,3652.57,38.41,3.98,0.0
1994-01-21,9510,796.56,0.0,3646.56,38.34,3.28,0.0
1994-01-22,9510,792.06,0.0,3642.06,38.3,0.12,0.0
1994-01-23,9510,790.56,0.0,3640.56,38.28,2.3,0.0
1994-01-24,9510,786.07,0.0,3636.07,38.23,2.09,0.0
1994-01-25,9510,777.09,0.0,3627.09,38.14,0.0,0.0
1994-01-26,9510,775.6,0.0,3625.6,38.12,5.95,0.0
1994-01-27,9510,768.14,0.0,3618.14,38.05,0.59,0.0
1994-01-28,9510,760.69,0.0,3610.69,37.97,0.4,0.0
1994-01-29,9510,756.23,0.0,3606.23,37.92,1.02,0.0
1994-01-30,9510,751.78,0.0,3601.78,37.87,0.37,0.0
1994-01-31,9510,745.84,0.0,3595.84,37.81,1.67,0.0
1994-02-01,9510,732.52,0.0,3582.52,37.67,2.63,0.0
1994-02-02,9510,716.31,0.0,3566.31,37.5,0.54,0.0
1994-02-03,9510,701.63,0.0,3551.63,37.35,2.28,0.0
1994-02-04,9510,685.54,0.0,3535.54,37.18,0.83,0.0
1994-02-05,9510,678.25,0.0,3528.25,37.1,3.66,0.0
1994-02-06,9510,678.25,0.0,3528.25,37.1,5.31,0.0
1994-02-07,9510,663.71,0.0,3513.71,36.95,1.36,0.0
1994-02-08,9510,652.13,0.0,3502.13,36.83,1.98,0.0
1994-02-09,9510,647.79,0.0,3497.79,36.78,1.99,0.0
1994-02-10,9510,644.9,0.0,3494.9,36.75,3.4,0.0
1994-02-11,9510,642.02,0.0,3492.02,36.72,3.51,0.0
1994-02-12,9510,637.69,0.0,3487.69,36.67,0.79,0.0
1994-02-13,9510,636.25,0.0,3486.25,36.66,3.77,0.0
1994-02-14,9510,630.5,0.0,3480.5,36.6,2.66,0.0
1994-02-15,9510,624.75,0.0,3474.75,36.54,2.2,0.0
1994-02-16,9510,614.72,0.0,3464.72,36.43,2.57,0.0
1994-02-17,9510,597.58,0.0,3447.58,36.25,0.12,0.0
1994-02-18,9510,587.63,0.0,3437.63,36.15,3.06,0.0
1994-02-19,9510,584.79,0.0,3434.79,36.12,1.14,0.0
1994-02-20,9510,583.37,0.0,3433.37,36.1,0.87,0.0
1994-02-21,9510,579.12,0.0,3429.12,36.06,0.66,0.0
1994-02-22,9510,576.28,0.0,3426.28,36.03,2.84,0.0
1994-02-23,9510,572.04,0.0,3422.04,35.98,1.43,0.0
1994-02-24,9510,566.39,0.0,3416.39,35.92,1.4,0.0
1994-02-25,9510,562.16,0.0,3412.16,35.88,2.22,0.0
1994-02-26,9510,559.34,0.0,3409.34,35.85,3.8,0.0
1994-02-27,9510,552.3,0.0,3402.3,35.78,0.55,0.0
1994-02-28,9510,545.28,0.0,3395.28,35.7,0.67,0.0
1994-03-01,9510,539.67,0.0,3389.67,35.64,0.67,0.0
1994-03-02,9510,532.68,0.0,3382.68,35.57,1.46,0.0
1994-03-03,9510,524.3,0.0,3374.3,35.48,5.78,0.0
1994-03-04,9510,514.56,0.0,3364.56,35.38,3.46,0.0
1994-03-05,9510,506.23,0.0,3356.23,35.29,2.41,0.0
1994-03-06,9510,500.69,0.0,3350.69,35.23,0.05,0.0
1994-03-07,9510,488.26,0.0,3338.26,35.1,0.24,0.0
1994-03-08,9510,474.5,0.0,3324.5,34.96,2.43,0.0
1994-03-09,9510,463.54,0.0,3313.54,34.84,1.82,0.0
1994-03-10,9510,452.62,0.0,3302.62,34.73,1.97,0.0
1994-03-11,9510,439.02,0.0,3289.02,34.58,3.48,0.0
1994-03-12,9510,428.18,0.0,3278.18,34.47,1.52,0.0
1994-03-13,9510,421.43,0.0,3271.43,34.4,0.46,0.0
1994-03-14,9510,409.31,0.0,3259.31,34.27,1.25,0.0
1994-03-15,9510,401.26,0.0,3251.26,34.19,1.05,0.0
1994-03-16,9510,393.23,0.0,3243.23,34.1,2.49,0.0
1994-03-17,9510,382.56,0.0,3232.56,33.99,2.99,0.0
1994-03-18,9510,371.93,0.0,3221.93,33.88,0.88,0.0
1994-03-19,9510,365.3,0.0,3215.3,33.81,0.83,0.0
1994-03-20,9510,357.38,0.0,3207.38,33.73,2.4,0.0
1994-03-21,9510,352.1,0.0,3202.1,33.67,0.14,0.0
1994-03-22,9510,346.84,0.0,3196.84,33.62,3.54,0.0
1994-03-23,9510,340.27,0.0,3190.27,33.55,3.27,0.0
1994-03-24,9510,338.96,0.0,3188.96,33.53,2.0,0.0
1994-03-25,9510,333.72,0.0,3183.72,33.48,4.43,0.0
1994-03-26,9510,332.41,0.0,3182.41,33.46,0.45,0.0
1994-03-27,9510,332.41,0.0,3182.41,33.46,2.49,0.0
1994-03-28,9510,337.65,0.0,3187.65,33.52,4.02,0.0
1994-03-29,9510,336.34,0.0,3186.34,33.51,8.81,0.0
1994-03-30,9510,338.96,0.0,3188.96,33.53,6.51,0.0
1994-03-31,9510,340.27,0.0,3190.27,33.55,9.23,0.0
1994-04-01,9510,340.27,0.0,3190.27,33.55,9.91,0.0
1994-04-02,9510,341.58,0.0,3191.58,33.56,2.65,0.0
1994-04-03,9510,341.58,0.0,3191.58,33.56,4.07,0.0
1994-04-04,9510,341.58,0.0,3191.58,33.56,0.83,0.0
1994-04-05,9510,340.27,0.0,3190.27,33.55,2.73,0.0
1994-04-06,9510,341.58,0.0,3191.58,33.56,1.32,0.0
1994-04-07,9510,338.96,0.0,3188.96,33.53,3.07,0.0
1994-04-08,9510,336.34,0.0,3186.34,33.51,1.87,0.0
1994-04-09,9510,335.03,0.0,3185.03,33.49,2.05,0.0
1994-04-10,9510,333.72,0.0,3183.72,33.48,1.53,0.0
1994-04-11,9510,331.11,0.0,3181.11,33.45,0.98,0.0
1994-04-12,9510,328.49,0.0,3178.49,33.42,4.54,0.0
1994-04-13,9510,327.19,0.0,3177.19,33.41,0.23,0.0
1994-04-14,9510,325.88,0.0,3175.88,33.4,1.4,0.0
1994-04-15,9510,321.97,0.0,3171.97,33.35,1.29,0.0
1994-04-16,9510,318.06,0.0,3168.06,33.31,3.4,0.0
1994-04-17,9510,316.76,0.0,3166.76,33.3,2.88,0.0
1994-04-18,9510,308.97,0.0,3158.97,33.22,1.68,0.0
1994-04-19,9510,301.2,0.0,3151.2,33.14,1.38,0.0
1994-04-20,9510,298.62,0.0,3148.62,33.11,3.07,0.0
1994-04-21,9510,288.31,0.0,3138.31,33.0,4.55,0.0
1994-04-22,9510,283.17,0.0,3133.17,32.95,1.27,0.0
1994-04-23,9510,279.32,0.0,3129.32,32.91,5.79,0.0
1994-04-24,9510,276.75,0.0,3126.75,32.88,1.85,0.0
1994-04-25,9510,274.19,0.0,3124.19,32.85,0.22,0.0
1994-04-26,9510,267.8,0.0,3117.8,32.78,4.84,0.0
1994-04-27,9510,262.7,0.0,3112.7,32.73,0.88,0.0
1994-04-28,9510,256.34,0.0,3106.34,32.66,2.36,0.0
1994-04-29,9510,251.26,0.0,3101.26,32.61,1.17,0.0
1994-04-30,9510,246.07,0.0,3096.07,32.56,2.8,0.0
1994-05-01,9510,244.77,0.0,3094.77,32.54,0.51,0.0
1994-05-02,9510,242.16,0.0,3092.16,32.51,3.6,0.0
1994-05-03,9510,239.55,0.0,3089.55,32.49,2.12,0.0
1994-05-04,9510,233.04,0.0,3083.04,32.42,2.96,0.0
1994-05-05,9510,229.14,0.0,3079.14,32.38,0.55,0.0
1994-05-06,9510,222.65,0.0,3072.65,32.31,1.17,0.0
1994-05-07,9510,220.06,0.0,3070.06,32.28,3.23,0.0
1994-05-08,9510,218.77,0.0,3068.77,32.27,0.38,0.0
1994-05-09,9510,222.65,0.0,3072.65,32.31,0.72,0.0
1994-05-10,9510,220.06,0.0,3070.06,32.28,11.17,0.0
1994-05-11,9510,229.14,0.0,3079.14,32.38,0.64,0.0
1994-05-12,9510,227.84,0.0,3077.84,32.36,12.51,0.0
1994-05-13,9510,234.34,0.0,3084.34,32.43,7.55,0.0
1994-05-14,9510,236.94,0.0,3086.94,32.46,20.42,0.0
1994-05-15,9510,246.07,0.0,3096.07,32.56,8.5,0.0
1994-05-16,9510,244.77,0.0,3094.77,32.54,9.94,0.0
1994-05-17,9510,239.55,0.0,3089.55,32.49,6.06,0.0
1994-05-18,9510,244.77,0.0,3094.77,32.54,2.91,0.0
1994-05-19,9510,247.38,0.0,3097.38,32.57,6.86,0.0
1994-05-20,9510,255.07,0.0,3105.07,32.65,5.55,0.0
1994-05-21,9510,266.53,0.0,3116.53,32.77,8.5,0.0
1994-05-22,9510,280.6,0.0,3130.6,32.92,12.27,0.0
1994-05-23,9510,290.88,0.0,3140.88,33.03,14.88,0.0
1994-05-24,9510,301.2,0.0,3151.2,33.14,11.09,0.0
1994-05-25,9510,306.38,0.0,3156.38,33.19,11.14,0.0
1994-05-26,9510,307.68,0.0,3157.68,33.2,8.23,0.0
1994-05-27,9510,307.68,0.0,3157.68,33.2,7.56,0.0
1994-05-28,9510,318.06,0.0,3168.06,33.31,3.23,0.0
1994-05-29,9510,324.58,0.0,3174.58,33.38,11.2,0.0
1994-05-30,9510,328.49,0.0,3178.49,33.42,7.33,0.0
1994-05-31,9510,336.34,0.0,3186.34,33.51,7.37,0.0
1994-06-01,9510,344.21,0.0,3194.21,33.59,8.66,0.0
1994-06-02,9510,352.1,0.0,3202.1,33.67,8.64,0.0
1994-06-03,9510,366.63,0.0,3216.63,33.82,8.51,0.0
1994-06-04,9510,383.89,0.0,3233.89,34.01,15.69,0.0
1994-06-05,9510,402.6,0.0,3252.6,34.2,17.88,0.0
1994-06-06,9510,428.18,0.0,3278.18,34.47,19.33,0.0
1994-06-07,9510,449.89,0.0,3299.89,34.7,26.2,0.0
1994-06-08,9510,469.02,0.0,3319.02,34.9,25.66,0.0
1994-06-09,9510,489.64,0.0,3339.64,35.12,21.11,0.0
1994-06-10,9510,503.46,0.0,3353.46,35.26,21.63,0.0
1994-06-11,9510,515.95,0.0,3365.95,35.39,14.45,0.0
1994-06-12,9510,534.08,0.0,3384.08,35.58,13.12,0.0
1994-06-13,9510,545.28,0.0,3395.28,35.7,18.76,0.0
1994-06-14,9510,553.71,0.0,3403.71,35.79,14.13,0.0
1994-06-15,9510,559.34,0.0,3409.34,35.85,11.37,0.0
1994-06-16,9510,563.57,0.0,3413.57,35.89,8.13,0.0
1994-06-17,9510,569.21,0.0,3419.21,35.95,6.37,0.0
1994-06-18,9510,579.12,0.0,3429.12,36.06,7.69,0.0
1994-06-19,9510,584.79,0.0,3434.79,36.12,10.54,0.0
1994-06-20,9510,589.05,0.0,3439.05,36.16,6.31,0.0
1994-06-21,9510,594.74,0.0,3444.74,36.22,6.51,0.0
1994-06-22,9510,596.16,0.0,3446.16,36.24,6.7,0.0
1994-06-23,9510,603.29,0.0,3453.29,36.31,3.02,0.0
1994-06-24,9510,617.58,0.0,3467.58,36.46,8.95,0.0
1994-06-25,9510,634.81,0.0,3484.81,36.64,16.91,0.0
1994-06-26,9510,649.23,0.0,3499.23,36.8,17.87,0.0
1994-06-27,9510,663.71,0.0,3513.71,36.95,15.06,0.0
1994-06-28,9510,673.88,0.0,3523.88,37.05,18.87,0.0
1994-06-29,9510,687.0,0.0,3537.0,37.19,13.74,0.0
1994-06-30,9510,698.7,0.0,3548.7,37.32,15.83,0.0
1994-07-01,9510,713.37,0.0,3563.37,37.47,12.34,0.0
1994-07-02,9510,729.57,0.0,3579.57,37.64,15.2,0.0
1994-07-03,9510,745.84,0.0,3595.84,37.81,16.74,0.0
1994-07-04,9510,748.81,0.0,3598.81,37.84,16.8,0.0
1994-07-05,9510,778.59,0.0,3628.59,38.16,6.34,0.0
1994-07-06,9510,792.06,0.0,3642.06,38.3,30.31,0.0
1994-07-07,9510,816.12,0.0,3666.12,38.55,14.01,0.0
1994-07-08,9510,837.29,0.0,3687.29,38.77,24.6,0.0
1994-07-09,9510,857.04,0.0,3707.04,38.98,23.94,0.0
1994-07-10,9510,872.3,0.0,3722.3,39.14,20.29,0.0
1994-07-11,9510,893.75,0.0,3743.75,39.37,15.8,0.0
1994-07-12,9510,915.3,0.0,3765.3,39.59,21.99,0.0
1994-07-13,9510,940.06,0.0,3790.06,39.85,22.1,0.0
1994-07-14,9510,957.16,0.0,3807.16,40.03,25.31,0.0
1994-07-15,9510,975.89,0.0,3825.89,40.23,17.65,0.0
1994-07-16,9510,991.56,0.0,3841.56,40.39,19.64,0.0
1994-07-17,9510,1010.43,0.0,3860.43,40.59,16.22,0.0
1994-07-18,9510,1029.37,0.0,3879.37,40.79,19.42,0.0
1994-07-19,9510,1073.86,0.0,3923.86,41.26,20.48,0.0
1994-07-20,9510,1126.82,0.0,3976.82,41.82,45.05,0.0
1994-07-21,9510,1181.96,0.0,4031.96,42.4,54.24,0.0
1994-07-22,9510,1222.87,0.0,4072.87,42.83,55.7,0.0
1994-07-23,9510,1252.52,0.0,4102.52,43.14,41.73,0.0
1994-07-24,9510,1277.35,0.0,4127.35,43.4,30.22,0.0
1994-07-25,9510,1297.29,0.0,4147.29,43.61,25.4,0.0
1994-07-26,9510,1315.64,0.0,4165.64,43.8,21.74,0.0
1994-07-27,9510,1332.36,0.0,4182.36,43.98,21.11,0.0
1994-07-28,9510,1350.82,0.0,4200.82,44.17,20.05,0.0
1994-07-29,9510,1409.93,0.0,4259.93,44.79,20.04,0.0
1994-07-30,9510,1467.91,0.0,4317.91,45.4,59.7,0.0
1994-07-31,9510,1542.03,0.0,4392.03,46.18,58.57,0.0
1994-08-01,9510,1760.51,0.0,4610.51,48.48,74.71,0.0
1994-08-02,9510,1963.74,0.0,4813.74,50.62,219.63,0.0
1994-08-03,9510,2127.21,0.0,4977.21,52.34,208.2,0.0
1994-08-04,9510,2231.02,0.0,5081.02,53.43,168.79,0.0
1994-08-05,9510,2320.72,0.0,5170.72,54.37,108.08,0.0
1994-08-06,9510,2419.06,0.0,5269.06,55.41,92.78,0.0
1994-08-07,9510,2494.96,0.0,5344.96,56.2,98.94,0.0
1994-08-08,9510,2551.79,0.0,5401.79,56.8,76.5,0.0
1994-08-09,9510,2603.02,0.0,5453.02,57.34,57.43,0.0
1994-08-10,9510,2650.54,0.0,5500.54,57.84,51.84,0.0
1994-08-11,9510,2692.31,0.0,5542.31,58.28,48.13,0.0
1994-08-12,9510,2728.24,0.0,5578.24,58.66,45.7,0.0
1994-08-13,9510,2758.27,0.0,5608.27,58.97,37.39,0.0
1994-08-14,9510,2786.38,0.0,5636.38,59.27,30.65,0.0
1994-08-15,9510,2854.96,0.0,5704.96,59.99,28.73,0.0
1994-08-16,9510,2983.18,0.0,5833.18,61.34,74.95,0.0
1994-08-17,9510,3179.28,0.0,6029.28,63.4,137.79,0.0
1994-08-18,9510,3338.51,0.0,6188.51,65.07,204.43,0.0
1994-08-19,9510,3493.4,0.0,6343.4,66.7,167.28,0.0
1994-08-20,9510,3658.78,0.0,6508.78,68.44,159.62,0.0
1994-08-21,9510,3800.0,0.0,6650.0,69.93,166.06,0.0
1994-08-22,9510,3909.6,0.0,6759.6,71.08,141.89,0.0
1994-08-23,9510,3993.47,0.0,6843.47,71.96,116.74,0.0
1994-08-24,9510,4077.83,0.0,6927.83,72.85,99.05,0.0
1994-08-25,9510,4173.87,0.0,7023.87,73.86,87.05,0.0
1994-08-26,9510,4286.33,0.0,7136.33,75.04,101.01,0.0
1994-08-27,9510,4390.52,0.0,7240.52,76.14,113.16,0.0
1994-08-28,9510,4463.42,0.0,7313.42,76.9,104.91,0.0
1994-08-29,9510,4525.19,0.0,7375.19,77.55,73.61,0.0
1994-08-30,9510,4580.3,0.0,7430.3,78.13,64.44,0.0
1994-08-31,9510,4693.4,0.0,7543.4,79.32,64.63,0.0
1994-09-01,9510,4807.29,0.0,7657.29,80.52,122.94,0.0
1994-09-02,9510,4886.78,0.0,7736.78,81.35,125.94,0.0
1994-09-03,9510,4952.53,0.0,7802.53,82.05,91.25,0.0
1994-09-04,9510,5013.82,0.0,7863.82,82.69,74.5,0.0
1994-09-05,9510,5046.91,0.0,7896.91,83.04,65.61,0.0
1994-09-06,9510,5075.32,0.0,7925.32,83.34,50.57,0.0
1994-09-07,9510,5106.16,0.0,7956.16,83.66,48.41,0.0
1994-09-08,9510,5134.67,0.0,7984.67,83.96,50.48,0.0
1994-09-09,9510,5177.53,0.0,8027.53,84.41,46.5,0.0
1994-09-10,9510,5215.71,0.0,8065.71,84.81,51.16,0.0
1994-09-11,9510,5273.15,0.0,8123.15,85.42,39.17,0.0
1994-09-12,9510,5337.99,0.0,8187.99,86.1,58.23,0.0
1994-09-13,9510,5376.53,0.0,8226.53,86.5,75.14,0.0
1994-09-14,9510,5407.9,0.0,8257.9,86.83,50.82,0.0
1994-09-15,9510,5458.7,0.0,8308.7,87.37,44.52,0.0
1994-09-16,9510,5502.36,0.0,8352.36,87.83,65.84,0.0
1994-09-17,9510,5565.6,0.0,8415.6,88.49,53.86,0.0
1994-09-18,9510,5638.86,0.0,8488.86,89.26,68.18,0.0
1994-09-19,9510,5700.14,0.0,8550.14,89.91,75.13,0.0
1994-09-20,9510,5754.23,0.0,8604.23,90.48,71.66,0.0
1994-09-21,9510,5786.27,0.0,8636.27,90.81,65.15,0.0
1994-09-22,9510,5810.96,0.0,8660.96,91.07,48.13,0.0
1994-09-23,9510,5833.2,0.0,8683.2,91.31,44.95,0.0
1994-09-24,9510,5865.38,0.0,8715.38,91.64,36.34,0.0
1994-09-25,9510,5900.1,0.0,8750.1,92.01,40.62,0.0
1994-09-26,9510,5924.94,0.0,8774.94,92.27,35.55,0.0
1994-09-27,9510,5954.79,0.0,8804.79,92.58,34.66,0.0
1994-09-28,9510,5979.7,0.0,8829.7,92.85,41.76,0.0
1994-09-29,9510,6007.14,0.0,8857.14,93.14,37.5,0.0
1994-09-30,9510,6032.12,0.0,8882.12,93.4,34.18,0.0
1994-10-01,9510,6059.64,0.0,8909.64,93.69,39.62,0.0
1994-10-02,9510,6087.21,0.0,8937.21,93.98,31.96,0.0
1994-10-03,9510,6099.75,0.0,8949.75,94.11,28.4,0.0
1994-10-04,9510,6109.79,0.0,8959.79,94.21,25.8,0.0
1994-10-05,9510,6122.34,0.0,8972.34,94.35,28.22,0.0
1994-10-06,9510,6139.93,0.0,8989.93,94.53,24.82,0.0
1994-10-07,9510,6162.58,0.0,9012.58,94.77,24.8,0.0
1994-10-08,9510,6180.21,0.0,9030.21,94.95,24.4,0.0
1994-10-09,9510,6200.38,0.0,9050.38,95.17,19.72,0.0
1994-10-10,9510,6223.1,0.0,9073.1,95.41,21.01,0.0
1994-10-11,9510,6238.26,0.0,9088.26,95.57,26.88,0.0
1994-10-12,9510,6261.02,0.0,9111.02,95.8,18.75,0.0
1994-10-13,9510,6278.74,0.0,9128.74,95.99,25.16,0.0
1994-10-14,9510,6306.63,0.0,9156.63,96.28,22.37,0.0
1994-10-15,9510,6324.39,0.0,9174.39,96.47,30.14,0.0
1994-10-16,9510,6342.18,0.0,9192.18,96.66,20.21,0.0
1994-10-17,9510,6359.98,0.0,9209.98,96.85,18.63,0.0
1994-10-18,9510,6380.34,0.0,9230.34,97.06,23.69,0.0
1994-10-19,9510,6403.28,0.0,9253.28,97.3,22.92,0.0
1994-10-20,9510,6423.69,0.0,9273.69,97.52,24.64,0.0
1994-10-21,9510,6433.9,0.0,9283.9,97.62,21.94,0.0
1994-10-22,9510,6446.68,0.0,9296.68,97.76,13.89,0.0
1994-10-23,9510,6459.46,0.0,9309.46,97.89,13.63,0.0
1994-10-24,9510,6464.57,0.0,9314.57,97.95,13.64,0.0
1994-10-25,9510,6469.69,0.0,9319.69,98.0,12.81,0.0
1994-10-26,9510,6472.25,0.0,9322.25,98.03,16.46,0.0
1994-10-27,9510,6472.25,0.0,9322.25,98.03,11.56,0.0
1994-10-28,9510,6472.25,0.0,9322.25,98.03,11.47,0.0
1994-10-29,9510,6477.37,0.0,9327.37,98.08,14.75,0.0
1994-10-30,9510,6485.05,0.0,9335.05,98.16,16.64,0.0
1994-10-31,9510,6477.37,0.0,9327.37,98.08,9.87,0.0
1994-11-01,9510,6474.81,0.0,9324.81,98.05,12.35,0.0
1994-11-02,9510,6469.69,0.0,9319.69,98.0,12.88,0.0
1994-11-03,9510,6469.69,0.0,9319.69,98.0,7.96,0.0
1994-11-04,9510,6469.69,0.0,9319.69,98.0,11.48,0.0
1994-11-05,9510,6472.25,0.0,9322.25,98.03,9.67,0.0
1994-11-06,9510,6479.93,0.0,9329.93,98.11,8.58,0.0
1994-11-07,9510,6474.81,0.0,9324.81,98.05,9.38,0.0
1994-11-08,9510,6472.25,0.0,9322.25,98.03,8.52,0.0
1994-11-09,9510,6469.69,0.0,9319.69,98.0,8.42,0.0
1994-11-10,9510,6469.69,0.0,9319.69,98.0,8.23,0.0
1994-11-11,9510,6462.02,0.0,9312.02,97.92,7.78,0.0
1994-11-12,9510,6446.68,0.0,9296.68,97.76,12.65,0.0
1994-11-13,9510,6444.12,0.0,9294.12,97.73,7.24,0.0
1994-11-14,9510,6431.35,0.0,9281.35,97.6,8.07,0.0
1994-11-15,9510,6418.58,0.0,9268.58,97.46,10.26,0.0
1994-11-16,9510,6405.83,0.0,9255.83,97.33,8.03,0.0
1994-11-17,9510,6393.08,0.0,9243.08,97.19,8.33,0.0
1994-11-18,9510,6380.34,0.0,9230.34,97.06,8.26,0.0
1994-11-19,9510,6372.7,0.0,9222.7,96.98,8.46,0.0
1994-11-20,9510,6370.16,0.0,9220.16,96.95,8.13,0.0
1994-11-21,9510,6357.43,0.0,9207.43,96.82,7.77,0.0
1994-11-22,9510,6347.26,0.0,9197.26,96.71,8.09,0.0
1994-11-23,9510,6332.01,0.0,9182.01,96.55,8.58,0.0
1994-11-24,9510,6319.32,0.0,9169.32,96.42,4.79,0.0
1994-11-25,9510,6306.63,0.0,9156.63,96.28,8.52,0.0
1994-11-26,9510,6296.48,0.0,9146.48,96.18,6.9,0.0
1994-11-27,9510,6293.95,0.0,9143.95,96.15,5.89,0.0
1994-11-28,9510,6281.28,0.0,9131.28,96.02,8.22,0.0
1994-11-29,9510,6268.61,0.0,9118.61,95.88,5.93,0.0
1994-11-30,9510,6258.49,0.0,9108.49,95.78,7.59,0.0
1994-12-01,9510,6248.37,0.0,9098.37,95.67,10.01,0.0
1994-12-02,9510,6235.73,0.0,9085.73,95.54,9.56,0.0
1994-12-03,9510,6230.67,0.0,9080.67,95.49,8.05,0.0
1994-12-04,9510,6225.62,0.0,9075.62,95.43,12.32,0.0
1994-12-05,9510,6218.05,0.0,9068.05,95.35,8.75,0.0
1994-12-06,9510,6202.9,0.0,9052.9,95.19,6.22,0.0
1994-12-07,9510,6190.29,0.0,9040.29,95.06,5.56,0.0
1994-12-08,9510,6177.69,0.0,9027.69,94.93,10.44,0.0
1994-12-09,9510,6167.61,0.0,9017.61,94.82,7.42,0.0
1994-12-10,9510,6160.06,0.0,9010.06,94.74,8.83,0.0
1994-12-11,9510,6160.06,0.0,9010.06,94.74,4.16,0.0
1994-12-12,9510,6150.0,0.0,9000.0,94.64,7.74,0.0
1994-12-13,9510,6142.45,0.0,8992.45,94.56,4.21,0.0
1994-12-14,9510,6132.39,0.0,8982.39,94.45,7.49,0.0
1994-12-15,9510,6119.83,0.0,8969.83,94.32,8.3,0.0
1994-12-16,9510,6109.79,0.0,8959.79,94.21,7.09,0.0
1994-12-17,9510,6102.26,0.0,8952.26,94.14,5.01,0.0
1994-12-18,9510,6102.26,0.0,8952.26,94.14,3.23,0.0
1994-12-19,9510,6099.75,0.0,8949.75,94.11,3.33,0.0
1994-12-20,9510,6092.22,0.0,8942.22,94.03,6.75,0.0
1994-12-21,9510,6089.71,0.0,8939.71,94.0,3.77,0.0
1994-12-22,9510,6084.7,0.0,8934.7,93.95,4.03,0.0
1994-12-23,9510,6079.68,0.0,8929.68,93.9,3.53,0.0
1994-12-24,9510,6079.68,0.0,8929.68,93.9,3.34,0.0
1994-12-25,9510,6079.68,0.0,8929.68,93.9,3.07,0.0
1994-12-26,9510,6074.67,0.0,8924.67,93.85,1.49,0.0
1994-12-27,9510,6082.19,0.0,8932.19,93.92,4.31,0.0
1994-12-28,9510,6082.19,0.0,8932.19,93.92,13.0,0.0
1994-12-29,9510,6077.18,0.0,8927.18,93.87,6.51,0.0
1994-12-30,9510,6074.67,0.0,8924.67,93.85,3.4,0.0
1994-12-31,9510,6074.67,0.0,8924.67,93.85,1.17,0.0
1995-01-01,9510,6074.67,0.0,8924.67,93.85,2.7,0.0
1995-01-02,9510,6077.18,0.0,8927.18,93.87,4.37,0.0
1995-01-03,9510,6074.67,0.0,8924.67,93.85,3.34,0.0
1995-01-04,9510,6069.66,0.0,8919.66,93.79,7.46,0.0
1995-01-05,9510,6052.14,0.0,8902.14,93.61,1.49,0.0
1995-01-06,9510,6034.63,0.0,8884.63,93.42,0.91,0.0
1995-01-07,9510,6024.63,0.0,8874.63,93.32,2.9,0.0
1995-01-08,9510,6024.63,0.0,8874.63,93.32,2.4,0.0
1995-01-09,9510,6017.13,0.0,8867.13,93.24,4.09,0.0
1995-01-10,9510,6009.64,0.0,8859.64,93.16,4.89,0.0
1995-01-11,9510,6002.15,0.0,8852.15,93.08,5.96,0.0
1995-01-12,9510,5992.17,0.0,8842.17,92.98,7.81,0.0
1995-01-13,9510,5977.21,0.0,8827.21,92.82,4.34,0.0
1995-01-14,9510,5969.73,0.0,8819.73,92.74,3.49,0.0
1995-01-15,9510,5969.73,0.0,8819.73,92.74,2.83,0.0
1995-01-16,9510,5959.77,0.0,8809.77,92.64,5.52,0.0
1995-01-17,9510,5949.81,0.0,8799.81,92.53,2.89,0.0
1995-01-18,9510,5937.37,0.0,8787.37,92.4,3.95,0.0
1995-01-19,9510,5927.42,0.0,8777.42,92.3,3.34,0.0
1995-01-20,9510,5915.0,0.0,8765.0,92.17,3.83,0.0
1995-01-21,9510,5912.51,0.0,8762.51,92.14,2.53,0.0
1995-01-22,9510,5912.51,0.0,8762.51,92.14,1.93,0.0
1995-01-23,9510,5902.58,0.0,8752.58,92.04,6.86,0.0
1995-01-24,9510,5887.69,0.0,8737.69,91.88,4.02,0.0
1995-01-25,9510,5872.82,0.0,8722.82,91.72,3.72,0.0
1995-01-26,9510,5855.47,0.0,8705.47,91.54,2.98,0.0
1995-01-27,9510,5840.62,0.0,8690.62,91.38,4.45,0.0
1995-01-28,9510,5830.73,0.0,8680.73,91.28,2.21,0.0
1995-01-29,9510,5820.84,0.0,8670.84,91.18,2.35,0.0
1995-01-30,9510,5806.02,0.0,8656.02,91.02,6.04,0.0
1995-01-31,9510,5796.14,0.0,8646.14,90.92,3.68,0.0
1995-02-01,9510,5773.94,0.0,8623.94,90.68,0.4,0.0
1995-02-02,9510,5754.23,0.0,8604.23,90.48,2.29,0.0
1995-02-03,9510,5737.0,0.0,8587.0,90.29,5.0,0.0
1995-02-04,9510,5722.25,0.0,8572.25,90.14,2.53,0.0
1995-02-05,9510,5712.42,0.0,8562.42,90.04,0.29,0.0
1995-02-06,9510,5687.87,0.0,8537.87,89.78,2.97,0.0
1995-02-07,9510,5658.45,0.0,8508.45,89.47,1.1,0.0
1995-02-08,9510,5638.86,0.0,8488.86,89.26,6.22,0.0
1995-02-09,9510,5616.85,0.0,8466.85,89.03,4.4,0.0
1995-02-10,9510,5592.43,0.0,8442.43,88.77,2.69,0.0
1995-02-11,9510,5575.36,0.0,8425.36,88.59,6.38,0.0
1995-02-12,9510,5570.48,0.0,8420.48,88.54,1.76,0.0
1995-02-13,9510,5546.12,0.0,8396.12,88.29,4.34,0.0
1995-02-14,9510,5526.66,0.0,8376.66,88.08,3.14,0.0
1995-02-15,9510,5504.78,0.0,8354.78,87.85,3.42,0.0
1995-02-16,9510,5482.94,0.0,8332.94,87.62,3.99,0.0
1995-02-17,9510,5458.7,0.0,8308.7,87.37,3.55,0.0
1995-02-18,9510,5439.33,0.0,8289.33,87.16,3.29,0.0
1995-02-19,9510,5434.49,0.0,8284.49,87.11,2.81,0.0
1995-02-20,9510,5410.32,0.0,8260.32,86.86,4.24,0.0
1995-02-21,9510,5381.35,0.0,8231.35,86.55,1.08,0.0
1995-02-22,9510,5354.84,0.0,8204.84,86.28,3.53,0.0
1995-02-23,9510,5325.96,0.0,8175.96,85.97,1.63,0.0
1995-02-24,9510,5299.54,0.0,8149.54,85.69,3.17,0.0
1995-02-25,9510,5277.94,0.0,8127.94,85.47,0.64,0.0
1995-02-26,9510,5273.15,0.0,8123.15,85.42,3.98,0.0
1995-02-27,9510,5246.8,0.0,8096.8,85.14,3.82,0.0
1995-02-28,9510,5218.1,0.0,8068.1,84.84,2.17,0.0
1995-03-01,9510,5191.84,0.0,8041.84,84.56,2.17,0.0
1995-03-02,9510,5163.23,0.0,8013.23,84.26,4.48,0.0
1995-03-03,9510,5134.67,0.0,7984.67,83.96,2.33,0.0
1995-03-04,9510,5118.03,0.0,7968.03,83.79,3.29,0.0
1995-03-05,9510,5106.16,0.0,7956.16,83.66,0.35,0.0
1995-03-06,9510,5077.69,0.0,7927.69,83.36,1.8,0.0
1995-03-07,9510,5046.91,0.0,7896.91,83.04,1.56,0.0
1995-03-08,9510,5018.54,0.0,7868.54,82.74,0.48,0.0
1995-03-09,9510,4992.58,0.0,7842.58,82.47,0.6,0.0
1995-03-10,9510,4964.3,0.0,7814.3,82.17,4.44,0.0
1995-03-11,9510,4936.07,0.0,7786.07,81.87,3.62,0.0
1995-03-12,9510,4917.28,0.0,7767.28,81.67,1.04,0.0
1995-03-13,9510,4889.13,0.0,7739.13,81.38,2.47,0.0
1995-03-14,9510,4861.03,0.0,7711.03,81.08,1.72,0.0
1995-03-15,9510,4835.31,0.0,7685.31,80.81,1.12,0.0
1995-03-16,9510,4807.29,0.0,7657.29,80.52,3.36,0.0
1995-03-17,9510,4777.0,0.0,7627.0,80.2,1.25,0.0
1995-03-18,9510,4753.73,0.0,7603.73,79.96,0.66,0.0
1995-03-19,9510,4735.15,0.0,7585.15,79.76,1.98,0.0
1995-03-20,9510,4707.3,0.0,7557.3,79.47,1.51,0.0
1995-03-21,9510,4674.88,0.0,7524.88,79.13,0.97,0.0
1995-03-22,9510,4647.14,0.0,7497.14,78.83,0.75,0.0
1995-03-23,9510,4619.45,0.0,7469.45,78.54,2.07,0.0
1995-03-24,9510,4589.5,0.0,7439.5,78.23,1.91,0.0
1995-03-25,9510,4564.2,0.0,7414.2,77.96,0.0,0.0
1995-03-26,9510,4543.54,0.0,7393.54,77.74,1.07,0.0
1995-03-27,9510,4516.02,0.0,7366.02,77.46,0.0,0.0
1995-03-28,9510,4490.84,0.0,7340.84,77.19,0.32,0.0
1995-03-29,9510,4463.42,0.0,7313.42,76.9,2.9,0.0
1995-03-30,9510,4438.32,0.0,7288.32,76.64,1.96,0.0
1995-03-31,9510,4413.26,0.0,7263.26,76.37,3.4,0.0
1995-04-01,9510,4385.98,0.0,7235.98,76.09,2.48,0.0
1995-04-02,9510,4365.54,0.0,7215.54,75.87,0.0,0.0
1995-04-03,9510,4336.07,0.0,7186.07,75.56,2.25,0.0
1995-04-04,9510,4306.66,0.0,7156.66,75.25,1.48,0.0
1995-04-05,9510,4275.04,0.0,7125.04,74.92,0.54,0.0
1995-04-06,9510,4254.75,0.0,7104.75,74.71,0.0,0.0
1995-04-07,9510,4225.5,0.0,7075.5,74.4,2.14,0.0
1995-04-08,9510,4198.54,0.0,7048.54,74.12,1.05,0.0
1995-04-09,9510,4180.6,0.0,7030.6,73.93,1.59,0.0
1995-04-10,9510,4155.96,0.0,7005.96,73.67,4.27,0.0
1995-04-11,9510,4135.83,0.0,6985.83,73.46,2.57,0.0
1995-04-12,9510,4111.26,0.0,6961.26,73.2,6.81,0.0
1995-04-13,9510,4086.74,0.0,6936.74,72.94,4.7,0.0
1995-04-14,9510,4055.58,0.0,6905.58,72.61,1.88,0.0
1995-04-15,9510,4031.15,0.0,6881.15,72.36,0.28,0.0
1995-04-16,9510,4013.41,0.0,6863.41,72.17,0.32,0.0
1995-04-17,9510,3986.83,0.0,6836.83,71.89,2.6,0.0
1995-04-18,9510,3960.31,0.0,6810.31,71.61,2.69,0.0
1995-04-19,9510,3931.63,0.0,6781.63,71.31,1.15,0.0
1995-04-20,9510,3903.0,0.0,6753.0,71.01,1.26,0.0
1995-04-21,9510,3878.83,0.0,6728.83,70.76,0.76,0.0
1995-04-22,9510,3852.5,0.0,6702.5,70.48,1.51,0.0
1995-04-23,9510,3832.79,0.0,6682.79,70.27,0.0,0.0
1995-04-24,9510,3806.55,0.0,6656.55,70.0,0.06,0.0
1995-04-25,9510,3782.54,0.0,6632.54,69.74,0.82,0.0
1995-04-26,9510,3762.92,0.0,6612.92,69.54,1.9,0.0
1995-04-27,9510,3738.99,0.0,6588.99,69.28,3.18,0.0
1995-04-28,9510,3712.92,0.0,6562.92,69.01,1.69,0.0
1995-04-29,9510,3686.91,0.0,6536.91,68.74,0.07,0.0
1995-04-30,9510,3680.41,0.0,6530.41,68.67,1.17,0.0
1995-05-01,9510,3660.95,0.0,6510.95,68.46,2.98,0.0
1995-05-02,9510,3635.03,0.0,6485.03,68.19,0.0,0.0
1995-05-03,9510,3609.17,0.0,6459.17,67.92,2.0,0.0
1995-05-04,9510,3581.2,0.0,6431.2,67.63,3.46,0.0
1995-05-05,9510,3557.59,0.0,6407.59,67.38,3.2,0.0
1995-05-06,9510,3534.01,0.0,6384.01,67.13,0.69,0.0
1995-05-07,9510,3516.9,0.0,6366.9,66.95,1.1,0.0
1995-05-08,9510,3497.66,0.0,6347.66,66.75,0.0,0.0
1995-05-09,9510,3480.59,0.0,6330.59,66.57,0.96,0.0
1995-05-10,9510,3463.55,0.0,6313.55,66.39,4.61,0.0
1995-05-11,9510,3457.16,0.0,6307.16,66.32,3.93,0.0
1995-05-12,9510,3450.78,0.0,6300.78,66.25,11.53,0.0
1995-05-13,9510,3442.27,0.0,6292.27,66.16,10.43,0.0
1995-05-14,9510,3444.39,0.0,6294.39,66.19,8.99,0.0
1995-05-15,9510,3435.89,0.0,6285.89,66.1,13.64,0.0
1995-05-16,9510,3418.9,0.0,6268.9,65.92,9.75,0.0
1995-05-17,9510,3397.7,0.0,6247.7,65.7,7.02,0.0
1995-05-18,9510,3384.99,0.0,6234.99,65.56,5.12,0.0
1995-05-19,9510,3372.3,0.0,6222.3,65.43,3.75,0.0
1995-05-20,9510,3355.4,0.0,6205.4,65.25,5.88,0.0
1995-05-21,9510,3346.95,0.0,6196.95,65.16,3.7,0.0
1995-05-22,9510,3327.98,0.0,6177.98,64.96,3.5,0.0
1995-05-23,9510,3313.24,0.0,6163.24,64.81,4.3,0.0
1995-05-24,9510,3296.41,0.0,6146.41,64.63,2.62,0.0
1995-05-25,9510,3273.31,0.0,6123.31,64.39,3.39,0.0
1995-05-26,9510,3252.36,0.0,6102.36,64.17,1.46,0.0
1995-05-27,9510,3239.8,0.0,6089.8,64.04,2.2,0.0
1995-05-28,9510,3231.43,0.0,6081.43,63.95,1.41,0.0
1995-05-29,9510,3210.55,0.0,6060.55,63.73,0.98,0.0
1995-05-30,9510,3191.78,0.0,6041.78,63.53,3.04,0.0
1995-05-31,9510,3177.2,0.0,6027.2,63.38,4.79,0.0
1995-06-01,9510,3158.48,0.0,6008.48,63.18,6.06,0.0
1995-06-02,9510,3146.02,0.0,5996.02,63.05,0.0,0.0
1995-06-03,9510,3133.58,0.0,5983.58,62.92,3.74,0.0
1995-06-04,9510,3131.5,0.0,5981.5,62.9,0.17,0.0
1995-06-05,9510,3117.0,0.0,5967.0,62.74,6.25,0.0
1995-06-06,9510,3102.51,0.0,5952.51,62.59,9.21,0.0
1995-06-07,9510,3092.18,0.0,5942.18,62.48,9.77,0.0
1995-06-08,9510,3077.72,0.0,5927.72,62.33,14.68,0.0
1995-06-09,9510,3063.29,0.0,5913.29,62.18,8.08,0.0
1995-06-10,9510,3055.04,0.0,5905.04,62.09,7.56,0.0
1995-06-11,9510,3057.1,0.0,5907.1,62.11,9.05,0.0
1995-06-12,9510,3052.98,0.0,5902.98,62.07,7.74,0.0
1995-06-13,9510,3046.81,0.0,5896.81,62.01,11.3,0.0
1995-06-14,9510,3044.75,0.0,5894.75,61.98,7.44,0.0
1995-06-15,9510,3044.75,0.0,5894.75,61.98,13.27,0.0
1995-06-16,9510,3038.58,0.0,5888.58,61.92,16.19,0.0
1995-06-17,9510,3024.19,0.0,5874.19,61.77,12.88,0.0
1995-06-18,9510,3018.03,0.0,5868.03,61.7,5.22,0.0
1995-06-19,9510,3003.67,0.0,5853.67,61.55,9.56,0.0
1995-06-20,9510,2991.37,0.0,5841.37,61.42,3.21,0.0
1995-06-21,9510,2981.13,0.0,5831.13,61.32,5.24,0.0
1995-06-22,9510,2970.9,0.0,5820.9,61.21,7.37,0.0
1995-06-23,9510,2958.65,0.0,5808.65,61.08,6.45,0.0
1995-06-24,9510,2950.48,0.0,5800.48,60.99,4.59,0.0
1995-06-25,9510,2952.52,0.0,5802.52,61.01,4.23,0.0
1995-06-26,9510,2934.17,0.0,5784.17,60.82,2.42,0.0
1995-06-27,9510,2917.87,0.0,5767.87,60.65,0.37,0.0
1995-06-28,9510,2903.64,0.0,5753.64,60.5,1.85,0.0
1995-06-29,9510,2891.45,0.0,5741.45,60.37,4.32,0.0
1995-06-30,9510,2889.42,0.0,5739.42,60.35,4.6,0.0
1995-07-01,9510,2897.54,0.0,5747.54,60.44,14.5,0.0
1995-07-02,9510,2905.67,0.0,5755.67,60.52,17.9,0.0
1995-07-03,9510,2905.67,0.0,5755.67,60.52,11.41,0.0
1995-07-04,9510,2903.64,0.0,5753.64,60.5,10.01,0.0
1995-07-05,9510,2913.8,0.0,5763.8,60.61,8.96,0.0
1995-07-06,9510,2917.87,0.0,5767.87,60.65,22.13,0.0
1995-07-07,9510,2923.98,0.0,5773.98,60.71,17.91,0.0
1995-07-08,9510,2938.24,0.0,5788.24,60.86,18.98,0.0
1995-07-09,9510,2979.09,0.0,5829.09,61.29,23.64,0.0
1995-07-10,9510,3026.25,0.0,5876.25,61.79,44.14,0.0
1995-07-11,9510,3055.05,0.0,5905.05,62.09,58.44,0.0
1995-07-12,9510,3075.66,0.0,5925.66,62.31,42.63,0.0
1995-07-13,9510,3085.99,0.0,5935.99,62.42,26.94,0.0
1995-07-14,9510,3092.18,0.0,5942.18,62.48,24.72,0.0
1995-07-15,9510,3100.45,0.0,5950.45,62.57,20.03,0.0
1995-07-16,9510,3119.07,0.0,5969.07,62.77,20.37,0.0
1995-07-17,9510,3139.8,0.0,5989.8,62.98,24.82,0.0
1995-07-18,9510,3164.73,0.0,6014.73,63.25,31.16,0.0
1995-07-19,9510,3195.95,0.0,6045.95,63.57,36.02,0.0
1995-07-20,9510,3220.99,0.0,6070.99,63.84,39.44,0.0
1995-07-21,9510,3243.99,0.0,6093.99,64.08,33.84,0.0
1995-07-22,9510,3264.93,0.0,6114.93,64.3,38.32,0.0
1995-07-23,9510,3294.32,0.0,6144.32,64.61,35.14,0.0
1995-07-24,9510,3304.83,0.0,6154.83,64.72,33.26,0.0
1995-07-25,9510,3338.52,0.0,6188.52,65.07,21.63,0.0
1995-07-26,9510,3370.19,0.0,6220.19,65.41,42.77,0.0
1995-07-27,9510,3397.7,0.0,6247.7,65.7,42.24,0.0
1995-07-28,9510,3418.91,0.0,6268.91,65.92,37.07,0.0
1995-07-29,9510,3459.29,0.0,6309.29,66.34,28.51,0.0
1995-07-30,9510,3514.76,0.0,6364.76,66.93,46.52,0.0
1995-07-31,9510,3617.79,0.0,6467.79,68.01,56.36,0.0
1995-08-01,9510,3725.95,0.0,6575.95,69.15,103.98,0.0
1995-08-02,9510,3834.98,0.0,6684.98,70.29,117.03,0.0
1995-08-03,9510,3931.63,0.0,6781.63,71.31,114.21,0.0
1995-08-04,9510,3997.9,0.0,6847.9,72.01,112.28,0.0
1995-08-05,9510,4048.92,0.0,6898.92,72.54,81.3,0.0
1995-08-06,9510,4142.54,0.0,6992.54,73.53,68.69,0.0
1995-08-07,9510,4272.79,0.0,7122.79,74.9,98.78,0.0
1995-08-08,9510,4415.54,0.0,7265.54,76.4,149.19,0.0
1995-08-09,9510,4527.48,0.0,7377.48,77.58,164.71,0.0
1995-08-10,9510,4612.54,0.0,7462.54,78.47,134.74,0.0
1995-08-11,9510,4679.51,0.0,7529.51,79.17,106.12,0.0
1995-08-12,9510,4746.77,0.0,7596.77,79.88,87.45,0.0
1995-08-13,9510,4823.63,0.0,7673.63,80.69,84.79,0.0
1995-08-14,9510,4905.55,0.0,7755.55,81.55,100.28,0.0
1995-08-15,9510,5016.18,0.0,7866.18,82.71,104.24,0.0
1995-08-16,9510,5129.92,0.0,7979.92,83.91,134.2,0.0
1995-08-17,9510,5220.5,0.0,8070.5,84.86,143.34,0.0
1995-08-18,9510,5282.74,0.0,8132.74,85.52,122.72,0.0
1995-08-19,9510,5347.62,0.0,8197.62,86.2,102.58,0.0
1995-08-20,9510,5410.32,0.0,8260.32,86.86,94.56,0.0
1995-08-21,9510,5458.7,0.0,8308.7,87.37,92.98,0.0
1995-08-22,9510,5543.69,0.0,8393.69,88.26,79.56,0.0
1995-08-23,9510,5616.86,0.0,8466.86,89.03,122.43,0.0
1995-08-24,9510,5673.16,0.0,8523.16,89.62,105.58,0.0
1995-08-25,9510,5732.09,0.0,8582.09,90.24,94.97,0.0
1995-08-26,9510,5793.68,0.0,8643.68,90.89,97.59,0.0
1995-08-27,9510,5840.63,0.0,8690.63,91.38,103.69,0.0
1995-08-28,9510,5860.43,0.0,8710.43,91.59,83.12,0.0
1995-08-29,9510,5870.34,0.0,8720.34,91.7,67.08,0.0
1995-08-30,9510,5897.62,0.0,8747.62,91.98,54.98,0.0
1995-08-31,9510,6049.64,0.0,8899.64,93.58,69.62,0.0
1995-09-01,9510,6223.1,0.0,9073.1,95.41,207.29,0.0
1995-09-02,9510,6408.38,0.0,9258.38,97.35,259.03,0.0
1995-09-03,9510,6518.38,0.0,9368.38,98.51,291.85,0.0
1995-09-04,9510,6616.11,0.0,9466.11,99.54,230.75,0.0
1995-09-05,9510,6662.58,0.0,9512.58,100.03,237.32,0.0
1995-09-06,9510,6654.83,0.0,9504.83,99.95,216.44,0.0
1995-09-07,9510,6613.53,0.0,9463.53,99.51,162.73,0.0
1995-09-08,9510,6639.33,0.0,9489.33,99.78,102.23,0.0
1995-09-09,9510,6657.42,0.0,9507.42,99.97,74.78,0.0
1995-09-10,9510,6672.93,0.0,9522.93,100.14,68.11,0.0
1995-09-11,9510,6683.28,0.0,9533.28,100.24,64.74,0.0
1995-09-12,9510,6691.04,0.0,9541.04,100.33,59.58,0.0
1995-09-13,9510,6675.51,0.0,9525.51,100.16,62.96,0.0
1995-09-14,9510,6667.75,0.0,9517.75,100.08,47.99,0.0
1995-09-15,9510,6670.34,0.0,9520.34,100.11,53.07,0.0
1995-09-16,9510,6683.27,0.0,9533.27,100.24,54.0,0.0
1995-09-17,9510,6672.93,0.0,9522.93,100.14,59.33,0.0
1995-09-18,9510,6657.41,0.0,9507.41,99.97,48.62,0.0
1995-09-19,9510,6644.5,0.0,9494.5,99.84,41.12,0.0
1995-09-20,9510,6644.5,0.0,9494.5,99.84,35.77,0.0
1995-09-21,9510,6652.25,0.0,9502.25,99.92,45.84,0.0
1995-09-22,9510,6678.1,0.0,9528.1,100.19,48.06,0.0
1995-09-23,9510,6670.34,0.0,9520.34,100.11,75.74,0.0
1995-09-24,9510,6660.0,0.0,9510.0,100.0,51.38,0.0
1995-09-25,9510,6647.08,0.0,9497.08,99.86,44.2,0.0
1995-09-26,9510,6639.33,0.0,9489.33,99.78,32.54,0.0
1995-09-27,9510,6631.59,0.0,9481.59,99.7,33.71,0.0
1995-09-28,9510,6631.59,0.0,9481.59,99.7,31.83,0.0
1995-09-29,9510,6626.43,0.0,9476.43,99.65,31.25,0.0
1995-09-30,9510,6626.43,0.0,9476.43,99.65,24.58,0.0
1995-10-01,9510,6629.01,0.0,9479.01,99.67,24.68,0.0
1995-10-02,9510,6626.43,0.0,9476.43,99.65,23.05,0.0
1995-10-03,9510,6629.01,0.0,9479.01,99.67,22.26,0.0
1995-10-04,9510,6636.75,0.0,9486.75,99.76,27.45,0.0
1995-10-05,9510,6652.25,0.0,9502.25,99.92,28.48,0.0
1995-10-06,9510,6660.0,0.0,9510.0,100.0,46.06,0.0
1995-10-07,9510,6649.66,0.0,9499.66,99.89,54.22,0.0
1995-10-08,9510,6641.92,0.0,9491.92,99.81,39.67,0.0
1995-10-09,9510,6641.92,0.0,9491.92,99.81,37.23,0.0
1995-10-10,9510,6636.75,0.0,9486.75,99.76,33.24,0.0
1995-10-11,9510,6623.85,0.0,9473.85,99.62,32.41,0.0
1995-10-12,9510,6618.68,0.0,9468.68,99.57,27.6,0.0
1995-10-13,9510,6616.11,0.0,9466.11,99.54,23.8,0.0
1995-10-14,9510,6598.07,0.0,9448.07,99.35,25.74,0.0
1995-10-15,9510,6618.69,0.0,9468.69,99.57,19.22,0.0
1995-10-16,9510,6613.53,0.0,9463.53,99.51,28.2,0.0
1995-10-17,9510,6610.95,0.0,9460.95,99.48,20.65,0.0
1995-10-18,9510,6603.22,0.0,9453.22,99.4,19.94,0.0
1995-10-19,9510,6600.65,0.0,9450.65,99.38,23.34,0.0
1995-10-20,9510,6587.77,0.0,9437.77,99.24,28.76,0.0
1995-10-21,9510,6587.77,0.0,9437.77,99.24,16.88,0.0
1995-10-22,9510,6600.65,0.0,9450.65,99.38,20.83,0.0
1995-10-23,9510,6616.11,0.0,9466.11,99.54,15.02,0.0
1995-10-24,9510,6610.95,0.0,9460.95,99.48,17.8,0.0
1995-10-25,9510,6603.22,0.0,9453.22,99.4,16.48,0.0
1995-10-26,9510,6600.65,0.0,9450.65,99.38,15.37,0.0
1995-10-27,9510,6598.07,0.0,9448.07,99.35,14.78,0.0
1995-10-28,9510,6598.07,0.0,9448.07,99.35,9.47,0.0
1995-10-29,9510,6608.39,0.0,9458.39,99.46,14.17,0.0
1995-10-30,9510,6600.65,0.0,9450.65,99.38,16.39,0.0
1995-10-31,9510,6590.34,0.0,9440.34,99.27,13.05,0.0
1995-11-01,9510,6587.77,0.0,9437.77,99.24,12.83,0.0
1995-11-02,9510,6585.19,0.0,9435.19,99.21,15.24,0.0
1995-11-03,9510,6585.19,0.0,9435.19,99.21,10.49,0.0
1995-11-04,9510,6582.62,0.0,9432.62,99.19,11.29,0.0
1995-11-05,9510,6592.92,0.0,9442.92,99.29,8.81,0.0
1995-11-06,9510,6587.77,0.0,9437.77,99.24,12.16,0.0
1995-11-07,9510,6577.47,0.0,9427.47,99.13,13.1,0.0
1995-11-08,9510,6567.18,0.0,9417.18,99.02,12.32,0.0
1995-11-09,9510,6567.18,0.0,9417.18,99.02,7.89,0.0
1995-11-10,9510,6562.04,0.0,9412.04,98.97,9.94,0.0
1995-11-11,9510,6559.47,0.0,9409.47,98.94,6.99,0.0
1995-11-12,9510,6567.18,0.0,9417.18,99.02,8.28,0.0
1995-11-13,9510,6564.61,0.0,9414.61,99.0,10.42,0.0
1995-11-14,9510,6592.92,0.0,9442.92,99.29,12.58,0.0
1995-11-15,9510,6631.59,0.0,9481.59,99.7,52.2,0.0
1995-11-16,9510,6647.08,0.0,9497.08,99.86,64.39,0.0
1995-11-17,9510,6644.5,0.0,9494.5,99.84,53.85,0.0
1995-11-18,9510,6636.75,0.0,9486.75,99.76,29.25,0.0
1995-11-19,9510,6639.33,0.0,9489.33,99.78,27.04,0.0
1995-11-20,9510,6641.92,0.0,9491.92,99.81,14.45,0.0
1995-11-21,9510,6631.59,0.0,9481.59,99.7,21.46,0.0
1995-11-22,9510,6616.11,0.0,9466.11,99.54,11.52,0.0
1995-11-23,9510,6605.8,0.0,9455.8,99.43,9.13,0.0
1995-11-24,9510,6590.34,0.0,9440.34,99.27,8.04,0.0
1995-11-25,9510,6587.77,0.0,9437.77,99.24,7.33,0.0
1995-11-26,9510,6605.8,0.0,9455.8,99.43,10.85,0.0
1995-11-27,9510,6600.65,0.0,9450.65,99.38,19.95,0.0
1995-11-28,9510,6580.05,0.0,9430.05,99.16,18.15,0.0
1995-11-29,9510,6564.61,0.0,9414.61,99.0,5.24,0.0
1995-11-30,9510,6546.62,0.0,9396.62,98.81,10.16,0.0
1995-12-01,9510,6536.34,0.0,9386.34,98.7,7.83,0.0
1995-12-02,9510,6526.07,0.0,9376.07,98.59,8.99,0.0
1995-12-03,9510,6533.78,0.0,9383.78,98.67,8.85,0.0
1995-12-04,9510,6526.07,0.0,9376.07,98.59,12.51,0.0
1995-12-05,9510,6533.78,0.0,9383.78,98.67,8.24,0.0
1995-12-06,9510,6526.07,0.0,9376.07,98.59,8.58,0.0
1995-12-07,9510,6520.94,0.0,9370.94,98.54,6.67,0.0
1995-12-08,9510,6518.38,0.0,9368.38,98.51,3.48,0.0
1995-12-09,9510,6515.81,0.0,9365.81,98.48,5.64,0.0
1995-12-10,9510,6518.38,0.0,9368.38,98.51,9.72,0.0
1995-12-11,9510,6505.55,0.0,9355.55,98.38,5.26,0.0
1995-12-12,9510,6492.74,0.0,9342.74,98.24,7.74,0.0
1995-12-13,9510,6485.06,0.0,9335.06,98.16,7.49,0.0
1995-12-14,9510,6477.37,0.0,9327.37,98.08,9.12,0.0
1995-12-15,9510,6469.7,0.0,9319.7,98.0,8.99,0.0
1995-12-16,9510,6456.91,0.0,9306.91,97.86,7.74,0.0
1995-12-17,9510,6451.79,0.0,9301.79,97.81,5.45,0.0
1995-12-18,9510,6439.01,0.0,9289.01,97.68,6.83,0.0
1995-12-19,9510,6423.69,0.0,9273.69,97.52,11.46,0.0
1995-12-20,9510,6410.93,0.0,9260.93,97.38,8.32,0.0
1995-12-21,9510,6398.18,0.0,9248.18,97.25,10.56,0.0
1995-12-22,9510,6382.89,0.0,9232.89,97.09,6.87,0.0
1995-12-23,9510,6367.62,0.0,9217.62,96.93,2.66,0.0
1995-12-24,9510,6367.62,0.0,9217.62,96.93,0.04,0.0
1995-12-25,9510,6365.07,0.0,9215.07,96.9,0.86,0.0
1995-12-26,9510,6354.9,0.0,9204.9,96.79,10.58,0.0
1995-12-27,9510,6347.27,0.0,9197.27,96.71,4.26,0.0
1995-12-28,9510,6347.27,0.0,9197.27,96.71,4.39,0.0
1995-12-29,9510,6344.72,0.0,9194.72,96.68,3.02,0.0
1995-12-30,9510,6349.81,0.0,9199.81,96.74,2.52,0.0
1995-12-31,9510,6354.9,0.0,9204.9,96.79,7.89,0.0
1996-01-01,9510,6354.9,0.0,9204.9,96.79,0.95,0.0
1996-01-02,9510,6354.89,0.0,9204.89,96.79,7.76,0.0
1996-01-03,9510,6344.72,0.0,9194.72,96.68,5.35,0.0
1996-01-04,9510,6332.02,0.0,9182.02,96.55,5.78,0.0
1996-01-05,9510,6321.86,0.0,9171.86,96.44,5.75,0.0
1996-01-06,9510,6316.78,0.0,9166.78,96.39,5.0,0.0
1996-01-07,9510,6314.25,0.0,9164.25,96.36,3.61,0.0
1996-01-08,9510,6301.56,0.0,9151.56,96.23,6.25,0.0
1996-01-09,9510,6286.35,0.0,9136.35,96.07,5.84,0.0
1996-01-10,9510,6271.15,0.0,9121.15,95.91,5.82,0.0
1996-01-11,9510,6253.43,0.0,9103.43,95.72,4.28,0.0
1996-01-12,9510,6238.26,0.0,9088.26,95.57,3.67,0.0
1996-01-13,9510,6230.68,0.0,9080.68,95.49,5.13,0.0
1996-01-14,9510,6223.1,0.0,9073.1,95.41,1.39,0.0
1996-01-15,9510,6213.0,0.0,9063.0,95.3,9.41,0.0
1996-01-16,9510,6195.34,0.0,9045.34,95.11,4.3,0.0
1996-01-17,9510,6182.73,0.0,9032.73,94.98,5.8,0.0
1996-01-18,9510,6167.62,0.0,9017.62,94.82,3.92,0.0
1996-01-19,9510,6155.03,0.0,9005.03,94.69,7.56,0.0
1996-01-20,9510,6142.45,0.0,8992.45,94.56,6.19,0.0
1996-01-21,9510,6134.91,0.0,8984.91,94.48,3.04,0.0
1996-01-22,9510,6124.86,0.0,8974.86,94.37,8.12,0.0
1996-01-23,9510,6112.3,0.0,8962.3,94.24,7.55,0.0
1996-01-24,9510,6097.24,0.0,8947.24,94.08,5.85,0.0
1996-01-25,9510,6082.2,0.0,8932.2,93.92,4.45,0.0
1996-01-26,9510,6067.16,0.0,8917.16,93.77,4.07,0.0
1996-01-27,9510,6049.64,0.0,8899.64,93.58,2.13,0.0
1996-01-28,9510,6037.13,0.0,8887.13,93.45,1.31,0.0
1996-01-29,9510,6027.13,0.0,8877.13,93.35,7.87,0.0
1996-01-30,9510,6012.14,0.0,8862.14,93.19,2.28,0.0
1996-01-31,9510,5999.66,0.0,8849.66,93.06,6.2,0.0
1996-02-01,9510,5982.2,0.0,8832.2,92.87,3.09,0.0
1996-02-02,9510,5967.24,0.0,8817.24,92.72,4.83,0.0
1996-02-03,9510,5947.33,0.0,8797.33,92.51,0.96,0.0
1996-02-04,9510,5937.37,0.0,8787.37,92.4,2.95,0.0
1996-02-05,9510,5915.0,0.0,8765.0,92.17,4.78,0.0
1996-02-06,9510,5887.7,0.0,8737.7,91.88,2.33,0.0
1996-02-07,9510,5867.86,0.0,8717.86,91.67,9.58,0.0
1996-02-08,9510,5840.63,0.0,8690.63,91.38,2.69,0.0
1996-02-09,9510,5815.9,0.0,8665.9,91.12,6.16,0.0
1996-02-10,9510,5801.08,0.0,8651.08,90.97,6.96,0.0
1996-02-11,9510,5793.68,0.0,8643.68,90.89,2.15,0.0
1996-02-12,9510,5766.55,0.0,8616.55,90.61,4.07,0.0
1996-02-13,9510,5737.01,0.0,8587.01,90.29,1.98,0.0
1996-02-14,9510,5707.51,0.0,8557.51,89.98,2.6,0.0
1996-02-15,9510,5682.97,0.0,8532.97,89.73,7.79,0.0
1996-02-16,9510,5656.0,0.0,8506.0,89.44,5.63,0.0
1996-02-17,9510,5629.08,0.0,8479.08,89.16,2.43,0.0
1996-02-18,9510,5614.41,0.0,8464.41,89.01,2.57,0.0
1996-02-19,9510,5594.86,0.0,8444.86,88.8,9.94,0.0
1996-02-20,9510,5572.92,0.0,8422.92,88.57,8.67,0.0
1996-02-21,9510,5543.69,0.0,8393.69,88.26,6.06,0.0
1996-02-22,9510,5514.51,0.0,8364.51,87.95,7.04,0.0
1996-02-23,9510,5487.8,0.0,8337.8,87.67,6.99,0.0
1996-02-24,9510,5458.7,0.0,8308.7,87.37,4.61,0.0
1996-02-25,9510,5432.08,0.0,8282.08,87.09,4.31,0.0
1996-02-26,9510,5400.66,0.0,8250.66,86.76,4.68,0.0
1996-02-27,9510,5371.71,0.0,8221.71,86.45,7.7,0.0
1996-02-28,9510,5342.8,0.0,8192.8,86.15,6.66,0.0
1996-03-01,9510,5277.95,0.0,8127.95,85.47,8.9,0.0
1996-03-02,9510,5244.41,0.0,8094.41,85.11,0.07,0.0
1996-03-03,9510,5222.89,0.0,8072.89,84.89,1.81,0.0
1996-03-04,9510,5189.46,0.0,8039.46,84.54,1.45,0.0
1996-03-05,9510,5158.47,0.0,8008.47,84.21,2.1,0.0
1996-03-06,9510,5120.41,0.0,7970.41,83.81,5.56,0.0
1996-03-07,9510,5087.18,0.0,7937.18,83.46,0.12,0.0
1996-03-08,9510,5054.01,0.0,7904.01,83.11,2.61,0.0
1996-03-09,9510,5023.27,0.0,7873.27,82.79,4.1,0.0
1996-03-10,9510,5002.02,0.0,7852.02,82.57,4.36,0.0
1996-03-11,9510,4964.31,0.0,7814.31,82.17,3.85,0.0
1996-03-12,9510,4931.38,0.0,7781.38,81.82,2.28,0.0
1996-03-13,9510,4893.82,0.0,7743.82,81.43,7.5,0.0
1996-03-14,9510,4863.37,0.0,7713.37,81.11,3.2,0.0
1996-03-15,9510,4828.3,0.0,7678.3,80.74,9.62,0.0
1996-03-16,9510,4790.98,0.0,7640.98,80.35,4.54,0.0
1996-03-17,9510,4765.37,0.0,7615.37,80.08,1.59,0.0
1996-03-18,9510,4728.19,0.0,7578.19,79.69,2.48,0.0
1996-03-19,9510,4684.14,0.0,7534.14,79.22,0.73,0.0
1996-03-20,9510,4644.83,0.0,7494.83,78.81,2.89,0.0
1996-03-21,9510,4607.93,0.0,7457.93,78.42,3.5,0.0
1996-03-22,9510,4571.1,0.0,7421.1,78.03,0.21,0.0
1996-03-23,9510,4534.36,0.0,7384.36,77.65,2.89,0.0
1996-03-24,9510,4513.73,0.0,7363.73,77.43,3.56,0.0
1996-03-25,9510,4481.7,0.0,7331.7,77.09,1.36,0.0
1996-03-26,9510,4445.16,0.0,7295.16,76.71,5.68,0.0
1996-03-27,9510,4413.27,0.0,7263.27,76.38,0.99,0.0
1996-03-28,9510,4379.17,0.0,7229.17,76.02,4.39,0.0
1996-03-29,9510,4345.14,0.0,7195.14,75.66,1.77,0.0
1996-03-30,9510,4313.44,0.0,7163.44,75.33,3.14,0.0
1996-03-31,9510,4293.1,0.0,7143.1,75.11,4.01,0.0
1996-04-01,9510,4259.27,0.0,7109.27,74.76,3.44,0.0
1996-04-02,9510,4218.76,0.0,7068.76,74.33,4.39,0.0
1996-04-03,9510,4187.33,0.0,7037.33,74.0,2.84,0.0
1996-04-04,9510,4162.68,0.0,7012.68,73.74,4.09,0.0
1996-04-05,9510,4126.89,0.0,6976.89,73.36,6.7,0.0
1996-04-06,9510,4106.8,0.0,6956.8,73.15,2.89,0.0
1996-04-07,9510,4086.74,0.0,6936.74,72.94,1.64,0.0
1996-04-08,9510,4051.14,0.0,6901.14,72.57,2.4,0.0
1996-04-09,9510,4015.63,0.0,6865.63,72.19,3.58,0.0
1996-04-10,9510,3980.2,0.0,6830.2,71.82,3.45,0.0
1996-04-11,9510,3944.86,0.0,6794.86,71.45,4.0,0.0
1996-04-12,9510,3918.41,0.0,6768.41,71.17,1.95,0.0
1996-04-13,9510,3887.61,0.0,6737.61,70.85,1.98,0.0
1996-04-14,9510,3867.85,0.0,6717.85,70.64,1.61,0.0
1996-04-15,9510,3841.55,0.0,6691.55,70.36,6.87,0.0
1996-04-16,9510,3813.11,0.0,6663.11,70.06,5.15,0.0
1996-04-17,9510,3782.54,0.0,6632.54,69.74,5.59,0.0
1996-04-18,9510,3749.87,0.0,6599.87,69.4,4.07,0.0
1996-04-19,9510,3715.1,0.0,6565.1,69.03,3.71,0.0
1996-04-20,9510,3684.75,0.0,6534.75,68.71,2.28,0.0
1996-04-21,9510,3665.27,0.0,6515.27,68.51,0.85,0.0
1996-04-22,9510,3637.19,0.0,6487.19,68.21,2.13,0.0
1996-04-23,9510,3609.17,0.0,6459.17,67.92,3.97,0.0
1996-04-24,9510,3581.21,0.0,6431.21,67.63,5.81,0.0
1996-04-25,9510,3555.45,0.0,6405.45,67.35,7.6,0.0
1996-04-26,9510,3523.32,0.0,6373.32,67.02,9.5,0.0
1996-04-27,9510,3506.21,0.0,6356.21,66.84,4.64,0.0
1996-04-28,9510,3506.21,0.0,6356.21,66.84,8.54,0.0
1996-04-29,9510,3486.98,0.0,6336.98,66.63,12.08,0.0
1996-04-30,9510,3467.81,0.0,6317.81,66.43,13.5,0.0
1996-05-01,9510,3461.42,0.0,6311.42,66.37,13.34,0.0
1996-05-02,9510,3431.65,0.0,6281.65,66.05,5.83,0.0
1996-05-03,9510,3406.18,0.0,6256.18,65.79,5.22,0.0
1996-05-04,9510,3387.11,0.0,6237.11,65.58,9.41,0.0
1996-05-05,9510,3382.88,0.0,6232.88,65.54,10.75,0.0
1996-05-06,9510,3365.96,0.0,6215.96,65.36,7.91,0.0
1996-05-07,9510,3342.74,0.0,6192.74,65.12,8.96,0.0
1996-05-08,9510,3317.45,0.0,6167.45,64.85,5.32,0.0
1996-05-09,9510,3294.31,0.0,6144.31,64.61,2.1,0.0
1996-05-10,9510,3271.22,0.0,6121.22,64.37,4.63,0.0
1996-05-11,9510,3256.55,0.0,6106.55,64.21,4.51,0.0
1996-05-12,9510,3250.27,0.0,6100.27,64.15,7.9,0.0
1996-05-13,9510,3231.44,0.0,6081.44,63.95,3.72,0.0
1996-05-14,9510,3210.55,0.0,6060.55,63.73,4.75,0.0
1996-05-15,9510,3187.62,0.0,6037.62,63.49,5.97,0.0
1996-05-16,9510,3166.8,0.0,6016.8,63.27,8.24,0.0
1996-05-17,9510,3146.03,0.0,5996.03,63.05,3.33,0.0
1996-05-18,9510,3129.43,0.0,5979.43,62.88,9.51,0.0
1996-05-19,9510,3123.22,0.0,5973.22,62.81,3.21,0.0
1996-05-20,9510,3100.45,0.0,5950.45,62.57,1.31,0.0
1996-05-21,9510,3081.85,0.0,5931.85,62.37,8.94,0.0
1996-05-22,9510,3059.17,0.0,5909.17,62.14,6.15,0.0
1996-05-23,9510,3038.58,0.0,5888.58,61.92,7.21,0.0
1996-05-24,9510,3015.98,0.0,5865.98,61.68,10.95,0.0
1996-05-25,9510,2989.33,0.0,5839.33,61.4,11.01,0.0
1996-05-26,9510,2977.04,0.0,5827.04,61.27,3.67,0.0
1996-05-27,9510,2946.4,0.0,5796.4,60.95,5.88,0.0
1996-05-28,9510,2926.02,0.0,5776.02,60.74,1.82,0.0
1996-05-29,9510,2893.48,0.0,5743.48,60.39,11.34,0.0
1996-05-30,9510,2865.09,0.0,5715.09,60.1,2.13,0.0
1996-05-31,9510,2832.73,0.0,5682.73,59.76,6.12,0.0
1996-06-01,9510,2796.44,0.0,5646.44,59.37,6.76,0.0
1996-06-02,9510,2772.32,0.0,5622.32,59.12,5.43,0.0
1996-06-03,9510,2746.25,0.0,5596.25,58.85,6.91,0.0
1996-06-04,9510,2716.25,0.0,5566.25,58.53,8.01,0.0
1996-06-05,9510,2682.35,0.0,5532.35,58.17,6.0,0.0
1996-06-06,9510,2646.57,0.0,5496.57,57.8,3.38,0.0
1996-06-07,9510,2624.78,0.0,5474.78,57.57,2.03,0.0
1996-06-08,9510,2610.93,0.0,5460.93,57.42,13.23,0.0
1996-06-09,9510,2616.86,0.0,5466.86,57.49,5.99,0.0
1996-06-10,9510,2612.91,0.0,5462.91,57.44,11.53,0.0
1996-06-11,9510,2587.24,0.0,5437.24,57.17,6.87,0.0
1996-06-12,9510,2561.63,0.0,5411.63,56.9,6.55,0.0
1996-06-13,9510,2545.9,0.0,5395.9,56.74,7.39,0.0
1996-06-14,9510,2541.98,0.0,5391.98,56.7,9.51,0.0
1996-06-15,9510,2559.66,0.0,5409.66,56.88,15.43,0.0
1996-06-16,9510,2599.08,0.0,5449.08,57.3,34.99,0.0
1996-06-17,9510,2616.86,0.0,5466.86,57.49,44.9,0.0
1996-06-18,9510,2608.95,0.0,5458.95,57.4,44.5,0.0
1996-06-19,9510,2597.1,0.0,5447.1,57.28,19.66,0.0
1996-06-20,9510,2583.29,0.0,5433.29,57.13,12.41,0.0
1996-06-21,9510,2561.63,0.0,5411.63,56.9,12.25,0.0
1996-06-22,9510,2545.9,0.0,5395.9,56.74,7.49,0.0
1996-06-23,9510,2541.97,0.0,5391.97,56.7,8.36,0.0
1996-06-24,9510,2538.05,0.0,5388.05,56.66,10.87,0.0
1996-06-25,9510,2514.53,0.0,5364.53,56.41,23.11,0.0
1996-06-26,9510,2493.02,0.0,5343.02,56.18,6.03,0.0
1996-06-27,9510,2481.3,0.0,5331.3,56.06,7.03,0.0
1996-06-28,9510,2465.7,0.0,5315.7,55.9,16.41,0.0
1996-06-29,9510,2455.97,0.0,5305.97,55.79,9.66,0.0
1996-06-30,9510,2457.92,0.0,5307.92,55.81,7.65,0.0
1996-07-01,9510,2436.53,0.0,5286.53,55.59,14.03,0.0
1996-07-02,9510,2415.19,0.0,5265.19,55.36,6.78,0.0
1996-07-03,9510,2393.9,0.0,5243.9,55.14,9.73,0.0
1996-07-04,9510,2361.09,0.0,5211.09,54.8,8.9,0.0
1996-07-05,9510,2326.48,0.0,5176.48,54.43,4.23,0.0
1996-07-06,9510,2311.14,0.0,5161.14,54.27,1.69,0.0
1996-07-07,9510,2303.48,0.0,5153.48,54.19,9.45,0.0
1996-07-08,9510,2282.45,0.0,5132.45,53.97,8.17,0.0
1996-07-09,9510,2257.65,0.0,5107.65,53.71,8.97,0.0
1996-07-10,9510,2231.03,0.0,5081.03,53.43,4.49,0.0
1996-07-11,9510,2215.85,0.0,5065.85,53.27,5.88,0.0
1996-07-12,9510,2198.81,0.0,5048.81,53.09,11.46,0.0
1996-07-13,9510,2198.81,0.0,5048.81,53.09,1.18,0.0
1996-07-14,9510,2198.81,0.0,5048.81,53.09,9.38,0.0
1996-07-15,9510,2172.36,0.0,5022.36,52.81,11.69,0.0
1996-07-16,9510,2151.64,0.0,5001.64,52.59,3.01,0.0
1996-07-17,9510,2140.36,0.0,4990.36,52.47,3.47,0.0
1996-07-18,9510,2125.34,0.0,4975.34,52.32,8.64,0.0
1996-07-19,9510,2144.12,0.0,4994.12,52.51,7.42,0.0
1996-07-20,9510,2210.17,0.0,5060.17,53.21,41.78,0.0
1996-07-21,9510,2257.65,0.0,5107.65,53.71,80.81,0.0
1996-07-22,9510,2288.18,0.0,5138.18,54.03,53.34,0.0
1996-07-23,9510,2314.97,0.0,5164.97,54.31,49.61,0.0
1996-07-24,9510,2330.32,0.0,5180.32,54.47,46.06,0.0
1996-07-25,9510,2359.17,0.0,5209.17,54.78,32.63,0.0
1996-07-26,9510,2390.04,0.0,5240.04,55.1,45.02,0.0
1996-07-27,9510,2446.25,0.0,5296.25,55.69,48.81,0.0
1996-07-28,9510,2514.53,0.0,5364.53,56.41,73.55,0.0
1996-07-29,9510,2579.35,0.0,5429.35,57.09,78.85,0.0
1996-07-30,9510,2644.6,0.0,5494.6,57.78,83.73,0.0
1996-07-31,9510,2678.37,0.0,5528.37,58.13,70.01,0.0
1996-08-01,9510,2696.3,0.0,5546.3,58.32,57.54,0.0
1996-08-02,9510,2704.27,0.0,5554.27,58.4,45.09,0.0
1996-08-03,9510,2720.24,0.0,5570.24,58.57,34.82,0.0
1996-08-04,9510,2730.24,0.0,5580.24,58.68,39.04,0.0
1996-08-05,9510,2736.24,0.0,5586.24,58.74,23.9,0.0
1996-08-06,9510,2754.27,0.0,5604.27,58.93,27.42,0.0
1996-08-07,9510,2752.26,0.0,5602.26,58.91,42.1,0.0
1996-08-08,9510,2752.26,0.0,5602.26,58.91,30.27,0.0
1996-08-09,9510,2750.26,0.0,5600.26,58.89,34.72,0.0
1996-08-10,9510,2744.25,0.0,5594.25,58.82,31.8,0.0
1996-08-11,9510,2746.25,0.0,5596.25,58.85,24.34,0.0
1996-08-12,9510,2756.27,0.0,5606.27,58.95,19.87,0.0
1996-08-13,9510,2776.34,0.0,5626.34,59.16,13.67,0.0
1996-08-14,9510,2820.62,0.0,5670.62,59.63,42.9,0.0
1996-08-15,9510,2856.99,0.0,5706.99,60.01,70.08,0.0
1996-08-16,9510,2877.25,0.0,5727.25,60.22,67.95,0.0
1996-08-17,9510,2891.45,0.0,5741.45,60.37,49.9,0.0
1996-08-18,9510,2928.05,0.0,5778.05,60.76,40.04,0.0
1996-08-19,9510,2981.14,0.0,5831.14,61.32,44.65,0.0
1996-08-20,9510,3048.87,0.0,5898.87,62.03,74.22,0.0
1996-08-21,9510,3114.93,0.0,5964.93,62.72,87.97,0.0
1996-08-22,9510,3152.25,0.0,6002.25,63.12,93.41,0.0
1996-08-23,9510,3202.21,0.0,6052.21,63.64,70.09,0.0
1996-08-24,9510,3279.61,0.0,6129.61,64.45,74.48,0.0
1996-08-25,9510,3370.19,0.0,6220.19,65.41,88.91,0.0
1996-08-26,9510,3425.28,0.0,6275.28,65.99,96.63,0.0
1996-08-27,9510,3446.53,0.0,6296.53,66.21,73.24,0.0
1996-08-28,9510,3461.42,0.0,6311.42,66.37,60.37,0.0
1996-08-29,9510,3474.2,0.0,6324.2,66.5,53.31,0.0
1996-08-30,9510,3480.6,0.0,6330.6,66.57,51.73,0.0
1996-08-31,9510,3516.9,0.0,6366.9,66.95,39.8,0.0
1996-09-01,9510,3555.45,0.0,6405.45,67.35,45.82,0.0
1996-09-02,9510,3583.36,0.0,6433.36,67.65,41.83,0.0
1996-09-03,9510,3611.33,0.0,6461.33,67.94,43.14,0.0
1996-09-04,9510,3630.72,0.0,6480.72,68.15,50.27,0.0
1996-09-05,9510,3643.67,0.0,6493.67,68.28,43.72,0.0
1996-09-06,9510,3660.95,0.0,6510.95,68.46,41.34,0.0
1996-09-07,9510,3678.26,0.0,6528.26,68.65,43.26,0.0
1996-09-08,9510,3706.42,0.0,6556.42,68.94,31.53,0.0
1996-09-09,9510,3715.1,0.0,6565.1,69.03,28.86,0.0
1996-09-10,9510,3721.61,0.0,6571.61,69.1,28.36,0.0
1996-09-11,9510,3723.78,0.0,6573.78,69.12,26.86,0.0
1996-09-12,9510,3734.65,0.0,6584.65,69.24,28.65,0.0
1996-09-13,9510,3747.69,0.0,6597.69,69.38,30.41,0.0
1996-09-14,9510,3760.75,0.0,6610.75,69.51,34.34,0.0
1996-09-15,9510,3830.6,0.0,6680.6,70.25,29.4,0.0
1996-09-16,9510,3863.47,0.0,6713.47,70.59,71.21,0.0
1996-09-17,9510,3900.81,0.0,6750.81,70.99,60.08,0.0
1996-09-18,9510,3940.45,0.0,6790.45,71.4,51.72,0.0
1996-09-19,9510,3962.52,0.0,6812.52,71.64,43.75,0.0
1996-09-20,9510,3991.26,0.0,6841.26,71.94,31.74,0.0
1996-09-21,9510,4020.06,0.0,6870.06,72.24,36.93,0.0
1996-09-22,9510,4048.92,0.0,6898.92,72.54,29.52,0.0
1996-09-23,9510,4093.43,0.0,6943.43,73.01,29.58,0.0
1996-09-24,9510,4124.66,0.0,6974.66,73.34,53.61,0.0
1996-09-25,9510,4164.92,0.0,7014.92,73.76,43.05,0.0
1996-09-26,9510,4207.53,0.0,7057.53,74.21,47.91,0.0
1996-09-27,9510,4248.0,0.0,7098.0,74.64,50.15,0.0
1996-09-28,9510,4286.33,0.0,7136.33,75.04,49.47,0.0
1996-09-29,9510,4313.44,0.0,7163.44,75.33,39.97,0.0
1996-09-30,9510,4333.81,0.0,7183.81,75.54,28.12,0.0
1996-10-01,9510,4342.87,0.0,7192.87,75.63,28.15,0.0
1996-10-02,9510,4351.94,0.0,7201.94,75.73,20.23,0.0
1996-10-03,9510,4358.74,0.0,7208.74,75.8,21.63,0.0
1996-10-04,9510,4367.81,0.0,7217.81,75.9,19.54,0.0
1996-10-05,9510,4395.07,0.0,7245.07,76.18,17.79,0.0
1996-10-06,9510,4431.49,0.0,7281.49,76.57,35.39,0.0
1996-10-07,9510,4445.16,0.0,7295.16,76.71,37.16,0.0
1996-10-08,9510,4467.99,0.0,7317.99,76.95,27.69,0.0
1996-10-09,9510,4506.86,0.0,7356.86,77.36,34.1,0.0
1996-10-10,9510,4550.43,0.0,7400.43,77.82,49.8,0.0
1996-10-11,9510,4596.41,0.0,7446.41,78.3,49.47,0.0
1996-10-12,9510,4633.29,0.0,7483.29,78.69,50.01,0.0
1996-10-13,9510,4661.01,0.0,7511.01,78.98,38.86,0.0
1996-10-14,9510,4677.2,0.0,7527.2,79.15,29.56,0.0
1996-10-15,9510,4686.46,0.0,7536.46,79.25,25.45,0.0
1996-10-16,9510,4702.67,0.0,7552.67,79.42,20.74,0.0
1996-10-17,9510,4714.26,0.0,7564.26,79.54,26.48,0.0
1996-10-18,9510,4728.19,0.0,7578.19,79.69,23.38,0.0
1996-10-19,9510,4744.44,0.0,7594.44,79.86,20.42,0.0
1996-10-20,9510,4758.39,0.0,7608.39,80.0,18.81,0.0
1996-10-21,9510,4763.04,0.0,7613.04,80.05,14.92,0.0
1996-10-22,9510,4767.69,0.0,7617.69,80.1,18.53,0.0
1996-10-23,9510,4783.99,0.0,7633.99,80.27,17.66,0.0
1996-10-24,9510,4783.99,0.0,7633.99,80.27,18.9,0.0
1996-10-25,9510,4795.64,0.0,7645.64,80.4,9.71,0.0
1996-10-26,9510,4804.97,0.0,7654.97,80.49,13.66,0.0
1996-10-27,9510,4816.63,0.0,7666.63,80.62,10.51,0.0
1996-10-28,9510,4828.3,0.0,7678.3,80.74,12.42,0.0
1996-10-29,9510,4832.97,0.0,7682.97,80.79,14.96,0.0
1996-10-30,9510,4837.65,0.0,7687.65,80.84,17.64,0.0
1996-10-31,9510,4842.32,0.0,7692.32,80.89,14.77,0.0
1996-11-01,9510,4842.32,0.0,7692.32,80.89,14.34,0.0
1996-11-02,9510,4851.67,0.0,7701.67,80.98,3.5,0.0
1996-11-03,9510,4865.71,0.0,7715.71,81.13,13.06,0.0
1996-11-04,9510,4872.73,0.0,7722.73,81.21,14.87,0.0
1996-11-05,9510,4875.08,0.0,7725.08,81.23,12.96,0.0
1996-11-06,9510,4877.42,0.0,7727.42,81.26,16.64,0.0
1996-11-07,9510,4870.39,0.0,7720.39,81.18,13.53,0.0
1996-11-08,9510,4865.71,0.0,7715.71,81.13,18.62,0.0
1996-11-09,9510,4861.03,0.0,7711.03,81.08,17.58,0.0
1996-11-10,9510,4870.39,0.0,7720.39,81.18,9.33,0.0
1996-11-11,9510,4865.71,0.0,7715.71,81.13,16.75,0.0
1996-11-12,9510,4856.35,0.0,7706.35,81.03,16.28,0.0
1996-11-13,9510,4847.0,0.0,7697.0,80.94,15.24,0.0
1996-11-14,9510,4842.32,0.0,7692.32,80.89,4.74,0.0
1996-11-15,9510,4839.98,0.0,7689.98,80.86,9.66,0.0
1996-11-16,9510,4842.32,0.0,7692.32,80.89,7.05,0.0
1996-11-17,9510,4847.0,0.0,7697.0,80.94,7.37,0.0
1996-11-18,9510,4851.67,0.0,7701.67,80.98,6.85,0.0
1996-11-19,9510,4851.67,0.0,7701.67,80.98,10.7,0.0
1996-11-20,9510,4851.67,0.0,7701.67,80.98,6.58,0.0
1996-11-21,9510,4847.0,0.0,7697.0,80.94,9.33,0.0
1996-11-22,9510,4844.66,0.0,7694.66,80.91,10.8,0.0
1996-11-23,9510,4847.0,0.0,7697.0,80.94,9.22,0.0
1996-11-24,9510,4851.67,0.0,7701.67,80.98,6.94,0.0
1996-11-25,9510,4844.66,0.0,7694.66,80.91,9.21,0.0
1996-11-26,9510,4825.97,0.0,7675.97,80.71,6.82,0.0
1996-11-27,9510,4807.3,0.0,7657.3,80.52,9.85,0.0
1996-11-28,9510,4786.32,0.0,7636.32,80.3,7.12,0.0
1996-11-29,9510,4767.69,0.0,7617.69,80.1,8.19,0.0
1996-11-30,9510,4760.72,0.0,7610.72,80.03,9.01,0.0
1996-12-01,9510,4765.37,0.0,7615.37,80.08,8.24,0.0
1996-12-02,9510,4765.37,0.0,7615.37,80.08,7.38,0.0
1996-12-03,9510,4753.74,0.0,7603.74,79.96,6.97,0.0
1996-12-04,9510,4749.09,0.0,7599.09,79.91,6.53,0.0
1996-12-05,9510,4754.41,0.0,7604.41,79.96,12.16,0.0
1996-12-06,9510,4739.8,0.0,7589.8,79.81,6.08,0.0
1996-12-07,9510,4730.51,0.0,7580.51,79.71,5.26,0.0
1996-12-08,9510,4721.22,0.0,7571.22,79.61,8.71,0.0
1996-12-09,9510,4714.26,0.0,7564.26,79.54,6.89,0.0
1996-12-10,9510,4704.99,0.0,7554.99,79.44,2.83,0.0
1996-12-11,9510,4695.72,0.0,7545.72,79.35,1.87,0.0
1996-12-12,9510,4684.14,0.0,7534.14,79.22,4.54,0.0
1996-12-13,9510,4674.88,0.0,7524.88,79.13,5.84,0.0
1996-12-14,9510,4674.88,0.0,7524.88,79.13,2.89,0.0
1996-12-15,9510,4679.51,0.0,7529.51,79.17,6.02,0.0
1996-12-16,9510,4670.26,0.0,7520.26,79.08,6.09,0.0
1996-12-17,9510,4665.63,0.0,7515.63,79.03,3.83,0.0
1996-12-18,9510,4658.7,0.0,7508.7,78.96,4.62,0.0
1996-12-19,9510,4654.07,0.0,7504.07,78.91,1.61,0.0
1996-12-20,9510,4654.07,0.0,7504.07,78.91,5.94,0.0
1996-12-21,9510,4658.7,0.0,7508.7,78.96,8.15,0.0
1996-12-22,9510,4663.32,0.0,7513.32,79.0,6.3,0.0
1996-12-23,9510,4661.01,0.0,7511.01,78.98,5.38,0.0
1996-12-24,9510,4661.01,0.0,7511.01,78.98,1.14,0.0
1996-12-25,9510,4661.01,0.0,7511.01,78.98,5.08,0.0
1996-12-26,9510,4658.7,0.0,7508.7,78.96,4.2,0.0
1996-12-27,9510,4656.39,0.0,7506.39,78.93,1.74,0.0
1996-12-28,9510,4654.07,0.0,7504.07,78.91,4.84,0.0
1996-12-29,9510,4656.39,0.0,7506.39,78.93,2.55,0.0
1996-12-30,9510,4654.07,0.0,7504.07,78.91,7.02,0.0
1996-12-31,9510,4654.07,0.0,7504.07,78.91,4.01,0.0
1997-01-01,9510,4654.07,0.0,7504.07,78.91,4.39,0.0
1997-01-02,9510,4644.83,0.0,7494.83,78.81,1.45,0.0
1997-01-03,9510,4640.23,0.0,7490.23,78.76,6.67,0.0
1997-01-04,9510,4633.29,0.0,7483.29,78.69,2.43,0.0
1997-01-05,9510,4635.6,0.0,7485.6,78.71,6.16,0.0
1997-01-06,9510,4628.68,0.0,7478.68,78.64,4.27,0.0
1997-01-07,9510,4626.37,0.0,7476.37,78.62,8.04,0.0
1997-01-08,9510,4614.84,0.0,7464.84,78.49,1.42,0.0
1997-01-09,9510,4603.32,0.0,7453.32,78.37,1.49,0.0
1997-01-10,9510,4596.41,0.0,7446.41,78.3,3.85,0.0
1997-01-11,9510,4594.11,0.0,7444.11,78.28,3.08,0.0
1997-01-12,9510,4591.81,0.0,7441.81,78.25,1.82,0.0
1997-01-13,9510,4587.2,0.0,7437.2,78.2,8.91,0.0
1997-01-14,9510,4578.0,0.0,7428.0,78.11,4.2,0.0
1997-01-15,9510,4573.4,0.0,7423.4,78.06,8.44,0.0
1997-01-16,9510,4559.61,0.0,7409.61,77.91,4.07,0.0
1997-01-17,9510,4550.43,0.0,7400.43,77.82,3.4,0.0
1997-01-18,9510,4545.84,0.0,7395.84,77.77,2.3,0.0
1997-01-19,9510,4541.25,0.0,7391.25,77.72,1.22,0.0
1997-01-20,9510,4527.48,0.0,7377.48,77.58,3.41,0.0
1997-01-21,9510,4516.03,0.0,7366.03,77.46,5.18,0.0
1997-01-22,9510,4500.0,0.0,7350.0,77.29,3.51,0.0
1997-01-23,9510,4481.7,0.0,7331.7,77.09,0.6,0.0
1997-01-24,9510,4467.99,0.0,7317.99,76.95,4.45,0.0
1997-01-25,9510,4461.14,0.0,7311.14,76.88,1.03,0.0
1997-01-26,9510,4461.14,0.0,7311.14,76.88,3.33,0.0
1997-01-27,9510,4452.01,0.0,7302.01,76.78,9.68,0.0
1997-01-28,9510,4436.05,0.0,7286.05,76.61,4.05,0.0
1997-01-29,9510,4420.1,0.0,7270.1,76.45,6.3,0.0
1997-01-30,9510,4392.8,0.0,7242.8,76.16,1.54,0.0
1997-01-31,9510,4370.08,0.0,7220.08,75.92,3.54,0.0
1997-02-01,9510,4349.67,0.0,7199.67,75.71,1.49,0.0
1997-02-02,9510,4336.08,0.0,7186.08,75.56,0.86,0.0
1997-02-03,9510,4313.44,0.0,7163.44,75.33,3.04,0.0
1997-02-04,9510,4295.36,0.0,7145.36,75.14,9.79,0.0
1997-02-05,9510,4272.79,0.0,7122.79,74.9,5.66,0.0
1997-02-06,9510,4250.26,0.0,7100.26,74.66,3.65,0.0
1997-02-07,9510,4236.75,0.0,7086.75,74.52,2.75,0.0
1997-02-08,9510,4223.25,0.0,7073.25,74.38,3.54,0.0
1997-02-09,9510,4207.53,0.0,7057.53,74.21,1.39,0.0
1997-02-10,9510,4187.33,0.0,7037.33,74.0,2.83,0.0
1997-02-11,9510,4164.92,0.0,7014.92,73.76,7.86,0.0
1997-02-12,9510,4142.54,0.0,6992.54,73.53,3.6,0.0
1997-02-13,9510,4117.96,0.0,6967.96,73.27,2.6,0.0
1997-02-14,9510,4097.88,0.0,6947.88,73.06,4.08,0.0
1997-02-15,9510,4080.06,0.0,6930.06,72.87,5.69,0.0
1997-02-16,9510,4064.48,0.0,6914.48,72.71,3.4,0.0
1997-02-17,9510,4044.48,0.0,6894.48,72.5,3.19,0.0
1997-02-18,9510,4024.5,0.0,6874.5,72.29,4.06,0.0
1997-02-19,9510,4002.33,0.0,6852.33,72.05,1.51,0.0
1997-02-20,9510,3980.2,0.0,6830.2,71.82,1.9,0.0
1997-02-21,9510,3960.31,0.0,6810.31,71.61,1.23,0.0
1997-02-22,9510,3940.45,0.0,6790.45,71.4,1.43,0.0
1997-02-23,9510,3929.43,0.0,6779.43,71.29,2.31,0.0
1997-02-24,9510,3911.81,0.0,6761.81,71.1,7.13,0.0
1997-02-25,9510,3889.82,0.0,6739.82,70.87,3.31,0.0
1997-02-26,9510,3867.86,0.0,6717.86,70.64,2.95,0.0
1997-02-27,9510,3848.12,0.0,6698.12,70.43,6.36,0.0
1997-02-28,9510,3824.04,0.0,6674.04,70.18,1.66,0.0
1997-03-01,9510,3804.37,0.0,6654.37,69.97,1.66,0.0
1997-03-02,9510,3789.09,0.0,6639.09,69.81,3.72,0.0
1997-03-03,9510,3762.93,0.0,6612.93,69.54,3.34,0.0
1997-03-04,9510,3736.82,0.0,6586.82,69.26,0.6,0.0
1997-03-05,9510,3708.59,0.0,6558.59,68.97,0.91,0.0
1997-03-06,9510,3678.26,0.0,6528.26,68.65,1.41,0.0
1997-03-07,9510,3652.31,0.0,6502.31,68.37,0.45,0.0
1997-03-08,9510,3630.72,0.0,6480.72,68.15,1.7,0.0
1997-03-09,9510,3615.63,0.0,6465.63,67.99,2.62,0.0
1997-03-10,9510,3587.66,0.0,6437.66,67.69,2.84,0.0
1997-03-11,9510,3561.88,0.0,6411.88,67.42,0.3,0.0
1997-03-12,9510,3534.02,0.0,6384.02,67.13,2.02,0.0
1997-03-13,9510,3506.21,0.0,6356.21,66.84,0.66,0.0
1997-03-14,9510,3478.47,0.0,6328.47,66.55,0.1,0.0
1997-03-15,9510,3452.91,0.0,6302.91,66.28,1.77,0.0
1997-03-16,9510,3435.9,0.0,6285.9,66.1,0.05,0.0
1997-03-17,9510,3410.42,0.0,6260.42,65.83,2.09,0.0
1997-03-18,9510,3385.0,0.0,6235.0,65.56,2.35,0.0
1997-03-19,9510,3357.51,0.0,6207.51,65.27,3.61,0.0
1997-03-20,9510,3330.09,0.0,6180.09,64.99,3.22,0.0
1997-03-21,9510,3304.83,0.0,6154.83,64.72,1.45,0.0
1997-03-22,9510,3279.62,0.0,6129.62,64.45,2.54,0.0
1997-03-23,9510,3264.93,0.0,6114.93,64.3,0.75,0.0
1997-03-24,9510,3235.62,0.0,6085.62,63.99,2.51,0.0
1997-03-25,9510,3206.38,0.0,6056.38,63.68,0.07,0.0
1997-03-26,9510,3177.21,0.0,6027.21,63.38,0.57,0.0
1997-03-27,9510,3154.33,0.0,6004.33,63.14,0.62,0.0
1997-03-28,9510,3127.36,0.0,5977.36,62.85,2.05,0.0
1997-03-29,9510,3102.52,0.0,5952.52,62.59,1.76,0.0
1997-03-30,9510,3092.18,0.0,5942.18,62.48,1.9,0.0
1997-03-31,9510,3067.41,0.0,5917.41,62.22,0.68,0.0
1997-04-01,9510,3040.64,0.0,5890.64,61.94,1.97,0.0
1997-04-02,9510,3018.03,0.0,5868.03,61.7,1.33,0.0
1997-04-03,9510,2995.47,0.0,5845.47,61.47,6.01,0.0
1997-04-04,9510,2966.82,0.0,5816.82,61.17,5.38,0.0
1997-04-05,9510,2946.4,0.0,5796.4,60.95,0.01,0.0
1997-04-06,9510,2934.17,0.0,5784.17,60.82,5.0,0.0
1997-04-07,9510,2907.7,0.0,5757.7,60.54,0.46,0.0
1997-04-08,9510,2887.39,0.0,5737.39,60.33,1.12,0.0
1997-04-09,9510,2863.07,0.0,5713.07,60.07,9.14,0.0
1997-04-10,9510,2834.75,0.0,5684.75,59.78,7.71,0.0
1997-04-11,9510,2806.52,0.0,5656.52,59.48,2.68,0.0
1997-04-12,9510,2792.42,0.0,5642.42,59.33,1.92,0.0
1997-04-13,9510,2778.35,0.0,5628.35,59.18,1.6,0.0
1997-04-14,9510,2762.29,0.0,5612.29,59.01,1.53,0.0
1997-04-15,9510,2738.24,0.0,5588.24,58.76,0.37,0.0
1997-04-16,9510,2706.27,0.0,5556.27,58.43,3.57,0.0
1997-04-17,9510,2676.38,0.0,5526.38,58.11,0.26,0.0
1997-04-18,9510,2648.56,0.0,5498.56,57.82,1.12,0.0
1997-04-19,9510,2622.8,0.0,5472.8,57.55,2.83,0.0
1997-04-20,9510,2614.89,0.0,5464.89,57.46,1.91,0.0
1997-04-21,9510,2587.24,0.0,5437.24,57.17,3.32,0.0
1997-04-22,9510,2561.63,0.0,5411.63,56.9,1.98,0.0
1997-04-23,9510,2540.01,0.0,5390.01,56.68,1.9,0.0
1997-04-24,9510,2518.45,0.0,5368.45,56.45,2.94,0.0
1997-04-25,9510,2498.88,0.0,5348.88,56.24,3.43,0.0
1997-04-26,9510,2485.21,0.0,5335.21,56.1,1.36,0.0
1997-04-27,9510,2479.35,0.0,5329.35,56.04,4.63,0.0
1997-04-28,9510,2459.86,0.0,5309.86,55.83,5.85,0.0
1997-04-29,9510,2438.47,0.0,5288.47,55.61,6.7,0.0
1997-04-30,9510,2409.38,0.0,5259.38,55.3,6.85,0.0
1997-05-01,9510,2403.57,0.0,5253.57,55.24,3.91,0.0
1997-05-02,9510,2380.38,0.0,5230.38,55.0,2.8,0.0
1997-05-03,9510,2355.32,0.0,5205.32,54.74,6.48,0.0
1997-05-04,9510,2349.54,0.0,5199.54,54.67,7.92,0.0
1997-05-05,9510,2345.7,0.0,5195.7,54.63,2.69,0.0
1997-05-06,9510,2314.98,0.0,5164.98,54.31,4.38,0.0
1997-05-07,9510,2282.45,0.0,5132.45,53.97,4.23,0.0
1997-05-08,9510,2246.23,0.0,5096.23,53.59,3.24,0.0
1997-05-09,9510,2215.85,0.0,5065.85,53.27,1.48,0.0
1997-05-10,9510,2198.81,0.0,5048.81,53.09,3.3,0.0
1997-05-11,9510,2189.35,0.0,5039.35,52.99,1.54,0.0
1997-05-12,9510,2166.71,0.0,5016.71,52.75,0.56,0.0
1997-05-13,9510,2146.0,0.0,4996.0,52.53,1.69,0.0
1997-05-14,9510,2123.46,0.0,4973.46,52.3,4.1,0.0
1997-05-15,9510,2106.6,0.0,4956.6,52.12,2.81,0.0
1997-05-16,9510,2086.04,0.0,4936.04,51.9,9.49,0.0
1997-05-17,9510,2074.85,0.0,4924.85,51.79,0.99,0.0
1997-05-18,9510,2069.26,0.0,4919.26,51.73,2.87,0.0
1997-05-19,9510,2056.23,0.0,4906.23,51.59,1.45,0.0
1997-05-20,9510,2046.93,0.0,4896.93,51.49,2.38,0.0
1997-05-21,9510,2028.37,0.0,4878.37,51.3,0.22,0.0
1997-05-22,9510,2008.0,0.0,4858.0,51.08,5.15,0.0
1997-05-23,9510,1984.0,0.0,4834.0,50.83,7.08,0.0
1997-05-24,9510,1956.4,0.0,4806.4,50.54,4.3,0.0
1997-05-25,9510,1945.38,0.0,4795.38,50.42,3.44,0.0
1997-05-26,9510,1928.89,0.0,4778.89,50.25,0.35,0.0
1997-05-27,9510,1916.08,0.0,4766.08,50.12,3.21,0.0
1997-05-28,9510,1897.83,0.0,4747.83,49.92,7.45,0.0
1997-05-29,9510,1875.98,0.0,4725.98,49.69,3.82,0.0
1997-05-30,9510,1857.82,0.0,4707.82,49.5,1.73,0.0
1997-05-31,9510,1850.57,0.0,4700.57,49.43,2.19,0.0
1997-06-01,9510,1846.94,0.0,4696.94,49.39,4.09,0.0
1997-06-02,9510,1832.47,0.0,4682.47,49.24,4.16,0.0
1997-06-03,9510,1818.02,0.0,4668.02,49.09,4.6,0.0
1997-06-04,9510,1810.81,0.0,4660.81,49.01,2.33,0.0
1997-06-05,9510,1800.0,0.0,4650.0,48.9,4.16,0.0
1997-06-06,9510,1792.8,0.0,4642.8,48.82,1.71,0.0
1997-06-07,9510,1787.41,0.0,4637.41,48.76,2.92,0.0
1997-06-08,9510,1785.62,0.0,4635.62,48.74,0.32,0.0
1997-06-09,9510,1769.47,0.0,4619.47,48.57,1.78,0.0
1997-06-10,9510,1758.72,0.0,4608.72,48.46,0.9,0.0
1997-06-11,9510,1742.64,0.0,4592.64,48.29,0.44,0.0
1997-06-12,9510,1724.8,0.0,4574.8,48.11,3.65,0.0
1997-06-13,9510,1712.35,0.0,4562.35,47.97,1.05,0.0
1997-06-14,9510,1699.91,0.0,4549.91,47.84,8.82,0.0
1997-06-15,9510,1694.59,0.0,4544.59,47.79,1.01,0.0
1997-06-16,9510,1678.65,0.0,4528.65,47.62,1.68,0.0
1997-06-17,9510,1662.74,0.0,4512.74,47.45,1.15,0.0
1997-06-18,9510,1646.87,0.0,4496.87,47.29,1.75,0.0
1997-06-19,9510,1629.29,0.0,4479.29,47.1,1.67,0.0
1997-06-20,9510,1615.25,0.0,4465.25,46.95,1.24,0.0
1997-06-21,9510,1602.99,0.0,4452.99,46.82,5.19,0.0
1997-06-22,9510,1594.25,0.0,4444.25,46.73,3.98,0.0
1997-06-23,9510,1580.28,0.0,4430.28,46.59,0.87,0.0
1997-06-24,9510,1566.35,0.0,4416.35,46.44,2.21,0.0
1997-06-25,9510,1552.44,0.0,4402.44,46.29,2.13,0.0
1997-06-26,9510,1538.56,0.0,4388.56,46.15,2.4,0.0
1997-06-27,9510,1524.72,0.0,4374.72,46.0,1.33,0.0
1997-06-28,9510,1512.63,0.0,4362.63,45.87,1.22,0.0
1997-06-29,9510,1505.73,0.0,4355.73,45.8,0.84,0.0
1997-06-30,9510,1488.51,0.0,4338.51,45.62,0.67,0.0
1997-07-01,9510,1464.49,0.0,4314.49,45.37,3.62,0.0
1997-07-02,9510,1442.27,0.0,4292.27,45.13,3.96,0.0
1997-07-03,9510,1418.43,0.0,4268.43,44.88,3.61,0.0
1997-07-04,9510,1391.3,0.0,4241.3,44.6,3.97,0.0
1997-07-05,9510,1369.34,0.0,4219.34,44.37,0.62,0.0
1997-07-06,9510,1359.23,0.0,4209.23,44.26,1.41,0.0
1997-07-07,9510,1335.72,0.0,4185.72,44.01,3.24,0.0
1997-07-08,9510,1320.65,0.0,4170.65,43.86,1.95,0.0
1997-07-09,9510,1300.63,0.0,4150.63,43.64,5.5,0.0
1997-07-10,9510,1283.99,0.0,4133.99,43.47,0.11,0.0
1997-07-11,9510,1265.75,0.0,4115.75,43.28,4.03,0.0
1997-07-12,9510,1252.52,0.0,4102.52,43.14,2.56,0.0
1997-07-13,9510,1245.92,0.0,4095.92,43.07,3.25,0.0
1997-07-14,9510,1236.03,0.0,4086.03,42.97,2.56,0.0
1997-07-15,9510,1229.45,0.0,4079.45,42.9,1.57,0.0
1997-07-16,9510,1219.59,0.0,4069.59,42.79,5.13,0.0
1997-07-17,9510,1201.56,0.0,4051.56,42.6,1.86,0.0
1997-07-18,9510,1185.22,0.0,4035.22,42.43,2.66,0.0
1997-07-19,9510,1177.07,0.0,4027.07,42.35,3.76,0.0
1997-07-20,9510,1173.82,0.0,4023.82,42.31,6.27,0.0
1997-07-21,9510,1178.7,0.0,4028.7,42.36,4.73,0.0
1997-07-22,9510,1208.11,0.0,4058.11,42.67,10.28,0.0
1997-07-23,9510,1277.35,0.0,4127.35,43.4,34.75,0.0
1997-07-24,9510,1340.75,0.0,4190.75,44.07,79.67,0.0
1997-07-25,9510,1382.84,0.0,4232.84,44.51,72.37,0.0
1997-07-26,9510,1408.24,0.0,4258.24,44.78,50.82,0.0
1997-07-27,9510,1430.34,0.0,4280.34,45.01,36.02,0.0
1997-07-28,9510,1442.27,0.0,4292.27,45.13,27.94,0.0
1997-07-29,9510,1454.23,0.0,4304.23,45.26,23.29,0.0
1997-07-30,9510,1473.06,0.0,4323.06,45.46,19.23,0.0
1997-07-31,9510,1485.08,0.0,4335.08,45.58,24.95,0.0
1997-08-01,9510,1491.95,0.0,4341.95,45.66,18.84,0.0
1997-08-02,9510,1498.84,0.0,4348.84,45.73,15.92,0.0
1997-08-03,9510,1545.5,0.0,4395.5,46.22,12.42,0.0
1997-08-04,9510,1590.75,0.0,4440.75,46.7,48.47,0.0
1997-08-05,9510,1618.76,0.0,4468.76,46.99,54.38,0.0
1997-08-06,9510,1639.83,0.0,4489.83,47.21,36.54,0.0
1997-08-07,9510,1660.98,0.0,4510.98,47.43,30.91,0.0
1997-08-08,9510,1675.11,0.0,4525.11,47.58,23.51,0.0
1997-08-09,9510,1685.73,0.0,4535.73,47.69,15.33,0.0
1997-08-10,9510,1698.14,0.0,4548.14,47.82,12.21,0.0
1997-08-11,9510,1710.57,0.0,4560.57,47.96,12.96,0.0
1997-08-12,9510,1731.93,0.0,4581.93,48.18,16.32,0.0
1997-08-13,9510,1731.93,0.0,4581.93,48.18,21.91,0.0
1997-08-14,9510,1730.15,0.0,4580.15,48.16,20.81,0.0
1997-08-15,9510,1728.37,0.0,4578.37,48.14,18.29,0.0
1997-08-16,9510,1728.37,0.0,4578.37,48.14,18.15,0.0
1997-08-17,9510,1748.0,0.0,4598.0,48.35,24.62,0.0
1997-08-18,9510,1765.89,0.0,4615.89,48.54,35.32,0.0
1997-08-19,9510,1791.01,0.0,4641.01,48.8,45.91,0.0
1997-08-20,9510,1810.81,0.0,4660.81,49.01,55.26,0.0
1997-08-21,9510,1821.63,0.0,4671.63,49.12,41.62,0.0
1997-08-22,9510,1852.38,0.0,4702.38,49.45,29.45,0.0
1997-08-23,9510,1872.34,0.0,4722.34,49.66,49.71,0.0
1997-08-24,9510,1901.47,0.0,4751.47,49.96,38.92,0.0
1997-08-25,9510,1934.38,0.0,4784.38,50.31,40.93,0.0
1997-08-26,9510,1971.11,0.0,4821.11,50.7,46.77,0.0
1997-08-27,9510,2019.11,0.0,4869.11,51.2,48.53,0.0
1997-08-28,9510,2065.53,0.0,4915.53,51.69,53.46,0.0
1997-08-29,9510,2115.97,0.0,4965.97,52.22,53.36,0.0
1997-08-30,9510,2181.8,0.0,5031.8,52.91,54.75,0.0
1997-08-31,9510,2261.46,0.0,5111.46,53.75,66.41,0.0
1997-09-01,9510,2353.39,0.0,5203.39,54.71,82.17,0.0
1997-09-02,9510,2440.42,0.0,5290.42,55.63,97.59,0.0
1997-09-03,9510,2543.94,0.0,5393.94,56.72,98.99,0.0
1997-09-04,9510,2644.6,0.0,5494.6,57.78,113.38,0.0
1997-09-05,9510,2728.24,0.0,5578.24,58.66,112.5,0.0
1997-09-06,9510,2792.42,0.0,5642.42,59.33,93.33,0.0
1997-09-07,9510,2867.12,0.0,5717.12,60.12,64.83,0.0
1997-09-08,9510,2926.02,0.0,5776.02,60.74,75.34,0.0
1997-09-09,9510,2966.82,0.0,5816.82,61.17,66.0,0.0
1997-09-10,9510,2991.37,0.0,5841.37,61.42,48.54,0.0
1997-09-11,9510,3020.09,0.0,5870.09,61.73,34.42,0.0
1997-09-12,9510,3044.75,0.0,5894.75,61.98,37.96,0.0
1997-09-13,9510,3071.54,0.0,5921.54,62.27,32.63,0.0
1997-09-14,9510,3094.25,0.0,5944.25,62.51,30.42,0.0
1997-09-15,9510,3114.93,0.0,5964.93,62.72,23.95,0.0
1997-09-16,9510,3135.66,0.0,5985.66,62.94,23.26,0.0
1997-09-17,9510,3156.41,0.0,6006.41,63.16,23.06,0.0
1997-09-18,9510,3177.21,0.0,6027.21,63.38,22.29,0.0
1997-09-19,9510,3191.78,0.0,6041.78,63.53,24.54,0.0
1997-09-20,9510,3208.46,0.0,6058.46,63.71,17.07,0.0
1997-09-21,9510,3225.17,0.0,6075.17,63.88,18.8,0.0
1997-09-22,9510,3243.99,0.0,6093.99,64.08,24.15,0.0
1997-09-23,9510,3267.03,0.0,6117.03,64.32,22.43,0.0
1997-09-24,9510,3277.52,0.0,6127.52,64.43,26.61,0.0
1997-09-25,9510,3285.91,0.0,6135.91,64.52,19.53,0.0
1997-09-26,9510,3296.42,0.0,6146.42,64.63,22.2,0.0
1997-09-27,9510,3327.98,0.0,6177.98,64.96,22.29,0.0
1997-09-28,9510,3357.51,0.0,6207.51,65.27,32.24,0.0
1997-09-29,9510,3399.82,0.0,6249.82,65.72,37.64,0.0
1997-09-30,9510,3431.65,0.0,6281.65,66.05,57.45,0.0
1997-10-01,9510,3463.55,0.0,6313.55,66.39,44.34,0.0
1997-10-02,9510,3484.87,0.0,6334.87,66.61,43.78,0.0
1997-10-03,9510,3499.81,0.0,6349.81,66.77,37.39,0.0
1997-10-04,9510,3527.6,0.0,6377.6,67.06,28.43,0.0
1997-10-05,9510,3561.88,0.0,6411.88,67.42,31.96,0.0
1997-10-06,9510,3596.26,0.0,6446.26,67.78,38.06,0.0
1997-10-07,9510,3632.88,0.0,6482.88,68.17,35.87,0.0
1997-10-08,9510,3665.28,0.0,6515.28,68.51,43.92,0.0
1997-10-09,9510,3695.58,0.0,6545.58,68.83,37.89,0.0
1997-10-10,9510,3725.96,0.0,6575.96,69.15,35.77,0.0
1997-10-11,9510,3749.87,0.0,6599.87,69.4,33.82,0.0
1997-10-12,9510,3773.82,0.0,6623.82,69.65,24.61,0.0
1997-10-13,9510,3795.63,0.0,6645.63,69.88,24.65,0.0
1997-10-14,9510,3817.48,0.0,6667.48,70.11,23.73,0.0
1997-10-15,9510,3834.98,0.0,6684.98,70.29,24.18,0.0
1997-10-16,9510,3852.51,0.0,6702.51,70.48,24.02,0.0
1997-10-17,9510,3863.47,0.0,6713.47,70.59,23.31,0.0
1997-10-18,9510,3881.03,0.0,6731.03,70.78,15.77,0.0
1997-10-19,9510,3896.41,0.0,6746.41,70.94,19.91,0.0
1997-10-20,9510,3896.41,0.0,6746.41,70.94,19.2,0.0
1997-10-21,9510,3898.61,0.0,6748.61,70.96,15.4,0.0
1997-10-22,9510,3905.21,0.0,6755.21,71.03,18.01,0.0
1997-10-23,9510,3916.21,0.0,6766.21,71.15,17.21,0.0
1997-10-24,9510,3914.01,0.0,6764.01,71.13,11.71,0.0
1997-10-25,9510,3922.82,0.0,6772.82,71.22,15.4,0.0
1997-10-26,9510,3931.63,0.0,6781.63,71.31,12.58,0.0
1997-10-27,9510,3931.63,0.0,6781.63,71.31,12.93,0.0
1997-10-28,9510,3933.84,0.0,6783.84,71.33,10.97,0.0
1997-10-29,9510,3940.45,0.0,6790.45,71.4,12.65,0.0
1997-10-30,9510,3947.07,0.0,6797.07,71.47,16.23,0.0
1997-10-31,9510,3949.27,0.0,6799.27,71.5,17.09,0.0
1997-11-01,9510,3958.1,0.0,6808.1,71.59,12.3,0.0
1997-11-02,9510,3964.73,0.0,6814.73,71.66,10.44,0.0
1997-11-03,9510,3958.1,0.0,6808.1,71.59,10.32,0.0
1997-11-04,9510,3958.1,0.0,6808.1,71.59,6.78,0.0
1997-11-05,9510,3949.27,0.0,6799.27,71.5,12.41,0.0
1997-11-06,9510,3947.07,0.0,6797.07,71.47,4.74,0.0
1997-11-07,9510,3942.66,0.0,6792.66,71.43,10.42,0.0
1997-11-08,9510,3938.25,0.0,6788.25,71.38,8.12,0.0
1997-11-09,9510,3940.45,0.0,6790.45,71.4,9.22,0.0
1997-11-10,9510,3936.04,0.0,6786.04,71.36,8.76,0.0
1997-11-11,9510,3927.22,0.0,6777.22,71.26,13.34,0.0
1997-11-12,9510,3922.82,0.0,6772.82,71.22,8.73,0.0
1997-11-13,9510,3914.01,0.0,6764.01,71.13,11.44,0.0
1997-11-14,9510,3905.21,0.0,6755.21,71.03,8.83,0.0
1997-11-15,9510,3896.41,0.0,6746.41,70.94,10.04,0.0
1997-11-16,9510,3896.41,0.0,6746.41,70.94,9.04,0.0
1997-11-17,9510,3883.22,0.0,6733.22,70.8,8.49,0.0
1997-11-18,9510,3870.05,0.0,6720.05,70.66,6.6,0.0
1997-11-19,9510,3856.89,0.0,6706.89,70.52,6.89,0.0
1997-11-20,9510,3843.74,0.0,6693.74,70.39,6.97,0.0
1997-11-21,9510,3832.79,0.0,6682.79,70.27,8.98,0.0
1997-11-22,9510,3824.04,0.0,6674.04,70.18,8.55,0.0
1997-11-23,9510,3824.04,0.0,6674.04,70.18,7.85,0.0
1997-11-24,9510,3808.74,0.0,6658.74,70.02,9.83,0.0
1997-11-25,9510,3791.27,0.0,6641.27,69.83,6.86,0.0
1997-11-26,9510,3771.64,0.0,6621.64,69.63,6.96,0.0
1997-11-27,9510,3752.04,0.0,6602.04,69.42,4.61,0.0
1997-11-28,9510,3736.82,0.0,6586.82,69.26,4.47,0.0
1997-11-29,9510,3721.61,0.0,6571.61,69.1,9.03,0.0
1997-11-30,9510,3712.93,0.0,6562.93,69.01,7.95,0.0
1997-12-01,9510,3695.58,0.0,6545.58,68.83,2.06,0.0
1997-12-02,9510,3680.42,0.0,6530.42,68.67,6.64,0.0
1997-12-03,9510,3660.95,0.0,6510.95,68.46,8.54,0.0
1997-12-04,9510,3643.67,0.0,6493.67,68.28,5.6,0.0
1997-12-05,9510,3637.19,0.0,6487.19,68.21,6.44,0.0
1997-12-06,9510,3619.94,0.0,6469.94,68.03,4.37,0.0
1997-12-07,9510,3609.17,0.0,6459.17,67.92,5.19,0.0
1997-12-08,9510,3596.26,0.0,6446.26,67.78,1.71,0.0
1997-12-09,9510,3587.66,0.0,6437.66,67.69,6.46,0.0
1997-12-10,9510,3581.21,0.0,6431.21,67.63,3.6,0.0
1997-12-11,9510,3568.32,0.0,6418.32,67.49,2.89,0.0
1997-12-12,9510,3561.88,0.0,6411.88,67.42,1.02,0.0
1997-12-13,9510,3555.45,0.0,6405.45,67.35,6.42,0.0
1997-12-14,9510,3553.3,0.0,6403.3,67.33,4.58,0.0
1997-12-15,9510,3542.59,0.0,6392.59,67.22,3.52,0.0
1997-12-16,9510,3536.16,0.0,6386.16,67.15,5.59,0.0
1997-12-17,9510,3531.88,0.0,6381.88,67.11,5.35,0.0
1997-12-18,9510,3523.32,0.0,6373.32,67.02,6.74,0.0
1997-12-19,9510,3516.9,0.0,6366.9,66.95,2.73,0.0
1997-12-20,9510,3508.35,0.0,6358.35,66.86,4.76,0.0
1997-12-21,9510,3508.35,0.0,6358.35,66.86,0.81,0.0
1997-12-22,9510,3504.08,0.0,6354.08,66.81,3.36,0.0
1997-12-23,9510,3501.94,0.0,6351.94,66.79,4.97,0.0
1997-12-24,9510,3495.54,0.0,6345.54,66.72,5.46,0.0
1997-12-25,9510,3491.27,0.0,6341.27,66.68,3.91,0.0
1997-12-26,9510,3491.27,0.0,6341.27,66.68,2.98,0.0
1997-12-27,9510,3491.27,0.0,6341.27,66.68,3.82,0.0
1997-12-28,9510,3489.13,0.0,6339.13,66.66,3.45,0.0
1997-12-29,9510,3487.0,0.0,6337.0,66.64,1.95,0.0
1997-12-30,9510,3487.0,0.0,6337.0,66.64,3.74,0.0
1997-12-31,9510,3487.0,0.0,6337.0,66.64,3.82,0.0
1998-01-01,9510,3487.0,0.0,6337.0,66.64,4.0,0.0
1998-01-02,9510,3487.0,0.0,6337.0,66.64,5.26,0.0
1998-01-03,9510,3487.0,0.0,6337.0,66.64,3.25,0.0
1998-01-04,9510,3487.0,0.0,6337.0,66.64,2.0,0.0
1998-01-05,9510,3480.6,0.0,6330.6,66.57,4.39,0.0
1998-01-06,9510,3476.34,0.0,6326.34,66.52,6.5,0.0
1998-01-07,9510,3469.94,0.0,6319.94,66.46,4.35,0.0
1998-01-08,9510,3463.55,0.0,6313.55,66.39,6.26,0.0
1998-01-09,9510,3461.42,0.0,6311.42,66.37,7.22,0.0
1998-01-10,9510,3455.04,0.0,6305.04,66.3,4.42,0.0
1998-01-11,9510,3455.04,0.0,6305.04,66.3,5.63,0.0
1998-01-12,9510,3438.02,0.0,6288.02,66.12,3.4,0.0
1998-01-13,9510,3423.15,0.0,6273.15,65.96,0.71,0.0
1998-01-14,9510,3408.3,0.0,6258.3,65.81,2.45,0.0
1998-01-15,9510,3397.7,0.0,6247.7,65.7,3.62,0.0
1998-01-16,9510,3391.35,0.0,6241.35,65.63,8.03,0.0
1998-01-17,9510,3378.65,0.0,6228.65,65.5,2.03,0.0
1998-01-18,9510,3374.42,0.0,6224.42,65.45,2.24,0.0
1998-01-19,9510,3351.18,0.0,6201.18,65.21,1.89,0.0
1998-01-20,9510,3327.98,0.0,6177.98,64.96,2.55,0.0
1998-01-21,9510,3304.83,0.0,6154.83,64.72,2.62,0.0
1998-01-22,9510,3281.71,0.0,6131.71,64.48,1.95,0.0
1998-01-23,9510,3258.65,0.0,6108.65,64.23,2.63,0.0
1998-01-24,9510,3243.99,0.0,6093.99,64.08,1.74,0.0
1998-01-25,9510,3237.71,0.0,6087.71,64.01,1.76,0.0
1998-01-26,9510,3223.08,0.0,6073.08,63.86,4.71,0.0
1998-01-27,9510,3208.46,0.0,6058.46,63.71,4.04,0.0
1998-01-28,9510,3200.12,0.0,6050.12,63.62,1.55,0.0
1998-01-29,9510,3183.45,0.0,6033.45,63.44,2.73,0.0
1998-01-30,9510,3168.88,0.0,6018.88,63.29,4.41,0.0
1998-01-31,9510,3154.33,0.0,6004.33,63.14,3.39,0.0
1998-02-01,9510,3150.18,0.0,6000.18,63.09,5.37,0.0
1998-02-02,9510,3135.65,0.0,5985.65,62.94,4.93,0.0
1998-02-03,9510,3119.07,0.0,5969.07,62.77,3.82,0.0
1998-02-04,9510,3100.45,0.0,5950.45,62.57,1.28,0.0
1998-02-05,9510,3083.92,0.0,5933.92,62.4,3.45,0.0
1998-02-06,9510,3065.35,0.0,5915.35,62.2,1.87,0.0
1998-02-07,9510,3048.87,0.0,5898.87,62.03,2.2,0.0
1998-02-08,9510,3040.63,0.0,5890.63,61.94,1.77,0.0
1998-02-09,9510,3009.82,0.0,5859.82,61.62,1.81,0.0
1998-02-10,9510,2979.09,0.0,5829.09,61.29,0.74,0.0
1998-02-11,9510,2962.73,0.0,5812.73,61.12,2.56,0.0
1998-02-12,9510,2938.24,0.0,5788.24,60.86,7.76,0.0
1998-02-13,9510,2907.7,0.0,5757.7,60.54,1.24,0.0
1998-02-14,9510,2883.33,0.0,5733.33,60.29,2.33,0.0
1998-02-15,9510,2867.11,0.0,5717.11,60.12,0.27,0.0
1998-02-16,9510,2836.77,0.0,5686.77,59.8,0.25,0.0
1998-02-17,9510,2812.55,0.0,5662.55,59.54,3.56,0.0
1998-02-18,9510,2792.42,0.0,5642.42,59.33,8.39,0.0
1998-02-19,9510,2768.3,0.0,5618.3,59.08,4.09,0.0
1998-02-20,9510,2742.24,0.0,5592.24,58.8,2.51,0.0
1998-02-21,9510,2718.24,0.0,5568.24,58.55,0.72,0.0
1998-02-22,9510,2704.27,0.0,5554.27,58.4,3.67,0.0
1998-02-23,9510,2678.37,0.0,5528.37,58.13,2.54,0.0
1998-02-24,9510,2650.55,0.0,5500.55,57.84,1.8,0.0
1998-02-25,9510,2622.8,0.0,5472.8,57.55,1.13,0.0
1998-02-26,9510,2595.13,0.0,5445.13,57.26,0.74,0.0
1998-02-27,9510,2567.53,0.0,5417.53,56.97,0.98,0.0
1998-02-28,9510,2541.98,0.0,5391.98,56.7,1.57,0.0
1998-03-01,9510,2526.28,0.0,5376.28,56.53,1.57,0.0
1998-03-02,9510,2504.74,0.0,5354.74,56.31,1.88,0.0
1998-03-03,9510,2485.21,0.0,5335.21,56.1,1.95,0.0
1998-03-04,9510,2465.71,0.0,5315.71,55.9,3.03,0.0
1998-03-05,9510,2450.13,0.0,5300.13,55.73,3.41,0.0
1998-03-06,9510,2430.71,0.0,5280.71,55.53,7.28,0.0
1998-03-07,9510,2409.38,0.0,5259.38,55.3,3.96,0.0
1998-03-08,9510,2395.84,0.0,5245.84,55.16,1.6,0.0
1998-03-09,9510,2372.66,0.0,5222.66,54.92,1.55,0.0
1998-03-10,9510,2349.54,0.0,5199.54,54.67,0.03,0.0
1998-03-11,9510,2330.32,0.0,5180.32,54.47,0.26,0.0
1998-03-12,9510,2309.23,0.0,5159.23,54.25,4.42,0.0
1998-03-13,9510,2286.27,0.0,5136.27,54.01,1.74,0.0
1998-03-14,9510,2263.37,0.0,5113.37,53.77,0.75,0.0
1998-03-15,9510,2250.04,0.0,5100.04,53.63,1.6,0.0
1998-03-16,9510,2227.23,0.0,5077.23,53.39,1.44,0.0
1998-03-17,9510,2206.38,0.0,5056.38,53.17,0.64,0.0
1998-03-18,9510,2183.69,0.0,5033.69,52.93,2.87,0.0
1998-03-19,9510,2161.05,0.0,5011.05,52.69,1.5,0.0
1998-03-20,9510,2138.48,0.0,4988.48,52.46,1.01,0.0
1998-03-21,9510,2115.97,0.0,4965.97,52.22,1.88,0.0
1998-03-22,9510,2102.86,0.0,4952.86,52.08,1.33,0.0
1998-03-23,9510,2080.44,0.0,4930.44,51.84,1.89,0.0
1998-03-24,9510,2058.09,0.0,4908.09,51.61,0.4,0.0
1998-03-25,9510,2037.65,0.0,4887.65,51.39,0.78,0.0
1998-03-26,9510,2019.11,0.0,4869.11,51.2,2.81,0.0
1998-03-27,9510,1998.76,0.0,4848.76,50.99,4.75,0.0
1998-03-28,9510,1982.16,0.0,4832.16,50.81,2.7,0.0
1998-03-29,9510,1969.27,0.0,4819.27,50.68,5.91,0.0
1998-03-30,9510,1949.05,0.0,4799.05,50.46,2.7,0.0
1998-03-31,9510,1927.06,0.0,4777.06,50.23,4.41,0.0
1998-04-01,9510,1908.77,0.0,4758.77,50.04,1.34,0.0
1998-04-02,9510,1886.89,0.0,4736.89,49.81,4.29,0.0
1998-04-03,9510,1866.89,0.0,4716.89,49.6,0.76,0.0
1998-04-04,9510,1846.94,0.0,4696.94,49.39,2.34,0.0
1998-04-05,9510,1836.08,0.0,4686.08,49.28,2.4,0.0
1998-04-06,9510,1816.22,0.0,4666.22,49.07,1.6,0.0
1998-04-07,9510,1796.4,0.0,4646.4,48.86,2.52,0.0
1998-04-08,9510,1778.44,0.0,4628.44,48.67,1.58,0.0
1998-04-09,9510,1758.72,0.0,4608.72,48.46,3.89,0.0
1998-04-10,9510,1739.07,0.0,4589.07,48.26,1.74,0.0
1998-04-11,9510,1717.68,0.0,4567.68,48.03,2.31,0.0
1998-04-12,9510,1699.91,0.0,4549.91,47.84,0.91,0.0
1998-04-13,9510,1685.73,0.0,4535.73,47.69,3.4,0.0
1998-04-14,9510,1671.58,0.0,4521.58,47.55,0.9,0.0
1998-04-15,9510,1662.74,0.0,4512.74,47.45,4.81,0.0
1998-04-16,9510,1643.35,0.0,4493.35,47.25,6.85,0.0
1998-04-17,9510,1620.51,0.0,4470.51,47.01,5.93,0.0
1998-04-18,9510,1597.74,0.0,4447.74,46.77,4.18,0.0
1998-04-19,9510,1582.03,0.0,4432.03,46.6,1.84,0.0
1998-04-20,9510,1566.35,0.0,4416.35,46.44,1.2,0.0
1998-04-21,9510,1545.5,0.0,4395.5,46.22,8.78,0.0
1998-04-22,9510,1526.45,0.0,4376.45,46.02,3.54,0.0
1998-04-23,9510,1502.28,0.0,4352.28,45.77,5.05,0.0
1998-04-24,9510,1485.08,0.0,4335.08,45.58,3.01,0.0
1998-04-25,9510,1464.49,0.0,4314.49,45.37,5.39,0.0
1998-04-26,9510,1457.65,0.0,4307.65,45.3,2.26,0.0
1998-04-27,9510,1435.45,0.0,4285.45,45.06,5.33,0.0
1998-04-28,9510,1415.03,0.0,4265.03,44.85,2.98,0.0
1998-04-29,9510,1396.37,0.0,4246.37,44.65,1.04,0.0
1998-04-30,9510,1379.46,0.0,4229.46,44.47,3.89,0.0
1998-05-01,9510,1371.03,0.0,4221.03,44.39,1.34,0.0
1998-05-02,9510,1355.87,0.0,4205.87,44.23,2.03,0.0
1998-05-03,9510,1345.79,0.0,4195.79,44.12,1.01,0.0
1998-05-04,9510,1329.02,0.0,4179.02,43.94,1.03,0.0
1998-05-05,9510,1320.65,0.0,4170.65,43.86,3.08,0.0
1998-05-06,9510,1307.3,0.0,4157.3,43.72,1.92,0.0
1998-05-07,9510,1293.97,0.0,4143.97,43.57,0.28,0.0
1998-05-08,9510,1280.67,0.0,4130.67,43.44,1.11,0.0
1998-05-09,9510,1269.07,0.0,4119.07,43.31,0.95,0.0
1998-05-10,9510,1262.44,0.0,4112.44,43.24,1.02,0.0
1998-05-11,9510,1254.18,0.0,4104.18,43.16,1.17,0.0
1998-05-12,9510,1242.62,0.0,4092.62,43.03,1.13,0.0
1998-05-13,9510,1239.33,0.0,4089.33,43.0,2.27,0.0
1998-05-14,9510,1231.09,0.0,4081.09,42.91,2.85,0.0
1998-05-15,9510,1222.87,0.0,4072.87,42.83,3.39,0.0
1998-05-16,9510,1213.03,0.0,4063.03,42.72,4.13,0.0
1998-05-17,9510,1211.39,0.0,4061.39,42.71,2.16,0.0
1998-05-18,9510,1201.56,0.0,4051.56,42.6,4.76,0.0
1998-05-19,9510,1190.12,0.0,4040.12,42.48,6.73,0.0
1998-05-20,9510,1177.07,0.0,4027.07,42.35,5.47,0.0
1998-05-21,9510,1165.68,0.0,4015.68,42.23,3.68,0.0
1998-05-22,9510,1154.32,0.0,4004.32,42.11,5.18,0.0
1998-05-23,9510,1149.46,0.0,3999.46,42.06,5.55,0.0
1998-05-24,9510,1141.36,0.0,3991.36,41.97,5.61,0.0
1998-05-25,9510,1134.9,0.0,3984.9,41.9,2.7,0.0
1998-05-26,9510,1133.28,0.0,3983.28,41.89,3.45,0.0
1998-05-27,9510,1133.28,0.0,3983.28,41.89,5.04,0.0
1998-05-28,9510,1128.44,0.0,3978.44,41.83,7.62,0.0
1998-05-29,9510,1125.21,0.0,3975.21,41.8,3.5,0.0
1998-05-30,9510,1123.6,0.0,3973.6,41.78,4.16,0.0
1998-05-31,9510,1123.6,0.0,3973.6,41.78,5.78,0.0
1998-06-01,9510,1121.99,0.0,3971.99,41.77,4.67,0.0
1998-06-02,9510,1120.38,0.0,3970.38,41.75,4.29,0.0
1998-06-03,9510,1120.38,0.0,3970.38,41.75,4.13,0.0
1998-06-04,9510,1120.38,0.0,3970.38,41.75,5.61,0.0
1998-06-05,9510,1117.16,0.0,3967.16,41.72,6.21,0.0
1998-06-06,9510,1118.77,0.0,3968.77,41.73,2.48,0.0
1998-06-07,9510,1123.6,0.0,3973.6,41.78,7.44,0.0
1998-06-08,9510,1123.6,0.0,3973.6,41.78,9.02,0.0
1998-06-09,9510,1121.99,0.0,3971.99,41.77,9.22,0.0
1998-06-10,9510,1120.38,0.0,3970.38,41.75,7.7,0.0
1998-06-11,9510,1115.55,0.0,3965.55,41.7,7.6,0.0
1998-06-12,9510,1110.72,0.0,3960.72,41.65,4.96,0.0
1998-06-13,9510,1105.9,0.0,3955.9,41.6,5.39,0.0
1998-06-14,9510,1102.69,0.0,3952.69,41.56,3.17,0.0
1998-06-15,9510,1093.06,0.0,3943.06,41.46,2.67,0.0
1998-06-16,9510,1083.46,0.0,3933.46,41.36,1.17,0.0
1998-06-17,9510,1075.47,0.0,3925.47,41.28,1.23,0.0
1998-06-18,9510,1065.9,0.0,3915.9,41.18,1.71,0.0
1998-06-19,9510,1056.34,0.0,3906.34,41.08,0.33,0.0
1998-06-20,9510,1051.57,0.0,3901.57,41.03,0.15,0.0
1998-06-21,9510,1049.98,0.0,3899.98,41.01,2.66,0.0
1998-06-22,9510,1042.05,0.0,3892.05,40.93,4.58,0.0
1998-06-23,9510,1037.29,0.0,3887.29,40.88,2.18,0.0
1998-06-24,9510,1029.38,0.0,3879.38,40.79,4.79,0.0
1998-06-25,9510,1023.05,0.0,3873.05,40.73,1.81,0.0
1998-06-26,9510,1015.16,0.0,3865.16,40.64,3.39,0.0
1998-06-27,9510,1010.43,0.0,3860.43,40.59,1.77,0.0
1998-06-28,9510,1016.74,0.0,3866.74,40.66,2.86,0.0
1998-06-29,9510,1018.32,0.0,3868.32,40.68,12.13,0.0
1998-06-30,9510,1021.48,0.0,3871.48,40.71,11.11,0.0
1998-07-01,9510,1024.63,0.0,3874.63,40.74,12.58,0.0
1998-07-02,9510,1026.22,0.0,3876.22,40.76,12.63,0.0
1998-07-03,9510,1021.48,0.0,3871.48,40.71,11.11,0.0
1998-07-04,9510,1024.63,0.0,3874.63,40.74,4.89,0.0
1998-07-05,9510,1045.22,0.0,3895.22,40.96,10.31,0.0
1998-07-06,9510,1064.3,0.0,3914.3,41.16,26.61,0.0
1998-07-07,9510,1075.47,0.0,3925.47,41.28,30.78,0.0
1998-07-08,9510,1089.86,0.0,3939.86,41.43,23.11,0.0
1998-07-09,9510,1104.29,0.0,3954.29,41.58,16.95,0.0
1998-07-10,9510,1104.29,0.0,3954.29,41.58,17.16,0.0
1998-07-11,9510,1105.9,0.0,3955.9,41.6,11.92,0.0
1998-07-12,9510,1107.5,0.0,3957.5,41.61,11.1,0.0
1998-07-13,9510,1109.11,0.0,3959.11,41.63,9.19,0.0
1998-07-14,9510,1115.55,0.0,3965.55,41.7,4.32,0.0
1998-07-15,9510,1130.05,0.0,3980.05,41.85,9.01,0.0
1998-07-16,9510,1162.44,0.0,4012.44,42.19,17.04,0.0
1998-07-17,9510,1198.29,0.0,4048.29,42.57,34.66,0.0
1998-07-18,9510,1227.8,0.0,4077.8,42.88,36.83,0.0
1998-07-19,9510,1245.92,0.0,4095.92,43.07,30.09,0.0
1998-07-20,9510,1264.1,0.0,4114.1,43.26,18.69,0.0
1998-07-21,9510,1274.04,0.0,4124.04,43.37,19.74,0.0
1998-07-22,9510,1280.67,0.0,4130.67,43.44,14.44,0.0
1998-07-23,9510,1287.32,0.0,4137.32,43.5,11.0,0.0
1998-07-24,9510,1293.97,0.0,4143.97,43.57,11.18,0.0
1998-07-25,9510,1295.63,0.0,4145.63,43.59,11.05,0.0
1998-07-26,9510,1300.63,0.0,4150.63,43.64,6.18,0.0
1998-07-27,9510,1308.96,0.0,4158.96,43.73,8.47,0.0
1998-07-28,9510,1324.0,0.0,4174.0,43.89,14.5,0.0
1998-07-29,9510,1335.72,0.0,4185.72,44.01,22.84,0.0
1998-07-30,9510,1344.11,0.0,4194.11,44.1,18.63,0.0
1998-07-31,9510,1350.83,0.0,4200.83,44.17,15.9,0.0
1998-08-01,9510,1360.92,0.0,4210.92,44.28,13.59,0.0
1998-08-02,9510,1367.65,0.0,4217.65,44.35,15.46,0.0
1998-08-03,9510,1365.97,0.0,4215.97,44.33,10.45,0.0
1998-08-04,9510,1362.6,0.0,4212.6,44.3,10.87,0.0
1998-08-05,9510,1357.55,0.0,4207.55,44.24,8.45,0.0
1998-08-06,9510,1352.51,0.0,4202.51,44.19,7.84,0.0
1998-08-07,9510,1350.83,0.0,4200.83,44.17,7.05,0.0
1998-08-08,9510,1352.51,0.0,4202.51,44.19,10.69,0.0
1998-08-09,9510,1357.55,0.0,4207.55,44.24,11.47,0.0
1998-08-10,9510,1349.15,0.0,4199.15,44.16,11.09,0.0
1998-08-11,9510,1350.83,0.0,4200.83,44.17,12.77,0.0
1998-08-12,9510,1354.19,0.0,4204.19,44.21,23.02,0.0
1998-08-13,9510,1349.15,0.0,4199.15,44.16,20.11,0.0
1998-08-14,9510,1340.75,0.0,4190.75,44.07,16.15,0.0
1998-08-15,9510,1340.75,0.0,4190.75,44.07,13.87,0.0
1998-08-16,9510,1344.11,0.0,4194.11,44.1,14.92,0.0
1998-08-17,9510,1335.72,0.0,4185.72,44.01,15.69,0.0
1998-08-18,9510,1339.07,0.0,4189.07,44.05,13.12,0.0
1998-08-19,9510,1340.75,0.0,4190.75,44.07,24.65,0.0
1998-08-20,9510,1350.83,0.0,4200.83,44.17,23.01,0.0
1998-08-21,9510,1376.09,0.0,4226.09,44.44,24.78,0.0
1998-08-22,9510,1394.68,0.0,4244.68,44.63,37.48,0.0
1998-08-23,9510,1426.93,0.0,4276.93,44.97,24.24,0.0
1998-08-24,9510,1461.07,0.0,4311.07,45.33,37.96,0.0
1998-08-25,9510,1491.95,0.0,4341.95,45.66,39.46,0.0
1998-08-26,9510,1540.3,0.0,4390.3,46.17,35.4,0.0
1998-08-27,9510,1568.09,0.0,4418.09,46.46,51.96,0.0
1998-08-28,9510,1599.49,0.0,4449.49,46.79,31.87,0.0
1998-08-29,9510,1620.51,0.0,4470.51,47.01,35.11,0.0
1998-08-30,9510,1641.59,0.0,4491.59,47.23,24.6,0.0
1998-08-31,9510,1657.45,0.0,4507.45,47.4,24.67,0.0
1998-09-01,9510,1685.73,0.0,4535.73,47.69,19.35,0.0
1998-09-02,9510,1708.79,0.0,4558.79,47.94,31.87,0.0
1998-09-03,9510,1728.37,0.0,4578.37,48.14,26.62,0.0
1998-09-04,9510,1748.0,0.0,4598.0,48.35,23.21,0.0
1998-09-05,9510,1771.26,0.0,4621.26,48.59,23.26,0.0
1998-09-06,9510,1800.0,0.0,4650.0,48.9,26.56,0.0
1998-09-07,9510,1837.89,0.0,4687.89,49.29,31.14,0.0
1998-09-08,9510,1901.47,0.0,4751.47,49.96,44.58,0.0
1998-09-09,9510,1961.91,0.0,4811.91,50.6,71.36,0.0
1998-09-10,9510,2061.81,0.0,4911.81,51.65,67.36,0.0
1998-09-11,9510,2161.05,0.0,5011.05,52.69,106.1,0.0
1998-09-12,9510,2227.23,0.0,5077.23,53.39,105.86,0.0
1998-09-13,9510,2269.09,0.0,5119.09,53.83,66.79,0.0
1998-09-14,9510,2299.65,0.0,5149.65,54.15,42.47,0.0
1998-09-15,9510,2343.77,0.0,5193.77,54.61,31.17,0.0
1998-09-16,9510,2395.84,0.0,5245.84,55.16,44.74,0.0
1998-09-17,9510,2446.25,0.0,5296.25,55.69,53.27,0.0
1998-09-18,9510,2489.11,0.0,5339.11,56.14,51.03,0.0
1998-09-19,9510,2528.24,0.0,5378.24,56.55,43.49,0.0
1998-09-20,9510,2557.7,0.0,5407.7,56.86,39.76,0.0
1998-09-21,9510,2587.24,0.0,5437.24,57.17,30.08,0.0
1998-09-22,9510,2618.84,0.0,5468.84,57.51,30.17,0.0
1998-09-23,9510,2642.61,0.0,5492.61,57.76,32.24,0.0
1998-09-24,9510,2664.45,0.0,5514.45,57.99,24.41,0.0
1998-09-25,9510,2682.35,0.0,5532.35,58.17,22.48,0.0
1998-09-26,9510,2696.3,0.0,5546.3,58.32,18.54,0.0
1998-09-27,9510,2712.26,0.0,5562.26,58.49,14.59,0.0
1998-09-28,9510,2722.24,0.0,5572.24,58.59,16.6,0.0
1998-09-29,9510,2734.24,0.0,5584.24,58.72,10.63,0.0
1998-09-30,9510,2744.25,0.0,5594.25,58.82,13.29,0.0
1998-10-01,9510,2752.26,0.0,5602.26,58.91,11.75,0.0
1998-10-02,9510,2760.28,0.0,5610.28,58.99,8.65,0.0
1998-10-03,9510,2766.3,0.0,5616.3,59.06,8.65,0.0
1998-10-04,9510,2774.33,0.0,5624.33,59.14,6.65,0.0
1998-10-05,9510,2778.35,0.0,5628.35,59.18,8.67,0.0
1998-10-06,9510,2782.37,0.0,5632.37,59.23,9.54,0.0
1998-10-07,9510,2782.37,0.0,5632.37,59.23,9.93,0.0
1998-10-08,9510,2776.34,0.0,5626.34,59.16,10.66,0.0
1998-10-09,9510,2780.36,0.0,5630.36,59.2,4.72,0.0
1998-10-10,9510,2784.38,0.0,5634.38,59.25,9.11,0.0
1998-10-11,9510,2788.4,0.0,5638.4,59.29,9.79,0.0
1998-10-12,9510,2786.39,0.0,5636.39,59.27,7.18,0.0
1998-10-13,9510,2794.44,0.0,5644.44,59.35,8.47,0.0
1998-10-14,9510,2798.46,0.0,5648.46,59.39,13.43,0.0
1998-10-15,9510,2802.49,0.0,5652.49,59.44,8.98,0.0
1998-10-16,9510,2806.52,0.0,5656.52,59.48,9.21,0.0
1998-10-17,9510,2812.56,0.0,5662.56,59.54,9.4,0.0
1998-10-18,9510,2822.64,0.0,5672.64,59.65,9.67,0.0
1998-10-19,9510,2826.68,0.0,5676.68,59.69,12.65,0.0
1998-10-20,9510,2826.68,0.0,5676.68,59.69,11.95,0.0
1998-10-21,9510,2824.66,0.0,5674.66,59.67,10.45,0.0
1998-10-22,9510,2826.68,0.0,5676.68,59.69,8.51,0.0
1998-10-23,9510,2826.68,0.0,5676.68,59.69,9.2,0.0
1998-10-24,9510,2826.68,0.0,5676.68,59.69,5.97,0.0
1998-10-25,9510,2828.7,0.0,5678.7,59.71,5.96,0.0
1998-10-26,9510,2826.68,0.0,5676.68,59.69,6.24,0.0
1998-10-27,9510,2824.66,0.0,5674.66,59.67,5.81,0.0
1998-10-28,9510,2820.63,0.0,5670.63,59.63,5.97,0.0
1998-10-29,9510,2814.58,0.0,5664.58,59.56,10.67,0.0
1998-10-30,9510,2806.52,0.0,5656.52,59.48,7.67,0.0
1998-10-31,9510,2806.52,0.0,5656.52,59.48,5.54,0.0
1998-11-01,9510,2808.53,0.0,5658.53,59.5,5.92,0.0
1998-11-02,9510,2806.52,0.0,5656.52,59.48,6.98,0.0
1998-11-03,9510,2810.54,0.0,5660.54,59.52,2.79,0.0
1998-11-04,9510,2816.59,0.0,5666.59,59.59,8.74,0.0
1998-11-05,9510,2816.59,0.0,5666.59,59.59,10.94,0.0
1998-11-06,9510,2816.59,0.0,5666.59,59.59,7.56,0.0
1998-11-07,9510,2814.58,0.0,5664.58,59.56,8.16,0.0
1998-11-08,9510,2816.59,0.0,5666.59,59.59,3.02,0.0
1998-11-09,9510,2808.53,0.0,5658.53,59.5,6.63,0.0
1998-11-10,9510,2800.47,0.0,5650.47,59.42,6.79,0.0
1998-11-11,9510,2790.41,0.0,5640.41,59.31,7.17,0.0
1998-11-12,9510,2778.35,0.0,5628.35,59.18,5.13,0.0
1998-11-13,9510,2766.3,0.0,5616.3,59.06,2.81,0.0
1998-11-14,9510,2758.28,0.0,5608.28,58.97,3.0,0.0
1998-11-15,9510,2754.27,0.0,5604.27,58.93,4.1,0.0
1998-11-16,9510,2742.25,0.0,5592.25,58.8,4.41,0.0
1998-11-17,9510,2732.24,0.0,5582.24,58.7,4.64,0.0
1998-11-18,9510,2716.25,0.0,5566.25,58.53,6.68,0.0
1998-11-19,9510,2702.28,0.0,5552.28,58.38,1.85,0.0
1998-11-20,9510,2690.32,0.0,5540.32,58.26,3.4,0.0
1998-11-21,9510,2680.36,0.0,5530.36,58.15,4.73,0.0
1998-11-22,9510,2678.37,0.0,5528.37,58.13,2.39,0.0
1998-11-23,9510,2666.44,0.0,5516.44,58.01,7.21,0.0
1998-11-24,9510,2658.49,0.0,5508.49,57.92,3.77,0.0
1998-11-25,9510,2648.56,0.0,5498.56,57.82,6.82,0.0
1998-11-26,9510,2644.6,0.0,5494.6,57.78,4.72,0.0
1998-11-27,9510,2638.65,0.0,5488.65,57.71,6.67,0.0
1998-11-28,9510,2634.68,0.0,5484.68,57.67,4.51,0.0
1998-11-29,9510,2632.7,0.0,5482.7,57.65,4.13,0.0
1998-11-30,9510,2626.76,0.0,5476.76,57.59,4.24,0.0
1998-12-01,9510,2622.8,0.0,5472.8,57.55,5.52,0.0
1998-12-02,9510,2618.84,0.0,5468.84,57.51,5.67,0.0
1998-12-03,9510,2610.93,0.0,5460.93,57.42,5.59,0.0
1998-12-04,9510,2605.0,0.0,5455.0,57.36,1.85,0.0
1998-12-05,9510,2601.05,0.0,5451.05,57.32,3.68,0.0
1998-12-06,9510,2593.16,0.0,5443.16,57.24,3.24,0.0
1998-12-07,9510,2587.24,0.0,5437.24,57.17,0.85,0.0
1998-12-08,9510,2579.35,0.0,5429.35,57.09,3.57,0.0
1998-12-09,9510,2571.47,0.0,5421.47,57.01,2.0,0.0
1998-12-10,9510,2565.56,0.0,5415.56,56.95,2.02,0.0
1998-12-11,9510,2559.66,0.0,5409.66,56.88,1.04,0.0
1998-12-12,9510,2553.76,0.0,5403.76,56.82,3.8,0.0
1998-12-13,9510,2549.83,0.0,5399.83,56.78,0.93,0.0
1998-12-14,9510,2543.94,0.0,5393.94,56.72,1.37,0.0
1998-12-15,9510,2538.05,0.0,5388.05,56.66,2.6,0.0
1998-12-16,9510,2530.2,0.0,5380.2,56.57,2.67,0.0
1998-12-17,9510,2524.32,0.0,5374.32,56.51,0.79,0.0
1998-12-18,9510,2520.4,0.0,5370.4,56.47,2.56,0.0
1998-12-19,9510,2516.49,0.0,5366.49,56.43,4.29,0.0
1998-12-20,9510,2514.53,0.0,5364.53,56.41,2.94,0.0
1998-12-21,9510,2508.66,0.0,5358.66,56.35,3.32,0.0
1998-12-22,9510,2502.79,0.0,5352.79,56.29,2.63,0.0
1998-12-23,9510,2498.88,0.0,5348.88,56.24,2.99,0.0
1998-12-24,9510,2494.97,0.0,5344.97,56.2,3.74,0.0
1998-12-25,9510,2489.11,0.0,5339.11,56.14,4.81,0.0
1998-12-26,9510,2485.21,0.0,5335.21,56.1,2.67,0.0
1998-12-27,9510,2481.3,0.0,5331.3,56.06,3.04,0.0
1998-12-28,9510,2475.45,0.0,5325.45,56.0,0.93,0.0
1998-12-29,9510,2469.6,0.0,5319.6,55.94,1.86,0.0
1998-12-30,9510,2463.76,0.0,5313.76,55.88,2.04,0.0
1998-12-31,9510,2457.92,0.0,5307.92,55.81,2.09,0.0
1999-01-01,9510,2452.08,0.0,5302.08,55.75,2.52,0.0
1999-01-02,9510,2446.25,0.0,5296.25,55.69,1.92,0.0
1999-01-03,9510,2440.42,0.0,5290.42,55.63,2.02,0.0
1999-01-04,9510,2430.71,0.0,5280.71,55.53,3.22,0.0
1999-01-05,9510,2419.07,0.0,5269.07,55.41,1.5,0.0
1999-01-06,9510,2407.45,0.0,5257.45,55.28,1.6,0.0
1999-01-07,9510,2395.84,0.0,5245.84,55.16,1.63,0.0
1999-01-08,9510,2384.24,0.0,5234.24,55.04,1.66,0.0
1999-01-09,9510,2374.59,0.0,5224.59,54.94,1.1,0.0
1999-01-10,9510,2364.95,0.0,5214.95,54.84,1.26,0.0
1999-01-11,9510,2359.17,0.0,5209.17,54.78,6.95,0.0
1999-01-12,9510,2349.54,0.0,5199.54,54.67,2.83,0.0
1999-01-13,9510,2341.85,0.0,5191.85,54.59,4.98,0.0
1999-01-14,9510,2332.24,0.0,5182.24,54.49,2.58,0.0
1999-01-15,9510,2320.73,0.0,5170.73,54.37,0.86,0.0
1999-01-16,9510,2311.14,0.0,5161.14,54.27,0.66,0.0
1999-01-17,9510,2305.4,0.0,5155.4,54.21,1.44,0.0
1999-01-18,9510,2293.92,0.0,5143.92,54.09,1.72,0.0
1999-01-19,9510,2282.45,0.0,5132.45,53.97,1.75,0.0
1999-01-20,9510,2271.0,0.0,5121.0,53.85,1.65,0.0
1999-01-21,9510,2261.46,0.0,5111.46,53.75,3.57,0.0
1999-01-22,9510,2250.04,0.0,5100.04,53.63,1.25,0.0
1999-01-23,9510,2240.53,0.0,5090.53,53.53,1.34,0.0
1999-01-24,9510,2232.93,0.0,5082.93,53.45,1.93,0.0
1999-01-25,9510,2217.75,0.0,5067.75,53.29,1.51,0.0
1999-01-26,9510,2200.7,0.0,5050.7,53.11,1.2,0.0
1999-01-27,9510,2183.69,0.0,5033.69,52.93,1.37,0.0
1999-01-28,9510,2168.59,0.0,5018.59,52.77,1.91,0.0
1999-01-29,9510,2155.4,0.0,5005.4,52.63,3.66,0.0
1999-01-30,9510,2144.12,0.0,4994.12,52.51,4.5,0.0
1999-01-31,9510,2134.72,0.0,4984.72,52.42,5.17,0.0
1999-02-01,9510,2121.59,0.0,4971.59,52.28,3.27,0.0
1999-02-02,9510,2112.22,0.0,4962.22,52.18,6.39,0.0
1999-02-03,9510,2099.12,0.0,4949.12,52.04,3.23,0.0
1999-02-04,9510,2084.18,0.0,4934.18,51.88,1.81,0.0
1999-02-05,9510,2069.26,0.0,4919.26,51.73,1.61,0.0
1999-02-06,9510,2054.37,0.0,4904.37,51.57,1.58,0.0
1999-02-07,9510,2046.93,0.0,4896.93,51.49,2.37,0.0
1999-02-08,9510,2033.93,0.0,4883.93,51.36,5.63,0.0
1999-02-09,9510,2019.11,0.0,4869.11,51.2,4.09,0.0
1999-02-10,9510,2006.15,0.0,4856.15,51.06,3.71,0.0
1999-02-11,9510,1991.38,0.0,4841.38,50.91,1.73,0.0
1999-02-12,9510,1976.63,0.0,4826.63,50.75,1.95,0.0
1999-02-13,9510,1961.91,0.0,4811.91,50.6,1.83,0.0
1999-02-14,9510,1947.21,0.0,4797.21,50.44,1.68,0.0
1999-02-15,9510,1934.38,0.0,4784.38,50.31,3.63,0.0
1999-02-16,9510,1921.57,0.0,4771.57,50.17,3.66,0.0
1999-02-17,9510,1905.12,0.0,4755.12,50.0,0.33,0.0
1999-02-18,9510,1888.71,0.0,4738.71,49.83,0.31,0.0
1999-02-19,9510,1872.34,0.0,4722.34,49.66,0.69,0.0
1999-02-20,9510,1856.0,0.0,4706.0,49.48,0.42,0.0
1999-02-21,9510,1841.51,0.0,4691.51,49.33,1.93,0.0
1999-02-22,9510,1828.85,0.0,4678.85,49.2,5.77,0.0
1999-02-23,9510,1812.61,0.0,4662.61,49.03,2.12,0.0
1999-02-24,9510,1796.4,0.0,4646.4,48.86,2.09,0.0
1999-02-25,9510,1780.23,0.0,4630.23,48.69,2.03,0.0
1999-02-26,9510,1762.3,0.0,4612.3,48.5,0.46,0.0
1999-02-27,9510,1744.42,0.0,4594.42,48.31,1.24,0.0
1999-02-28,9510,1728.37,0.0,4578.37,48.14,1.49,0.0
1999-03-01,9510,1712.35,0.0,4562.35,47.97,1.49,0.0
1999-03-02,9510,1694.59,0.0,4544.59,47.79,2.62,0.0
1999-03-03,9510,1676.88,0.0,4526.88,47.6,0.31,0.0
1999-03-04,9510,1664.51,0.0,4514.51,47.47,0.67,0.0
1999-03-05,9510,1650.4,0.0,4500.4,47.32,7.37,0.0
1999-03-06,9510,1636.32,0.0,4486.32,47.17,3.77,0.0
1999-03-07,9510,1618.76,0.0,4468.76,46.99,4.75,0.0
1999-03-08,9510,1601.24,0.0,4451.24,46.81,1.12,0.0
1999-03-09,9510,1585.51,0.0,4435.51,46.64,0.01,0.0
1999-03-10,9510,1569.83,0.0,4419.83,46.48,3.07,0.0
1999-03-11,9510,1554.18,0.0,4404.18,46.31,2.25,0.0
1999-03-12,9510,1540.3,0.0,4390.3,46.17,1.1,0.0
1999-03-13,9510,1524.72,0.0,4374.72,46.0,5.16,0.0
1999-03-14,9510,1507.45,0.0,4357.45,45.82,1.37,0.0
1999-03-15,9510,1490.23,0.0,4340.23,45.64,1.32,0.0
1999-03-16,9510,1473.06,0.0,4323.06,45.46,0.23,0.0
1999-03-17,9510,1455.94,0.0,4305.94,45.28,1.81,0.0
1999-03-18,9510,1438.86,0.0,4288.86,45.1,1.77,0.0
1999-03-19,9510,1421.83,0.0,4271.83,44.92,2.87,0.0
1999-03-20,9510,1404.85,0.0,4254.85,44.74,0.74,0.0
1999-03-21,9510,1387.91,0.0,4237.91,44.56,1.86,0.0
1999-03-22,9510,1371.03,0.0,4221.03,44.39,1.73,0.0
1999-03-23,9510,1354.19,0.0,4204.19,44.21,0.33,0.0
1999-03-24,9510,1335.72,0.0,4185.72,44.01,1.71,0.0
1999-03-25,9510,1322.33,0.0,4172.33,43.87,0.79,0.0
1999-03-26,9510,1310.63,0.0,4160.63,43.75,5.42,0.0
1999-03-27,9510,1293.97,0.0,4143.97,43.57,7.08,0.0
1999-03-28,9510,1279.01,0.0,4129.01,43.42,2.8,0.0
1999-03-29,9510,1264.1,0.0,4114.1,43.26,2.87,0.0
1999-03-30,9510,1247.57,0.0,4097.57,43.09,3.42,0.0
1999-03-31,9510,1231.09,0.0,4081.09,42.91,1.42,0.0
1999-04-01,9510,1214.67,0.0,4064.67,42.74,2.61,0.0
1999-04-02,9510,1198.29,0.0,4048.29,42.57,0.59,0.0
1999-04-03,9510,1181.96,0.0,4031.96,42.4,1.46,0.0
1999-04-04,9510,1164.06,0.0,4014.06,42.21,1.85,0.0
1999-04-05,9510,1147.84,0.0,3997.84,42.04,0.31,0.0
1999-04-06,9510,1131.67,0.0,3981.67,41.87,1.94,0.0
1999-04-07,9510,1117.16,0.0,3967.16,41.72,1.98,0.0
1999-04-08,9510,1121.99,0.0,3971.99,41.77,3.63,0.0
1999-04-09,9510,1121.99,0.0,3971.99,41.77,12.25,0.0
1999-04-10,9510,1120.38,0.0,3970.38,41.75,7.43,0.0
1999-04-11,9510,1115.55,0.0,3965.55,41.7,5.84,0.0
1999-04-12,9510,1109.11,0.0,3959.11,41.63,2.38,0.0
1999-04-13,9510,1105.9,0.0,3955.9,41.6,1.48,0.0
1999-04-14,9510,1105.9,0.0,3955.9,41.6,4.57,0.0
1999-04-15,9510,1104.29,0.0,3954.29,41.58,7.53,0.0
1999-04-16,9510,1104.29,0.0,3954.29,41.58,6.27,0.0
1999-04-17,9510,1102.69,0.0,3952.69,41.56,7.42,0.0
1999-04-18,9510,1101.08,0.0,3951.08,41.55,3.84,0.0
1999-04-19,9510,1085.06,0.0,3935.06,41.38,3.71,0.0
1999-04-20,9510,1080.26,0.0,3930.26,41.33,0.95,0.0
1999-04-21,9510,1073.87,0.0,3923.87,41.26,8.68,0.0
1999-04-22,9510,1070.68,0.0,3920.68,41.23,6.32,0.0
1999-04-23,9510,1072.27,0.0,3922.27,41.24,2.07,0.0
1999-04-24,9510,1069.08,0.0,3919.08,41.21,6.85,0.0
1999-04-25,9510,1065.9,0.0,3915.9,41.18,1.81,0.0
1999-04-26,9510,1053.16,0.0,3903.16,41.04,2.24,0.0
1999-04-27,9510,1049.98,0.0,3899.98,41.01,2.42,0.0
1999-04-28,9510,1046.81,0.0,3896.81,40.98,2.1,0.0
1999-04-29,9510,1043.63,0.0,3893.63,40.94,2.32,0.0
1999-04-30,9510,1042.05,0.0,3892.05,40.93,1.95,0.0
1999-05-01,9510,1042.05,0.0,3892.05,40.93,3.71,0.0
1999-05-02,9510,1045.22,0.0,3895.22,40.96,3.53,0.0
1999-05-03,9510,1042.05,0.0,3892.05,40.93,6.69,0.0
1999-05-04,9510,1040.46,0.0,3890.46,40.91,1.96,0.0
1999-05-05,9510,1042.05,0.0,3892.05,40.93,2.25,0.0
1999-05-06,9510,1042.05,0.0,3892.05,40.93,6.28,0.0
1999-05-07,9510,1043.63,0.0,3893.63,40.94,4.43,0.0
1999-05-08,9510,1045.22,0.0,3895.22,40.96,5.93,0.0
1999-05-09,9510,1053.16,0.0,3903.16,41.04,5.95,0.0
1999-05-10,9510,1056.34,0.0,3906.34,41.08,12.34,0.0
1999-05-11,9510,1054.75,0.0,3904.75,41.06,13.85,0.0
1999-05-12,9510,1054.75,0.0,3904.75,41.06,5.83,0.0
1999-05-13,9510,1057.93,0.0,3907.93,41.09,7.5,0.0
1999-05-14,9510,1064.3,0.0,3914.3,41.16,7.57,0.0
1999-05-15,9510,1072.27,0.0,3922.27,41.24,8.05,0.0
1999-05-16,9510,1077.06,0.0,3927.06,41.29,8.88,0.0
1999-05-17,9510,1080.26,0.0,3930.26,41.33,5.7,0.0
1999-05-18,9510,1080.26,0.0,3930.26,41.33,8.1,0.0
1999-05-19,9510,1083.46,0.0,3933.46,41.36,4.7,0.0
1999-05-20,9510,1085.06,0.0,3935.06,41.38,5.53,0.0
1999-05-21,9510,1094.66,0.0,3944.66,41.48,2.51,0.0
1999-05-22,9510,1109.11,0.0,3959.11,41.63,10.51,0.0
1999-05-23,9510,1118.77,0.0,3968.77,41.73,15.36,0.0
1999-05-24,9510,1130.05,0.0,3980.05,41.85,10.56,0.0
1999-05-25,9510,1138.13,0.0,3988.13,41.94,12.2,0.0
1999-05-26,9510,1146.22,0.0,3996.22,42.02,9.0,0.0
1999-05-27,9510,1157.56,0.0,4007.56,42.14,9.01,0.0
1999-05-28,9510,1162.44,0.0,4012.44,42.19,12.26,0.0
1999-05-29,9510,1168.94,0.0,4018.94,42.26,5.79,0.0
1999-05-30,9510,1177.07,0.0,4027.07,42.35,7.43,0.0
1999-05-31,9510,1185.22,0.0,4035.22,42.43,9.05,0.0
1999-06-01,9510,1185.22,0.0,4035.22,42.43,9.07,0.0
1999-06-02,9510,1188.49,0.0,4038.49,42.47,0.69,0.0
1999-06-03,9510,1193.39,0.0,4043.39,42.52,3.96,0.0
1999-06-04,9510,1199.93,0.0,4049.93,42.59,5.59,0.0
1999-06-05,9510,1208.11,0.0,4058.11,42.67,7.22,0.0
1999-06-06,9510,1214.67,0.0,4064.67,42.74,8.88,0.0
1999-06-07,9510,1219.59,0.0,4069.59,42.79,7.25,0.0
1999-06-08,9510,1224.52,0.0,4074.52,42.84,5.61,0.0
1999-06-09,9510,1229.45,0.0,4079.45,42.9,5.62,0.0
1999-06-10,9510,1234.39,0.0,4084.39,42.95,5.62,0.0
1999-06-11,9510,1236.03,0.0,4086.03,42.97,7.7,0.0
1999-06-12,9510,1244.27,0.0,4094.27,43.05,4.36,0.0
1999-06-13,9510,1259.13,0.0,4109.13,43.21,11.02,0.0
1999-06-14,9510,1269.07,0.0,4119.07,43.31,17.69,0.0
1999-06-15,9510,1279.01,0.0,4129.01,43.42,14.49,0.0
1999-06-16,9510,1288.98,0.0,4138.98,43.52,13.15,0.0
1999-06-17,9510,1298.96,0.0,4148.96,43.63,13.15,0.0
1999-06-18,9510,1307.3,0.0,4157.3,43.72,13.31,0.0
1999-06-19,9510,1310.63,0.0,4160.63,43.75,11.67,0.0
1999-06-20,9510,1318.98,0.0,4168.98,43.84,6.79,0.0
1999-06-21,9510,1340.75,0.0,4190.75,44.07,11.7,0.0
1999-06-22,9510,1372.71,0.0,4222.71,44.4,22.78,0.0
1999-06-23,9510,1392.99,0.0,4242.99,44.62,33.16,0.0
1999-06-24,9510,1408.24,0.0,4258.24,44.78,21.64,0.0
1999-06-25,9510,1426.93,0.0,4276.93,44.97,15.96,0.0
1999-06-26,9510,1469.63,0.0,4319.63,45.42,19.88,0.0
1999-06-27,9510,1504.01,0.0,4354.01,45.78,43.42,0.0
1999-06-28,9510,1528.18,0.0,4378.18,46.04,35.09,0.0
1999-06-29,9510,1542.03,0.0,4392.03,46.18,27.45,0.0
1999-06-30,9510,1557.65,0.0,4407.65,46.35,18.07,0.0
1999-07-01,9510,1564.61,0.0,4414.61,46.42,19.03,0.0
1999-07-02,9510,1573.31,0.0,4423.31,46.51,10.11,0.0
1999-07-03,9510,1580.28,0.0,4430.28,46.59,11.87,0.0
1999-07-04,9510,1587.26,0.0,4437.26,46.66,10.24,0.0
1999-07-05,9510,1594.25,0.0,4444.25,46.73,10.28,0.0
1999-07-06,9510,1608.24,0.0,4458.24,46.88,12.71,0.0
1999-07-07,9510,1636.32,0.0,4486.32,47.17,20.01,0.0
1999-07-08,9510,1673.34,0.0,4523.34,47.56,33.73,0.0
1999-07-09,9510,1692.82,0.0,4542.82,47.77,42.4,0.0
1999-07-10,9510,1705.24,0.0,4555.24,47.9,27.02,0.0
1999-07-11,9510,1721.24,0.0,4571.24,48.07,16.87,0.0
1999-07-12,9510,1737.28,0.0,4587.28,48.24,20.35,0.0
1999-07-13,9510,1753.36,0.0,4603.36,48.41,21.52,0.0
1999-07-14,9510,1764.09,0.0,4614.09,48.52,16.69,0.0
1999-07-15,9510,1774.85,0.0,4624.85,48.63,12.46,0.0
1999-07-16,9510,1778.44,0.0,4628.44,48.67,13.4,0.0
1999-07-17,9510,1783.82,0.0,4633.82,48.73,8.1,0.0
1999-07-18,9510,1787.41,0.0,4637.41,48.76,10.49,0.0
1999-07-19,9510,1792.81,0.0,4642.81,48.82,7.99,0.0
1999-07-20,9510,1794.6,0.0,4644.6,48.84,11.1,0.0
1999-07-21,9510,1800.0,0.0,4650.0,48.9,7.38,0.0
1999-07-22,9510,1805.4,0.0,4655.4,48.95,11.04,0.0
1999-07-23,9510,1810.81,0.0,4660.81,49.01,10.99,0.0
1999-07-24,9510,1812.61,0.0,4662.61,49.03,11.21,0.0
1999-07-25,9510,1818.02,0.0,4668.02,49.09,6.49,0.0
1999-07-26,9510,1825.24,0.0,4675.24,49.16,8.1,0.0
1999-07-27,9510,1830.66,0.0,4680.66,49.22,14.69,0.0
1999-07-28,9510,1839.7,0.0,4689.7,49.31,12.81,0.0
1999-07-29,9510,1843.32,0.0,4693.32,49.35,14.64,0.0
1999-07-30,9510,1850.57,0.0,4700.57,49.43,10.77,0.0
1999-07-31,9510,1863.26,0.0,4713.26,49.56,14.59,0.0
1999-08-01,9510,1874.16,0.0,4724.16,49.68,18.74,0.0
1999-08-02,9510,1894.18,0.0,4744.18,49.89,16.19,0.0
1999-08-03,9510,1923.4,0.0,4773.4,50.19,26.37,0.0
1999-08-04,9510,1945.38,0.0,4795.38,50.42,39.81,0.0
1999-08-05,9510,1980.31,0.0,4830.31,50.79,31.11,0.0
1999-08-06,9510,2033.93,0.0,4883.93,51.36,41.27,0.0
1999-08-07,9510,2089.78,0.0,4939.78,51.94,59.08,0.0
1999-08-08,9510,2125.34,0.0,4975.34,52.32,60.98,0.0
1999-08-09,9510,2149.76,0.0,4999.76,52.57,39.24,0.0
1999-08-10,9510,2164.82,0.0,5014.82,52.73,34.47,0.0
1999-08-11,9510,2225.34,0.0,5075.34,53.37,25.23,0.0
1999-08-12,9510,2332.24,0.0,5182.24,54.49,70.06,0.0
1999-08-13,9510,2448.19,0.0,5298.19,55.71,110.59,0.0
1999-08-14,9510,2538.05,0.0,5388.05,56.66,124.24,0.0
1999-08-15,9510,2610.93,0.0,5460.93,57.42,90.46,0.0
1999-08-16,9510,2652.53,0.0,5502.53,57.86,74.48,0.0
1999-08-17,9510,2690.32,0.0,5540.32,58.26,52.52,0.0
1999-08-18,9510,2724.24,0.0,5574.24,58.61,49.51,0.0
1999-08-19,9510,2762.29,0.0,5612.29,59.01,44.53,0.0
1999-08-20,9510,2812.56,0.0,5662.56,59.54,48.96,0.0
1999-08-21,9510,2865.09,0.0,5715.09,60.1,56.41,0.0
1999-08-22,9510,2899.57,0.0,5749.57,60.46,53.15,0.0
1999-08-23,9510,2938.24,0.0,5788.24,60.86,35.11,0.0
1999-08-24,9510,2987.28,0.0,5837.28,61.38,43.5,0.0
1999-08-25,9510,3036.53,0.0,5886.53,61.9,51.19,0.0
1999-08-26,9510,3063.29,0.0,5913.29,62.18,49.88,0.0
1999-08-27,9510,3098.38,0.0,5948.38,62.55,38.11,0.0
1999-08-28,9510,3133.58,0.0,5983.58,62.92,35.95,0.0
1999-08-29,9510,3173.04,0.0,6023.04,63.33,35.84,0.0
1999-08-30,9510,3218.9,0.0,6068.9,63.82,40.1,0.0
1999-08-31,9510,3264.93,0.0,6114.93,64.3,50.27,0.0
1999-09-01,9510,3346.96,0.0,6196.96,65.16,50.0,0.0
1999-09-02,9510,3410.42,0.0,6260.42,65.83,86.61,0.0
1999-09-03,9510,3465.68,0.0,6315.68,66.41,67.65,0.0
1999-09-04,9510,3510.49,0.0,6360.49,66.88,59.29,0.0
1999-09-05,9510,3557.59,0.0,6407.59,67.38,48.68,0.0
1999-09-06,9510,3583.36,0.0,6433.36,67.65,50.26,0.0
1999-09-07,9510,3619.94,0.0,6469.94,68.03,30.45,0.0
1999-09-08,9510,3652.31,0.0,6502.31,68.37,40.96,0.0
1999-09-09,9510,3695.58,0.0,6545.58,68.83,37.23,0.0
1999-09-10,9510,3741.17,0.0,6591.17,69.31,48.04,0.0
1999-09-11,9510,3797.82,0.0,6647.82,69.9,49.76,0.0
1999-09-12,9510,3887.62,0.0,6737.62,70.85,60.02,0.0
1999-09-13,9510,4031.16,0.0,6881.16,72.36,92.82,0.0
1999-09-14,9510,4149.25,0.0,6999.25,73.6,146.48,0.0
1999-09-15,9510,4221.01,0.0,7071.01,74.35,120.79,0.0
1999-09-16,9510,4299.88,0.0,7149.88,75.18,74.6,0.0
1999-09-17,9510,4379.17,0.0,7229.17,76.02,81.54,0.0
1999-09-18,9510,4465.7,0.0,7315.7,76.93,82.55,0.0
1999-09-19,9510,4520.61,0.0,7370.61,77.5,89.1,0.0
1999-09-20,9510,4619.45,0.0,7469.45,78.54,57.27,0.0
1999-09-21,9510,4728.19,0.0,7578.19,79.69,99.6,0.0
1999-09-22,9510,4825.97,0.0,7675.97,80.71,111.3,0.0
1999-09-23,9510,4924.33,0.0,7774.33,81.75,105.46,0.0
1999-09-24,9510,5018.54,0.0,7868.54,82.74,109.4,0.0
1999-09-25,9510,5089.55,0.0,7939.55,83.49,109.96,0.0
1999-09-26,9510,5160.85,0.0,8010.85,84.24,85.22,0.0
1999-09-27,9510,5210.94,0.0,8060.94,84.76,72.09,0.0
1999-09-28,9510,5253.99,0.0,8103.99,85.22,51.97,0.0
1999-09-29,9510,5294.74,0.0,8144.74,85.64,43.85,0.0
1999-09-30,9510,5333.18,0.0,8183.18,86.05,41.55,0.0
1999-10-01,9510,5366.89,0.0,8216.89,86.4,39.24,0.0
1999-10-02,9510,5400.66,0.0,8250.66,86.76,34.5,0.0
1999-10-03,9510,5446.6,0.0,8296.6,87.24,34.56,0.0
1999-10-04,9510,5478.09,0.0,8328.09,87.57,46.74,0.0
1999-10-05,9510,5509.65,0.0,8359.65,87.9,32.29,0.0
1999-10-06,9510,5536.39,0.0,8386.39,88.18,32.36,0.0
1999-10-07,9510,5563.17,0.0,8413.17,88.47,30.78,0.0
1999-10-08,9510,5587.56,0.0,8437.56,88.72,27.58,0.0
1999-10-09,9510,5611.97,0.0,8461.97,88.98,25.19,0.0
1999-10-10,9510,5641.31,0.0,8491.31,89.29,25.22,0.0
1999-10-11,9510,5665.8,0.0,8515.8,89.55,30.15,0.0
1999-10-12,9510,5695.23,0.0,8545.23,89.86,25.3,0.0
1999-10-13,9510,5722.25,0.0,8572.25,90.14,30.72,0.0
1999-10-14,9510,5741.93,0.0,8591.93,90.35,29.36,0.0
1999-10-15,9510,5759.16,0.0,8609.16,90.53,20.49,0.0
1999-10-16,9510,5773.95,0.0,8623.95,90.68,18.04,0.0
1999-10-17,9510,5791.21,0.0,8641.21,90.86,15.61,0.0
1999-10-18,9510,5810.96,0.0,8660.96,91.07,18.08,0.0
1999-10-19,9510,5820.85,0.0,8670.85,91.18,20.57,0.0
1999-10-20,9510,5833.21,0.0,8683.21,91.31,10.71,0.0
1999-10-21,9510,5848.05,0.0,8698.05,91.46,13.18,0.0
1999-10-22,9510,5862.91,0.0,8712.91,91.62,15.66,0.0
1999-10-23,9510,5877.78,0.0,8727.78,91.77,15.68,0.0
1999-10-24,9510,5890.18,0.0,8740.18,91.91,15.69,0.0
1999-10-25,9510,5900.1,0.0,8750.1,92.01,13.22,0.0
1999-10-26,9510,5912.52,0.0,8762.52,92.14,10.74,0.0
1999-10-27,9510,5919.97,0.0,8769.97,92.22,13.24,0.0
1999-10-28,9510,5939.86,0.0,8789.86,92.43,8.27,0.0
1999-10-29,9510,5952.3,0.0,8802.3,92.56,23.88,0.0
1999-10-30,9510,5967.24,0.0,8817.24,92.72,16.24,0.0
1999-10-31,9510,5982.2,0.0,8832.2,92.87,15.77,0.0
1999-11-01,9510,5997.16,0.0,8847.16,93.03,15.79,0.0
1999-11-02,9510,6012.14,0.0,8862.14,93.19,15.83,0.0
1999-11-03,9510,6024.63,0.0,8874.63,93.32,15.85,0.0
1999-11-04,9510,6034.63,0.0,8884.63,93.42,13.37,0.0
1999-11-05,9510,6042.13,0.0,8892.13,93.5,10.88,0.0
1999-11-06,9510,6047.14,0.0,8897.14,93.56,8.38,0.0
1999-11-07,9510,6057.15,0.0,8907.15,93.66,5.89,0.0
1999-11-08,9510,6069.67,0.0,8919.67,93.79,10.89,0.0
1999-11-09,9510,6077.18,0.0,8927.18,93.87,13.4,0.0
1999-11-10,9510,6082.2,0.0,8932.2,93.92,8.39,0.0
1999-11-11,9510,6099.75,0.0,8949.75,94.11,12.65,0.0
1999-11-12,9510,6112.3,0.0,8962.3,94.24,18.43,0.0
1999-11-13,9510,6124.86,0.0,8974.86,94.37,15.23,0.0
1999-11-14,9510,6134.91,0.0,8984.91,94.48,13.68,0.0
1999-11-15,9510,6142.45,0.0,8992.45,94.56,10.93,0.0
1999-11-16,9510,6150.0,0.0,9000.0,94.64,10.41,0.0
1999-11-17,9510,6157.55,0.0,9007.55,94.72,8.43,0.0
1999-11-18,9510,6162.58,0.0,9012.58,94.77,8.43,0.0
1999-11-19,9510,6172.66,0.0,9022.66,94.88,5.91,0.0
1999-11-20,9510,6175.18,0.0,9025.18,94.9,10.96,0.0
1999-11-21,9510,6182.73,0.0,9032.73,94.98,3.4,0.0
1999-11-22,9510,6182.73,0.0,9032.73,94.98,8.44,0.0
1999-11-23,9510,6190.3,0.0,9040.3,95.06,6.65,0.0
1999-11-24,9510,6197.86,0.0,9047.86,95.14,11.35,0.0
1999-11-25,9510,6202.91,0.0,9052.91,95.19,10.21,0.0
1999-11-26,9510,6197.86,0.0,9047.86,95.14,8.0,0.0
1999-11-27,9510,6197.86,0.0,9047.86,95.14,1.13,0.0
1999-11-28,9510,6200.38,0.0,9050.38,95.17,2.9,0.0
1999-11-29,9510,6202.91,0.0,9052.91,95.19,5.32,0.0
1999-11-30,9510,6200.38,0.0,9050.38,95.17,7.78,0.0
1999-12-01,9510,6202.91,0.0,9052.91,95.19,2.08,0.0
1999-12-02,9510,6207.95,0.0,9057.95,95.25,6.11,0.0
1999-12-03,9510,6210.48,0.0,9060.48,95.27,7.91,0.0
1999-12-04,9510,6213.0,0.0,9063.0,95.3,5.42,0.0
1999-12-05,9510,6213.0,0.0,9063.0,95.3,9.6,0.0
1999-12-06,9510,6215.53,0.0,9065.53,95.33,2.15,0.0
1999-12-07,9510,6218.05,0.0,9068.05,95.35,5.43,0.0
1999-12-08,9510,6218.05,0.0,9068.05,95.35,5.96,0.0
1999-12-09,9510,6220.58,0.0,9070.58,95.38,3.4,0.0
1999-12-10,9510,6223.1,0.0,9073.1,95.41,5.93,0.0
1999-12-11,9510,6225.63,0.0,9075.63,95.43,5.97,0.0
1999-12-12,9510,6225.63,0.0,9075.63,95.43,6.09,0.0
1999-12-13,9510,6230.68,0.0,9080.68,95.49,2.97,0.0
1999-12-14,9510,6230.68,0.0,9080.68,95.49,8.38,0.0
1999-12-15,9510,6230.68,0.0,9080.68,95.49,3.14,0.0
1999-12-16,9510,6230.68,0.0,9080.68,95.49,3.38,0.0
1999-12-17,9510,6233.21,0.0,9083.21,95.51,3.28,0.0
1999-12-18,9510,6233.21,0.0,9083.21,95.51,5.95,0.0
1999-12-19,9510,6230.68,0.0,9080.68,95.49,3.36,0.0
1999-12-20,9510,6230.68,0.0,9080.68,95.49,0.88,0.0
1999-12-21,9510,6228.15,0.0,9078.15,95.46,3.56,0.0
1999-12-22,9510,6228.15,0.0,9078.15,95.46,0.93,0.0
1999-12-23,9510,6225.63,0.0,9075.63,95.43,3.42,0.0
1999-12-24,9510,6225.63,0.0,9075.63,95.43,0.89,0.0
1999-12-25,9510,6223.1,0.0,9073.1,95.41,3.47,0.0
1999-12-26,9510,6220.58,0.0,9070.58,95.38,1.11,0.0
1999-12-27,9510,6220.58,0.0,9070.58,95.38,0.95,0.0
1999-12-28,9510,6223.1,0.0,9073.1,95.41,3.02,0.0
1999-12-29,9510,6223.1,0.0,9073.1,95.41,5.99,0.0
1999-12-30,9510,6223.1,0.0,9073.1,95.41,3.05,0.0
1999-12-31,9510,6220.58,0.0,9070.58,95.38,2.9,0.0
2000-01-01,9510,6220.58,0.0,9070.58,95.38,4.19,0.0
2000-01-02,9510,6220.58,0.0,9070.58,95.38,3.88,0.0
2000-01-03,9510,6207.95,0.0,9057.95,95.25,7.46,0.0
2000-01-04,9510,6190.3,0.0,9040.3,95.06,4.14,0.0
2000-01-05,9510,6177.69,0.0,9027.69,94.93,10.19,0.0
2000-01-06,9510,6162.58,0.0,9012.58,94.77,0.71,0.0
2000-01-07,9510,6152.52,0.0,9002.52,94.66,8.81,0.0
2000-01-08,9510,6137.43,0.0,8987.43,94.51,1.6,0.0
2000-01-09,9510,6132.4,0.0,8982.4,94.45,5.81,0.0
2000-01-10,9510,6114.81,0.0,8964.81,94.27,3.64,0.0
2000-01-11,9510,6099.75,0.0,8949.75,94.11,4.42,0.0
2000-01-12,9510,6084.7,0.0,8934.7,93.95,4.89,0.0
2000-01-13,9510,6067.16,0.0,8917.16,93.77,3.13,0.0
2000-01-14,9510,6049.64,0.0,8899.64,93.58,3.01,0.0
2000-01-15,9510,6037.13,0.0,8887.13,93.45,4.17,0.0
2000-01-16,9510,6032.13,0.0,8882.13,93.4,5.88,0.0
2000-01-17,9510,6017.14,0.0,8867.14,93.24,6.3,0.0
2000-01-18,9510,5999.66,0.0,8849.66,93.06,4.96,0.0
2000-01-19,9510,5977.21,0.0,8827.21,92.82,1.4,0.0
2000-01-20,9510,5959.77,0.0,8809.77,92.64,4.63,0.0
2000-01-21,9510,5942.35,0.0,8792.35,92.45,5.41,0.0
2000-01-22,9510,5927.43,0.0,8777.43,92.3,3.61,0.0
2000-01-23,9510,5917.49,0.0,8767.49,92.19,2.83,0.0
2000-01-24,9510,5897.62,0.0,8747.62,91.98,3.35,0.0
2000-01-25,9510,5872.82,0.0,8722.82,91.72,3.83,0.0
2000-01-26,9510,5850.53,0.0,8700.53,91.49,7.13,0.0
2000-01-27,9510,5828.26,0.0,8678.26,91.25,4.37,0.0
2000-01-28,9510,5803.55,0.0,8653.55,90.99,4.81,0.0
2000-01-29,9510,5781.34,0.0,8631.34,90.76,5.46,0.0
2000-01-30,9510,5766.55,0.0,8616.55,90.61,4.03,0.0
2000-01-31,9510,5734.55,0.0,8584.55,90.27,3.69,0.0
2000-02-01,9510,5702.6,0.0,8552.6,89.93,3.83,0.0
2000-02-02,9510,5668.25,0.0,8518.25,89.57,2.68,0.0
2000-02-03,9510,5638.87,0.0,8488.87,89.26,3.91,0.0
2000-02-04,9510,5611.97,0.0,8461.97,88.98,6.53,0.0
2000-02-05,9510,5592.44,0.0,8442.44,88.77,6.99,0.0
2000-02-06,9510,5577.8,0.0,8427.8,88.62,5.44,0.0
2000-02-07,9510,5548.56,0.0,8398.56,88.31,5.35,0.0
2000-02-08,9510,5519.37,0.0,8369.37,88.01,5.14,0.0
2000-02-09,9510,5485.37,0.0,8335.37,87.65,0.75,0.0
2000-02-10,9510,5451.44,0.0,8301.44,87.29,1.13,0.0
2000-02-11,9510,5424.82,0.0,8274.82,87.01,8.61,0.0
2000-02-12,9510,5400.66,0.0,8250.66,86.76,5.44,0.0
2000-02-13,9510,5383.77,0.0,8233.77,86.58,1.54,0.0
2000-02-14,9510,5352.44,0.0,8202.44,86.25,5.36,0.0
2000-02-15,9510,5323.56,0.0,8173.56,85.95,7.79,0.0
2000-02-16,9510,5289.94,0.0,8139.94,85.59,3.07,0.0
2000-02-17,9510,5258.78,0.0,8108.78,85.27,5.5,0.0
2000-02-18,9510,5227.67,0.0,8077.67,84.94,6.11,0.0
2000-02-19,9510,5213.33,0.0,8063.33,84.79,12.46,0.0
2000-02-20,9510,5199.0,0.0,8049.0,84.64,5.7,0.0
2000-02-21,9510,5163.23,0.0,8013.23,84.26,1.57,0.0
2000-02-22,9510,5132.3,0.0,7982.3,83.94,6.17,0.0
2000-02-23,9510,5103.79,0.0,7953.79,83.64,8.01,0.0
2000-02-24,9510,5070.59,0.0,7920.59,83.29,4.43,0.0
2000-02-25,9510,5037.45,0.0,7887.45,82.94,4.17,0.0
2000-02-26,9510,5009.1,0.0,7859.1,82.64,2.52,0.0
2000-02-27,9510,4992.58,0.0,7842.58,82.47,4.51,0.0
2000-02-28,9510,4961.95,0.0,7811.95,82.14,7.06,0.0
2000-03-01,9510,4896.17,0.0,7746.17,81.45,4.54,0.0
2000-03-02,9510,4863.37,0.0,7713.37,81.11,4.67,0.0
2000-03-03,9510,4830.64,0.0,7680.64,80.76,4.85,0.0
2000-03-04,9510,4804.97,0.0,7654.97,80.49,4.61,0.0
2000-03-05,9510,4790.98,0.0,7640.98,80.35,4.99,0.0
2000-03-06,9510,4756.06,0.0,7606.06,79.98,6.91,0.0
2000-03-07,9510,4728.19,0.0,7578.19,79.69,2.38,0.0
2000-03-08,9510,4691.09,0.0,7541.09,79.3,6.96,0.0
2000-03-09,9510,4656.39,0.0,7506.39,78.93,0.14,0.0
2000-03-10,9510,4626.37,0.0,7476.37,78.62,2.56,0.0
2000-03-11,9510,4598.71,0.0,7448.71,78.33,1.17,0.0
2000-03-12,9510,4582.6,0.0,7432.6,78.16,2.75,0.0
2000-03-13,9510,4545.84,0.0,7395.84,77.77,4.62,0.0
2000-03-14,9510,4511.44,0.0,7361.44,77.41,0.76,0.0
2000-03-15,9510,4474.84,0.0,7324.84,77.02,0.95,0.0
2000-03-16,9510,4442.89,0.0,7292.89,76.69,1.85,0.0
2000-03-17,9510,4408.72,0.0,7258.72,76.33,5.46,0.0
2000-03-18,9510,4383.71,0.0,7233.71,76.06,2.1,0.0
2000-03-19,9510,4365.54,0.0,7215.54,75.87,5.97,0.0
2000-03-20,9510,4333.81,0.0,7183.81,75.54,2.88,0.0
2000-03-21,9510,4299.88,0.0,7149.88,75.18,4.82,0.0
2000-03-22,9510,4266.03,0.0,7116.03,74.83,2.84,0.0
2000-03-23,9510,4232.25,0.0,7082.25,74.47,3.89,0.0
2000-03-24,9510,4196.3,0.0,7046.3,74.09,2.95,0.0
2000-03-25,9510,4167.16,0.0,7017.16,73.79,0.94,0.0
2000-03-26,9510,4147.01,0.0,6997.01,73.58,1.63,0.0
2000-03-27,9510,4113.5,0.0,6963.5,73.22,1.23,0.0
2000-03-28,9510,4082.29,0.0,6932.29,72.89,2.09,0.0
2000-03-29,9510,4053.36,0.0,6903.36,72.59,4.07,0.0
2000-03-30,9510,4020.06,0.0,6870.06,72.24,6.46,0.0
2000-03-31,9510,3989.05,0.0,6839.05,71.91,2.07,0.0
2000-04-01,9510,3960.31,0.0,6810.31,71.61,1.61,0.0
2000-04-02,9510,3947.07,0.0,6797.07,71.47,2.06,0.0
2000-04-03,9510,3914.01,0.0,6764.01,71.13,7.89,0.0
2000-04-04,9510,3885.42,0.0,6735.42,70.82,0.9,0.0
2000-04-05,9510,3850.31,0.0,6700.31,70.46,5.55,0.0
2000-04-06,9510,3821.85,0.0,6671.85,70.16,0.11,0.0
2000-04-07,9510,3791.27,0.0,6641.27,69.83,1.47,0.0
2000-04-08,9510,3762.93,0.0,6612.93,69.54,2.88,0.0
2000-04-09,9510,3736.82,0.0,6586.82,69.26,2.11,0.0
2000-04-10,9510,3702.08,0.0,6552.08,68.9,1.36,0.0
2000-04-11,9510,3673.93,0.0,6523.93,68.6,3.42,0.0
2000-04-12,9510,3643.67,0.0,6493.67,68.28,10.4,0.0
2000-04-13,9510,3628.57,0.0,6478.57,68.12,1.19,0.0
2000-04-14,9510,3613.48,0.0,6463.48,67.97,0.83,0.0
2000-04-15,9510,3594.11,0.0,6444.11,67.76,5.2,0.0
2000-04-16,9510,3574.76,0.0,6424.76,67.56,1.51,0.0
2000-04-17,9510,3555.45,0.0,6405.45,67.35,1.5,0.0
2000-04-18,9510,3527.6,0.0,6377.6,67.06,3.7,0.0
2000-04-19,9510,3504.08,0.0,6354.08,66.81,1.18,0.0
2000-04-20,9510,3480.6,0.0,6330.6,66.57,5.58,0.0
2000-04-21,9510,3455.04,0.0,6305.04,66.3,5.19,0.0
2000-04-22,9510,3438.02,0.0,6288.02,66.12,3.06,0.0
2000-04-23,9510,3429.52,0.0,6279.52,66.03,5.03,0.0
2000-04-24,9510,3406.18,0.0,6256.18,65.79,6.6,0.0
2000-04-25,9510,3385.0,0.0,6235.0,65.56,4.23,0.0
2000-04-26,9510,3361.74,0.0,6211.74,65.32,2.14,0.0
2000-04-27,9510,3334.3,0.0,6184.3,65.03,4.9,0.0
2000-04-28,9510,3306.93,0.0,6156.93,64.74,6.12,0.0
2000-04-29,9510,3294.31,0.0,6144.31,64.61,5.11,0.0
2000-04-30,9510,3285.91,0.0,6135.91,64.52,5.22,0.0
2000-05-01,9510,3285.91,0.0,6135.91,64.52,4.65,0.0
2000-05-02,9510,3269.13,0.0,6119.13,64.34,10.71,0.0
2000-05-03,9510,3260.74,0.0,6110.74,64.26,4.32,0.0
2000-05-04,9510,3250.27,0.0,6100.27,64.15,12.46,0.0
2000-05-05,9510,3241.89,0.0,6091.89,64.06,11.29,0.0
2000-05-06,9510,3227.26,0.0,6077.26,63.9,13.2,0.0
2000-05-07,9510,3227.26,0.0,6077.26,63.9,9.45,0.0
2000-05-08,9510,3216.81,0.0,6066.81,63.79,10.22,0.0
2000-05-09,9510,3191.78,0.0,6041.78,63.53,11.95,0.0
2000-05-10,9510,3166.8,0.0,6016.8,63.27,7.35,0.0
2000-05-11,9510,3141.88,0.0,5991.88,63.01,7.09,0.0
2000-05-12,9510,3127.36,0.0,5977.36,62.85,7.37,0.0
2000-05-13,9510,3131.51,0.0,5981.51,62.9,17.41,0.0
2000-05-14,9510,3125.29,0.0,5975.29,62.83,20.76,0.0
2000-05-15,9510,3127.36,0.0,5977.36,62.85,11.62,0.0
2000-05-16,9510,3119.07,0.0,5969.07,62.77,21.01,0.0
2000-05-17,9510,3121.15,0.0,5971.15,62.79,9.96,0.0
2000-05-18,9510,3117.0,0.0,5967.0,62.74,13.31,0.0
2000-05-19,9510,3127.36,0.0,5977.36,62.85,10.18,0.0
2000-05-20,9510,3152.26,0.0,6002.26,63.12,21.14,0.0
2000-05-21,9510,3177.21,0.0,6027.21,63.38,34.02,0.0
2000-05-22,9510,3193.87,0.0,6043.87,63.55,31.55,0.0
2000-05-23,9510,3202.21,0.0,6052.21,63.64,26.17,0.0
2000-05-24,9510,3206.38,0.0,6056.38,63.68,17.5,0.0
2000-05-25,9510,3202.21,0.0,6052.21,63.64,13.04,0.0
2000-05-26,9510,3202.21,0.0,6052.21,63.64,7.4,0.0
2000-05-27,9510,3202.21,0.0,6052.21,63.64,9.29,0.0
2000-05-28,9510,3210.55,0.0,6060.55,63.73,7.27,0.0
2000-05-29,9510,3208.46,0.0,6058.46,63.71,13.48,0.0
2000-05-30,9510,3212.64,0.0,6062.64,63.75,5.26,0.0
2000-05-31,9510,3218.9,0.0,6068.9,63.82,11.46,0.0
2000-06-01,9510,3216.81,0.0,6066.81,63.79,13.76,0.0
2000-06-02,9510,3235.62,0.0,6085.62,63.99,5.13,0.0
2000-06-03,9510,3246.08,0.0,6096.08,64.1,26.09,0.0
2000-06-04,9510,3258.64,0.0,6108.64,64.23,16.72,0.0
2000-06-05,9510,3269.13,0.0,6119.13,64.34,16.73,0.0
2000-06-06,9510,3279.61,0.0,6129.61,64.45,17.17,0.0
2000-06-07,9510,3285.91,0.0,6135.91,64.52,17.08,0.0
2000-06-08,9510,3292.21,0.0,6142.21,64.59,13.33,0.0
2000-06-09,9510,3298.52,0.0,6148.52,64.65,12.9,0.0
2000-06-10,9510,3304.83,0.0,6154.83,64.72,13.23,0.0
2000-06-11,9510,3313.24,0.0,6163.24,64.81,12.29,0.0
2000-06-12,9510,3319.56,0.0,6169.56,64.87,14.35,0.0
2000-06-13,9510,3319.56,0.0,6169.56,64.87,22.38,0.0
2000-06-14,9510,3321.66,0.0,6171.66,64.9,16.15,0.0
2000-06-15,9510,3313.24,0.0,6163.24,64.81,15.0,0.0
2000-06-16,9510,3311.14,0.0,6161.14,64.79,5.01,0.0
2000-06-17,9510,3311.14,0.0,6161.14,64.79,14.12,0.0
2000-06-18,9510,3317.45,0.0,6167.45,64.85,11.01,0.0
2000-06-19,9510,3311.14,0.0,6161.14,64.79,12.09,0.0
2000-06-20,9510,3334.3,0.0,6184.3,65.03,9.46,0.0
2000-06-21,9510,3340.63,0.0,6190.63,65.1,38.64,0.0
2000-06-22,9510,3338.52,0.0,6188.52,65.07,27.44,0.0
2000-06-23,9510,3340.63,0.0,6190.63,65.1,18.99,0.0
2000-06-24,9510,3336.41,0.0,6186.41,65.05,22.87,0.0
2000-06-25,9510,3342.74,0.0,6192.74,65.12,16.79,0.0
2000-06-26,9510,3342.74,0.0,6192.74,65.12,22.28,0.0
2000-06-27,9510,3338.52,0.0,6188.52,65.07,21.18,0.0
2000-06-28,9510,3336.41,0.0,6186.41,65.05,16.76,0.0
2000-06-29,9510,3342.74,0.0,6192.74,65.12,17.82,0.0
2000-06-30,9510,3338.52,0.0,6188.52,65.07,27.63,0.0
2000-07-01,9510,3340.63,0.0,6190.63,65.1,16.79,0.0
2000-07-02,9510,3349.07,0.0,6199.07,65.18,18.31,0.0
2000-07-03,9510,3344.85,0.0,6194.85,65.14,19.1,0.0
2000-07-04,9510,3349.07,0.0,6199.07,65.18,12.2,0.0
2000-07-05,9510,3357.51,0.0,6207.51,65.27,15.26,0.0
2000-07-06,9510,3376.53,0.0,6226.53,65.47,19.21,0.0
2000-07-07,9510,3387.11,0.0,6237.11,65.58,29.71,0.0
2000-07-08,9510,3389.23,0.0,6239.23,65.61,21.66,0.0
2000-07-09,9510,3395.59,0.0,6245.59,65.67,12.96,0.0
2000-07-10,9510,3404.06,0.0,6254.06,65.76,12.11,0.0
2000-07-11,9510,3421.03,0.0,6271.03,65.94,19.6,0.0
2000-07-12,9510,3442.27,0.0,6292.27,66.16,22.75,0.0
2000-07-13,9510,3536.16,0.0,6386.16,67.15,27.06,0.0
2000-07-14,9510,3663.11,0.0,6513.11,68.49,99.87,0.0
2000-07-15,9510,3793.45,0.0,6643.45,69.86,132.92,0.0
2000-07-16,9510,3878.83,0.0,6728.83,70.76,133.0,0.0
2000-07-17,9510,3931.63,0.0,6781.63,71.31,88.04,0.0
2000-07-18,9510,3966.94,0.0,6816.94,71.68,55.93,0.0
2000-07-19,9510,3995.69,0.0,6845.69,71.98,41.22,0.0
2000-07-20,9510,4020.06,0.0,6870.06,72.24,34.29,0.0
2000-07-21,9510,4042.26,0.0,6892.26,72.47,29.95,0.0
2000-07-22,9510,4075.61,0.0,6925.61,72.82,27.92,0.0
2000-07-23,9510,4102.34,0.0,6952.34,73.11,36.37,0.0
2000-07-24,9510,4115.73,0.0,6965.73,73.25,32.86,0.0
2000-07-25,9510,4126.89,0.0,6976.89,73.36,28.81,0.0
2000-07-26,9510,4147.01,0.0,6997.01,73.58,26.84,0.0
2000-07-27,9510,4162.68,0.0,7012.68,73.74,35.92,0.0
2000-07-28,9510,4171.64,0.0,7021.64,73.83,31.79,0.0
2000-07-29,9510,4180.6,0.0,7030.6,73.93,25.12,0.0
2000-07-30,9510,4203.03,0.0,7053.03,74.16,26.09,0.0
2000-07-31,9510,4223.25,0.0,7073.25,74.38,28.27,0.0
2000-08-01,9510,4241.25,0.0,7091.25,74.57,35.87,0.0
2000-08-02,9510,4248.0,0.0,7098.0,74.64,32.66,0.0
2000-08-03,9510,4259.27,0.0,7109.27,74.76,22.6,0.0
2000-08-04,9510,4272.79,0.0,7122.79,74.9,27.47,0.0
2000-08-05,9510,4286.33,0.0,7136.33,75.04,24.4,0.0
2000-08-06,9510,4311.18,0.0,7161.18,75.3,24.33,0.0
2000-08-07,9510,4329.28,0.0,7179.28,75.49,30.6,0.0
2000-08-08,9510,4376.89,0.0,7226.89,75.99,28.82,0.0
2000-08-09,9510,4420.1,0.0,7270.1,76.45,59.11,0.0
2000-08-10,9510,4454.29,0.0,7304.29,76.81,53.94,0.0
2000-08-11,9510,4488.56,0.0,7338.56,77.17,44.71,0.0
2000-08-12,9510,4518.32,0.0,7368.32,77.48,45.05,0.0
2000-08-13,9510,4541.25,0.0,7391.25,77.72,35.77,0.0
2000-08-14,9510,4552.72,0.0,7402.72,77.84,29.04,0.0
2000-08-15,9510,4564.21,0.0,7414.21,77.96,26.55,0.0
2000-08-16,9510,4573.4,0.0,7423.4,78.06,24.59,0.0
2000-08-17,9510,4580.3,0.0,7430.3,78.13,22.32,0.0
2000-08-18,9510,4596.41,0.0,7446.41,78.3,17.72,0.0
2000-08-19,9510,4614.84,0.0,7464.84,78.49,27.21,0.0
2000-08-20,9510,4635.6,0.0,7485.6,78.71,28.26,0.0
2000-08-21,9510,4644.83,0.0,7494.83,78.81,27.62,0.0
2000-08-22,9510,4661.01,0.0,7511.01,78.98,24.08,0.0
2000-08-23,9510,4672.57,0.0,7522.57,79.1,26.97,0.0
2000-08-24,9510,4700.35,0.0,7550.35,79.39,21.85,0.0
2000-08-25,9510,4730.51,0.0,7580.51,79.71,38.4,0.0
2000-08-26,9510,4763.04,0.0,7613.04,80.05,40.67,0.0
2000-08-27,9510,4818.96,0.0,7668.96,80.64,40.94,0.0
2000-08-28,9510,4839.98,0.0,7689.98,80.86,61.95,0.0
2000-08-29,9510,4858.69,0.0,7708.69,81.06,41.56,0.0
2000-08-30,9510,4891.48,0.0,7741.48,81.4,45.23,0.0
2000-08-31,9510,4921.98,0.0,7771.98,81.72,44.22,0.0
2000-09-01,9510,4950.19,0.0,7800.19,82.02,36.12,0.0
2000-09-02,9510,4978.44,0.0,7828.44,82.32,33.74,0.0
2000-09-03,9510,5018.54,0.0,7868.54,82.74,34.0,0.0
2000-09-04,9510,5051.64,0.0,7901.64,83.09,45.77,0.0
2000-09-05,9510,5108.54,0.0,7958.54,83.69,44.18,0.0
2000-09-06,9510,5170.38,0.0,8020.38,84.34,67.4,0.0
2000-09-07,9510,5227.67,0.0,8077.67,84.94,71.73,0.0
2000-09-08,9510,5292.34,0.0,8142.34,85.62,65.6,0.0
2000-09-09,9510,5352.44,0.0,8202.44,86.25,65.47,0.0
2000-09-10,9510,5407.9,0.0,8257.9,86.83,60.9,0.0
2000-09-11,9510,5444.17,0.0,8294.17,87.22,56.26,0.0
2000-09-12,9510,5499.93,0.0,8349.93,87.8,47.19,0.0
2000-09-13,9510,5558.3,0.0,8408.3,88.42,70.27,0.0
2000-09-14,9510,5633.97,0.0,8483.97,89.21,69.38,0.0
2000-09-15,9510,5687.87,0.0,8537.87,89.78,86.47,0.0
2000-09-16,9510,5732.09,0.0,8582.09,90.24,64.84,0.0
2000-09-17,9510,5766.55,0.0,8616.55,90.61,45.04,0.0
2000-09-18,9510,5796.15,0.0,8646.15,90.92,35.29,0.0
2000-09-19,9510,5820.85,0.0,8670.85,91.18,39.8,0.0
2000-09-20,9510,5848.05,0.0,8698.05,91.46,29.66,0.0
2000-09-21,9510,5872.82,0.0,8722.82,91.72,28.03,0.0
2000-09-22,9510,5885.22,0.0,8735.22,91.85,25.6,0.0
2000-09-23,9510,5905.07,0.0,8755.07,92.06,18.68,0.0
2000-09-24,9510,5932.4,0.0,8782.4,92.35,21.5,0.0
2000-09-25,9510,5972.23,0.0,8822.23,92.77,29.24,0.0
2000-09-26,9510,6047.14,0.0,8897.14,93.56,41.63,0.0
2000-09-27,9510,6092.23,0.0,8942.23,94.03,76.18,0.0
2000-09-28,9510,6129.88,0.0,8979.88,94.43,45.94,0.0
2000-09-29,9510,6172.66,0.0,9022.66,94.88,38.5,0.0
2000-09-30,9510,6202.91,0.0,9052.91,95.19,43.63,0.0
2000-10-01,9510,6243.31,0.0,9093.31,95.62,31.1,0.0
2000-10-02,9510,6271.14,0.0,9121.14,95.91,44.3,0.0
2000-10-03,9510,6283.81,0.0,9133.81,96.04,33.49,0.0
2000-10-04,9510,6309.17,0.0,9159.17,96.31,33.87,0.0
2000-10-05,9510,6326.93,0.0,9176.93,96.5,26.21,0.0
2000-10-06,9510,6347.26,0.0,9197.26,96.71,27.9,0.0
2000-10-07,9510,6372.7,0.0,9222.7,96.98,29.2,0.0
2000-10-08,9510,6390.53,0.0,9240.53,97.17,33.97,0.0
2000-10-09,9510,6408.38,0.0,9258.38,97.35,28.71,0.0
2000-10-10,9510,6428.79,0.0,9278.79,97.57,33.46,0.0
2000-10-11,9510,6431.35,0.0,9281.35,97.6,29.5,0.0
2000-10-12,9510,6444.12,0.0,9294.12,97.73,11.61,0.0
2000-10-13,9510,6449.23,0.0,9299.23,97.78,17.38,0.0
2000-10-14,9510,6456.9,0.0,9306.9,97.86,15.64,0.0
2000-10-15,9510,6467.13,0.0,9317.13,97.97,15.65,0.0
2000-10-16,9510,6472.25,0.0,9322.25,98.03,17.28,0.0
2000-10-17,9510,6477.37,0.0,9327.37,98.08,17.1,0.0
2000-10-18,9510,6479.93,0.0,9329.93,98.11,17.32,0.0
2000-10-19,9510,6482.49,0.0,9332.49,98.13,15.68,0.0
2000-10-20,9510,6492.73,0.0,9342.73,98.24,18.33,0.0
2000-10-21,9510,6497.86,0.0,9347.86,98.3,21.35,0.0
2000-10-22,9510,6502.99,0.0,9352.99,98.35,16.27,0.0
2000-10-23,9510,6500.42,0.0,9350.42,98.32,14.16,0.0
2000-10-24,9510,6513.24,0.0,9363.24,98.46,3.62,0.0
2000-10-25,9510,6518.37,0.0,9368.37,98.51,22.9,0.0
2000-10-26,9510,6518.37,0.0,9368.37,98.51,15.3,0.0
2000-10-27,9510,6523.5,0.0,9373.5,98.56,11.62,0.0
2000-10-28,9510,6523.5,0.0,9373.5,98.56,15.97,0.0
2000-10-29,9510,6526.07,0.0,9376.07,98.59,10.82,0.0
2000-10-30,9510,6533.77,0.0,9383.77,98.67,12.5,0.0
2000-10-31,9510,6538.91,0.0,9388.91,98.73,16.35,0.0
2000-11-01,9510,6551.75,0.0,9401.75,98.86,15.74,0.0
2000-11-02,9510,6556.89,0.0,9406.89,98.92,22.38,0.0
2000-11-03,9510,6562.03,0.0,9412.03,98.97,16.45,0.0
2000-11-04,9510,6562.03,0.0,9412.03,98.97,15.54,0.0
2000-11-05,9510,6567.18,0.0,9417.18,99.02,11.01,0.0
2000-11-06,9510,6564.61,0.0,9414.61,99.0,13.81,0.0
2000-11-07,9510,6564.61,0.0,9414.61,99.0,10.92,0.0
2000-11-08,9510,6559.46,0.0,9409.46,98.94,13.42,0.0
2000-11-09,9510,6556.89,0.0,9406.89,98.92,8.15,0.0
2000-11-10,9510,6556.89,0.0,9406.89,98.92,10.64,0.0
2000-11-11,9510,6551.75,0.0,9401.75,98.86,11.06,0.0
2000-11-12,9510,6554.32,0.0,9404.32,98.89,10.19,0.0
2000-11-13,9510,6551.75,0.0,9401.75,98.86,9.01,0.0
2000-11-14,9510,6546.61,0.0,9396.61,98.81,7.47,0.0
2000-11-15,9510,6544.04,0.0,9394.04,98.78,9.09,0.0
2000-11-16,9510,6538.91,0.0,9388.91,98.73,11.18,0.0
2000-11-17,9510,6533.77,0.0,9383.77,98.67,7.83,0.0
2000-11-18,9510,6533.77,0.0,9383.77,98.67,5.04,0.0
2000-11-19,9510,6531.2,0.0,9381.2,98.65,11.73,0.0
2000-11-20,9510,6528.64,0.0,9378.64,98.62,8.34,0.0
2000-11-21,9510,6523.5,0.0,9373.5,98.56,8.94,0.0
2000-11-22,9510,6520.94,0.0,9370.94,98.54,4.96,0.0
2000-11-23,9510,6515.81,0.0,9365.81,98.48,7.53,0.0
2000-11-24,9510,6513.24,0.0,9363.24,98.46,5.74,0.0
2000-11-25,9510,6508.11,0.0,9358.11,98.4,8.53,0.0
2000-11-26,9510,6502.99,0.0,9352.99,98.35,6.74,0.0
2000-11-27,9510,6500.42,0.0,9350.42,98.32,7.14,0.0
2000-11-28,9510,6485.05,0.0,9335.05,98.16,13.3,0.0
2000-11-29,9510,6474.81,0.0,9324.81,98.05,4.94,0.0
2000-11-30,9510,6467.13,0.0,9317.13,97.97,1.76,0.0
2000-12-01,9510,6467.13,0.0,9317.13,97.97,4.65,0.0
2000-12-02,9510,6462.02,0.0,9312.02,97.92,12.34,0.0
2000-12-03,9510,6456.9,0.0,9306.9,97.86,5.68,0.0
2000-12-04,9510,6446.68,0.0,9296.68,97.76,4.59,0.0
2000-12-05,9510,6439.01,0.0,9289.01,97.68,7.83,0.0
2000-12-06,9510,6418.58,0.0,9268.58,97.46,6.39,0.0
2000-12-07,9510,6413.48,0.0,9263.48,97.41,2.59,0.0
2000-12-08,9510,6403.28,0.0,9253.28,97.3,11.96,0.0
2000-12-09,9510,6395.63,0.0,9245.63,97.22,6.82,0.0
2000-12-10,9510,6385.44,0.0,9235.44,97.11,3.3,0.0
2000-12-11,9510,6372.7,0.0,9222.7,96.98,5.74,0.0
2000-12-12,9510,6357.43,0.0,9207.43,96.82,7.14,0.0
2000-12-13,9510,6344.72,0.0,9194.72,96.68,5.79,0.0
2000-12-14,9510,6329.47,0.0,9179.47,96.52,7.77,0.0
2000-12-15,9510,6314.24,0.0,9164.24,96.36,5.74,0.0
2000-12-16,9510,6304.09,0.0,9154.09,96.26,5.94,0.0
2000-12-17,9510,6291.41,0.0,9141.41,96.12,5.9,0.0
2000-12-18,9510,6281.28,0.0,9131.28,96.02,3.19,0.0
2000-12-19,9510,6263.55,0.0,9113.55,95.83,10.29,0.0
2000-12-20,9510,6248.37,0.0,9098.37,95.67,2.6,0.0
2000-12-21,9510,6235.73,0.0,9085.73,95.54,5.38,0.0
2000-12-22,9510,6218.05,0.0,9068.05,95.35,7.82,0.0
2000-12-23,9510,6205.42,0.0,9055.42,95.22,2.74,0.0
2000-12-24,9510,6195.33,0.0,9045.33,95.11,2.86,0.0
2000-12-25,9510,6175.17,0.0,9025.17,94.9,5.37,0.0
2000-12-26,9510,6157.54,0.0,9007.54,94.72,1.68,0.0
2000-12-27,9510,6139.93,0.0,8989.93,94.53,4.11,0.0
2000-12-28,9510,6127.37,0.0,8977.37,94.4,4.42,0.0
2000-12-29,9510,6112.3,0.0,8962.3,94.24,9.3,0.0
2000-12-30,9510,6099.75,0.0,8949.75,94.11,1.45,0.0
2000-12-31,9510,6089.71,0.0,8939.71,94.0,3.78,0.0
2001-01-01,9510,6074.67,0.0,8924.67,93.85,2.69,0.0
2001-01-02,9510,6064.65,0.0,8914.65,93.74,7.55,0.0
2001-01-03,9510,6039.63,0.0,8889.63,93.48,0.84,0.0
2001-01-04,9510,6019.63,0.0,8869.63,93.27,6.12,0.0
2001-01-05,9510,5999.65,0.0,8849.65,93.06,5.89,0.0
2001-01-06,9510,5984.69,0.0,8834.69,92.9,6.74,0.0
2001-01-07,9510,5969.73,0.0,8819.73,92.74,2.73,0.0
2001-01-08,9510,5947.32,0.0,8797.32,92.51,3.3,0.0
2001-01-09,9510,5924.94,0.0,8774.94,92.27,3.63,0.0
2001-01-10,9510,5902.58,0.0,8752.58,92.04,2.9,0.0
2001-01-11,9510,5885.21,0.0,8735.21,91.85,8.28,0.0
2001-01-12,9510,5867.86,0.0,8717.86,91.67,8.15,0.0
2001-01-13,9510,5855.47,0.0,8705.47,91.54,7.13,0.0
2001-01-14,9510,5838.15,0.0,8688.15,91.36,1.42,0.0
2001-01-15,9510,5815.9,0.0,8665.9,91.12,4.36,0.0
2001-01-16,9510,5788.74,0.0,8638.74,90.84,0.91,0.0
2001-01-17,9510,5759.16,0.0,8609.16,90.53,0.35,0.0
2001-01-18,9510,5741.92,0.0,8591.92,90.35,12.17,0.0
2001-01-19,9510,5714.88,0.0,8564.88,90.06,3.47,0.0
2001-01-20,9510,5692.77,0.0,8542.77,89.83,3.02,0.0
2001-01-21,9510,5682.96,0.0,8532.96,89.73,6.53,0.0
2001-01-22,9510,5653.55,0.0,8503.55,89.42,3.54,0.0
2001-01-23,9510,5631.52,0.0,8481.52,89.19,11.13,0.0
2001-01-24,9510,5616.85,0.0,8466.85,89.03,3.75,0.0
2001-01-25,9510,5597.31,0.0,8447.31,88.83,4.52,0.0
2001-01-26,9510,5565.6,0.0,8415.6,88.49,2.99,0.0
2001-01-27,9510,5536.38,0.0,8386.38,88.18,5.05,0.0
2001-01-28,9510,5519.36,0.0,8369.36,88.01,1.23,0.0
2001-01-29,9510,5487.79,0.0,8337.79,87.67,0.67,0.0
2001-01-30,9510,5461.12,0.0,8311.12,87.39,2.99,0.0
2001-01-31,9510,5434.49,0.0,8284.49,87.11,4.23,0.0
2001-02-01,9510,5405.48,0.0,8255.48,86.81,1.58,0.0
2001-02-02,9510,5378.94,0.0,8228.94,86.53,3.61,0.0
2001-02-03,9510,5359.66,0.0,8209.66,86.33,6.86,0.0
2001-02-04,9510,5337.99,0.0,8187.99,86.1,3.11,0.0
2001-02-05,9510,5311.54,0.0,8161.54,85.82,5.19,0.0
2001-02-06,9510,5285.14,0.0,8135.14,85.54,4.51,0.0
2001-02-07,9510,5256.38,0.0,8106.38,85.24,5.62,0.0
2001-02-08,9510,5237.23,0.0,8087.23,85.04,2.44,0.0
2001-02-09,9510,5210.93,0.0,8060.93,84.76,6.39,0.0
2001-02-10,9510,5187.07,0.0,8037.07,84.51,4.58,0.0
2001-02-11,9510,5165.61,0.0,8015.61,84.29,2.78,0.0
2001-02-12,9510,5137.05,0.0,7987.05,83.99,9.15,0.0
2001-02-13,9510,5103.78,0.0,7953.78,83.64,3.38,0.0
2001-02-14,9510,5072.95,0.0,7922.95,83.31,4.25,0.0
2001-02-15,9510,5039.81,0.0,7889.81,82.96,3.61,0.0
2001-02-16,9510,5004.37,0.0,7854.37,82.59,2.98,0.0
2001-02-17,9510,4971.37,0.0,7821.37,82.24,2.35,0.0
2001-02-18,9510,4952.53,0.0,7802.53,82.05,2.97,0.0
2001-02-19,9510,4926.67,0.0,7776.67,81.77,12.31,0.0
2001-02-20,9510,4889.13,0.0,7739.13,81.38,1.97,0.0
2001-02-21,9510,4854.01,0.0,7704.01,81.01,3.01,0.0
2001-02-22,9510,4816.63,0.0,7666.63,80.62,1.97,0.0
2001-02-23,9510,4779.33,0.0,7629.33,80.22,0.61,0.0
2001-02-24,9510,4744.44,0.0,7594.44,79.86,0.78,0.0
2001-02-25,9510,4723.54,0.0,7573.54,79.64,2.03,0.0
2001-02-26,9510,4686.45,0.0,7536.45,79.25,2.15,0.0
2001-02-27,9510,4649.45,0.0,7499.45,78.86,3.15,0.0
2001-02-28,9510,4614.84,0.0,7464.84,78.49,4.46,0.0
2001-03-01,9510,4580.3,0.0,7430.3,78.13,4.46,0.0
2001-03-02,9510,4541.24,0.0,7391.24,77.72,5.6,0.0
2001-03-03,9510,4509.15,0.0,7359.15,77.38,1.34,0.0
2001-03-04,9510,4493.13,0.0,7343.13,77.21,5.24,0.0
2001-03-05,9510,4461.13,0.0,7311.13,76.88,6.92,0.0
2001-03-06,9510,4422.37,0.0,7272.37,76.47,7.96,0.0
2001-03-07,9510,4385.98,0.0,7235.98,76.09,1.91,0.0
2001-03-08,9510,4349.66,0.0,7199.66,75.71,4.75,0.0
2001-03-09,9510,4342.87,0.0,7192.87,75.63,2.26,0.0
2001-03-10,9510,4315.7,0.0,7165.7,75.35,31.7,0.0
2001-03-11,9510,4299.88,0.0,7149.88,75.18,7.48,0.0
2001-03-12,9510,4286.33,0.0,7136.33,75.04,10.0,0.0
2001-03-13,9510,4277.3,0.0,7127.3,74.95,6.66,0.0
2001-03-14,9510,4259.26,0.0,7109.26,74.76,11.27,0.0
2001-03-15,9510,4243.49,0.0,7093.49,74.59,4.72,0.0
2001-03-16,9510,4229.99,0.0,7079.99,74.45,5.97,0.0
2001-03-17,9510,4214.26,0.0,7064.26,74.28,7.45,0.0
2001-03-18,9510,4209.77,0.0,7059.77,74.24,4.71,0.0
2001-03-19,9510,4187.32,0.0,7037.32,74.0,9.76,0.0
2001-03-20,9510,4169.39,0.0,7019.39,73.81,1.58,0.0
2001-03-21,9510,4153.72,0.0,7003.72,73.65,6.39,0.0
2001-03-22,9510,4138.06,0.0,6988.06,73.48,7.72,0.0
2001-03-23,9510,4124.66,0.0,6974.66,73.34,7.49,0.0
2001-03-24,9510,4109.03,0.0,6959.03,73.18,9.94,0.0
2001-03-25,9510,4095.65,0.0,6945.65,73.04,5.78,0.0
2001-03-26,9510,4077.83,0.0,6927.83,72.85,2.96,0.0
2001-03-27,9510,4057.81,0.0,6907.81,72.64,5.9,0.0
2001-03-28,9510,4035.59,0.0,6885.59,72.4,5.14,0.0
2001-03-29,9510,4013.41,0.0,6863.41,72.17,1.4,0.0
2001-03-30,9510,3993.47,0.0,6843.47,71.96,3.37,0.0
2001-03-31,9510,3975.77,0.0,6825.77,71.77,4.73,0.0
2001-04-01,9510,3960.31,0.0,6810.31,71.61,3.72,0.0
2001-04-02,9510,3925.02,0.0,6775.02,71.24,0.83,0.0
2001-04-03,9510,3885.42,0.0,6735.42,70.82,1.64,0.0
2001-04-04,9510,3848.12,0.0,6698.12,70.43,1.12,0.0
2001-04-05,9510,3819.66,0.0,6669.66,70.13,0.85,0.0
2001-04-06,9510,3797.81,0.0,6647.81,69.9,6.88,0.0
2001-04-07,9510,3773.82,0.0,6623.82,69.65,6.21,0.0
2001-04-08,9510,3749.86,0.0,6599.86,69.4,4.74,0.0
2001-04-09,9510,3708.59,0.0,6558.59,68.97,1.11,0.0
2001-04-10,9510,3667.43,0.0,6517.43,68.53,1.27,0.0
2001-04-11,9510,3635.03,0.0,6485.03,68.19,2.51,0.0
2001-04-12,9510,3607.01,0.0,6457.01,67.9,1.96,0.0
2001-04-13,9510,3581.2,0.0,6431.2,67.63,0.66,0.0
2001-04-14,9510,3559.73,0.0,6409.73,67.4,1.33,0.0
2001-04-15,9510,3536.15,0.0,6386.15,67.15,1.67,0.0
2001-04-16,9510,3514.76,0.0,6364.76,66.93,2.81,0.0
2001-04-17,9510,3482.73,0.0,6332.73,66.59,2.29,0.0
2001-04-18,9510,3455.03,0.0,6305.03,66.3,2.36,0.0
2001-04-19,9510,3431.64,0.0,6281.64,66.05,7.69,0.0
2001-04-20,9510,3397.7,0.0,6247.7,65.7,14.88,0.0
2001-04-21,9510,3361.73,0.0,6211.73,65.32,4.77,0.0
2001-04-22,9510,3334.3,0.0,6184.3,65.03,0.91,0.0
2001-04-23,9510,3298.51,0.0,6148.51,64.65,0.06,0.0
2001-04-24,9510,3262.83,0.0,6112.83,64.28,1.03,0.0
2001-04-25,9510,3227.25,0.0,6077.25,63.9,1.08,0.0
2001-04-26,9510,3189.69,0.0,6039.69,63.51,1.34,0.0
2001-04-27,9510,3150.18,0.0,6000.18,63.09,2.56,0.0
2001-04-28,9510,3117.0,0.0,5967.0,62.74,1.67,0.0
2001-04-29,9510,3090.11,0.0,5940.11,62.46,2.38,0.0
2001-04-30,9510,3052.98,0.0,5902.98,62.07,1.36,0.0
2001-05-01,9510,3028.3,0.0,5878.3,61.81,3.34,0.0
2001-05-02,9510,2993.42,0.0,5843.42,61.45,1.46,0.0
2001-05-03,9510,2956.6,0.0,5806.6,61.06,9.34,0.0
2001-05-04,9510,2938.24,0.0,5788.24,60.86,0.84,0.0
2001-05-05,9510,2913.8,0.0,5763.8,60.61,17.03,0.0
2001-05-06,9510,2907.7,0.0,5757.7,60.54,7.14,0.0
2001-05-07,9510,2901.6,0.0,5751.6,60.48,4.22,0.0
2001-05-08,9510,2895.51,0.0,5745.51,60.42,4.02,0.0
2001-05-09,9510,2885.36,0.0,5735.36,60.31,3.43,0.0
2001-05-10,9510,2873.19,0.0,5723.19,60.18,7.21,0.0
2001-05-11,9510,2873.19,0.0,5723.19,60.18,2.25,0.0
2001-05-12,9510,2869.14,0.0,5719.14,60.14,9.04,0.0
2001-05-13,9510,2871.16,0.0,5721.16,60.16,5.41,0.0
2001-05-14,9510,2877.24,0.0,5727.24,60.22,11.33,0.0
2001-05-15,9510,2871.16,0.0,5721.16,60.16,17.4,0.0
2001-05-16,9510,2865.08,0.0,5715.08,60.1,3.62,0.0
2001-05-17,9510,2865.08,0.0,5715.08,60.1,4.06,0.0
2001-05-18,9510,2867.11,0.0,5717.11,60.12,9.83,0.0
2001-05-19,9510,2867.11,0.0,5717.11,60.12,13.89,0.0
2001-05-20,9510,2867.11,0.0,5717.11,60.12,9.13,0.0
2001-05-21,9510,2867.11,0.0,5717.11,60.12,6.81,0.0
2001-05-22,9510,2863.06,0.0,5713.06,60.07,10.95,0.0
2001-05-23,9510,2863.06,0.0,5713.06,60.07,7.81,0.0
2001-05-24,9510,2861.04,0.0,5711.04,60.05,10.47,0.0
2001-05-25,9510,2859.01,0.0,5709.01,60.03,10.15,0.0
2001-05-26,9510,2859.01,0.0,5709.01,60.03,8.46,0.0
2001-05-27,9510,2861.04,0.0,5711.04,60.05,9.88,0.0
2001-05-28,9510,2867.11,0.0,5717.11,60.12,10.11,0.0
2001-05-29,9510,2881.3,0.0,5731.3,60.27,14.48,0.0
2001-05-30,9510,2883.33,0.0,5733.33,60.29,22.85,0.0
2001-05-31,9510,2895.51,0.0,5745.51,60.42,10.29,0.0
2001-06-01,9510,2901.6,0.0,5751.6,60.48,20.66,0.0
2001-06-02,9510,2913.8,0.0,5763.8,60.61,14.22,0.0
2001-06-03,9510,2928.05,0.0,5778.05,60.76,19.91,0.0
2001-06-04,9510,2936.2,0.0,5786.2,60.84,20.04,0.0
2001-06-05,9510,2946.39,0.0,5796.39,60.95,15.21,0.0
2001-06-06,9510,2956.6,0.0,5806.6,61.06,17.23,0.0
2001-06-07,9510,2964.77,0.0,5814.77,61.14,17.57,0.0
2001-06-08,9510,2970.9,0.0,5820.9,61.21,15.27,0.0
2001-06-09,9510,2974.99,0.0,5824.99,61.25,13.03,0.0
2001-06-10,9510,2979.09,0.0,5829.09,61.29,10.0,0.0
2001-06-11,9510,2987.27,0.0,5837.27,61.38,10.12,0.0
2001-06-12,9510,2989.32,0.0,5839.32,61.4,14.0,0.0
2001-06-13,9510,2993.42,0.0,5843.42,61.45,7.92,0.0
2001-06-14,9510,2995.47,0.0,5845.47,61.47,9.8,0.0
2001-06-15,9510,2997.52,0.0,5847.52,61.49,9.37,0.0
2001-06-16,9510,2999.56,0.0,5849.56,61.51,8.05,0.0
2001-06-17,9510,3007.77,0.0,5857.77,61.6,8.12,0.0
2001-06-18,9510,3013.92,0.0,5863.92,61.66,13.14,0.0
2001-06-19,9510,3015.97,0.0,5865.97,61.68,11.77,0.0
2001-06-20,9510,3022.13,0.0,5872.13,61.75,7.61,0.0
2001-06-21,9510,3024.19,0.0,5874.19,61.77,11.58,0.0
2001-06-22,9510,3026.24,0.0,5876.24,61.79,6.59,0.0
2001-06-23,9510,3026.24,0.0,5876.24,61.79,6.22,0.0
2001-06-24,9510,3026.24,0.0,5876.24,61.79,4.67,0.0
2001-06-25,9510,3034.46,0.0,5884.46,61.88,4.62,0.0
2001-06-26,9510,3040.63,0.0,5890.63,61.94,13.2,0.0
2001-06-27,9510,3044.75,0.0,5894.75,61.98,11.22,0.0
2001-06-28,9510,3046.81,0.0,5896.81,62.01,8.67,0.0
2001-06-29,9510,3050.92,0.0,5900.92,62.05,6.59,0.0
2001-06-30,9510,3055.04,0.0,5905.04,62.09,9.29,0.0
2001-07-01,9510,3067.41,0.0,5917.41,62.22,8.28,0.0
2001-07-02,9510,3083.92,0.0,5933.92,62.4,15.57,0.0
2001-07-03,9510,3092.18,0.0,5942.18,62.48,30.23,0.0
2001-07-04,9510,3096.32,0.0,5946.32,62.53,21.92,0.0
2001-07-05,9510,3094.25,0.0,5944.25,62.51,17.97,0.0
2001-07-06,9510,3106.66,0.0,5956.66,62.64,17.43,0.0
2001-07-07,9510,3114.93,0.0,5964.93,62.72,20.38,0.0
2001-07-08,9510,3125.29,0.0,5975.29,62.83,15.61,0.0
2001-07-09,9510,3148.1,0.0,5998.1,63.07,19.62,0.0
2001-07-10,9510,3179.29,0.0,6029.29,63.4,33.26,0.0
2001-07-11,9510,3202.21,0.0,6052.21,63.64,41.93,0.0
2001-07-12,9510,3200.12,0.0,6050.12,63.62,35.56,0.0
2001-07-13,9510,3193.87,0.0,6043.87,63.55,24.58,0.0
2001-07-14,9510,3200.12,0.0,6050.12,63.62,20.67,0.0
2001-07-15,9510,3210.55,0.0,6060.55,63.73,16.47,0.0
2001-07-16,9510,3214.72,0.0,6064.72,63.77,16.62,0.0
2001-07-17,9510,3227.26,0.0,6077.26,63.9,18.9,0.0
2001-07-18,9510,3235.62,0.0,6085.62,63.99,27.51,0.0
2001-07-19,9510,3248.17,0.0,6098.17,64.12,22.78,0.0
2001-07-20,9510,3269.13,0.0,6119.13,64.34,27.19,0.0
2001-07-21,9510,3294.31,0.0,6144.31,64.61,36.1,0.0
2001-07-22,9510,3387.11,0.0,6237.11,65.58,37.66,0.0
2001-07-23,9510,3461.42,0.0,6311.42,66.37,102.57,0.0
2001-07-24,9510,3514.76,0.0,6364.76,66.93,89.29,0.0
2001-07-25,9510,3549.02,0.0,6399.02,67.29,67.77,0.0
2001-07-26,9510,3587.66,0.0,6437.66,67.69,54.42,0.0
2001-07-27,9510,3667.44,0.0,6517.44,68.53,58.01,0.0
2001-07-28,9510,3721.61,0.0,6571.61,69.1,86.49,0.0
2001-07-29,9510,3767.28,0.0,6617.28,69.58,72.22,0.0
2001-07-30,9510,3791.27,0.0,6641.27,69.83,52.03,0.0
2001-07-31,9510,3828.42,0.0,6678.42,70.23,44.61,0.0
2001-08-01,9510,3874.44,0.0,6724.44,70.71,57.47,0.0
2001-08-02,9510,3916.21,0.0,6766.21,71.15,66.22,0.0
2001-08-03,9510,3971.36,0.0,6821.36,71.73,62.07,0.0
2001-08-04,9510,4073.38,0.0,6923.38,72.8,74.86,0.0
2001-08-05,9510,4185.08,0.0,7035.08,73.98,119.83,0.0
2001-08-06,9510,4284.07,0.0,7134.07,75.02,124.95,0.0
2001-08-07,9510,4342.87,0.0,7192.87,75.63,109.9,0.0
2001-08-08,9510,4413.27,0.0,7263.27,76.38,79.47,0.0
2001-08-09,9510,4467.99,0.0,7317.99,76.95,82.09,0.0
2001-08-10,9510,4529.78,0.0,7379.78,77.6,66.51,0.0
2001-08-11,9510,4663.32,0.0,7513.32,79.0,72.58,0.0
2001-08-12,9510,4884.45,0.0,7734.45,81.33,137.33,0.0
2001-08-13,9510,5075.33,0.0,7925.33,83.34,221.87,0.0
2001-08-14,9510,5213.33,0.0,8063.33,84.79,191.63,0.0
2001-08-15,9510,5323.56,0.0,8173.56,85.95,138.76,0.0
2001-08-16,9510,5446.6,0.0,8296.6,87.24,111.0,0.0
2001-08-17,9510,5533.96,0.0,8383.96,88.16,123.81,0.0
2001-08-18,9510,5607.09,0.0,8457.09,88.93,102.67,0.0
2001-08-19,9510,5670.7,0.0,8520.7,89.6,89.4,0.0
2001-08-20,9510,5712.42,0.0,8562.42,90.04,79.34,0.0
2001-08-21,9510,5741.93,0.0,8591.93,90.35,67.61,0.0
2001-08-22,9510,5764.09,0.0,8614.09,90.58,61.93,0.0
2001-08-23,9510,5771.48,0.0,8621.48,90.66,61.82,0.0
2001-08-24,9510,5769.02,0.0,8619.02,90.63,53.44,0.0
2001-08-25,9510,5769.02,0.0,8619.02,90.63,42.84,0.0
2001-08-26,9510,5759.16,0.0,8609.16,90.53,40.96,0.0
2001-08-27,9510,5764.09,0.0,8614.09,90.58,35.43,0.0
2001-08-28,9510,5803.55,0.0,8653.55,90.99,49.8,0.0
2001-08-29,9510,5823.32,0.0,8673.32,91.2,87.38,0.0
2001-08-30,9510,5825.79,0.0,8675.79,91.23,73.67,0.0
2001-08-31,9510,5820.85,0.0,8670.85,91.18,59.43,0.0
2001-09-01,9510,5818.37,0.0,8668.37,91.15,52.08,0.0
2001-09-02,9510,5813.43,0.0,8663.43,91.1,54.4,0.0
2001-09-03,9510,5798.62,0.0,8648.62,90.94,51.83,0.0
2001-09-04,9510,5810.96,0.0,8660.96,91.07,40.42,0.0
2001-09-05,9510,5845.58,0.0,8695.58,91.44,68.33,0.0
2001-09-06,9510,5880.26,0.0,8730.26,91.8,91.25,0.0
2001-09-07,9510,5922.46,0.0,8772.46,92.24,91.35,0.0
2001-09-08,9510,5949.81,0.0,8799.81,92.53,98.76,0.0
2001-09-09,9510,5962.26,0.0,8812.26,92.66,83.59,0.0
2001-09-10,9510,5987.19,0.0,8837.19,92.93,68.57,0.0
2001-09-11,9510,5997.16,0.0,8847.16,93.03,81.07,0.0
2001-09-12,9510,5999.66,0.0,8849.66,93.06,66.51,0.0
2001-09-13,9510,6017.14,0.0,8867.14,93.24,59.2,0.0
2001-09-14,9510,6042.13,0.0,8892.13,93.5,73.34,0.0
2001-09-15,9510,6057.15,0.0,8907.15,93.66,81.05,0.0
2001-09-16,9510,6052.14,0.0,8902.14,93.61,69.93,0.0
2001-09-17,9510,6039.63,0.0,8889.63,93.48,50.9,0.0
2001-09-18,9510,6032.13,0.0,8882.13,93.4,44.08,0.0
2001-09-19,9510,6039.63,0.0,8889.63,93.48,37.32,0.0
2001-09-20,9510,6042.13,0.0,8892.13,93.5,44.78,0.0
2001-09-21,9510,6047.14,0.0,8897.14,93.56,43.67,0.0
2001-09-22,9510,6049.64,0.0,8899.64,93.58,42.37,0.0
2001-09-23,9510,6064.66,0.0,8914.66,93.74,36.7,0.0
2001-09-24,9510,6074.68,0.0,8924.68,93.85,35.53,0.0
2001-09-25,9510,6089.72,0.0,8939.72,94.0,31.66,0.0
2001-09-26,9510,6109.79,0.0,8959.79,94.21,36.2,0.0
2001-09-27,9510,6119.83,0.0,8969.83,94.32,41.32,0.0
2001-09-28,9510,6127.37,0.0,8977.37,94.4,30.85,0.0
2001-09-29,9510,6139.94,0.0,8989.94,94.53,28.98,0.0
2001-09-30,9510,6157.55,0.0,9007.55,94.72,33.68,0.0
2001-10-01,9510,6172.66,0.0,9022.66,94.88,24.79,0.0
2001-10-02,9510,6175.18,0.0,9025.18,94.9,25.76,0.0
2001-10-03,9510,6190.3,0.0,9040.3,95.06,13.47,0.0
2001-10-04,9510,6202.91,0.0,9052.91,95.19,26.3,0.0
2001-10-05,9510,6213.0,0.0,9063.0,95.3,24.03,0.0
2001-10-06,9510,6220.58,0.0,9070.58,95.38,21.56,0.0
2001-10-07,9510,6238.26,0.0,9088.26,95.57,16.28,0.0
2001-10-08,9510,6250.9,0.0,9100.9,95.7,24.16,0.0
2001-10-09,9510,6263.56,0.0,9113.56,95.83,21.05,0.0
2001-10-10,9510,6288.88,0.0,9138.88,96.1,18.57,0.0
2001-10-11,9510,6311.71,0.0,9161.71,96.34,31.25,0.0
2001-10-12,9510,6326.94,0.0,9176.94,96.5,28.35,0.0
2001-10-13,9510,6344.72,0.0,9194.72,96.68,21.77,0.0
2001-10-14,9510,6362.53,0.0,9212.53,96.87,23.69,0.0
2001-10-15,9510,6365.07,0.0,9215.07,96.9,25.08,0.0
2001-10-16,9510,6380.35,0.0,9230.35,97.06,12.09,0.0
2001-10-17,9510,6393.09,0.0,9243.09,97.19,23.29,0.0
2001-10-18,9510,6405.83,0.0,9255.83,97.33,19.71,0.0
2001-10-19,9510,6410.93,0.0,9260.93,97.38,18.71,0.0
2001-10-20,9510,6416.04,0.0,9266.04,97.43,13.07,0.0
2001-10-21,9510,6423.69,0.0,9273.69,97.52,17.52,0.0
2001-10-22,9510,6426.25,0.0,9276.25,97.54,17.94,0.0
2001-10-23,9510,6423.69,0.0,9273.69,97.52,13.27,0.0
2001-10-24,9510,6431.35,0.0,9281.35,97.6,4.42,0.0
2001-10-25,9510,6446.68,0.0,9296.68,97.76,15.1,0.0
2001-10-26,9510,6454.35,0.0,9304.35,97.84,23.62,0.0
2001-10-27,9510,6462.02,0.0,9312.02,97.92,15.64,0.0
2001-10-28,9510,6469.7,0.0,9319.7,98.0,14.78,0.0
2001-10-29,9510,6477.37,0.0,9327.37,98.08,14.51,0.0
2001-10-30,9510,6495.3,0.0,9345.3,98.27,14.64,0.0
2001-10-31,9510,6510.68,0.0,9360.68,98.43,25.96,0.0
2001-11-01,9510,6523.51,0.0,9373.51,98.56,24.23,0.0
2001-11-02,9510,6533.78,0.0,9383.78,98.67,20.2,0.0
2001-11-03,9510,6536.34,0.0,9386.34,98.7,17.88,0.0
2001-11-04,9510,6546.62,0.0,9396.62,98.81,9.44,0.0
2001-11-05,9510,6546.62,0.0,9396.62,98.81,16.32,0.0
2001-11-06,9510,6549.19,0.0,9399.19,98.83,10.13,0.0
2001-11-07,9510,6551.76,0.0,9401.76,98.86,13.1,0.0
2001-11-08,9510,6556.9,0.0,9406.9,98.92,11.33,0.0
2001-11-09,9510,6556.9,0.0,9406.9,98.92,14.48,0.0
2001-11-10,9510,6556.9,0.0,9406.9,98.92,6.11,0.0
2001-11-11,9510,6567.18,0.0,9417.18,99.02,6.27,0.0
2001-11-12,9510,6569.75,0.0,9419.75,99.05,16.48,0.0
2001-11-13,9510,6574.9,0.0,9424.9,99.11,8.54,0.0
2001-11-14,9510,6580.05,0.0,9430.05,99.16,11.38,0.0
2001-11-15,9510,6580.05,0.0,9430.05,99.16,10.99,0.0
2001-11-16,9510,6585.19,0.0,9435.19,99.21,5.87,0.0
2001-11-17,9510,6582.62,0.0,9432.62,99.19,11.13,0.0
2001-11-18,9510,6580.05,0.0,9430.05,99.16,4.36,0.0
2001-11-19,9510,6582.62,0.0,9432.62,99.19,3.83,0.0
2001-11-20,9510,6585.19,0.0,9435.19,99.21,8.94,0.0
2001-11-21,9510,6582.62,0.0,9432.62,99.19,9.32,0.0
2001-11-22,9510,6585.19,0.0,9435.19,99.21,5.27,0.0
2001-11-23,9510,6585.19,0.0,9435.19,99.21,8.71,0.0
2001-11-24,9510,6587.77,0.0,9437.77,99.24,9.17,0.0
2001-11-25,9510,6580.05,0.0,9430.05,99.16,12.2,0.0
2001-11-26,9510,6585.19,0.0,9435.19,99.21,0.86,0.0
2001-11-27,9510,6580.05,0.0,9430.05,99.16,11.39,0.0
2001-11-28,9510,6580.05,0.0,9430.05,99.16,0.95,0.0
2001-11-29,9510,6580.05,0.0,9430.05,99.16,6.35,0.0
2001-11-30,9510,6582.62,0.0,9432.62,99.19,6.67,0.0
2001-12-01,9510,6580.05,0.0,9430.05,99.16,8.42,0.0
2001-12-02,9510,6577.47,0.0,9427.47,99.13,3.32,0.0
2001-12-03,9510,6562.04,0.0,9412.04,98.97,11.48,0.0
2001-12-04,9510,6551.76,0.0,9401.76,98.86,8.64,0.0
2001-12-05,9510,6538.91,0.0,9388.91,98.73,7.76,0.0
2001-12-06,9510,6523.51,0.0,9373.51,98.56,1.94,0.0
2001-12-07,9510,6510.68,0.0,9360.68,98.43,7.24,0.0
2001-12-08,9510,6495.3,0.0,9345.3,98.27,9.67,0.0
2001-12-09,9510,6487.62,0.0,9337.62,98.19,4.46,0.0
2001-12-10,9510,6474.81,0.0,9324.81,98.05,6.17,0.0
2001-12-11,9510,6459.46,0.0,9309.46,97.89,4.58,0.0
2001-12-12,9510,6444.12,0.0,9294.12,97.73,10.99,0.0
2001-12-13,9510,6431.35,0.0,9281.35,97.6,10.48,0.0
2001-12-14,9510,6413.48,0.0,9263.48,97.41,6.59,0.0
2001-12-15,9510,6398.18,0.0,9248.18,97.25,1.65,0.0
2001-12-16,9510,6390.54,0.0,9240.54,97.17,3.75,0.0
2001-12-17,9510,6382.89,0.0,9232.89,97.09,4.47,0.0
2001-12-18,9510,6372.71,0.0,9222.71,96.98,9.21,0.0
2001-12-19,9510,6359.98,0.0,9209.98,96.85,7.23,0.0
2001-12-20,9510,6347.27,0.0,9197.27,96.71,6.7,0.0
2001-12-21,9510,6334.56,0.0,9184.56,96.58,4.09,0.0
2001-12-22,9510,6321.86,0.0,9171.86,96.44,3.89,0.0
2001-12-23,9510,6319.32,0.0,9169.32,96.42,3.5,0.0
2001-12-24,9510,6311.71,0.0,9161.71,96.34,4.45,0.0
2001-12-25,9510,6296.49,0.0,9146.49,96.18,4.26,0.0
2001-12-26,9510,6288.88,0.0,9138.88,96.1,2.46,0.0
2001-12-27,9510,6278.75,0.0,9128.75,95.99,7.47,0.0
2001-12-28,9510,6271.15,0.0,9121.15,95.91,5.25,0.0
2001-12-29,9510,6266.09,0.0,9116.09,95.86,4.06,0.0
2001-12-30,9510,6261.02,0.0,9111.02,95.8,4.25,0.0
2001-12-31,9510,6253.43,0.0,9103.43,95.72,4.08,0.0
2002-01-01,9510,6245.85,0.0,9095.85,95.65,3.91,0.0
2002-01-02,9510,6235.73,0.0,9085.73,95.54,4.65,0.0
2002-01-03,9510,6220.58,0.0,9070.58,95.38,6.96,0.0
2002-01-04,9510,6195.34,0.0,9045.34,95.11,4.79,0.0
2002-01-05,9510,6175.18,0.0,9025.18,94.9,7.28,0.0
2002-01-06,9510,6160.07,0.0,9010.07,94.74,3.04,0.0
2002-01-07,9510,6139.94,0.0,8989.94,94.53,1.33,0.0
2002-01-08,9510,6127.37,0.0,8977.37,94.4,8.22,0.0
2002-01-09,9510,6109.79,0.0,8959.79,94.21,3.26,0.0
2002-01-10,9510,6094.73,0.0,8944.73,94.06,5.85,0.0
2002-01-11,9510,6079.69,0.0,8929.69,93.9,5.9,0.0
2002-01-12,9510,6067.16,0.0,8917.16,93.77,5.0,0.0
2002-01-13,9510,6054.64,0.0,8904.64,93.63,1.28,0.0
2002-01-14,9510,6037.13,0.0,8887.13,93.45,10.3,0.0
2002-01-15,9510,6014.64,0.0,8864.64,93.21,4.82,0.0
2002-01-16,9510,5989.68,0.0,8839.68,92.95,3.36,0.0
2002-01-17,9510,5969.74,0.0,8819.74,92.74,2.67,0.0
2002-01-18,9510,5954.79,0.0,8804.79,92.58,7.81,0.0
2002-01-19,9510,5939.86,0.0,8789.86,92.43,5.36,0.0
2002-01-20,9510,5922.46,0.0,8772.46,92.24,0.13,0.0
2002-01-21,9510,5902.59,0.0,8752.59,92.04,6.7,0.0
2002-01-22,9510,5877.78,0.0,8727.78,91.77,1.53,0.0
2002-01-23,9510,5857.96,0.0,8707.96,91.57,5.63,0.0
2002-01-24,9510,5838.15,0.0,8688.15,91.36,6.49,0.0
2002-01-25,9510,5820.85,0.0,8670.85,91.18,8.44,0.0
2002-01-26,9510,5801.08,0.0,8651.08,90.97,2.82,0.0
2002-01-27,9510,5783.81,0.0,8633.81,90.79,2.86,0.0
2002-01-28,9510,5759.16,0.0,8609.16,90.53,3.62,0.0
2002-01-29,9510,5734.55,0.0,8584.55,90.27,3.73,0.0
2002-01-30,9510,5709.97,0.0,8559.97,90.01,2.91,0.0
2002-01-31,9510,5687.87,0.0,8537.87,89.78,5.79,0.0
2002-02-01,9510,5663.35,0.0,8513.35,89.52,4.28,0.0
2002-02-02,9510,5641.31,0.0,8491.31,89.29,2.54,0.0
2002-02-03,9510,5621.75,0.0,8471.75,89.08,2.34,0.0
2002-02-04,9510,5592.44,0.0,8442.44,88.77,1.04,0.0
2002-02-05,9510,5565.61,0.0,8415.61,88.49,4.4,0.0
2002-02-06,9510,5543.69,0.0,8393.69,88.26,8.69,0.0
2002-02-07,9510,5519.37,0.0,8369.37,88.01,6.97,0.0
2002-02-08,9510,5492.65,0.0,8342.65,87.73,4.45,0.0
2002-02-09,9510,5475.67,0.0,8325.67,87.55,10.29,0.0
2002-02-10,9510,5456.28,0.0,8306.28,87.34,4.01,0.0
2002-02-11,9510,5434.5,0.0,8284.5,87.11,6.72,0.0
2002-02-12,9510,5407.9,0.0,8257.9,86.83,0.1,0.0
2002-02-13,9510,5381.35,0.0,8231.35,86.55,7.21,0.0
2002-02-14,9510,5347.62,0.0,8197.62,86.2,1.71,0.0
2002-02-15,9510,5318.76,0.0,8168.76,85.9,1.28,0.0
2002-02-16,9510,5285.14,0.0,8135.14,85.54,1.4,0.0
2002-02-17,9510,5261.17,0.0,8111.17,85.29,1.81,0.0
2002-02-18,9510,5234.84,0.0,8084.84,85.01,5.58,0.0
2002-02-19,9510,5203.78,0.0,8053.78,84.69,3.9,0.0
2002-02-20,9510,5170.38,0.0,8020.38,84.34,1.67,0.0
2002-02-21,9510,5137.05,0.0,7987.05,83.99,3.44,0.0
2002-02-22,9510,5106.16,0.0,7956.16,83.66,4.88,0.0
2002-02-23,9510,5080.07,0.0,7930.07,83.39,4.33,0.0
2002-02-24,9510,5058.75,0.0,7908.75,83.16,5.71,0.0
2002-02-25,9510,5030.36,0.0,7880.36,82.86,4.72,0.0
2002-02-26,9510,5004.38,0.0,7854.38,82.59,5.91,0.0
2002-02-27,9510,4980.8,0.0,7830.8,82.34,11.38,0.0
2002-02-28,9510,4947.83,0.0,7797.83,82.0,2.58,0.0
2002-03-01,9510,4914.94,0.0,7764.94,81.65,2.58,0.0
2002-03-02,9510,4891.48,0.0,7741.48,81.4,4.17,0.0
2002-03-03,9510,4870.39,0.0,7720.39,81.18,2.03,0.0
2002-03-04,9510,4849.33,0.0,7699.33,80.96,2.16,0.0
2002-03-05,9510,4823.63,0.0,7673.63,80.69,3.98,0.0
2002-03-06,9510,4790.98,0.0,7640.98,80.35,1.57,0.0
2002-03-07,9510,4760.72,0.0,7610.72,80.03,1.32,0.0
2002-03-08,9510,4730.51,0.0,7580.51,79.71,1.92,0.0
2002-03-09,9510,4707.31,0.0,7557.31,79.47,2.25,0.0
2002-03-10,9510,4686.46,0.0,7536.46,79.25,0.67,0.0
2002-03-11,9510,4665.63,0.0,7515.63,79.03,1.7,0.0
2002-03-12,9510,4633.29,0.0,7483.29,78.69,5.24,0.0
2002-03-13,9510,4601.02,0.0,7451.02,78.35,3.69,0.0
2002-03-14,9510,4571.1,0.0,7421.1,78.03,4.79,0.0
2002-03-15,9510,4538.95,0.0,7388.95,77.7,4.44,0.0
2002-03-16,9510,4509.15,0.0,7359.15,77.38,3.39,0.0
2002-03-17,9510,4479.41,0.0,7329.41,77.07,3.6,0.0
2002-03-18,9510,4445.17,0.0,7295.17,76.71,2.14,0.0
2002-03-19,9510,4410.99,0.0,7260.99,76.35,3.65,0.0
2002-03-20,9510,4376.89,0.0,7226.89,75.99,2.77,0.0
2002-03-21,9510,4342.87,0.0,7192.87,75.63,3.23,0.0
2002-03-22,9510,4311.18,0.0,7161.18,75.3,4.2,0.0
2002-03-23,9510,4279.56,0.0,7129.56,74.97,6.14,0.0
2002-03-24,9510,4254.76,0.0,7104.76,74.71,0.89,0.0
2002-03-25,9510,4223.25,0.0,7073.25,74.38,0.64,0.0
2002-03-26,9510,4189.57,0.0,7039.57,74.02,3.38,0.0
2002-03-27,9510,4153.72,0.0,7003.72,73.65,5.03,0.0
2002-03-28,9510,4120.19,0.0,6970.19,73.29,1.51,0.0
2002-03-29,9510,4082.29,0.0,6932.29,72.89,5.17,0.0
2002-03-30,9510,4051.14,0.0,6901.14,72.57,1.73,0.0
2002-03-31,9510,4024.5,0.0,6874.5,72.29,1.83,0.0
2002-04-01,9510,3989.05,0.0,6839.05,71.91,1.8,0.0
2002-04-02,9510,3951.48,0.0,6801.48,71.52,2.09,0.0
2002-04-03,9510,3916.21,0.0,6766.21,71.15,0.0,0.0
2002-04-04,9510,3881.02,0.0,6731.02,70.78,0.61,0.0
2002-04-05,9510,3843.74,0.0,6693.74,70.39,2.31,0.0
2002-04-06,9510,3808.73,0.0,6658.73,70.02,0.32,0.0
2002-04-07,9510,3780.36,0.0,6630.36,69.72,0.21,0.0
2002-04-08,9510,3743.34,0.0,6593.34,69.33,0.56,0.0
2002-04-09,9510,3702.08,0.0,6552.08,68.9,2.0,0.0
2002-04-10,9510,3671.76,0.0,6521.76,68.58,2.25,0.0
2002-04-11,9510,3635.03,0.0,6485.03,68.19,6.46,0.0
2002-04-12,9510,3604.86,0.0,6454.86,67.87,4.0,0.0
2002-04-13,9510,3576.91,0.0,6426.91,67.58,1.59,0.0
2002-04-14,9510,3546.87,0.0,6396.87,67.26,2.11,0.0
2002-04-15,9510,3521.17,0.0,6371.17,66.99,1.83,0.0
2002-04-16,9510,3495.53,0.0,6345.53,66.72,3.67,0.0
2002-04-17,9510,3461.42,0.0,6311.42,66.37,4.63,0.0
2002-04-18,9510,3431.64,0.0,6281.64,66.05,0.85,0.0
2002-04-19,9510,3399.82,0.0,6249.82,65.72,1.62,0.0
2002-04-20,9510,3368.07,0.0,6218.07,65.38,1.66,0.0
2002-04-21,9510,3342.73,0.0,6192.73,65.12,0.86,0.0
2002-04-22,9510,3313.24,0.0,6163.24,64.81,0.44,0.0
2002-04-23,9510,3285.91,0.0,6135.91,64.52,2.02,0.0
2002-04-24,9510,3258.64,0.0,6108.64,64.23,1.75,0.0
2002-04-25,9510,3233.52,0.0,6083.52,63.97,1.44,0.0
2002-04-26,9510,3210.55,0.0,6060.55,63.73,0.73,0.0
2002-04-27,9510,3185.53,0.0,6035.53,63.47,1.65,0.0
2002-04-28,9510,3166.8,0.0,6016.8,63.27,1.04,0.0
2002-04-29,9510,3137.72,0.0,5987.72,62.96,6.1,0.0
2002-04-30,9510,3106.65,0.0,5956.65,62.64,2.21,0.0
2002-05-01,9510,3075.66,0.0,5925.66,62.31,4.4,0.0
2002-05-02,9510,3052.99,0.0,5902.99,62.07,1.28,0.0
2002-05-03,9510,3026.25,0.0,5876.25,61.79,5.52,0.0
2002-05-04,9510,3003.67,0.0,5853.67,61.55,2.25,0.0
2002-05-05,9510,2977.04,0.0,5827.04,61.27,1.79,0.0
2002-05-06,9510,2946.4,0.0,5796.4,60.95,0.41,0.0
2002-05-07,9510,2917.87,0.0,5767.87,60.65,1.61,0.0
2002-05-08,9510,2887.39,0.0,5737.39,60.33,1.62,0.0
2002-05-09,9510,2859.02,0.0,5709.02,60.03,3.25,0.0
2002-05-10,9510,2830.71,0.0,5680.71,59.73,3.93,0.0
2002-05-11,9510,2812.56,0.0,5662.56,59.54,2.95,0.0
2002-05-12,9510,2800.47,0.0,5650.47,59.42,8.99,0.0
2002-05-13,9510,2784.38,0.0,5634.38,59.25,11.05,0.0
2002-05-14,9510,2766.3,0.0,5616.3,59.06,10.59,0.0
2002-05-15,9510,2750.26,0.0,5600.26,58.89,8.49,0.0
2002-05-16,9510,2738.24,0.0,5588.24,58.76,11.4,0.0
2002-05-17,9510,2742.25,0.0,5592.25,58.8,15.15,0.0
2002-05-18,9510,2794.43,0.0,5644.43,59.35,30.89,0.0
2002-05-19,9510,2834.75,0.0,5684.75,59.78,75.26,0.0
2002-05-20,9510,2848.9,0.0,5698.9,59.93,61.42,0.0
2002-05-21,9510,2854.97,0.0,5704.97,59.99,33.54,0.0
2002-05-22,9510,2848.9,0.0,5698.9,59.93,29.03,0.0
2002-05-23,9510,2832.73,0.0,5682.73,59.76,19.09,0.0
2002-05-24,9510,2822.64,0.0,5672.64,59.65,15.92,0.0
2002-05-25,9510,2812.56,0.0,5662.56,59.54,10.62,0.0
2002-05-26,9510,2836.77,0.0,5686.77,59.8,7.5,0.0
2002-05-27,9510,2856.99,0.0,5706.99,60.01,37.46,0.0
2002-05-28,9510,2867.12,0.0,5717.12,60.12,36.98,0.0
2002-05-29,9510,2873.19,0.0,5723.19,60.18,28.41,0.0
2002-05-30,9510,2879.28,0.0,5729.28,60.24,24.45,0.0
2002-05-31,9510,2879.28,0.0,5729.28,60.24,25.52,0.0
2002-06-01,9510,2879.28,0.0,5729.28,60.24,20.75,0.0
2002-06-02,9510,2873.19,0.0,5723.19,60.18,19.39,0.0
2002-06-03,9510,2865.09,0.0,5715.09,60.1,7.71,0.0
2002-06-04,9510,2875.22,0.0,5725.22,60.2,12.17,0.0
2002-06-05,9510,2879.28,0.0,5729.28,60.24,21.54,0.0
2002-06-06,9510,2867.12,0.0,5717.12,60.12,16.04,0.0
2002-06-07,9510,2861.04,0.0,5711.04,60.05,0.01,0.0
2002-06-08,9510,2861.04,0.0,5711.04,60.05,6.96,0.0
2002-06-09,9510,2869.14,0.0,5719.14,60.14,11.39,0.0
2002-06-10,9510,2879.28,0.0,5729.28,60.24,16.74,0.0
2002-06-11,9510,2883.33,0.0,5733.33,60.29,22.0,0.0
2002-06-12,9510,2936.2,0.0,5786.2,60.84,14.99,0.0
2002-06-13,9510,2970.91,0.0,5820.91,61.21,64.03,0.0
2002-06-14,9510,2999.57,0.0,5849.57,61.51,46.85,0.0
2002-06-15,9510,3034.47,0.0,5884.47,61.88,40.29,0.0
2002-06-16,9510,3081.86,0.0,5931.86,62.37,49.28,0.0
2002-06-17,9510,3098.38,0.0,5948.38,62.55,59.63,0.0
2002-06-18,9510,3104.59,0.0,5954.59,62.61,33.48,0.0
2002-06-19,9510,3112.86,0.0,5962.86,62.7,23.47,0.0
2002-06-20,9510,3123.22,0.0,5973.22,62.81,25.13,0.0
2002-06-21,9510,3129.43,0.0,5979.43,62.88,23.38,0.0
2002-06-22,9510,3141.88,0.0,5991.88,63.01,19.52,0.0
2002-06-23,9510,3135.65,0.0,5985.65,62.94,24.05,0.0
2002-06-24,9510,3141.88,0.0,5991.88,63.01,4.72,0.0
2002-06-25,9510,3127.36,0.0,5977.36,62.85,19.83,0.0
2002-06-26,9510,3125.29,0.0,5975.29,62.83,5.0,0.0
2002-06-27,9510,3127.36,0.0,5977.36,62.85,11.81,0.0
2002-06-28,9510,3121.15,0.0,5971.15,62.79,15.15,0.0
2002-06-29,9510,3123.22,0.0,5973.22,62.81,7.89,0.0
2002-06-30,9510,3127.36,0.0,5977.36,62.85,14.98,0.0
2002-07-01,9510,3114.93,0.0,5964.93,62.72,15.97,0.0
2002-07-02,9510,3108.72,0.0,5958.72,62.66,8.79,0.0
2002-07-03,9510,3104.59,0.0,5954.59,62.61,12.19,0.0
2002-07-04,9510,3104.59,0.0,5954.59,62.61,8.84,0.0
2002-07-05,9510,3096.32,0.0,5946.32,62.53,17.22,0.0
2002-07-06,9510,3088.05,0.0,5938.05,62.44,10.14,0.0
2002-07-07,9510,3083.92,0.0,5933.92,62.4,2.74,0.0
2002-07-08,9510,3079.79,0.0,5929.79,62.35,6.28,0.0
2002-07-09,9510,3081.86,0.0,5931.86,62.37,10.22,0.0
2002-07-10,9510,3079.79,0.0,5929.79,62.35,17.29,0.0
2002-07-11,9510,3073.6,0.0,5923.6,62.29,12.27,0.0
2002-07-12,9510,3063.29,0.0,5913.29,62.18,11.14,0.0
2002-07-13,9510,3059.17,0.0,5909.17,62.14,9.64,0.0
2002-07-14,9510,3052.99,0.0,5902.99,62.07,18.13,0.0
2002-07-15,9510,3059.17,0.0,5909.17,62.14,9.4,0.0
2002-07-16,9510,3065.35,0.0,5915.35,62.2,23.85,0.0
2002-07-17,9510,3044.75,0.0,5894.75,61.98,25.51,0.0
2002-07-18,9510,3024.19,0.0,5874.19,61.77,4.5,0.0
2002-07-19,9510,3011.88,0.0,5861.88,61.64,9.2,0.0
2002-07-20,9510,2995.47,0.0,5845.47,61.47,18.61,0.0
2002-07-21,9510,2989.33,0.0,5839.33,61.4,12.76,0.0
2002-07-22,9510,3024.19,0.0,5874.19,61.77,19.45,0.0
2002-07-23,9510,3090.12,0.0,5940.12,62.46,65.75,0.0
2002-07-24,9510,3141.88,0.0,5991.88,63.01,97.49,0.0
2002-07-25,9510,3179.29,0.0,6029.29,63.4,77.03,0.0
2002-07-26,9510,3185.53,0.0,6035.53,63.47,55.93,0.0
2002-07-27,9510,3191.78,0.0,6041.78,63.53,34.67,0.0
2002-07-28,9510,3202.21,0.0,6052.21,63.64,30.55,0.0
2002-07-29,9510,3210.55,0.0,6060.55,63.73,29.2,0.0
2002-07-30,9510,3229.35,0.0,6079.35,63.93,26.83,0.0
2002-07-31,9510,3254.46,0.0,6104.46,64.19,46.08,0.0
2002-08-01,9510,3294.31,0.0,6144.31,64.61,46.01,0.0
2002-08-02,9510,3317.45,0.0,6167.45,64.85,63.95,0.0
2002-08-03,9510,3342.74,0.0,6192.74,65.12,45.43,0.0
2002-08-04,9510,3376.53,0.0,6226.53,65.47,45.61,0.0
2002-08-05,9510,3408.3,0.0,6258.3,65.81,50.19,0.0
2002-08-06,9510,3435.9,0.0,6285.9,66.1,53.19,0.0
2002-08-07,9510,3467.81,0.0,6317.81,66.43,48.63,0.0
2002-08-08,9510,3493.4,0.0,6343.4,66.7,51.42,0.0
2002-08-09,9510,3512.62,0.0,6362.62,66.9,47.75,0.0
2002-08-10,9510,3531.88,0.0,6381.88,67.11,40.47,0.0
2002-08-11,9510,3553.3,0.0,6403.3,67.33,37.98,0.0
2002-08-12,9510,3574.76,0.0,6424.76,67.56,36.24,0.0
2002-08-13,9510,3574.76,0.0,6424.76,67.56,30.4,0.0
2002-08-14,9510,3589.81,0.0,6439.81,67.72,11.51,0.0
2002-08-15,9510,3613.48,0.0,6463.48,67.97,26.9,0.0
2002-08-16,9510,3639.35,0.0,6489.35,68.24,34.86,0.0
2002-08-17,9510,3669.6,0.0,6519.6,68.56,36.53,0.0
2002-08-18,9510,3712.93,0.0,6562.93,69.01,41.71,0.0
2002-08-19,9510,3778.18,0.0,6628.18,69.7,51.51,0.0
2002-08-20,9510,3834.98,0.0,6684.98,70.29,79.75,0.0
2002-08-21,9510,3887.62,0.0,6737.62,70.85,70.91,0.0
2002-08-22,9510,3918.41,0.0,6768.41,71.17,67.65,0.0
2002-08-23,9510,3960.31,0.0,6810.31,71.61,52.04,0.0
2002-08-24,9510,4006.76,0.0,6856.76,72.1,65.98,0.0
2002-08-25,9510,4046.7,0.0,6896.7,72.52,64.43,0.0
2002-08-26,9510,4077.83,0.0,6927.83,72.85,56.42,0.0
2002-08-27,9510,4104.57,0.0,6954.57,73.13,48.9,0.0
2002-08-28,9510,4129.13,0.0,6979.13,73.39,42.67,0.0
2002-08-29,9510,4173.88,0.0,7023.88,73.86,36.65,0.0
2002-08-30,9510,4239.0,0.0,7089.0,74.54,57.49,0.0
2002-08-31,9510,4290.85,0.0,7140.85,75.09,72.07,0.0
2002-09-01,9510,4329.28,0.0,7179.28,75.49,61.83,0.0
2002-09-02,9510,4374.62,0.0,7224.62,75.97,42.65,0.0
2002-09-03,9510,4429.21,0.0,7279.21,76.54,50.23,0.0
2002-09-04,9510,4479.41,0.0,7329.41,77.07,58.71,0.0
2002-09-05,9510,4525.19,0.0,7375.19,77.55,52.09,0.0
2002-09-06,9510,4584.9,0.0,7434.9,78.18,52.2,0.0
2002-09-07,9510,4654.07,0.0,7504.07,78.91,66.62,0.0
2002-09-08,9510,4737.47,0.0,7587.47,79.78,70.6,0.0
2002-09-09,9510,4830.64,0.0,7680.64,80.76,84.16,0.0
2002-09-10,9510,4936.08,0.0,7786.08,81.87,93.94,0.0
2002-09-11,9510,5025.63,0.0,7875.63,82.81,106.22,0.0
2002-09-12,9510,5091.92,0.0,7941.92,83.51,90.33,0.0
2002-09-13,9510,5141.81,0.0,7991.81,84.04,67.08,0.0
2002-09-14,9510,5191.84,0.0,8041.84,84.56,50.68,0.0
2002-09-15,9510,5230.06,0.0,8080.06,84.96,51.05,0.0
2002-09-16,9510,5280.35,0.0,8130.35,85.49,39.01,0.0
2002-09-17,9510,5359.66,0.0,8209.66,86.33,56.0,0.0
2002-09-18,9510,5432.08,0.0,8282.08,87.09,85.56,0.0
2002-09-19,9510,5507.22,0.0,8357.22,87.88,78.8,0.0
2002-09-20,9510,5563.17,0.0,8413.17,88.47,75.95,0.0
2002-09-21,9510,5611.97,0.0,8461.97,88.98,56.76,0.0
2002-09-22,9510,5658.45,0.0,8508.45,89.47,50.17,0.0
2002-09-23,9510,5687.87,0.0,8537.87,89.78,47.3,0.0
2002-09-24,9510,5717.34,0.0,8567.34,90.09,30.24,0.0
2002-09-25,9510,5744.39,0.0,8594.39,90.37,30.29,0.0
2002-09-26,9510,5771.48,0.0,8621.48,90.66,27.88,0.0
2002-09-27,9510,5793.68,0.0,8643.68,90.89,28.93,0.0
2002-09-28,9510,5838.15,0.0,8688.15,91.36,23.55,0.0
2002-09-29,9510,5862.91,0.0,8712.91,91.62,45.3,0.0
2002-09-30,9510,5892.66,0.0,8742.66,91.93,25.59,0.0
2002-10-01,9510,5915.0,0.0,8765.0,92.17,30.58,0.0
2002-10-02,9510,5942.35,0.0,8792.35,92.45,28.36,0.0
2002-10-03,9510,5967.24,0.0,8817.24,92.72,31.17,0.0
2002-10-04,9510,5992.17,0.0,8842.17,92.98,28.24,0.0
2002-10-05,9510,6017.14,0.0,8867.14,93.24,28.28,0.0
2002-10-06,9510,6037.13,0.0,8887.13,93.45,28.25,0.0
2002-10-07,9510,6059.65,0.0,8909.65,93.69,23.76,0.0
2002-10-08,9510,6077.18,0.0,8927.18,93.87,25.37,0.0
2002-10-09,9510,6089.72,0.0,8939.72,94.0,22.05,0.0
2002-10-10,9510,6102.26,0.0,8952.26,94.14,16.2,0.0
2002-10-11,9510,6124.86,0.0,8974.86,94.37,15.73,0.0
2002-10-12,9510,6134.91,0.0,8984.91,94.48,26.49,0.0
2002-10-13,9510,6147.48,0.0,8997.48,94.61,15.99,0.0
2002-10-14,9510,6157.55,0.0,9007.55,94.72,16.39,0.0
2002-10-15,9510,6167.62,0.0,9017.62,94.82,16.31,0.0
2002-10-16,9510,6175.18,0.0,9025.18,94.9,16.42,0.0
2002-10-17,9510,6177.69,0.0,9027.69,94.93,17.91,0.0
2002-10-18,9510,6182.73,0.0,9032.73,94.98,11.98,0.0
2002-10-19,9510,6187.78,0.0,9037.78,95.03,17.22,0.0
2002-10-20,9510,6190.3,0.0,9040.3,95.06,17.27,0.0
2002-10-21,9510,6190.3,0.0,9040.3,95.06,16.67,0.0
2002-10-22,9510,6195.34,0.0,9045.34,95.11,10.17,0.0
2002-10-23,9510,6195.34,0.0,9045.34,95.11,13.23,0.0
2002-10-24,9510,6200.38,0.0,9050.38,95.17,14.31,0.0
2002-10-25,9510,6205.43,0.0,9055.43,95.22,16.85,0.0
2002-10-26,9510,6213.0,0.0,9063.0,95.3,15.76,0.0
2002-10-27,9510,6218.05,0.0,9068.05,95.35,18.84,0.0
2002-10-28,9510,6223.1,0.0,9073.1,95.41,12.23,0.0
2002-10-29,9510,6245.85,0.0,9095.85,95.65,17.56,0.0
2002-10-30,9510,6263.56,0.0,9113.56,95.83,35.21,0.0
2002-10-31,9510,6271.15,0.0,9121.15,95.91,28.87,0.0
2002-11-01,9510,6273.68,0.0,9123.68,95.94,18.41,0.0
2002-11-02,9510,6273.68,0.0,9123.68,95.94,13.32,0.0
2002-11-03,9510,6276.21,0.0,9126.21,95.96,10.85,0.0
2002-11-04,9510,6276.21,0.0,9126.21,95.96,13.19,0.0
2002-11-05,9510,6283.81,0.0,9133.81,96.04,6.24,0.0
2002-11-06,9510,6286.35,0.0,9136.35,96.07,14.44,0.0
2002-11-07,9510,6286.35,0.0,9136.35,96.07,8.89,0.0
2002-11-08,9510,6288.88,0.0,9138.88,96.1,12.97,0.0
2002-11-09,9510,6288.88,0.0,9138.88,96.1,13.24,0.0
2002-11-10,9510,6293.95,0.0,9143.95,96.15,5.97,0.0
2002-11-11,9510,6291.42,0.0,9141.42,96.12,10.74,0.0
2002-11-12,9510,6291.42,0.0,9141.42,96.12,10.13,0.0
2002-11-13,9510,6291.42,0.0,9141.42,96.12,11.53,0.0
2002-11-14,9510,6293.95,0.0,9143.95,96.15,13.15,0.0
2002-11-15,9510,6291.42,0.0,9141.42,96.12,11.08,0.0
2002-11-16,9510,6293.95,0.0,9143.95,96.15,10.65,0.0
2002-11-17,9510,6293.95,0.0,9143.95,96.15,9.36,0.0
2002-11-18,9510,6296.49,0.0,9146.49,96.18,5.91,0.0
2002-11-19,9510,6299.02,0.0,9149.02,96.2,13.37,0.0
2002-11-20,9510,6299.02,0.0,9149.02,96.2,17.05,0.0
2002-11-21,9510,6296.49,0.0,9146.49,96.18,16.36,0.0
2002-11-22,9510,6293.95,0.0,9143.95,96.15,10.22,0.0
2002-11-23,9510,6293.95,0.0,9143.95,96.15,10.22,0.0
2002-11-24,9510,6296.49,0.0,9146.49,96.18,10.13,0.0
2002-11-25,9510,6296.49,0.0,9146.49,96.18,11.29,0.0
2002-11-26,9510,6291.42,0.0,9141.42,96.12,11.06,0.0
2002-11-27,9510,6286.35,0.0,9136.35,96.07,5.54,0.0
2002-11-28,9510,6286.35,0.0,9136.35,96.07,7.97,0.0
2002-11-29,9510,6286.35,0.0,9136.35,96.07,11.13,0.0
2002-11-30,9510,6286.35,0.0,9136.35,96.07,10.97,0.0
2002-12-01,9510,6288.88,0.0,9138.88,96.1,10.49,0.0
2002-12-02,9510,6283.81,0.0,9133.81,96.04,10.96,0.0
2002-12-03,9510,6281.28,0.0,9131.28,96.02,6.91,0.0
2002-12-04,9510,6281.28,0.0,9131.28,96.02,9.19,0.0
2002-12-05,9510,6281.28,0.0,9131.28,96.02,9.02,0.0
2002-12-06,9510,6281.28,0.0,9131.28,96.02,4.16,0.0
2002-12-07,9510,6278.75,0.0,9128.75,95.99,9.98,0.0
2002-12-08,9510,6278.75,0.0,9128.75,95.99,6.33,0.0
2002-12-09,9510,6273.68,0.0,9123.68,95.94,8.23,0.0
2002-12-10,9510,6266.09,0.0,9116.09,95.86,3.19,0.0
2002-12-11,9510,6266.09,0.0,9116.09,95.86,1.8,0.0
2002-12-12,9510,6266.09,0.0,9116.09,95.86,6.82,0.0
2002-12-13,9510,6263.56,0.0,9113.56,95.83,7.04,0.0
2002-12-14,9510,6263.56,0.0,9113.56,95.83,5.88,0.0
2002-12-15,9510,6261.02,0.0,9111.02,95.8,6.98,0.0
2002-12-16,9510,6273.68,0.0,9123.68,95.94,4.4,0.0
2002-12-17,9510,6271.15,0.0,9121.15,95.91,19.55,0.0
2002-12-18,9510,6271.15,0.0,9121.15,95.91,4.41,0.0
2002-12-19,9510,6261.02,0.0,9111.02,95.8,8.03,0.0
2002-12-20,9510,6255.96,0.0,9105.96,95.75,5.21,0.0
2002-12-21,9510,6248.37,0.0,9098.37,95.67,3.7,0.0
2002-12-22,9510,6243.32,0.0,9093.32,95.62,0.72,0.0
2002-12-23,9510,6240.79,0.0,9090.79,95.59,3.14,0.0
2002-12-24,9510,6238.26,0.0,9088.26,95.57,6.65,0.0
2002-12-25,9510,6238.26,0.0,9088.26,95.57,6.25,0.0
2002-12-26,9510,6235.73,0.0,9085.73,95.54,6.99,0.0
2002-12-27,9510,6230.68,0.0,9080.68,95.49,7.17,0.0
2002-12-28,9510,6238.26,0.0,9088.26,95.57,5.5,0.0
2002-12-29,9510,6243.32,0.0,9093.32,95.62,14.67,0.0
2002-12-30,9510,6238.26,0.0,9088.26,95.57,11.63,0.0
2002-12-31,9510,6235.73,0.0,9085.73,95.54,6.47,0.0
2003-01-01,9510,6230.68,0.0,9080.68,95.49,5.6,0.0
2003-01-02,9510,6220.58,0.0,9070.58,95.38,8.37,0.0
2003-01-03,9510,6213.0,0.0,9063.0,95.3,8.92,0.0
2003-01-04,9510,6200.38,0.0,9050.38,95.17,2.97,0.0
2003-01-05,9510,6195.34,0.0,9045.34,95.11,5.67,0.0
2003-01-06,9510,6187.78,0.0,9037.78,95.03,9.96,0.0
2003-01-07,9510,6175.18,0.0,9025.18,94.9,7.17,0.0
2003-01-08,9510,6162.58,0.0,9012.58,94.77,8.0,0.0
2003-01-09,9510,6147.48,0.0,8997.48,94.61,6.03,0.0
2003-01-10,9510,6132.4,0.0,8982.4,94.45,5.7,0.0
2003-01-11,9510,6117.32,0.0,8967.32,94.29,3.9,0.0
2003-01-12,9510,6102.26,0.0,8952.26,94.14,4.78,0.0
2003-01-13,9510,6087.21,0.0,8937.21,93.98,5.31,0.0
2003-01-14,9510,6072.17,0.0,8922.17,93.82,4.84,0.0
2003-01-15,9510,6059.65,0.0,8909.65,93.69,8.42,0.0
2003-01-16,9510,6042.13,0.0,8892.13,93.5,3.75,0.0
2003-01-17,9510,6027.13,0.0,8877.13,93.35,5.79,0.0
2003-01-18,9510,6012.14,0.0,8862.14,93.19,7.32,0.0
2003-01-19,9510,5994.67,0.0,8844.67,93.0,3.77,0.0
2003-01-20,9510,5969.74,0.0,8819.74,92.74,4.64,0.0
2003-01-21,9510,5947.33,0.0,8797.33,92.51,7.53,0.0
2003-01-22,9510,5924.94,0.0,8774.94,92.27,7.48,0.0
2003-01-23,9510,5900.1,0.0,8750.1,92.01,6.43,0.0
2003-01-24,9510,5872.82,0.0,8722.82,91.72,3.62,0.0
2003-01-25,9510,5853.0,0.0,8703.0,91.51,7.76,0.0
2003-01-26,9510,5833.21,0.0,8683.21,91.31,5.21,0.0
2003-01-27,9510,5808.49,0.0,8658.49,91.05,5.27,0.0
2003-01-28,9510,5781.34,0.0,8631.34,90.76,4.15,0.0
2003-01-29,9510,5759.16,0.0,8609.16,90.53,8.7,0.0
2003-01-30,9510,5732.09,0.0,8582.09,90.24,3.62,0.0
2003-01-31,9510,5709.97,0.0,8559.97,90.01,5.78,0.0
2003-02-01,9510,5692.78,0.0,8542.78,89.83,8.14,0.0
2003-02-02,9510,5673.16,0.0,8523.16,89.62,3.85,0.0
2003-02-03,9510,5651.11,0.0,8501.11,89.39,4.94,0.0
2003-02-04,9510,5624.19,0.0,8474.19,89.11,5.1,0.0
2003-02-05,9510,5602.2,0.0,8452.2,88.88,3.0,0.0
2003-02-06,9510,5572.92,0.0,8422.92,88.57,1.65,0.0
2003-02-07,9510,5548.56,0.0,8398.56,88.31,5.96,0.0
2003-02-08,9510,5526.66,0.0,8376.66,88.08,7.56,0.0
2003-02-09,9510,5507.22,0.0,8357.22,87.88,6.83,0.0
2003-02-10,9510,5482.94,0.0,8332.94,87.62,7.49,0.0
2003-02-11,9510,5456.28,0.0,8306.28,87.34,5.39,0.0
2003-02-12,9510,5432.08,0.0,8282.08,87.09,7.5,0.0
2003-02-13,9510,5400.66,0.0,8250.66,86.76,1.4,0.0
2003-02-14,9510,5371.71,0.0,8221.71,86.45,2.24,0.0
2003-02-15,9510,5340.4,0.0,8190.4,86.12,0.07,0.0
2003-02-16,9510,5318.76,0.0,8168.76,85.9,3.84,0.0
2003-02-17,9510,5289.94,0.0,8139.94,85.59,1.27,0.0
2003-02-18,9510,5275.55,0.0,8125.55,85.44,17.17,0.0
2003-02-19,9510,5249.2,0.0,8099.2,85.17,3.77,0.0
2003-02-20,9510,5222.89,0.0,8072.89,84.89,3.11,0.0
2003-02-21,9510,5196.61,0.0,8046.61,84.61,4.73,0.0
2003-02-22,9510,5170.38,0.0,8020.38,84.34,3.79,0.0
2003-02-23,9510,5146.57,0.0,7996.57,84.09,1.82,0.0
2003-02-24,9510,5118.04,0.0,7968.04,83.79,2.52,0.0
2003-02-25,9510,5091.92,0.0,7941.92,83.51,4.74,0.0
2003-02-26,9510,5070.59,0.0,7920.59,83.29,5.45,0.0
2003-02-27,9510,5046.91,0.0,7896.91,83.04,4.32,0.0
2003-02-28,9510,5032.72,0.0,7882.72,82.89,15.31,0.0
2003-03-01,9510,5006.74,0.0,7856.74,82.62,15.31,0.0
2003-03-02,9510,4983.15,0.0,7833.15,82.37,2.62,0.0
2003-03-03,9510,4952.54,0.0,7802.54,82.05,1.58,0.0
2003-03-04,9510,4924.33,0.0,7774.33,81.75,1.15,0.0
2003-03-05,9510,4898.51,0.0,7748.51,81.48,2.98,0.0
2003-03-06,9510,4870.39,0.0,7720.39,81.18,5.02,0.0
2003-03-07,9510,4844.66,0.0,7694.66,80.91,3.8,0.0
2003-03-08,9510,4816.63,0.0,7666.63,80.62,5.78,0.0
2003-03-09,9510,4790.98,0.0,7640.98,80.35,0.92,0.0
2003-03-10,9510,4772.35,0.0,7622.35,80.15,1.02,0.0
2003-03-11,9510,4751.41,0.0,7601.41,79.93,4.0,0.0
2003-03-12,9510,4728.19,0.0,7578.19,79.69,8.69,0.0
2003-03-13,9510,4700.35,0.0,7550.35,79.39,7.94,0.0
2003-03-14,9510,4677.2,0.0,7527.2,79.15,2.07,0.0
2003-03-15,9510,4658.7,0.0,7508.7,78.96,7.36,0.0
2003-03-16,9510,4642.53,0.0,7492.53,78.79,10.02,0.0
2003-03-17,9510,4619.45,0.0,7469.45,78.54,7.41,0.0
2003-03-18,9510,4596.41,0.0,7446.41,78.3,6.97,0.0
2003-03-19,9510,4571.1,0.0,7421.1,78.03,8.54,0.0
2003-03-20,9510,4545.84,0.0,7395.84,77.77,3.85,0.0
2003-03-21,9510,4520.61,0.0,7370.61,77.5,4.84,0.0
2003-03-22,9510,4497.71,0.0,7347.71,77.26,1.0,0.0
2003-03-23,9510,4481.7,0.0,7331.7,77.09,4.73,0.0
2003-03-24,9510,4463.42,0.0,7313.42,76.9,7.31,0.0
2003-03-25,9510,4442.89,0.0,7292.89,76.69,8.45,0.0
2003-03-26,9510,4420.1,0.0,7270.1,76.45,9.96,0.0
2003-03-27,9510,4395.07,0.0,7245.07,76.18,6.12,0.0
2003-03-28,9510,4370.08,0.0,7220.08,75.92,5.88,0.0
2003-03-29,9510,4342.87,0.0,7192.87,75.63,2.15,0.0
2003-03-30,9510,4322.49,0.0,7172.49,75.42,3.7,0.0
2003-03-31,9510,4308.92,0.0,7158.92,75.28,3.59,0.0
2003-04-01,9510,4288.59,0.0,7138.59,75.06,9.35,0.0
2003-04-02,9510,4266.03,0.0,7116.03,74.83,4.94,0.0
2003-04-03,9510,4243.5,0.0,7093.5,74.59,4.83,0.0
2003-04-04,9510,4221.01,0.0,7071.01,74.35,2.82,0.0
2003-04-05,9510,4203.03,0.0,7053.03,74.16,3.09,0.0
2003-04-06,9510,4182.84,0.0,7032.84,73.95,5.2,0.0
2003-04-07,9510,4162.68,0.0,7012.68,73.74,1.6,0.0
2003-04-08,9510,4138.07,0.0,6988.07,73.48,1.68,0.0
2003-04-09,9510,4115.73,0.0,6965.73,73.25,1.93,0.0
2003-04-10,9510,4097.88,0.0,6947.88,73.06,3.14,0.0
2003-04-11,9510,4073.38,0.0,6923.38,72.8,5.99,0.0
2003-04-12,9510,4053.36,0.0,6903.36,72.59,1.14,0.0
2003-04-13,9510,4040.04,0.0,6890.04,72.45,0.96,0.0
2003-04-14,9510,4024.5,0.0,6874.5,72.29,2.07,0.0
2003-04-15,9510,4013.41,0.0,6863.41,72.17,1.05,0.0
2003-04-16,9510,3989.05,0.0,6839.05,71.91,5.58,0.0
2003-04-17,9510,3962.52,0.0,6812.52,71.64,1.76,0.0
2003-04-18,9510,3938.24,0.0,6788.24,71.38,2.04,0.0
2003-04-19,9510,3909.61,0.0,6759.61,71.08,5.13,0.0
2003-04-20,9510,3892.01,0.0,6742.01,70.89,2.3,0.0
2003-04-21,9510,3874.44,0.0,6724.44,70.71,5.3,0.0
2003-04-22,9510,3854.7,0.0,6704.7,70.5,2.71,0.0
2003-04-23,9510,3841.55,0.0,6691.55,70.36,1.65,0.0
2003-04-24,9510,3830.6,0.0,6680.6,70.25,6.64,0.0
2003-04-25,9510,3810.92,0.0,6660.92,70.04,9.93,0.0
2003-04-26,9510,3797.82,0.0,6647.82,69.9,1.7,0.0
2003-04-27,9510,3778.18,0.0,6628.18,69.7,6.56,0.0
2003-04-28,9510,3769.46,0.0,6619.46,69.61,0.83,0.0
2003-04-29,9510,3752.04,0.0,6602.04,69.42,2.75,0.0
2003-04-30,9510,3734.65,0.0,6584.65,69.24,2.54,0.0
2003-05-01,9510,3715.1,0.0,6565.1,69.03,4.36,0.0
2003-05-02,9510,3686.92,0.0,6536.92,68.74,2.05,0.0
2003-05-03,9510,3656.63,0.0,6506.63,68.42,2.47,0.0
2003-05-04,9510,3632.88,0.0,6482.88,68.17,5.15,0.0
2003-05-05,9510,3602.71,0.0,6452.71,67.85,2.63,0.0
2003-05-06,9510,3576.91,0.0,6426.91,67.58,3.49,0.0
2003-05-07,9510,3551.16,0.0,6401.16,67.31,5.81,0.0
2003-05-08,9510,3521.18,0.0,6371.18,66.99,4.62,0.0
2003-05-09,9510,3499.81,0.0,6349.81,66.77,0.97,0.0
2003-05-10,9510,3476.34,0.0,6326.34,66.52,7.83,0.0
2003-05-11,9510,3450.78,0.0,6300.78,66.25,6.77,0.0
2003-05-12,9510,3421.03,0.0,6271.03,65.94,1.76,0.0
2003-05-13,9510,3395.59,0.0,6245.59,65.67,2.89,0.0
2003-05-14,9510,3378.65,0.0,6228.65,65.5,2.77,0.0
2003-05-15,9510,3353.29,0.0,6203.29,65.23,13.01,0.0
2003-05-16,9510,3327.98,0.0,6177.98,64.96,4.42,0.0
2003-05-17,9510,3300.62,0.0,6150.62,64.68,5.92,0.0
2003-05-18,9510,3275.42,0.0,6125.42,64.41,3.15,0.0
2003-05-19,9510,3248.17,0.0,6098.17,64.12,2.11,0.0
2003-05-20,9510,3220.99,0.0,6070.99,63.84,3.37,0.0
2003-05-21,9510,3193.87,0.0,6043.87,63.55,3.87,0.0
2003-05-22,9510,3164.73,0.0,6014.73,63.25,2.95,0.0
2003-05-23,9510,3133.58,0.0,5983.58,62.92,1.51,0.0
2003-05-24,9510,3114.93,0.0,5964.93,62.72,0.21,0.0
2003-05-25,9510,3096.32,0.0,5946.32,62.53,7.21,0.0
2003-05-26,9510,3067.41,0.0,5917.41,62.22,2.78,0.0
2003-05-27,9510,3040.64,0.0,5890.64,61.94,2.7,0.0
2003-05-28,9510,3011.88,0.0,5861.88,61.64,4.58,0.0
2003-05-29,9510,2981.14,0.0,5831.14,61.32,1.15,0.0
2003-05-30,9510,2950.48,0.0,5800.48,60.99,0.76,0.0
2003-05-31,9510,2934.17,0.0,5784.17,60.82,1.72,0.0
2003-06-01,9510,2932.13,0.0,5782.13,60.8,9.65,0.0
2003-06-02,9510,2919.91,0.0,5769.91,60.67,17.3,0.0
2003-06-03,9510,2915.84,0.0,5765.84,60.63,16.54,0.0
2003-06-04,9510,2899.57,0.0,5749.57,60.46,16.55,0.0
2003-06-05,9510,2879.28,0.0,5729.28,60.24,4.31,0.0
2003-06-06,9510,2852.94,0.0,5702.94,59.97,7.78,0.0
2003-06-07,9510,2832.73,0.0,5682.73,59.76,5.06,0.0
2003-06-08,9510,2822.64,0.0,5672.64,59.65,7.73,0.0
2003-06-09,9510,2808.53,0.0,5658.53,59.5,5.99,0.0
2003-06-10,9510,2790.41,0.0,5640.41,59.31,2.78,0.0
2003-06-11,9510,2776.34,0.0,5626.34,59.16,2.97,0.0
2003-06-12,9510,2766.3,0.0,5616.3,59.06,2.76,0.0
2003-06-13,9510,2750.26,0.0,5600.26,58.89,3.8,0.0
2003-06-14,9510,2732.24,0.0,5582.24,58.7,2.06,0.0
2003-06-15,9510,2718.25,0.0,5568.25,58.55,0.75,0.0
2003-06-16,9510,2710.26,0.0,5560.26,58.47,2.08,0.0
2003-06-17,9510,2710.26,0.0,5560.26,58.47,5.29,0.0
2003-06-18,9510,2714.25,0.0,5564.25,58.51,13.31,0.0
2003-06-19,9510,2706.27,0.0,5556.27,58.43,16.99,0.0
2003-06-20,9510,2696.3,0.0,5546.3,58.32,7.11,0.0
2003-06-21,9510,2690.32,0.0,5540.32,58.26,6.64,0.0
2003-06-22,9510,2684.34,0.0,5534.34,58.19,7.11,0.0
2003-06-23,9510,2676.38,0.0,5526.38,58.11,6.05,0.0
2003-06-24,9510,2670.41,0.0,5520.41,58.05,5.06,0.0
2003-06-25,9510,2668.43,0.0,5518.43,58.03,6.9,0.0
2003-06-26,9510,2658.49,0.0,5508.49,57.92,10.64,0.0
2003-06-27,9510,2648.56,0.0,5498.56,57.82,5.69,0.0
2003-06-28,9510,2642.61,0.0,5492.61,57.76,4.08,0.0
2003-06-29,9510,2658.49,0.0,5508.49,57.92,5.79,0.0
2003-06-30,9510,2682.35,0.0,5532.35,58.17,25.98,0.0
2003-07-01,9510,2718.25,0.0,5568.25,58.55,42.88,0.0
2003-07-02,9510,2746.25,0.0,5596.25,58.85,52.62,0.0
2003-07-03,9510,2768.31,0.0,5618.31,59.08,45.45,0.0
2003-07-04,9510,2780.36,0.0,5630.36,59.2,41.39,0.0
2003-07-05,9510,2780.36,0.0,5630.36,59.2,33.03,0.0
2003-07-06,9510,2780.36,0.0,5630.36,59.2,16.9,0.0
2003-07-07,9510,2778.35,0.0,5628.35,59.18,16.03,0.0
2003-07-08,9510,2772.32,0.0,5622.32,59.12,15.75,0.0
2003-07-09,9510,2768.31,0.0,5618.31,59.08,12.29,0.0
2003-07-10,9510,2760.28,0.0,5610.28,58.99,18.86,0.0
2003-07-11,9510,2752.26,0.0,5602.26,58.91,14.07,0.0
2003-07-12,9510,2750.26,0.0,5600.26,58.89,10.5,0.0
2003-07-13,9510,2768.31,0.0,5618.31,59.08,15.11,0.0
2003-07-14,9510,2794.43,0.0,5644.43,59.35,28.51,0.0
2003-07-15,9510,2806.51,0.0,5656.51,59.48,38.14,0.0
2003-07-16,9510,2806.51,0.0,5656.51,59.48,31.27,0.0
2003-07-17,9510,2814.58,0.0,5664.58,59.56,21.77,0.0
2003-07-18,9510,2810.54,0.0,5660.54,59.52,28.74,0.0
2003-07-19,9510,2802.49,0.0,5652.49,59.44,15.96,0.0
2003-07-20,9510,2790.41,0.0,5640.41,59.31,12.52,0.0
2003-07-21,9510,2772.32,0.0,5622.32,59.12,10.27,0.0
2003-07-22,9510,2762.29,0.0,5612.29,59.01,8.54,0.0
2003-07-23,9510,2766.3,0.0,5616.3,59.06,8.3,0.0
2003-07-24,9510,2852.94,0.0,5702.94,59.97,16.87,0.0
2003-07-25,9510,2926.02,0.0,5776.02,60.74,94.14,0.0
2003-07-26,9510,2962.73,0.0,5812.73,61.12,82.14,0.0
2003-07-27,9510,2985.23,0.0,5835.23,61.36,49.72,0.0
2003-07-28,9510,2997.52,0.0,5847.52,61.49,30.65,0.0
2003-07-29,9510,3009.82,0.0,5859.82,61.62,27.53,0.0
2003-07-30,9510,3048.87,0.0,5898.87,62.03,31.13,0.0
2003-07-31,9510,3077.73,0.0,5927.73,62.33,56.68,0.0
2003-08-01,9510,3092.18,0.0,5942.18,62.48,49.12,0.0
2003-08-02,9510,3104.59,0.0,5954.59,62.61,35.08,0.0
2003-08-03,9510,3125.29,0.0,5975.29,62.83,29.61,0.0
2003-08-04,9510,3143.95,0.0,5993.95,63.03,28.7,0.0
2003-08-05,9510,3160.57,0.0,6010.57,63.2,38.52,0.0
2003-08-06,9510,3166.8,0.0,6016.8,63.27,36.99,0.0
2003-08-07,9510,3170.96,0.0,6020.96,63.31,26.95,0.0
2003-08-08,9510,3177.21,0.0,6027.21,63.38,24.7,0.0
2003-08-09,9510,3189.7,0.0,6039.7,63.51,24.0,0.0
2003-08-10,9510,3218.9,0.0,6068.9,63.82,26.65,0.0
2003-08-11,9510,3241.89,0.0,6091.89,64.06,39.33,0.0
2003-08-12,9510,3260.74,0.0,6110.74,64.26,34.1,0.0
2003-08-13,9510,3288.01,0.0,6138.01,64.54,25.27,0.0
2003-08-14,9510,3313.24,0.0,6163.24,64.81,47.63,0.0
2003-08-15,9510,3319.56,0.0,6169.56,64.87,48.36,0.0
2003-08-16,9510,3327.98,0.0,6177.98,64.96,36.68,0.0
2003-08-17,9510,3353.29,0.0,6203.29,65.23,30.62,0.0
2003-08-18,9510,3374.42,0.0,6224.42,65.45,31.12,0.0
2003-08-19,9510,3423.15,0.0,6273.15,65.96,34.5,0.0
2003-08-20,9510,3467.81,0.0,6317.81,66.43,58.24,0.0
2003-08-21,9510,3519.04,0.0,6369.04,66.97,53.79,0.0
2003-08-22,9510,3572.62,0.0,6422.62,67.54,61.16,0.0
2003-08-23,9510,3613.48,0.0,6463.48,67.97,63.77,0.0
2003-08-24,9510,3686.92,0.0,6536.92,68.74,48.9,0.0
2003-08-25,9510,3732.47,0.0,6582.47,69.22,80.67,0.0
2003-08-26,9510,3765.11,0.0,6615.11,69.56,59.98,0.0
2003-08-27,9510,3804.37,0.0,6654.37,69.97,48.79,0.0
2003-08-28,9510,3824.04,0.0,6674.04,70.18,54.69,0.0
2003-08-29,9510,3839.36,0.0,6689.36,70.34,34.85,0.0
2003-08-30,9510,3852.51,0.0,6702.51,70.48,31.72,0.0
2003-08-31,9510,3872.25,0.0,6722.25,70.69,23.34,0.0
2003-09-01,9510,3894.21,0.0,6744.21,70.92,24.91,0.0
2003-09-02,9510,3916.21,0.0,6766.21,71.15,27.71,0.0
2003-09-03,9510,3940.45,0.0,6790.45,71.4,28.05,0.0
2003-09-04,9510,3971.36,0.0,6821.36,71.73,30.13,0.0
2003-09-05,9510,4002.33,0.0,6852.33,72.05,36.12,0.0
2003-09-06,9510,4042.26,0.0,6892.26,72.47,38.61,0.0
2003-09-07,9510,4091.2,0.0,6941.2,72.99,45.6,0.0
2003-09-08,9510,4133.6,0.0,6983.6,73.43,54.44,0.0
2003-09-09,9510,4196.3,0.0,7046.3,74.09,52.71,0.0
2003-09-10,9510,4268.28,0.0,7118.28,74.85,70.47,0.0
2003-09-11,9510,4356.47,0.0,7206.47,75.78,80.75,0.0
2003-09-12,9510,4463.42,0.0,7313.42,76.9,91.29,0.0
2003-09-13,9510,4589.5,0.0,7439.5,78.23,109.72,0.0
2003-09-14,9510,4714.26,0.0,7564.26,79.54,126.84,0.0
2003-09-15,9510,4823.63,0.0,7673.63,80.69,125.52,0.0
2003-09-16,9510,4905.55,0.0,7755.55,81.55,110.14,0.0
2003-09-17,9510,4964.31,0.0,7814.31,82.17,82.69,0.0
2003-09-18,9510,5009.1,0.0,7859.1,82.64,59.54,0.0
2003-09-19,9510,5063.48,0.0,7913.48,83.21,49.07,0.0
2003-09-20,9510,5101.41,0.0,7951.41,83.61,57.32,0.0
2003-09-21,9510,5144.19,0.0,7994.19,84.06,40.69,0.0
2003-09-22,9510,5177.53,0.0,8027.53,84.41,43.57,0.0
2003-09-23,9510,5201.39,0.0,8051.39,84.66,37.6,0.0
2003-09-24,9510,5230.06,0.0,8080.06,84.96,26.67,0.0
2003-09-25,9510,5249.2,0.0,8099.2,85.17,33.36,0.0
2003-09-26,9510,5261.17,0.0,8111.17,85.29,23.16,0.0
2003-09-27,9510,5285.14,0.0,8135.14,85.54,16.63,0.0
2003-09-28,9510,5301.94,0.0,8151.94,85.72,25.08,0.0
2003-09-29,9510,5342.81,0.0,8192.81,86.15,20.77,0.0
2003-09-30,9510,5359.66,0.0,8209.66,86.33,42.47,0.0
2003-10-01,9510,5376.53,0.0,8226.53,86.5,20.32,0.0
2003-10-02,9510,5391.0,0.0,8241.0,86.66,20.79,0.0
2003-10-03,9510,5403.07,0.0,8253.07,86.78,19.37,0.0
2003-10-04,9510,5417.57,0.0,8267.57,86.94,17.94,0.0
2003-10-05,9510,5427.24,0.0,8277.24,87.04,17.74,0.0
2003-10-06,9510,5434.5,0.0,8284.5,87.11,12.95,0.0
2003-10-07,9510,5444.17,0.0,8294.17,87.22,12.57,0.0
2003-10-08,9510,5453.86,0.0,8303.86,87.32,13.72,0.0
2003-10-09,9510,5458.7,0.0,8308.7,87.37,14.7,0.0
2003-10-10,9510,5468.4,0.0,8318.4,87.47,12.76,0.0
2003-10-11,9510,5475.67,0.0,8325.67,87.55,14.49,0.0
2003-10-12,9510,5482.94,0.0,8332.94,87.62,11.95,0.0
2003-10-13,9510,5487.8,0.0,8337.8,87.67,11.98,0.0
2003-10-14,9510,5492.65,0.0,8342.65,87.73,11.87,0.0
2003-10-15,9510,5492.65,0.0,8342.65,87.73,8.99,0.0
2003-10-16,9510,5495.08,0.0,8345.08,87.75,9.28,0.0
2003-10-17,9510,5512.08,0.0,8362.08,87.93,10.15,0.0
2003-10-18,9510,5514.51,0.0,8364.51,87.95,25.72,0.0
2003-10-19,9510,5514.51,0.0,8364.51,87.95,10.09,0.0
2003-10-20,9510,5509.65,0.0,8359.65,87.9,7.24,0.0
2003-10-21,9510,5509.65,0.0,8359.65,87.9,9.55,0.0
2003-10-22,9510,5509.65,0.0,8359.65,87.9,10.93,0.0
2003-10-23,9510,5507.22,0.0,8357.22,87.88,11.03,0.0
2003-10-24,9510,5504.79,0.0,8354.79,87.85,9.3,0.0
2003-10-25,9510,5504.79,0.0,8354.79,87.85,8.06,0.0
2003-10-26,9510,5507.22,0.0,8357.22,87.88,7.64,0.0
2003-10-27,9510,5497.5,0.0,8347.5,87.78,10.5,0.0
2003-10-28,9510,5492.65,0.0,8342.65,87.73,5.28,0.0
2003-10-29,9510,5485.37,0.0,8335.37,87.65,13.0,0.0
2003-10-30,9510,5480.52,0.0,8330.52,87.6,7.48,0.0
2003-10-31,9510,5470.82,0.0,8320.82,87.5,6.88,0.0
2003-11-01,9510,5463.55,0.0,8313.55,87.42,6.26,0.0
2003-11-02,9510,5456.28,0.0,8306.28,87.34,9.59,0.0
2003-11-03,9510,5441.75,0.0,8291.75,87.19,10.12,0.0
2003-11-04,9510,5434.5,0.0,8284.5,87.11,6.16,0.0
2003-11-05,9510,5422.4,0.0,8272.4,86.99,10.48,0.0
2003-11-06,9510,5410.32,0.0,8260.32,86.86,9.07,0.0
2003-11-07,9510,5395.83,0.0,8245.83,86.71,8.87,0.0
2003-11-08,9510,5383.77,0.0,8233.77,86.58,6.18,0.0
2003-11-09,9510,5366.89,0.0,8216.89,86.4,9.5,0.0
2003-11-10,9510,5354.84,0.0,8204.84,86.28,6.0,0.0
2003-11-11,9510,5342.81,0.0,8192.81,86.15,6.32,0.0
2003-11-12,9510,5328.37,0.0,8178.37,86.0,10.82,0.0
2003-11-13,9510,5306.74,0.0,8156.74,85.77,7.23,0.0
2003-11-14,9510,5292.34,0.0,8142.34,85.62,3.2,0.0
2003-11-15,9510,5280.35,0.0,8130.35,85.49,9.17,0.0
2003-11-16,9510,5268.36,0.0,8118.36,85.37,8.66,0.0
2003-11-17,9510,5246.8,0.0,8096.8,85.14,6.65,0.0
2003-11-18,9510,5230.06,0.0,8080.06,84.96,4.35,0.0
2003-11-19,9510,5213.33,0.0,8063.33,84.79,7.23,0.0
2003-11-20,9510,5196.61,0.0,8046.61,84.61,8.82,0.0
2003-11-21,9510,5175.15,0.0,8025.15,84.39,8.64,0.0
2003-11-22,9510,5153.71,0.0,8003.71,84.16,7.18,0.0
2003-11-23,9510,5134.67,0.0,7984.67,83.96,4.68,0.0
2003-11-24,9510,5120.41,0.0,7970.41,83.81,5.3,0.0
2003-11-25,9510,5108.54,0.0,7958.54,83.69,4.69,0.0
2003-11-26,9510,5094.3,0.0,7944.3,83.54,9.64,0.0
2003-11-27,9510,5077.7,0.0,7927.7,83.36,5.69,0.0
2003-11-28,9510,5061.11,0.0,7911.11,83.19,5.57,0.0
2003-11-29,9510,5044.55,0.0,7894.55,83.01,6.21,0.0
2003-11-30,9510,5032.72,0.0,7882.72,82.89,2.71,0.0
2003-12-01,9510,5016.18,0.0,7866.18,82.71,7.01,0.0
2003-12-02,9510,5006.74,0.0,7856.74,82.62,2.05,0.0
2003-12-03,9510,4990.22,0.0,7840.22,82.44,8.9,0.0
2003-12-04,9510,4973.73,0.0,7823.73,82.27,3.36,0.0
2003-12-05,9510,4969.02,0.0,7819.02,82.22,3.24,0.0
2003-12-06,9510,4959.6,0.0,7809.6,82.12,6.27,0.0
2003-12-07,9510,4950.19,0.0,7800.19,82.02,4.44,0.0
2003-12-08,9510,4938.43,0.0,7788.43,81.9,5.32,0.0
2003-12-09,9510,4921.98,0.0,7771.98,81.72,6.48,0.0
2003-12-10,9510,4914.94,0.0,7764.94,81.65,2.75,0.0
2003-12-11,9510,4898.51,0.0,7748.51,81.48,6.74,0.0
2003-12-12,9510,4882.1,0.0,7732.1,81.3,2.66,0.0
2003-12-13,9510,4870.39,0.0,7720.39,81.18,3.29,0.0
2003-12-14,9510,4858.69,0.0,7708.69,81.06,3.14,0.0
2003-12-15,9510,4842.32,0.0,7692.32,80.89,3.02,0.0
2003-12-16,9510,4825.97,0.0,7675.97,80.71,0.98,0.0
2003-12-17,9510,4804.97,0.0,7654.97,80.49,1.37,0.0
2003-12-18,9510,4783.99,0.0,7633.99,80.27,4.47,0.0
2003-12-19,9510,4765.37,0.0,7615.37,80.08,5.26,0.0
2003-12-20,9510,4744.44,0.0,7594.44,79.86,7.34,0.0
2003-12-21,9510,4728.19,0.0,7578.19,79.69,1.46,0.0
2003-12-22,9510,4714.26,0.0,7564.26,79.54,4.91,0.0
2003-12-23,9510,4700.35,0.0,7550.35,79.39,5.36,0.0
2003-12-24,9510,4688.77,0.0,7538.77,79.27,5.59,0.0
2003-12-25,9510,4677.2,0.0,7527.2,79.15,7.14,0.0
2003-12-26,9510,4663.32,0.0,7513.32,79.0,7.39,0.0
2003-12-27,9510,4647.14,0.0,7497.14,78.83,5.05,0.0
2003-12-28,9510,4633.29,0.0,7483.29,78.69,0.13,0.0
2003-12-29,9510,4619.45,0.0,7469.45,78.54,0.22,0.0
2003-12-30,9510,4605.62,0.0,7455.62,78.4,4.41,0.0
2003-12-31,9510,4591.81,0.0,7441.81,78.25,5.19,0.0
2004-01-01,9510,4584.9,0.0,7434.9,78.18,6.51,0.0
2004-01-02,9510,4571.1,0.0,7421.1,78.03,2.13,0.0
2004-01-03,9510,4561.91,0.0,7411.91,77.94,5.54,0.0
2004-01-04,9510,4550.43,0.0,7400.43,77.82,4.55,0.0
2004-01-05,9510,4532.07,0.0,7382.07,77.62,4.7,0.0
2004-01-06,9510,4522.9,0.0,7372.9,77.53,4.09,0.0
2004-01-07,9510,4511.44,0.0,7361.44,77.41,2.02,0.0
2004-01-08,9510,4500.0,0.0,7350.0,77.29,6.52,0.0
2004-01-09,9510,4481.7,0.0,7331.7,77.09,3.08,0.0
2004-01-10,9510,4467.99,0.0,7317.99,76.95,6.3,0.0
2004-01-11,9510,4456.57,0.0,7306.57,76.83,5.88,0.0
2004-01-12,9510,4440.6,0.0,7290.6,76.66,1.73,0.0
2004-01-13,9510,4431.49,0.0,7281.49,76.57,7.23,0.0
2004-01-14,9510,4417.82,0.0,7267.82,76.42,4.2,0.0
2004-01-15,9510,4401.89,0.0,7251.89,76.26,2.78,0.0
2004-01-16,9510,4390.52,0.0,7240.52,76.14,5.81,0.0
2004-01-17,9510,4379.17,0.0,7229.17,76.02,4.06,0.0
2004-01-18,9510,4370.08,0.0,7220.08,75.92,6.03,0.0
2004-01-19,9510,4351.94,0.0,7201.94,75.73,4.37,0.0
2004-01-20,9510,4336.08,0.0,7186.08,75.56,3.58,0.0
2004-01-21,9510,4320.23,0.0,7170.23,75.4,4.34,0.0
2004-01-22,9510,4299.88,0.0,7149.88,75.18,2.62,0.0
2004-01-23,9510,4281.82,0.0,7131.82,74.99,5.42,0.0
2004-01-24,9510,4263.77,0.0,7113.77,74.8,1.47,0.0
2004-01-25,9510,4248.0,0.0,7098.0,74.64,2.49,0.0
2004-01-26,9510,4225.5,0.0,7075.5,74.4,2.13,0.0
2004-01-27,9510,4207.53,0.0,7057.53,74.21,5.76,0.0
2004-01-28,9510,4187.33,0.0,7037.33,74.0,6.79,0.0
2004-01-29,9510,4167.16,0.0,7017.16,73.79,5.12,0.0
2004-01-30,9510,4144.77,0.0,6994.77,73.55,2.66,0.0
2004-01-31,9510,4131.36,0.0,6981.36,73.41,7.82,0.0
2004-02-01,9510,4111.27,0.0,6961.27,73.2,1.13,0.0
2004-02-02,9510,4086.74,0.0,6936.74,72.94,1.18,0.0
2004-02-03,9510,4060.03,0.0,6910.03,72.66,0.67,0.0
2004-02-04,9510,4040.04,0.0,6890.04,72.45,3.64,0.0
2004-02-05,9510,4017.85,0.0,6867.85,72.22,2.59,0.0
2004-02-06,9510,4000.12,0.0,6850.12,72.03,7.75,0.0
2004-02-07,9510,3984.63,0.0,6834.63,71.87,6.64,0.0
2004-02-08,9510,3969.15,0.0,6819.15,71.71,5.21,0.0
2004-02-09,9510,3944.86,0.0,6794.86,71.45,2.64,0.0
2004-02-10,9510,3925.02,0.0,6775.02,71.24,4.59,0.0
2004-02-11,9510,3905.21,0.0,6755.21,71.03,4.87,0.0
2004-02-12,9510,3885.42,0.0,6735.42,70.82,4.74,0.0
2004-02-13,9510,3863.47,0.0,6713.47,70.59,2.62,0.0
2004-02-14,9510,3839.36,0.0,6689.36,70.34,0.24,0.0
2004-02-15,9510,3821.85,0.0,6671.85,70.16,6.64,0.0
2004-02-16,9510,3797.82,0.0,6647.82,69.9,4.06,0.0
2004-02-17,9510,3776.0,0.0,6626.0,69.67,5.93,0.0
2004-02-18,9510,3752.04,0.0,6602.04,69.42,3.86,0.0
2004-02-19,9510,3728.13,0.0,6578.13,69.17,3.98,0.0
2004-02-20,9510,3706.42,0.0,6556.42,68.94,6.4,0.0
2004-02-21,9510,3689.08,0.0,6539.08,68.76,6.79,0.0
2004-02-22,9510,3669.6,0.0,6519.6,68.56,4.61,0.0
2004-02-23,9510,3647.99,0.0,6497.99,68.33,0.63,0.0
2004-02-24,9510,3622.1,0.0,6472.1,68.06,1.97,0.0
2004-02-25,9510,3600.56,0.0,6450.56,67.83,3.39,0.0
2004-02-26,9510,3576.91,0.0,6426.91,67.58,3.17,0.0
2004-02-27,9510,3551.16,0.0,6401.16,67.31,1.44,0.0
2004-02-28,9510,3527.6,0.0,6377.6,67.06,0.92,0.0
2004-03-01,9510,3478.47,0.0,6328.47,66.55,2.77,0.0
2004-03-02,9510,3450.78,0.0,6300.78,66.25,0.27,0.0
2004-03-03,9510,3427.4,0.0,6277.4,66.01,1.24,0.0
2004-03-04,9510,3404.06,0.0,6254.06,65.76,6.13,0.0
2004-03-05,9510,3387.11,0.0,6237.11,65.58,3.23,0.0
2004-03-06,9510,3372.31,0.0,6222.31,65.43,0.0,0.0
2004-03-07,9510,3346.96,0.0,6196.96,65.16,1.58,0.0
2004-03-08,9510,3323.77,0.0,6173.77,64.92,1.66,0.0
2004-03-09,9510,3304.83,0.0,6154.83,64.72,0.77,0.0
2004-03-10,9510,3279.61,0.0,6129.61,64.45,1.13,0.0
2004-03-11,9510,3252.36,0.0,6102.36,64.17,5.46,0.0
2004-03-12,9510,3229.35,0.0,6079.35,63.93,5.32,0.0
2004-03-13,9510,3208.46,0.0,6058.46,63.71,5.61,0.0
2004-03-14,9510,3185.53,0.0,6035.53,63.47,4.73,0.0
2004-03-15,9510,3158.49,0.0,6008.49,63.18,3.24,0.0
2004-03-16,9510,3137.73,0.0,5987.73,62.96,0.4,0.0
2004-03-17,9510,3114.93,0.0,5964.93,62.72,4.48,0.0
2004-03-18,9510,3077.73,0.0,5927.73,62.33,2.14,0.0
2004-03-19,9510,3050.93,0.0,5900.93,62.05,0.07,0.0
2004-03-20,9510,3028.3,0.0,5878.3,61.81,2.39,0.0
2004-03-21,9510,3007.77,0.0,5857.77,61.6,1.47,0.0
2004-03-22,9510,2983.18,0.0,5833.18,61.34,4.57,0.0
2004-03-23,9510,2952.52,0.0,5802.52,61.01,1.85,0.0
2004-03-24,9510,2926.02,0.0,5776.02,60.74,0.23,0.0
2004-03-25,9510,2901.61,0.0,5751.61,60.48,2.85,0.0
2004-03-26,9510,2873.19,0.0,5723.19,60.18,5.21,0.0
2004-03-27,9510,2852.94,0.0,5702.94,59.97,1.72,0.0
2004-03-28,9510,2830.71,0.0,5680.71,59.73,4.96,0.0
2004-03-29,9510,2802.49,0.0,5652.49,59.44,2.43,0.0
2004-03-30,9510,2778.35,0.0,5628.35,59.18,1.6,0.0
2004-03-31,9510,2754.27,0.0,5604.27,58.93,0.91,0.0
2004-04-01,9510,2728.24,0.0,5578.24,58.66,3.77,0.0
2004-04-02,9510,2704.27,0.0,5554.27,58.4,2.12,0.0
2004-04-03,9510,2682.35,0.0,5532.35,58.17,3.91,0.0
2004-04-04,9510,2664.45,0.0,5514.45,57.99,1.25,0.0
2004-04-05,9510,2654.52,0.0,5504.52,57.88,4.95,0.0
2004-04-06,9510,2632.7,0.0,5482.7,57.65,11.37,0.0
2004-04-07,9510,2610.93,0.0,5460.93,57.42,5.72,0.0
2004-04-08,9510,2577.38,0.0,5427.38,57.07,3.68,0.0
2004-04-09,9510,2555.73,0.0,5405.73,56.84,2.69,0.0
2004-04-10,9510,2540.01,0.0,5390.01,56.68,0.63,0.0
2004-04-11,9510,2520.4,0.0,5370.4,56.47,6.0,0.0
2004-04-12,9510,2504.74,0.0,5354.74,56.31,4.68,0.0
2004-04-13,9510,2481.3,0.0,5331.3,56.06,8.44,0.0
2004-04-14,9510,2457.92,0.0,5307.92,55.81,3.45,0.0
2004-04-15,9510,2438.47,0.0,5288.47,55.61,1.91,0.0
2004-04-16,9510,2417.13,0.0,5267.13,55.39,4.81,0.0
2004-04-17,9510,2395.84,0.0,5245.84,55.16,4.5,0.0
2004-04-18,9510,2376.52,0.0,5226.52,54.96,1.65,0.0
2004-04-19,9510,2347.62,0.0,5197.62,54.65,5.18,0.0
2004-04-20,9510,2324.56,0.0,5174.56,54.41,1.47,0.0
2004-04-21,9510,2297.74,0.0,5147.74,54.13,6.33,0.0
2004-04-22,9510,2274.81,0.0,5124.81,53.89,3.23,0.0
2004-04-23,9510,2250.04,0.0,5100.04,53.63,7.82,0.0
2004-04-24,9510,2223.44,0.0,5073.44,53.35,1.73,0.0
2004-04-25,9510,2200.7,0.0,5050.7,53.11,1.73,0.0
2004-04-26,9510,2172.36,0.0,5022.36,52.81,4.94,0.0
2004-04-27,9510,2147.88,0.0,4997.88,52.55,4.0,0.0
2004-04-28,9510,2130.97,0.0,4980.97,52.38,3.62,0.0
2004-04-29,9510,2110.35,0.0,4960.35,52.16,6.02,0.0
2004-04-30,9510,2086.04,0.0,4936.04,51.9,6.32,0.0
2004-05-01,9510,2067.39,0.0,4917.39,51.71,2.91,0.0
2004-05-02,9510,2046.93,0.0,4896.93,51.49,5.34,0.0
2004-05-03,9510,2032.08,0.0,4882.08,51.34,2.78,0.0
2004-05-04,9510,2011.7,0.0,4861.7,51.12,4.84,0.0
2004-05-05,9510,2008.0,0.0,4858.0,51.08,0.23,0.0
2004-05-06,9510,1998.76,0.0,4848.76,50.99,9.71,0.0
2004-05-07,9510,1987.69,0.0,4837.69,50.87,10.5,0.0
2004-05-08,9510,1976.63,0.0,4826.63,50.75,8.88,0.0
2004-05-09,9510,1967.43,0.0,4817.43,50.66,5.78,0.0
2004-05-10,9510,1950.88,0.0,4800.88,50.48,7.27,0.0
2004-05-11,9510,1936.21,0.0,4786.21,50.33,2.16,0.0
2004-05-12,9510,1919.74,0.0,4769.74,50.15,1.45,0.0
2004-05-13,9510,1906.95,0.0,4756.95,50.02,0.71,0.0
2004-05-14,9510,1892.36,0.0,4742.36,49.87,4.29,0.0
2004-05-15,9510,1883.25,0.0,4733.25,49.77,1.2,0.0
2004-05-16,9510,1870.52,0.0,4720.52,49.64,5.97,0.0
2004-05-17,9510,1868.71,0.0,4718.71,49.62,2.35,0.0
2004-05-18,9510,1875.98,0.0,4725.98,49.69,13.8,0.0
2004-05-19,9510,1868.71,0.0,4718.71,49.62,24.71,0.0
2004-05-20,9510,1868.71,0.0,4718.71,49.62,8.3,0.0
2004-05-21,9510,1861.44,0.0,4711.44,49.54,16.43,0.0
2004-05-22,9510,1856.0,0.0,4706.0,49.48,8.68,0.0
2004-05-23,9510,1850.56,0.0,4700.56,49.43,7.6,0.0
2004-05-24,9510,1843.32,0.0,4693.32,49.35,7.51,0.0
2004-05-25,9510,1834.27,0.0,4684.27,49.26,5.44,0.0
2004-05-26,9510,1832.47,0.0,4682.47,49.24,2.95,0.0
2004-05-27,9510,1830.66,0.0,4680.66,49.22,5.62,0.0
2004-05-28,9510,1837.89,0.0,4687.89,49.29,6.28,0.0
2004-05-29,9510,1839.7,0.0,4689.7,49.31,15.58,0.0
2004-05-30,9510,1837.89,0.0,4687.89,49.29,9.82,0.0
2004-05-31,9510,1836.08,0.0,4686.08,49.28,6.23,0.0
2004-06-01,9510,1839.7,0.0,4689.7,49.31,9.18,0.0
2004-06-02,9510,1846.94,0.0,4696.94,49.39,14.38,0.0
2004-06-03,9510,1865.07,0.0,4715.07,49.58,17.59,0.0
2004-06-04,9510,1870.52,0.0,4720.52,49.64,30.65,0.0
2004-06-05,9510,1872.34,0.0,4722.34,49.66,16.86,0.0
2004-06-06,9510,1872.34,0.0,4722.34,49.66,10.89,0.0
2004-06-07,9510,1875.98,0.0,4725.98,49.69,8.47,0.0
2004-06-08,9510,1875.98,0.0,4725.98,49.69,14.09,0.0
2004-06-09,9510,1881.43,0.0,4731.43,49.75,10.36,0.0
2004-06-10,9510,1883.25,0.0,4733.25,49.77,14.59,0.0
2004-06-11,9510,1896.0,0.0,4746.0,49.91,11.38,0.0
2004-06-12,9510,1897.83,0.0,4747.83,49.92,22.03,0.0
2004-06-13,9510,1903.3,0.0,4753.3,49.98,9.89,0.0
2004-06-14,9510,1905.12,0.0,4755.12,50.0,12.88,0.0
2004-06-15,9510,1916.08,0.0,4766.08,50.12,10.16,0.0
2004-06-16,9510,2004.31,0.0,4854.31,51.04,19.14,0.0
2004-06-17,9510,2123.46,0.0,4973.46,52.3,89.0,0.0
2004-06-18,9510,2174.25,0.0,5024.25,52.83,119.93,0.0
2004-06-19,9510,2200.7,0.0,5050.7,53.11,51.57,0.0
2004-06-20,9510,2232.93,0.0,5082.93,53.45,27.23,0.0
2004-06-21,9510,2246.23,0.0,5096.23,53.59,35.8,0.0
2004-06-22,9510,2259.56,0.0,5109.56,53.73,14.09,0.0
2004-06-23,9510,2263.37,0.0,5113.37,53.77,14.12,0.0
2004-06-24,9510,2271.0,0.0,5121.0,53.85,9.57,0.0
2004-06-25,9510,2274.81,0.0,5124.81,53.89,10.82,0.0
2004-06-26,9510,2278.63,0.0,5128.63,53.93,10.7,0.0
2004-06-27,9510,2286.27,0.0,5136.27,54.01,7.9,0.0
2004-06-28,9510,2286.27,0.0,5136.27,54.01,8.43,0.0
2004-06-29,9510,2292.0,0.0,5142.0,54.07,6.23,0.0
2004-06-30,9510,2311.14,0.0,5161.14,54.27,11.6,0.0
2004-07-01,9510,2330.32,0.0,5180.32,54.47,25.32,0.0
2004-07-02,9510,2332.24,0.0,5182.24,54.49,25.37,0.0
2004-07-03,9510,2330.32,0.0,5180.32,54.47,18.69,0.0
2004-07-04,9510,2328.4,0.0,5178.4,54.45,16.15,0.0
2004-07-05,9510,2318.81,0.0,5168.81,54.35,15.34,0.0
2004-07-06,9510,2309.23,0.0,5159.23,54.25,8.6,0.0
2004-07-07,9510,2320.73,0.0,5170.73,54.37,16.64,0.0
2004-07-08,9510,2334.16,0.0,5184.16,54.51,37.75,0.0
2004-07-09,9510,2359.17,0.0,5209.17,54.78,39.25,0.0
2004-07-10,9510,2382.31,0.0,5232.31,55.02,44.88,0.0
2004-07-11,9510,2426.83,0.0,5276.83,55.49,42.87,0.0
2004-07-12,9510,2475.45,0.0,5325.45,56.0,62.7,0.0
2004-07-13,9510,2528.24,0.0,5378.24,56.55,64.79,0.0
2004-07-14,9510,2567.53,0.0,5417.53,56.97,68.68,0.0
2004-07-15,9510,2595.13,0.0,5445.13,57.26,56.01,0.0
2004-07-16,9510,2636.66,0.0,5486.66,57.69,43.91,0.0
2004-07-17,9510,2650.55,0.0,5500.55,57.84,52.78,0.0
2004-07-18,9510,2666.44,0.0,5516.44,58.01,25.51,0.0
2004-07-19,9510,2676.38,0.0,5526.38,58.11,27.14,0.0
2004-07-20,9510,2686.33,0.0,5536.33,58.22,17.5,0.0
2004-07-21,9510,2696.3,0.0,5546.3,58.32,19.18,0.0
2004-07-22,9510,2710.26,0.0,5560.26,58.47,17.71,0.0
2004-07-23,9510,2732.24,0.0,5582.24,58.7,21.76,0.0
2004-07-24,9510,2756.27,0.0,5606.27,58.95,30.03,0.0
2004-07-25,9510,2800.47,0.0,5650.47,59.42,39.93,0.0
2004-07-26,9510,2840.81,0.0,5690.81,59.84,51.9,0.0
2004-07-27,9510,2901.61,0.0,5751.61,60.48,56.17,0.0
2004-07-28,9510,2968.86,0.0,5818.86,61.19,75.94,0.0
2004-07-29,9510,3030.36,0.0,5880.36,61.83,76.14,0.0
2004-07-30,9510,3061.23,0.0,5911.23,62.16,66.71,0.0
2004-07-31,9510,3123.22,0.0,5973.22,62.81,36.5,0.0
2004-08-01,9510,3179.29,0.0,6029.29,63.4,62.7,0.0
2004-08-02,9510,3223.08,0.0,6073.08,63.86,59.05,0.0
2004-08-03,9510,3273.32,0.0,6123.32,64.39,49.22,0.0
2004-08-04,9510,3304.83,0.0,6154.83,64.72,56.16,0.0
2004-08-05,9510,3334.3,0.0,6184.3,65.03,37.62,0.0
2004-08-06,9510,3359.62,0.0,6209.62,65.3,36.04,0.0
2004-08-07,9510,3389.23,0.0,6239.23,65.61,31.31,0.0
2004-08-08,9510,3427.4,0.0,6277.4,66.01,35.67,0.0
2004-08-09,9510,3482.73,0.0,6332.73,66.59,43.23,0.0
2004-08-10,9510,3523.32,0.0,6373.32,67.02,60.18,0.0
2004-08-11,9510,3568.32,0.0,6418.32,67.49,45.55,0.0
2004-08-12,9510,3613.48,0.0,6463.48,67.97,49.66,0.0
2004-08-13,9510,3667.44,0.0,6517.44,68.53,51.28,0.0
2004-08-14,9510,3715.1,0.0,6565.1,69.03,59.8,0.0
2004-08-15,9510,3756.4,0.0,6606.4,69.47,51.4,0.0
2004-08-16,9510,3834.98,0.0,6684.98,70.29,44.7,0.0
2004-08-17,9510,3896.41,0.0,6746.41,70.94,81.88,0.0
2004-08-18,9510,3960.31,0.0,6810.31,71.61,65.9,0.0
2004-08-19,9510,4022.28,0.0,6872.28,72.26,68.2,0.0
2004-08-20,9510,4073.38,0.0,6923.38,72.8,67.1,0.0
2004-08-21,9510,4133.6,0.0,6983.6,73.43,54.62,0.0
2004-08-22,9510,4176.12,0.0,7026.12,73.88,63.98,0.0
2004-08-23,9510,4241.25,0.0,7091.25,74.57,46.03,0.0
2004-08-24,9510,4275.05,0.0,7125.05,74.92,71.97,0.0
2004-08-25,9510,4336.08,0.0,7186.08,75.56,41.21,0.0
2004-08-26,9510,4385.98,0.0,7235.98,76.09,68.14,0.0
2004-08-27,9510,4424.65,0.0,7274.65,76.49,56.56,0.0
2004-08-28,9510,4454.29,0.0,7304.29,76.81,45.65,0.0
2004-08-29,9510,4479.41,0.0,7329.41,77.07,36.58,0.0
2004-08-30,9510,4488.56,0.0,7338.56,77.17,31.94,0.0
2004-08-31,9510,4511.44,0.0,7361.44,77.41,36.13,0.0
2004-09-01,9510,4529.78,0.0,7379.78,77.6,49.27,0.0
2004-09-02,9510,4559.61,0.0,7409.61,77.91,40.09,0.0
2004-09-03,9510,4603.32,0.0,7453.32,78.37,51.27,0.0
2004-09-04,9510,4656.39,0.0,7506.39,78.93,54.76,0.0
2004-09-05,9510,4716.58,0.0,7566.58,79.56,61.14,0.0
2004-09-06,9510,4767.69,0.0,7617.69,80.1,68.69,0.0
2004-09-07,9510,4804.97,0.0,7654.97,80.49,61.2,0.0
2004-09-08,9510,4851.67,0.0,7701.67,80.98,46.93,0.0
2004-09-09,9510,4917.28,0.0,7767.28,81.67,57.86,0.0
2004-09-10,9510,4997.3,0.0,7847.3,82.52,75.57,0.0
2004-09-11,9510,5082.44,0.0,7932.44,83.41,91.16,0.0
2004-09-12,9510,5206.16,0.0,8056.16,84.71,94.98,0.0
2004-09-13,9510,5330.78,0.0,8180.78,86.02,133.41,0.0
2004-09-14,9510,5461.13,0.0,8311.13,87.39,145.26,0.0
2004-09-15,9510,5550.99,0.0,8400.99,88.34,151.58,0.0
2004-09-16,9510,5651.11,0.0,8501.11,89.39,107.33,0.0
2004-09-17,9510,5744.39,0.0,8594.39,90.37,124.61,0.0
2004-09-18,9510,5818.37,0.0,8668.37,91.15,118.61,0.0
2004-09-19,9510,5880.26,0.0,8730.26,91.8,94.39,0.0
2004-09-20,9510,5959.77,0.0,8809.77,92.64,74.34,0.0
2004-09-21,9510,6049.64,0.0,8899.64,93.58,88.15,0.0
2004-09-22,9510,6102.26,0.0,8952.26,94.14,98.33,0.0
2004-09-23,9510,6134.91,0.0,8984.91,94.48,72.98,0.0
2004-09-24,9510,6170.14,0.0,9020.14,94.85,53.65,0.0
2004-09-25,9510,6200.38,0.0,9050.38,95.17,46.67,0.0
2004-09-26,9510,6225.63,0.0,9075.63,95.43,39.72,0.0
2004-09-27,9510,6255.96,0.0,9105.96,95.75,32.77,0.0
2004-09-28,9510,6283.81,0.0,9133.81,96.04,35.88,0.0
2004-09-29,9510,6306.63,0.0,9156.63,96.28,34.13,0.0
2004-09-30,9510,6339.64,0.0,9189.64,96.63,30.17,0.0
2004-10-01,9510,6370.16,0.0,9220.16,96.95,39.58,0.0
2004-10-02,9510,6390.54,0.0,9240.54,97.17,36.34,0.0
2004-10-03,9510,6403.28,0.0,9253.28,97.3,26.17,0.0
2004-10-04,9510,6418.59,0.0,9268.59,97.46,18.35,0.0
2004-10-05,9510,6431.35,0.0,9281.35,97.6,22.83,0.0
2004-10-06,9510,6439.01,0.0,9289.01,97.68,22.02,0.0
2004-10-07,9510,6449.24,0.0,9299.24,97.78,17.15,0.0
2004-10-08,9510,6459.46,0.0,9309.46,97.89,19.71,0.0
2004-10-09,9510,6469.7,0.0,9319.7,98.0,19.67,0.0
2004-10-10,9510,6479.93,0.0,9329.93,98.11,20.62,0.0
2004-10-11,9510,6485.06,0.0,9335.06,98.16,19.63,0.0
2004-10-12,9510,6485.06,0.0,9335.06,98.16,18.99,0.0
2004-10-13,9510,6500.43,0.0,9350.43,98.32,13.46,0.0
2004-10-14,9510,6502.99,0.0,9352.99,98.35,28.18,0.0
2004-10-15,9510,6505.55,0.0,9355.55,98.38,15.78,0.0
2004-10-16,9510,6505.55,0.0,9355.55,98.38,15.69,0.0
2004-10-17,9510,6510.68,0.0,9360.68,98.43,13.07,0.0
2004-10-18,9510,6510.68,0.0,9360.68,98.43,18.08,0.0
2004-10-19,9510,6510.68,0.0,9360.68,98.43,13.79,0.0
2004-10-20,9510,6508.12,0.0,9358.12,98.4,13.66,0.0
2004-10-21,9510,6505.55,0.0,9355.55,98.38,12.93,0.0
2004-10-22,9510,6502.99,0.0,9352.99,98.35,11.94,0.0
2004-10-23,9510,6502.99,0.0,9352.99,98.35,11.76,0.0
2004-10-24,9510,6500.43,0.0,9350.43,98.32,16.38,0.0
2004-10-25,9510,6502.99,0.0,9352.99,98.35,8.11,0.0
2004-10-26,9510,6497.86,0.0,9347.86,98.3,13.93,0.0
2004-10-27,9510,6495.3,0.0,9345.3,98.27,8.81,0.0
2004-10-28,9510,6492.74,0.0,9342.74,98.24,7.36,0.0
2004-10-29,9510,6492.74,0.0,9342.74,98.24,9.85,0.0
2004-10-30,9510,6487.62,0.0,9337.62,98.19,15.87,0.0
2004-10-31,9510,6485.06,0.0,9335.06,98.16,10.72,0.0
2004-11-01,9510,6477.37,0.0,9327.37,98.08,10.46,0.0
2004-11-02,9510,6472.25,0.0,9322.25,98.03,5.92,0.0
2004-11-03,9510,6464.58,0.0,9314.58,97.95,8.54,0.0
2004-11-04,9510,6459.46,0.0,9309.46,97.89,8.32,0.0
2004-11-05,9510,6446.68,0.0,9296.68,97.76,10.83,0.0
2004-11-06,9510,6444.12,0.0,9294.12,97.73,3.25,0.0
2004-11-07,9510,6441.57,0.0,9291.57,97.7,9.37,0.0
2004-11-08,9510,6433.91,0.0,9283.91,97.62,9.47,0.0
2004-11-09,9510,6428.8,0.0,9278.8,97.57,8.21,0.0
2004-11-10,9510,6421.14,0.0,9271.14,97.49,10.79,0.0
2004-11-11,9510,6403.28,0.0,9253.28,97.3,10.26,0.0
2004-11-12,9510,6375.25,0.0,9225.25,97.01,8.62,0.0
2004-11-13,9510,6352.35,0.0,9202.35,96.76,10.38,0.0
2004-11-14,9510,6332.02,0.0,9182.02,96.55,10.14,0.0
2004-11-15,9510,6306.63,0.0,9156.63,96.28,9.74,0.0
2004-11-16,9510,6283.81,0.0,9133.81,96.04,10.63,0.0
2004-11-17,9510,6263.56,0.0,9113.56,95.83,11.27,0.0
2004-11-18,9510,6245.85,0.0,9095.85,95.65,5.32,0.0
2004-11-19,9510,6233.21,0.0,9083.21,95.51,7.17,0.0
2004-11-20,9510,6218.05,0.0,9068.05,95.35,12.8,0.0
2004-11-21,9510,6200.38,0.0,9050.38,95.17,9.99,0.0
2004-11-22,9510,6177.69,0.0,9027.69,94.93,5.8,0.0
2004-11-23,9510,6157.55,0.0,9007.55,94.72,4.19,0.0
2004-11-24,9510,6114.81,0.0,8964.81,94.27,6.75,0.0
2004-11-25,9510,6122.35,0.0,8972.35,94.35,9.29,0.0
2004-11-26,9510,6107.28,0.0,8957.28,94.19,7.04,0.0
2004-11-27,9510,6097.24,0.0,8947.24,94.08,11.32,0.0
2004-11-28,9510,6082.2,0.0,8932.2,93.92,9.18,0.0
2004-11-29,9510,6064.66,0.0,8914.66,93.74,9.37,0.0
2004-11-30,9510,6049.64,0.0,8899.64,93.58,6.09,0.0
2004-12-01,9510,6032.13,0.0,8882.13,93.4,8.67,0.0
2004-12-02,9510,6017.14,0.0,8867.14,93.24,5.57,0.0
2004-12-03,9510,6002.15,0.0,8852.15,93.08,8.69,0.0
2004-12-04,9510,5984.69,0.0,8834.69,92.9,9.39,0.0
2004-12-05,9510,5972.23,0.0,8822.23,92.77,3.09,0.0
2004-12-06,9510,5954.79,0.0,8804.79,92.58,6.83,0.0
2004-12-07,9510,5937.37,0.0,8787.37,92.4,5.42,0.0
2004-12-08,9510,5915.0,0.0,8765.0,92.17,5.48,0.0
2004-12-09,9510,5887.7,0.0,8737.7,91.88,6.42,0.0
2004-12-10,9510,5862.91,0.0,8712.91,91.62,8.18,0.0
2004-12-11,9510,5838.15,0.0,8688.15,91.36,7.28,0.0
2004-12-12,9510,5806.02,0.0,8656.02,91.02,7.97,0.0
2004-12-13,9510,5783.81,0.0,8633.81,90.79,0.0,0.0
2004-12-14,9510,5764.09,0.0,8614.09,90.58,3.88,0.0
2004-12-15,9510,5746.85,0.0,8596.85,90.4,1.25,0.0
2004-12-16,9510,5727.17,0.0,8577.17,90.19,8.91,0.0
2004-12-17,9510,5700.14,0.0,8550.14,89.91,6.73,0.0
2004-12-18,9510,5675.61,0.0,8525.61,89.65,8.59,0.0
2004-12-19,9510,5646.21,0.0,8496.21,89.34,9.28,0.0
2004-12-20,9510,5626.64,0.0,8476.64,89.13,4.24,0.0
2004-12-21,9510,5607.09,0.0,8457.09,88.93,6.79,0.0
2004-12-22,9510,5580.24,0.0,8430.24,88.65,7.56,0.0
2004-12-23,9510,5555.86,0.0,8405.86,88.39,5.75,0.0
2004-12-24,9510,5531.52,0.0,8381.52,88.13,8.51,0.0
2004-12-25,9510,5492.65,0.0,8342.65,87.73,6.91,0.0
2004-12-26,9510,5468.4,0.0,8318.4,87.47,0.0,0.0
2004-12-27,9510,5449.02,0.0,8299.02,87.27,5.14,0.0
2004-12-28,9510,5429.66,0.0,8279.66,87.06,7.3,0.0
2004-12-29,9510,5415.15,0.0,8265.15,86.91,7.08,0.0
2004-12-30,9510,5391.0,0.0,8241.0,86.66,6.94,0.0
2004-12-31,9510,5371.71,0.0,8221.71,86.45,5.38,0.0
2005-01-01,9510,5352.44,0.0,8202.44,86.25,1.73,0.0
2005-01-02,9510,5340.4,0.0,8190.4,86.12,5.37,0.0
2005-01-03,9510,5318.76,0.0,8168.76,85.9,6.73,0.0
2005-01-04,9510,5299.54,0.0,8149.54,85.69,9.94,0.0
2005-01-05,9510,5277.95,0.0,8127.95,85.47,6.32,0.0
2005-01-06,9510,5256.38,0.0,8106.38,85.24,7.05,0.0
2005-01-07,9510,5234.84,0.0,8084.84,85.01,6.72,0.0
2005-01-08,9510,5215.72,0.0,8065.72,84.81,6.14,0.0
2005-01-09,9510,5199.0,0.0,8049.0,84.64,7.08,0.0
2005-01-10,9510,5175.15,0.0,8025.15,84.39,5.12,0.0
2005-01-11,9510,5151.33,0.0,8001.33,84.14,5.26,0.0
2005-01-12,9510,5129.92,0.0,7979.92,83.91,7.38,0.0
2005-01-13,9510,5106.16,0.0,7956.16,83.66,2.99,0.0
2005-01-14,9510,5075.33,0.0,7925.33,83.34,0.84,0.0
2005-01-15,9510,5049.28,0.0,7899.28,83.06,2.77,0.0
2005-01-16,9510,5025.63,0.0,7875.63,82.81,5.07,0.0
2005-01-17,9510,5002.02,0.0,7852.02,82.57,11.13,0.0
2005-01-18,9510,4976.08,0.0,7826.08,82.29,5.92,0.0
2005-01-19,9510,4950.19,0.0,7800.19,82.02,9.45,0.0
2005-01-20,9510,4926.68,0.0,7776.68,81.77,11.3,0.0
2005-01-21,9510,4900.86,0.0,7750.86,81.5,7.22,0.0
2005-01-22,9510,4877.42,0.0,7727.42,81.26,1.72,0.0
2005-01-23,9510,4842.32,0.0,7692.32,80.89,1.93,0.0
2005-01-24,9510,4818.96,0.0,7668.96,80.64,1.53,0.0
2005-01-25,9510,4783.99,0.0,7633.99,80.27,1.83,0.0
2005-01-26,9510,4753.74,0.0,7603.74,79.96,2.16,0.0
2005-01-27,9510,4725.86,0.0,7575.86,79.66,1.46,0.0
2005-01-28,9510,4702.67,0.0,7552.67,79.42,6.47,0.0
2005-01-29,9510,4684.14,0.0,7534.14,79.22,8.35,0.0
2005-01-30,9510,4663.32,0.0,7513.32,79.0,6.1,0.0
2005-01-31,9510,4637.91,0.0,7487.91,78.74,5.42,0.0
2005-02-01,9510,4607.93,0.0,7457.93,78.42,5.52,0.0
2005-02-02,9510,4578.0,0.0,7428.0,78.11,6.16,0.0
2005-02-03,9510,4548.13,0.0,7398.13,77.79,5.97,0.0
2005-02-04,9510,4522.9,0.0,7372.9,77.53,5.61,0.0
2005-02-05,9510,4500.0,0.0,7350.0,77.29,4.87,0.0
2005-02-06,9510,4481.7,0.0,7331.7,77.09,9.28,0.0
2005-02-07,9510,4456.57,0.0,7306.57,76.83,6.55,0.0
2005-02-08,9510,4429.21,0.0,7279.21,76.54,4.09,0.0
2005-02-09,9510,4399.62,0.0,7249.62,76.23,3.21,0.0
2005-02-10,9510,4372.35,0.0,7222.35,75.94,4.65,0.0
2005-02-11,9510,4345.14,0.0,7195.14,75.66,4.14,0.0
2005-02-12,9510,4324.76,0.0,7174.76,75.44,6.98,0.0
2005-02-13,9510,4299.88,0.0,7149.88,75.18,2.88,0.0
2005-02-14,9510,4272.79,0.0,7122.79,74.9,3.79,0.0
2005-02-15,9510,4243.5,0.0,7093.5,74.59,2.2,0.0
2005-02-16,9510,4214.26,0.0,7064.26,74.28,1.88,0.0
2005-02-17,9510,4191.81,0.0,7041.81,74.05,2.36,0.0
2005-02-18,9510,4164.92,0.0,7014.92,73.76,3.08,0.0
2005-02-19,9510,4142.54,0.0,6992.54,73.53,2.86,0.0
2005-02-20,9510,4122.43,0.0,6972.43,73.32,0.09,0.0
2005-02-21,9510,4066.71,0.0,6916.71,72.73,0.0,0.0
2005-02-22,9510,4037.81,0.0,6887.81,72.43,0.33,0.0
2005-02-23,9510,4011.2,0.0,6861.2,72.15,2.83,0.0
2005-02-24,9510,3980.2,0.0,6830.2,71.82,1.37,0.0
2005-02-25,9510,3949.27,0.0,6799.27,71.5,2.66,0.0
2005-02-26,9510,3929.43,0.0,6779.43,71.29,7.51,0.0
2005-02-27,9510,3905.21,0.0,6755.21,71.03,3.58,0.0
2005-02-28,9510,3876.64,0.0,6726.64,70.73,3.88,0.0
2005-03-01,9510,3850.31,0.0,6700.31,70.46,3.88,0.0
2005-03-02,9510,3824.04,0.0,6674.04,70.18,6.25,0.0
2005-03-03,9510,3795.63,0.0,6645.63,69.88,3.46,0.0
2005-03-04,9510,3762.93,0.0,6612.93,69.54,1.11,0.0
2005-03-05,9510,3734.65,0.0,6584.65,69.24,0.66,0.0
2005-03-06,9510,3708.59,0.0,6558.59,68.97,1.55,0.0
2005-03-07,9510,3680.42,0.0,6530.42,68.67,2.05,0.0
2005-03-08,9510,3652.31,0.0,6502.31,68.37,2.1,0.0
2005-03-09,9510,3626.41,0.0,6476.41,68.1,2.4,0.0
2005-03-10,9510,3600.56,0.0,6450.56,67.83,9.54,0.0
2005-03-11,9510,3570.47,0.0,6420.47,67.51,10.37,0.0
2005-03-12,9510,3544.73,0.0,6394.73,67.24,4.59,0.0
2005-03-13,9510,3521.18,0.0,6371.18,66.99,5.28,0.0
2005-03-14,9510,3493.4,0.0,6343.4,66.7,3.03,0.0
2005-03-15,9510,3465.68,0.0,6315.68,66.41,1.41,0.0
2005-03-16,9510,3440.15,0.0,6290.15,66.14,1.59,0.0
2005-03-17,9510,3410.42,0.0,6260.42,65.83,4.18,0.0
2005-03-18,9510,3374.42,0.0,6224.42,65.45,3.5,0.0
2005-03-19,9510,3349.07,0.0,6199.07,65.18,1.02,0.0
2005-03-20,9510,3319.56,0.0,6169.56,64.87,5.08,0.0
2005-03-21,9510,3290.11,0.0,6140.11,64.56,0.57,0.0
2005-03-22,9510,3258.64,0.0,6108.64,64.23,5.06,0.0
2005-03-23,9510,3227.26,0.0,6077.26,63.9,2.69,0.0
2005-03-24,9510,3198.04,0.0,6048.04,63.6,2.81,0.0
2005-03-25,9510,3166.8,0.0,6016.8,63.27,5.95,0.0
2005-03-26,9510,3139.8,0.0,5989.8,62.98,2.29,0.0
2005-03-27,9510,3112.86,0.0,5962.86,62.7,2.69,0.0
2005-03-28,9510,3085.99,0.0,5935.99,62.42,3.85,0.0
2005-03-29,9510,3059.17,0.0,5909.17,62.14,3.88,0.0
2005-03-30,9510,3034.47,0.0,5884.47,61.88,3.76,0.0
2005-03-31,9510,3007.77,0.0,5857.77,61.6,5.47,0.0
2005-04-01,9510,2983.18,0.0,5833.18,61.34,3.59,0.0
2005-04-02,9510,2954.56,0.0,5804.56,61.04,6.56,0.0
2005-04-03,9510,2938.24,0.0,5788.24,60.86,1.6,0.0
2005-04-04,9510,2919.91,0.0,5769.91,60.67,7.59,0.0
2005-04-05,9510,2901.61,0.0,5751.61,60.48,9.73,0.0
2005-04-06,9510,2883.33,0.0,5733.33,60.29,7.47,0.0
2005-04-07,9510,2863.06,0.0,5713.06,60.07,9.7,0.0
2005-04-08,9510,2840.81,0.0,5690.81,59.84,6.21,0.0
2005-04-09,9510,2816.59,0.0,5666.59,59.59,4.43,0.0
2005-04-10,9510,2794.43,0.0,5644.43,59.35,2.45,0.0
2005-04-11,9510,2768.31,0.0,5618.31,59.08,3.73,0.0
2005-04-12,9510,2748.26,0.0,5598.26,58.87,4.4,0.0
2005-04-13,9510,2728.24,0.0,5578.24,58.66,3.26,0.0
2005-04-14,9510,2716.25,0.0,5566.25,58.53,3.17,0.0
2005-04-15,9510,2696.3,0.0,5546.3,58.32,8.66,0.0
2005-04-16,9510,2676.38,0.0,5526.38,58.11,2.71,0.0
2005-04-17,9510,2656.5,0.0,5506.5,57.9,3.54,0.0
2005-04-18,9510,2628.74,0.0,5478.74,57.61,1.73,0.0
2005-04-19,9510,2605.0,0.0,5455.0,57.36,2.2,0.0
2005-04-20,9510,2581.32,0.0,5431.32,57.11,2.94,0.0
2005-04-21,9510,2553.76,0.0,5403.76,56.82,3.33,0.0
2005-04-22,9510,2526.28,0.0,5376.28,56.53,1.05,0.0
2005-04-23,9510,2504.74,0.0,5354.74,56.31,0.06,0.0
2005-04-24,9510,2483.25,0.0,5333.25,56.08,1.88,0.0
2005-04-25,9510,2459.86,0.0,5309.86,55.83,1.69,0.0
2005-04-26,9510,2436.53,0.0,5286.53,55.59,1.31,0.0
2005-04-27,9510,2415.19,0.0,5265.19,55.36,1.41,0.0
2005-04-28,9510,2391.97,0.0,5241.97,55.12,3.6,0.0
2005-04-29,9510,2368.8,0.0,5218.8,54.88,1.86,0.0
2005-04-30,9510,2343.77,0.0,5193.77,54.61,2.35,0.0
2005-05-01,9510,2320.73,0.0,5170.73,54.37,3.57,0.0
2005-05-02,9510,2293.91,0.0,5143.91,54.09,4.71,0.0
2005-05-03,9510,2265.28,0.0,5115.28,53.79,2.68,0.0
2005-05-04,9510,2236.73,0.0,5086.73,53.49,2.04,0.0
2005-05-05,9510,2212.06,0.0,5062.06,53.23,1.83,0.0
2005-05-06,9510,2183.69,0.0,5033.69,52.93,1.54,0.0
2005-05-07,9510,2164.82,0.0,5014.82,52.73,3.7,0.0
2005-05-08,9510,2142.24,0.0,4992.24,52.49,7.43,0.0
2005-05-09,9510,2121.59,0.0,4971.59,52.28,3.08,0.0
2005-05-10,9510,2100.99,0.0,4950.99,52.06,3.3,0.0
2005-05-11,9510,2078.58,0.0,4928.58,51.83,4.44,0.0
2005-05-12,9510,2056.23,0.0,4906.23,51.59,1.52,0.0
2005-05-13,9510,2032.08,0.0,4882.08,51.34,6.84,0.0
2005-05-14,9510,2011.7,0.0,4861.7,51.12,4.68,0.0
2005-05-15,9510,1995.07,0.0,4845.07,50.95,5.54,0.0
2005-05-16,9510,1967.43,0.0,4817.43,50.66,6.23,0.0
2005-05-17,9510,1943.54,0.0,4793.54,50.41,0.78,0.0
2005-05-18,9510,1916.08,0.0,4766.08,50.12,4.29,0.0
2005-05-19,9510,1888.71,0.0,4738.71,49.83,1.65,0.0
2005-05-20,9510,1861.44,0.0,4711.44,49.54,0.99,0.0
2005-05-21,9510,1836.08,0.0,4686.08,49.28,1.27,0.0
2005-05-22,9510,1814.41,0.0,4664.41,49.05,0.0,0.0
2005-05-23,9510,1791.01,0.0,4641.01,48.8,2.66,0.0
2005-05-24,9510,1765.89,0.0,4615.89,48.54,4.44,0.0
2005-05-25,9510,1739.07,0.0,4589.07,48.26,2.66,0.0
2005-05-26,9510,1714.13,0.0,4564.13,47.99,1.69,0.0
2005-05-27,9510,1689.27,0.0,4539.27,47.73,2.91,0.0
2005-05-28,9510,1668.04,0.0,4518.04,47.51,3.54,0.0
2005-05-29,9510,1646.87,0.0,4496.87,47.29,3.18,0.0
2005-05-30,9510,1629.29,0.0,4479.29,47.1,3.28,0.0
2005-05-31,9510,1613.5,0.0,4463.5,46.93,10.13,0.0
2005-06-01,9510,1597.74,0.0,4447.74,46.77,6.62,0.0
2005-06-02,9510,1594.25,0.0,4444.25,46.73,8.17,0.0
2005-06-03,9510,1583.77,0.0,4433.77,46.62,13.76,0.0
2005-06-04,9510,1583.77,0.0,4433.77,46.62,6.93,0.0
2005-06-05,9510,1575.05,0.0,4425.05,46.53,16.07,0.0
2005-06-06,9510,1566.35,0.0,4416.35,46.44,7.58,0.0
2005-06-07,9510,1557.65,0.0,4407.65,46.35,8.88,0.0
2005-06-08,9510,1559.39,0.0,4409.39,46.37,9.06,0.0
2005-06-09,9510,1555.91,0.0,4405.91,46.33,19.58,0.0
2005-06-10,9510,1554.18,0.0,4404.18,46.31,14.18,0.0
2005-06-11,9510,1559.39,0.0,4409.39,46.37,15.4,0.0
2005-06-12,9510,1564.61,0.0,4414.61,46.42,20.29,0.0
2005-06-13,9510,1559.39,0.0,4409.39,46.37,19.82,0.0
2005-06-14,9510,1550.7,0.0,4400.7,46.27,10.8,0.0
2005-06-15,9510,1545.5,0.0,4395.5,46.22,6.45,0.0
2005-06-16,9510,1538.56,0.0,4388.56,46.15,12.45,0.0
2005-06-17,9510,1533.37,0.0,4383.37,46.09,10.3,0.0
2005-06-18,9510,1540.3,0.0,4390.3,46.17,12.82,0.0
2005-06-19,9510,1536.83,0.0,4386.83,46.13,21.46,0.0
2005-06-20,9510,1529.91,0.0,4379.91,46.06,10.59,0.0
2005-06-21,9510,1526.45,0.0,4376.45,46.02,8.84,0.0
2005-06-22,9510,1526.45,0.0,4376.45,46.02,12.42,0.0
2005-06-23,9510,1533.37,0.0,4383.37,46.09,9.28,0.0
2005-06-24,9510,1545.5,0.0,4395.5,46.22,16.66,0.0
2005-06-25,9510,1569.83,0.0,4419.83,46.48,22.24,0.0
2005-06-26,9510,1594.25,0.0,4444.25,46.73,34.67,0.0
2005-06-27,9510,1602.99,0.0,4452.99,46.82,33.25,0.0
2005-06-28,9510,1606.49,0.0,4456.49,46.86,18.87,0.0
2005-06-29,9510,1622.26,0.0,4472.26,47.03,12.93,0.0
2005-06-30,9510,1622.26,0.0,4472.26,47.03,25.81,0.0
2005-07-01,9510,1620.51,0.0,4470.51,47.01,11.02,0.0
2005-07-02,9510,1622.26,0.0,4472.26,47.03,7.88,0.0
2005-07-03,9510,1622.26,0.0,4472.26,47.03,12.12,0.0
2005-07-04,9510,1622.26,0.0,4472.26,47.03,10.17,0.0
2005-07-05,9510,1613.5,0.0,4463.5,46.93,11.81,0.0
2005-07-06,9510,1604.74,0.0,4454.74,46.84,11.69,0.0
2005-07-07,9510,1595.99,0.0,4445.99,46.75,11.43,0.0
2005-07-08,9510,1583.77,0.0,4433.77,46.62,11.56,0.0
2005-07-09,9510,1568.09,0.0,4418.09,46.46,12.44,0.0
2005-07-10,9510,1568.09,0.0,4418.09,46.46,8.95,0.0
2005-07-11,9510,1559.39,0.0,4409.39,46.37,10.62,0.0
2005-07-12,9510,1554.18,0.0,4404.18,46.31,14.97,0.0
2005-07-13,9510,1573.31,0.0,4423.31,46.51,18.28,0.0
2005-07-14,9510,1590.75,0.0,4440.75,46.7,29.16,0.0
2005-07-15,9510,1604.74,0.0,4454.74,46.84,22.57,0.0
2005-07-16,9510,1615.25,0.0,4465.25,46.95,19.72,0.0
2005-07-17,9510,1627.53,0.0,4477.53,47.08,16.72,0.0
2005-07-18,9510,1625.77,0.0,4475.77,47.06,17.88,0.0
2005-07-19,9510,1627.53,0.0,4477.53,47.08,13.12,0.0
2005-07-20,9510,1632.8,0.0,4482.8,47.14,16.86,0.0
2005-07-21,9510,1634.56,0.0,4484.56,47.16,22.31,0.0
2005-07-22,9510,1639.83,0.0,4489.83,47.21,18.31,0.0
2005-07-23,9510,1650.4,0.0,4500.4,47.32,21.54,0.0
2005-07-24,9510,1675.11,0.0,4525.11,47.58,26.98,0.0
2005-07-25,9510,1703.46,0.0,4553.46,47.88,39.46,0.0
2005-07-26,9510,1737.28,0.0,4587.28,48.24,47.51,0.0
2005-07-27,9510,1764.09,0.0,4614.09,48.52,48.29,0.0
2005-07-28,9510,1796.4,0.0,4646.4,48.86,40.48,0.0
2005-07-29,9510,1827.05,0.0,4677.05,49.18,40.69,0.0
2005-07-30,9510,1850.56,0.0,4700.56,49.43,36.56,0.0
2005-07-31,9510,1883.25,0.0,4733.25,49.77,29.25,0.0
2005-08-01,9510,1899.65,0.0,4749.65,49.94,36.44,0.0
2005-08-02,9510,1938.04,0.0,4788.04,50.35,24.24,0.0
2005-08-03,9510,1978.47,0.0,4828.47,50.77,46.16,0.0
2005-08-04,9510,2004.31,0.0,4854.31,51.04,48.73,0.0
2005-08-05,9510,2030.22,0.0,4880.22,51.32,33.69,0.0
2005-08-06,9510,2048.79,0.0,4898.79,51.51,33.8,0.0
2005-08-07,9510,2071.12,0.0,4921.12,51.75,25.2,0.0
2005-08-08,9510,2087.91,0.0,4937.91,51.92,28.81,0.0
2005-08-09,9510,2104.73,0.0,4954.73,52.1,24.67,0.0
2005-08-10,9510,2115.97,0.0,4965.97,52.22,24.65,0.0
2005-08-11,9510,2125.34,0.0,4975.34,52.32,19.22,0.0
2005-08-12,9510,2157.29,0.0,5007.29,52.65,16.46,0.0
2005-08-13,9510,2225.33,0.0,5075.33,53.37,37.49,0.0
2005-08-14,9510,2339.93,0.0,5189.93,54.57,77.54,0.0
2005-08-15,9510,2461.81,0.0,5311.81,55.86,121.0,0.0
2005-08-16,9510,2522.36,0.0,5372.36,56.49,130.98,0.0
2005-08-17,9510,2571.47,0.0,5421.47,57.01,73.46,0.0
2005-08-18,9510,2662.46,0.0,5512.46,57.96,59.66,0.0
2005-08-19,9510,2776.34,0.0,5626.34,59.16,102.77,0.0
2005-08-20,9510,2867.12,0.0,5717.12,60.12,118.7,0.0
2005-08-21,9510,2948.44,0.0,5798.44,60.97,94.27,0.0
2005-08-22,9510,2993.42,0.0,5843.42,61.45,84.43,0.0
2005-08-23,9510,3048.87,0.0,5898.87,62.03,50.35,0.0
2005-08-24,9510,3102.52,0.0,5952.52,62.59,61.71,0.0
2005-08-25,9510,3150.18,0.0,6000.18,63.09,59.26,0.0
2005-08-26,9510,3187.62,0.0,6037.62,63.49,53.42,0.0
2005-08-27,9510,3248.17,0.0,6098.17,64.12,43.27,0.0
2005-08-28,9510,3294.31,0.0,6144.31,64.61,67.44,0.0
2005-08-29,9510,3338.52,0.0,6188.52,65.07,52.2,0.0
2005-08-30,9510,3389.23,0.0,6239.23,65.61,50.6,0.0
2005-08-31,9510,3421.03,0.0,6271.03,65.94,57.48,0.0
2005-09-01,9510,3457.16,0.0,6307.16,66.32,50.03,0.0
2005-09-02,9510,3495.53,0.0,6345.53,66.72,53.96,0.0
2005-09-03,9510,3538.3,0.0,6388.3,67.17,56.43,0.0
2005-09-04,9510,3609.17,0.0,6459.17,67.92,48.83,0.0
2005-09-05,9510,3660.95,0.0,6510.95,68.46,76.69,0.0
2005-09-06,9510,3702.08,0.0,6552.08,68.9,56.09,0.0
2005-09-07,9510,3758.57,0.0,6608.57,69.49,47.22,0.0
2005-09-08,9510,3819.67,0.0,6669.67,70.13,62.4,0.0
2005-09-09,9510,3870.05,0.0,6720.05,70.66,66.92,0.0
2005-09-10,9510,3920.61,0.0,6770.61,71.19,53.38,0.0
2005-09-11,9510,3973.57,0.0,6823.57,71.75,53.83,0.0
2005-09-12,9510,4022.28,0.0,6872.28,72.26,56.25,0.0
2005-09-13,9510,4071.16,0.0,6921.16,72.78,51.36,0.0
2005-09-14,9510,4115.73,0.0,6965.73,73.25,49.61,0.0
2005-09-15,9510,4147.01,0.0,6997.01,73.58,48.36,0.0
2005-09-16,9510,4182.84,0.0,7032.84,73.95,35.58,0.0
2005-09-17,9510,4203.03,0.0,7053.03,74.16,40.06,0.0
2005-09-18,9510,4230.0,0.0,7080.0,74.45,23.93,0.0
2005-09-19,9510,4290.85,0.0,7140.85,75.09,30.53,0.0
2005-09-20,9510,4413.27,0.0,7263.27,76.38,61.59,0.0
2005-09-21,9510,4509.15,0.0,7359.15,77.38,123.17,0.0
2005-09-22,9510,4584.9,0.0,7434.9,78.18,96.63,0.0
2005-09-23,9510,4644.83,0.0,7494.83,78.81,76.51,0.0
2005-09-24,9510,4691.09,0.0,7541.09,79.3,60.69,0.0
2005-09-25,9510,4742.12,0.0,7592.12,79.83,47.02,0.0
2005-09-26,9510,4779.33,0.0,7629.33,80.22,54.66,0.0
2005-09-27,9510,4809.63,0.0,7659.63,80.54,42.44,0.0
2005-09-28,9510,4926.68,0.0,7776.68,81.77,35.19,0.0
2005-09-29,9510,5039.82,0.0,7889.82,82.96,117.83,0.0
2005-09-30,9510,5165.62,0.0,8015.62,84.29,113.92,0.0
2005-10-01,9510,5253.99,0.0,8103.99,85.22,126.59,0.0
2005-10-02,9510,5323.56,0.0,8173.56,85.95,89.68,0.0
2005-10-03,9510,5376.53,0.0,8226.53,86.5,70.37,0.0
2005-10-04,9510,5432.08,0.0,8282.08,87.09,57.59,0.0
2005-10-05,9510,5470.82,0.0,8320.82,87.5,59.84,0.0
2005-10-06,9510,5502.36,0.0,8352.36,87.83,43.01,0.0
2005-10-07,9510,5533.96,0.0,8383.96,88.16,35.94,0.0
2005-10-08,9510,5560.74,0.0,8410.74,88.44,35.92,0.0
2005-10-09,9510,5585.12,0.0,8435.12,88.7,31.4,0.0
2005-10-10,9510,5607.09,0.0,8457.09,88.93,28.68,0.0
2005-10-11,9510,5624.19,0.0,8474.19,89.11,27.79,0.0
2005-10-12,9510,5641.31,0.0,8491.31,89.29,22.96,0.0
2005-10-13,9510,5658.45,0.0,8508.45,89.47,22.93,0.0
2005-10-14,9510,5675.61,0.0,8525.61,89.65,23.03,0.0
2005-10-15,9510,5692.78,0.0,8542.78,89.83,23.03,0.0
2005-10-16,9510,5705.05,0.0,8555.05,89.96,23.12,0.0
2005-10-17,9510,5717.34,0.0,8567.34,90.09,18.03,0.0
2005-10-18,9510,5727.17,0.0,8577.17,90.19,18.11,0.0
2005-10-19,9510,5739.47,0.0,8589.47,90.32,15.78,0.0
2005-10-20,9510,5741.93,0.0,8591.93,90.35,18.08,0.0
2005-10-21,9510,5744.39,0.0,8594.39,90.37,17.19,0.0
2005-10-22,9510,5744.39,0.0,8594.39,90.37,18.93,0.0
2005-10-23,9510,5754.24,0.0,8604.24,90.48,15.19,0.0
2005-10-24,9510,5754.24,0.0,8604.24,90.48,15.72,0.0
2005-10-25,9510,5764.09,0.0,8614.09,90.58,14.59,0.0
2005-10-26,9510,5759.16,0.0,8609.16,90.53,24.62,0.0
2005-10-27,9510,5759.16,0.0,8609.16,90.53,8.94,0.0
2005-10-28,9510,5751.78,0.0,8601.78,90.45,14.47,0.0
2005-10-29,9510,5749.31,0.0,8599.31,90.42,6.63,0.0
2005-10-30,9510,5754.24,0.0,8604.24,90.48,12.59,0.0
2005-10-31,9510,5759.16,0.0,8609.16,90.53,19.48,0.0
2005-11-01,9510,5766.55,0.0,8616.55,90.61,14.18,0.0
2005-11-02,9510,5771.48,0.0,8621.48,90.66,16.75,0.0
2005-11-03,9510,5773.95,0.0,8623.95,90.68,15.15,0.0
2005-11-04,9510,5771.48,0.0,8621.48,90.66,12.54,0.0
2005-11-05,9510,5769.02,0.0,8619.02,90.63,11.43,0.0
2005-11-06,9510,5771.48,0.0,8621.48,90.66,11.17,0.0
2005-11-07,9510,5769.02,0.0,8619.02,90.63,16.06,0.0
2005-11-08,9510,5769.02,0.0,8619.02,90.63,11.4,0.0
2005-11-09,9510,5773.95,0.0,8623.95,90.68,13.63,0.0
2005-11-10,9510,5778.88,0.0,8628.88,90.73,15.11,0.0
2005-11-11,9510,5776.41,0.0,8626.41,90.71,14.34,0.0
2005-11-12,9510,5778.88,0.0,8628.88,90.73,11.26,0.0
2005-11-13,9510,5776.41,0.0,8626.41,90.71,16.23,0.0
2005-11-14,9510,5778.88,0.0,8628.88,90.73,11.05,0.0
2005-11-15,9510,5773.95,0.0,8623.95,90.68,11.38,0.0
2005-11-16,9510,5766.55,0.0,8616.55,90.61,10.96,0.0
2005-11-17,9510,5766.55,0.0,8616.55,90.61,8.83,0.0
2005-11-18,9510,5766.55,0.0,8616.55,90.61,9.5,0.0
2005-11-19,9510,5764.09,0.0,8614.09,90.58,9.45,0.0
2005-11-20,9510,5759.16,0.0,8609.16,90.53,6.75,0.0
2005-11-21,9510,5756.7,0.0,8606.7,90.5,4.65,0.0
2005-11-22,9510,5766.55,0.0,8616.55,90.61,6.43,0.0
2005-11-23,9510,5764.09,0.0,8614.09,90.58,18.77,0.0
2005-11-24,9510,5764.09,0.0,8614.09,90.58,6.42,0.0
2005-11-25,9510,5764.09,0.0,8614.09,90.58,8.96,0.0
2005-11-26,9510,5764.09,0.0,8614.09,90.58,8.82,0.0
2005-11-27,9510,5766.55,0.0,8616.55,90.61,8.13,0.0
2005-11-28,9510,5766.55,0.0,8616.55,90.61,9.93,0.0
2005-11-29,9510,5759.16,0.0,8609.16,90.53,8.67,0.0
2005-11-30,9510,5756.7,0.0,8606.7,90.5,1.67,0.0
2005-12-01,9510,5746.85,0.0,8596.85,90.4,6.69,0.0
2005-12-02,9510,5739.47,0.0,8589.47,90.32,5.07,0.0
2005-12-03,9510,5734.55,0.0,8584.55,90.27,7.65,0.0
2005-12-04,9510,5727.17,0.0,8577.17,90.19,10.31,0.0
2005-12-05,9510,5722.25,0.0,8572.25,90.14,7.24,0.0
2005-12-06,9510,5705.05,0.0,8555.05,89.96,6.0,0.0
2005-12-07,9510,5687.87,0.0,8537.87,89.78,0.9,0.0
2005-12-08,9510,5673.16,0.0,8523.16,89.62,3.83,0.0
2005-12-09,9510,5660.9,0.0,8510.9,89.49,5.9,0.0
2005-12-10,9510,5648.66,0.0,8498.66,89.37,8.73,0.0
2005-12-11,9510,5638.87,0.0,8488.87,89.26,8.93,0.0
2005-12-12,9510,5621.75,0.0,8471.75,89.08,9.62,0.0
2005-12-13,9510,5597.32,0.0,8447.32,88.83,5.91,0.0
2005-12-14,9510,5577.8,0.0,8427.8,88.62,2.89,0.0
2005-12-15,9510,5558.3,0.0,8408.3,88.42,7.19,0.0
2005-12-16,9510,5538.82,0.0,8388.82,88.21,8.0,0.0
2005-12-17,9510,5531.52,0.0,8381.52,88.13,4.39,0.0
2005-12-18,9510,5507.22,0.0,8357.22,87.88,18.43,0.0
2005-12-19,9510,5490.22,0.0,8340.22,87.7,1.31,0.0
2005-12-20,9510,5473.24,0.0,8323.24,87.52,3.51,0.0
2005-12-21,9510,5456.28,0.0,8306.28,87.34,7.09,0.0
2005-12-22,9510,5436.91,0.0,8286.91,87.14,7.12,0.0
2005-12-23,9510,5417.57,0.0,8267.57,86.94,4.76,0.0
2005-12-24,9510,5395.83,0.0,8245.83,86.71,4.71,0.0
2005-12-25,9510,5378.94,0.0,8228.94,86.53,1.55,0.0
2005-12-26,9510,5357.25,0.0,8207.25,86.3,2.61,0.0
2005-12-27,9510,5340.4,0.0,8190.4,86.12,5.95,0.0
2005-12-28,9510,5321.16,0.0,8171.16,85.92,11.02,0.0
2005-12-29,9510,5299.54,0.0,8149.54,85.69,11.53,0.0
2005-12-30,9510,5275.55,0.0,8125.55,85.44,8.11,0.0
2005-12-31,9510,5251.59,0.0,8101.59,85.19,6.81,0.0
2006-01-01,9510,5251.59,156.34,8082.45,84.99,10.49,29.36
2006-01-02,9510,5232.45,156.26,8056.16,84.71,3.76,28.76
2006-01-03,9510,5206.16,156.15,8039.46,84.54,8.83,29.18
2006-01-04,9510,5189.46,156.08,8013.23,84.26,5.05,24.66
2006-01-05,9510,5163.23,155.97,7987.05,83.99,7.28,30.41
2006-01-06,9510,5137.05,155.86,7965.66,83.76,9.87,32.59
2006-01-07,9510,5115.66,155.77,7944.3,83.54,3.61,30.39
2006-01-08,9510,5094.3,155.68,7925.33,83.34,4.37,24.1
2006-01-09,9510,5075.33,155.6,7901.64,83.09,3.65,22.48
2006-01-10,9510,5051.64,155.5,7882.72,82.89,6.67,26.48
2006-01-11,9510,5032.72,155.42,7863.82,82.69,8.3,24.73
2006-01-12,9510,5013.82,155.34,7844.94,82.49,7.19,26.34
2006-01-13,9510,4994.94,155.26,7826.08,82.29,6.31,25.21
2006-01-14,9510,4976.08,155.18,7797.83,82.0,1.22,26.66
2006-01-15,9510,4947.83,155.06,7776.68,81.77,3.85,23.9
2006-01-16,9510,4926.68,154.97,7750.86,81.5,1.96,26.51
2006-01-17,9510,4900.86,154.86,7727.42,81.26,4.71,26.93
2006-01-18,9510,4877.42,154.76,7706.35,81.03,5.47,27.3
2006-01-19,9510,4856.35,154.67,7682.97,80.79,2.49,25.59
2006-01-20,9510,4832.97,154.57,7664.3,80.59,7.13,25.02
2006-01-21,9510,4814.3,154.49,7645.64,80.4,7.06,24.95
2006-01-22,9510,4795.64,154.41,7624.68,80.18,4.63,24.87
2006-01-23,9510,4774.68,154.32,7606.06,79.98,7.27,24.75
2006-01-24,9510,4756.06,154.24,7587.47,79.78,7.18,25.05
2006-01-25,9510,4737.47,154.16,7564.26,79.54,2.74,24.93
2006-01-26,9510,4714.26,154.06,7543.4,79.32,4.88,25.11
2006-01-27,9510,4693.4,153.97,7522.57,79.1,5.29,24.9
2006-01-28,9510,4672.57,153.88,7499.45,78.86,2.06,25.28
2006-01-29,9510,4649.45,153.78,7478.68,78.64,4.94,24.34
2006-01-30,9510,4628.68,153.69,7457.93,78.42,4.34,24.88
2006-01-31,9510,4607.93,153.6,7439.5,78.23,6.65,24.26
2006-02-01,9510,4589.5,153.52,7418.8,78.01,2.05,24.25
2006-02-02,9510,4568.8,153.43,7391.25,77.72,2.25,23.91
2006-02-03,9510,4541.25,153.31,7370.61,77.5,2.48,24.1
2006-02-04,9510,4520.61,153.22,7350.0,77.29,4.37,24.29
2006-02-05,9510,4500.0,153.13,7327.13,77.05,2.08,23.86
2006-02-06,9510,4477.13,153.03,7302.01,76.78,6.44,23.83
2006-02-07,9510,4452.01,152.92,7281.49,76.57,10.32,30.44
2006-02-08,9510,4431.49,152.83,7254.17,76.28,4.18,29.73
2006-02-09,9510,4404.17,152.71,7229.17,76.02,6.25,30.39
2006-02-10,9510,4379.17,152.6,7201.94,75.73,4.48,30.14
2006-02-11,9510,4351.94,152.48,7174.76,75.44,5.25,23.73
2006-02-12,9510,4324.76,152.36,7152.14,75.21,4.35,31.33
2006-02-13,9510,4302.14,152.26,7129.56,74.97,5.93,25.87
2006-02-14,9510,4279.56,152.16,7093.5,74.59,2.0,31.92
2006-02-15,9510,4243.5,152.0,7066.51,74.31,6.99,32.45
2006-02-16,9510,4216.51,151.88,7039.57,74.02,6.31,32.89
2006-02-17,9510,4189.57,151.76,7012.68,73.74,6.62,32.16
2006-02-18,9510,4162.68,151.64,6990.3,73.5,1.85,32.42
2006-02-19,9510,4140.3,151.54,6956.8,73.15,1.39,27.61
2006-02-20,9510,4106.8,151.39,6927.83,72.85,1.13,27.09
2006-02-21,9510,4077.83,151.26,6903.36,72.59,8.08,31.26
2006-02-22,9510,4053.36,151.15,6881.16,72.36,9.98,31.47
2006-02-23,9510,4031.16,151.05,6850.12,72.03,1.31,31.1
2006-02-24,9510,4000.12,150.91,6821.36,71.73,3.31,31.27
2006-02-25,9510,3971.36,150.78,6799.27,71.5,6.01,31.0
2006-02-26,9510,3949.27,150.68,6772.82,71.22,2.1,27.03
2006-02-27,9510,3922.82,150.56,6746.41,70.94,5.83,27.48
2006-02-28,9510,3896.41,150.44,6715.66,70.62,1.18,31.17
2006-03-01,9510,3865.66,150.3,6689.36,70.34,1.18,30.87
2006-03-02,9510,3839.36,150.18,6660.92,70.04,4.65,29.88
2006-03-03,9510,3810.92,150.05,6632.54,69.74,3.49,30.87
2006-03-04,9510,3782.54,149.92,6604.22,69.44,3.35,30.67
2006-03-05,9510,3754.22,149.79,6582.47,69.22,1.8,26.88
2006-03-06,9510,3732.47,149.69,6556.42,68.94,3.58,26.45
2006-03-07,9510,3706.42,149.57,6530.42,68.67,5.2,20.2
2006-03-08,9510,3680.42,149.45,6506.63,68.42,4.23,29.18
2006-03-09,9510,3656.63,149.34,6476.41,68.1,7.1,29.84
2006-03-10,9510,3626.41,149.2,6450.56,67.83,1.22,30.39
2006-03-11,9510,3600.56,149.08,6426.91,67.58,3.5,30.46
2006-03-12,9510,3576.91,148.97,6388.3,67.17,1.22,25.97
2006-03-13,9510,3538.3,148.79,6356.21,66.84,1.76,30.75
2006-03-14,9510,3506.21,148.64,6326.34,66.52,1.16,34.36
2006-03-15,9510,3476.34,148.5,6296.53,66.21,2.12,33.1
2006-03-16,9510,3446.53,148.36,6266.79,65.9,4.4,33.18
2006-03-17,9510,3416.79,148.22,6237.11,65.58,4.33,33.04
2006-03-18,9510,3387.11,148.08,6213.85,65.34,5.35,34.01
2006-03-19,9510,3363.85,147.97,6192.74,65.12,3.14,25.38
2006-03-20,9510,3342.74,147.87,6161.14,64.79,2.6,24.8
2006-03-21,9510,3311.14,147.72,6135.91,64.52,1.18,27.55
2006-03-22,9510,3285.91,147.6,6108.64,64.23,1.46,27.77
2006-03-23,9510,3258.64,147.47,6079.35,63.93,4.38,30.64
2006-03-24,9510,3229.35,147.33,6052.21,63.64,2.58,30.86
2006-03-25,9510,3202.21,147.2,6027.21,63.38,4.06,30.19
2006-03-26,9510,3177.21,147.08,6004.33,63.14,4.2,30.29
2006-03-27,9510,3154.33,146.97,5979.43,62.88,1.94,23.8
2006-03-28,9510,3129.43,146.85,5935.99,62.42,0.09,28.13
2006-03-29,9510,3085.99,146.64,5902.99,62.07,1.8,33.9
2006-03-30,9510,3052.99,146.48,5876.25,61.79,1.72,33.74
2006-03-31,9510,2995.47,146.2,5845.47,61.47,3.37,31.26
2006-04-01,9510,2995.47,146.2,5825.0,61.25,1.47,31.26
2006-04-02,9510,2975.0,146.1,5800.48,60.99,9.88,29.2
2006-04-03,9510,2950.48,145.98,5778.05,60.76,3.87,27.25
2006-04-04,9510,2928.05,145.87,5749.57,60.46,5.65,26.94
2006-04-05,9510,2899.57,145.73,5719.14,60.14,3.85,31.19
2006-04-06,9510,2869.14,145.58,5688.79,59.82,3.19,32.48
2006-04-07,9510,2838.79,145.43,5658.53,59.5,3.21,32.43
2006-04-08,9510,2808.53,145.28,5634.38,59.25,2.03,31.16
2006-04-09,9510,2784.38,145.16,5614.3,59.04,2.04,27.07
2006-04-10,9510,2764.3,145.06,5572.24,58.59,1.87,26.85
2006-04-11,9510,2722.24,144.85,5542.31,58.28,1.0,31.91
2006-04-12,9510,2692.31,144.7,5516.44,58.01,0.98,31.79
2006-04-13,9510,2666.44,144.57,5492.61,57.76,2.15,26.91
2006-04-14,9510,2642.61,144.45,5466.86,57.49,5.09,27.81
2006-04-15,9510,2616.86,144.32,5445.13,57.26,5.28,29.92
2006-04-16,9510,2595.13,144.21,5419.5,56.99,4.38,25.01
2006-04-17,9510,2569.5,144.08,5395.9,56.74,4.99,29.52
2006-04-18,9510,2545.9,143.96,5368.45,56.45,4.47,26.97
2006-04-19,9510,2518.45,143.82,5341.06,56.16,4.03,30.39
2006-04-20,9510,2491.06,143.68,5315.71,55.9,4.82,31.12
2006-04-21,9510,2465.71,143.55,5286.53,55.59,6.45,30.71
2006-04-22,9510,2436.53,143.4,5265.19,55.36,5.63,33.72
2006-04-23,9510,2415.19,143.29,5249.7,55.2,9.55,29.81
2006-04-24,9510,2399.7,143.21,5220.73,54.9,10.93,25.34
2006-04-25,9510,2370.73,143.06,5195.7,54.63,1.19,29.08
2006-04-26,9510,2345.7,142.93,5176.48,54.43,5.43,29.39
2006-04-27,9510,2326.48,142.83,5153.48,54.19,9.66,27.81
2006-04-28,9510,2303.48,142.71,5138.18,54.03,5.52,27.45
2006-04-29,9510,2288.18,142.63,5124.81,53.89,13.44,27.67
2006-04-30,9510,11.38,142.56,5113.37,53.77,11.38,871.84
2006-05-01,9510,2263.37,142.5,5105.75,53.69,13.54,23.92
2006-05-02,9510,2255.75,142.46,5090.53,53.53,13.08,19.65
2006-05-03,9510,2240.53,142.38,5077.23,53.39,10.53,24.7
2006-05-04,9510,2227.23,142.31,5062.06,53.23,6.52,18.77
2006-05-05,9510,2212.06,142.23,5045.03,53.05,4.88,19.0
2006-05-06,9510,2195.03,142.14,5028.02,52.87,3.85,19.83
2006-05-07,9510,2178.02,142.05,5009.17,52.67,3.71,19.68
2006-05-08,9510,2159.17,141.95,4992.24,52.49,1.86,19.67
2006-05-09,9510,2142.24,141.86,4977.22,52.34,3.47,19.36
2006-05-10,9510,2127.22,141.78,4958.48,52.14,5.66,19.64
2006-05-11,9510,2108.48,141.68,4947.25,52.02,1.74,19.44
2006-05-12,9510,2097.25,141.62,4936.04,51.9,7.25,17.45
2006-05-13,9510,2086.04,141.56,4921.12,51.75,5.91,16.09
2006-05-14,9510,2071.12,141.48,4915.53,51.69,4.13,18.02
2006-05-15,9510,2065.53,141.45,4911.81,51.65,11.08,15.64
2006-05-16,9510,2061.81,141.43,4915.53,51.69,11.43,14.12
2006-05-17,9510,2065.53,141.45,4913.67,51.67,13.43,8.68
2006-05-18,9510,2063.67,141.44,4911.81,51.65,7.8,8.63
2006-05-19,9510,2061.81,141.43,4902.51,51.55,7.25,8.08
2006-05-20,9510,2052.51,141.38,4896.93,51.49,0.56,8.83
2006-05-21,9510,2046.93,141.35,4898.79,51.51,4.22,8.77
2006-05-22,9510,2048.79,141.36,4913.67,51.67,11.65,8.76
2006-05-23,9510,2063.67,141.44,5024.25,52.83,24.55,8.64
2006-05-24,9510,2174.25,142.03,5096.23,53.59,111.62,0.0
2006-05-25,9510,2246.23,142.41,5130.54,53.95,73.03,0.0
2006-05-26,9510,2280.54,142.59,5157.31,54.23,35.37,0.0
2006-05-27,9510,2307.31,142.73,5164.97,54.31,31.06,3.23
2006-05-28,9510,2314.97,142.77,5168.81,54.35,13.94,5.22
2006-05-29,9510,9.96,142.79,5168.81,54.35,9.97,311.18
2006-05-30,9510,2318.81,142.79,5170.73,54.37,6.33,5.27
2006-05-31,9510,2320.73,142.8,5174.56,54.41,10.94,7.96
2006-06-01,9510,2324.56,142.82,5186.08,54.53,11.08,6.19
2006-06-02,9510,2336.08,142.88,5191.85,54.59,18.81,6.49
2006-06-03,9510,2341.85,142.91,5195.7,54.63,12.53,5.96
2006-06-04,9510,2345.7,142.93,5203.39,54.71,10.8,6.15
2006-06-05,9510,2353.39,142.97,5207.24,54.76,13.5,5.01
2006-06-06,9510,2357.24,142.99,5209.17,54.78,9.74,5.09
2006-06-07,9510,2359.17,143.0,5213.02,54.82,7.78,5.05
2006-06-08,9510,2363.02,143.02,5220.73,54.9,9.69,5.04
2006-06-09,9510,2370.73,143.06,5213.02,54.82,13.47,4.96
2006-06-10,9510,2363.02,143.02,5207.24,54.76,6.08,12.99
2006-06-11,9510,2357.24,142.99,5199.54,54.67,8.06,13.04
2006-06-12,9510,2349.54,142.95,5193.77,54.61,6.22,13.12
2006-06-13,9510,2343.77,142.92,5184.16,54.51,8.53,13.5
2006-06-14,9510,2334.16,142.87,5176.48,54.43,5.47,14.28
2006-06-15,9510,2326.48,142.83,5166.89,54.33,6.21,13.09
2006-06-16,9510,2316.89,142.78,5159.23,54.25,4.07,12.87
2006-06-17,9510,2309.23,142.74,5149.65,54.15,6.37,13.24
2006-06-18,9510,2299.65,142.69,5149.65,54.15,4.34,13.13
2006-06-19,9510,2299.65,142.69,5142.0,54.07,5.8,5.01
2006-06-20,9510,2292.0,142.65,5140.09,54.05,6.77,13.63
2006-06-21,9510,2290.09,142.64,5121.0,53.85,12.52,13.64
2006-06-22,9510,2271.0,142.54,5121.0,53.85,7.02,13.87
2006-06-23,9510,2271.0,142.54,5121.0,53.85,6.71,17.37
2006-06-24,9510,2271.0,142.54,5122.9,53.87,17.7,16.91
2006-06-25,9510,2272.9,142.55,5128.63,53.93,14.74,12.05
2006-06-26,9510,2278.63,142.58,5136.27,54.01,11.59,5.07
2006-06-27,9510,2286.27,142.62,5143.91,54.09,13.51,5.08
2006-06-28,9510,2293.91,142.66,5147.74,54.13,13.44,5.01
2006-06-29,9510,2297.74,142.68,5147.74,54.13,10.61,5.99
2006-06-30,9510,2297.74,142.68,5149.65,54.15,7.21,6.42
2006-07-01,9510,2299.65,142.69,5151.57,54.17,7.95,5.25
2006-07-02,9510,2301.57,142.7,5157.31,54.23,7.56,4.99
2006-07-03,9510,2307.31,142.73,5159.23,54.25,11.36,4.97
2006-07-04,9510,2309.23,142.74,5163.06,54.29,9.77,7.2
2006-07-05,9510,2313.06,142.76,5164.97,54.31,11.54,7.06
2006-07-06,9510,2314.97,142.77,5168.81,54.35,9.57,7.01
2006-07-07,9510,2318.81,142.79,5176.48,54.43,11.55,7.06
2006-07-08,9510,2326.48,142.83,5189.93,54.57,15.56,7.24
2006-07-09,9510,2339.93,142.9,5201.47,54.69,20.03,5.93
2006-07-10,9510,2351.47,142.96,5209.17,54.78,18.54,6.35
2006-07-11,9510,2359.17,143.0,5216.88,54.86,15.1,6.74
2006-07-12,9510,2366.88,143.04,5226.52,54.96,14.53,6.16
2006-07-13,9510,2376.52,143.09,5230.38,55.0,18.21,7.91
2006-07-14,9510,2380.38,143.11,5236.17,55.06,12.41,7.89
2006-07-15,9510,2386.17,143.14,5241.97,55.12,14.46,8.01
2006-07-16,9510,2391.97,143.17,5245.84,55.16,13.26,6.8
2006-07-17,9510,2395.84,143.19,5247.77,55.18,12.55,8.02
2006-07-18,9510,2397.77,143.2,5251.64,55.22,10.79,8.2
2006-07-19,9510,2401.64,143.22,5263.25,55.34,12.46,7.93
2006-07-20,9510,2413.25,143.28,5290.42,55.63,20.5,8.23
2006-07-21,9510,2440.42,143.42,5309.86,55.83,36.27,8.44
2006-07-22,9510,2459.86,143.52,5327.4,56.02,25.14,5.04
2006-07-23,9510,2477.4,143.61,5356.7,56.33,23.75,5.55
2006-07-24,9510,2506.7,143.76,5374.32,56.51,35.81,5.84
2006-07-25,9510,2524.32,143.85,5401.8,56.8,27.26,8.97
2006-07-26,9510,2551.8,143.99,5423.44,57.03,36.77,8.62
2006-07-27,9510,2573.44,144.1,5476.76,57.59,30.66,8.35
2006-07-28,9510,2626.76,144.37,5528.37,58.13,61.96,7.97
2006-07-29,9510,2678.37,144.63,5570.25,58.57,60.46,8.17
2006-07-30,9510,2720.25,144.84,5602.26,58.91,49.56,7.0
2006-07-31,9510,2752.26,145.0,5634.38,59.25,39.68,6.99
2006-08-01,9510,2784.38,145.16,5658.53,59.5,40.71,7.9
2006-08-02,9510,2808.53,145.28,5690.81,59.84,32.93,8.16
2006-08-03,9510,2840.81,145.44,5719.14,60.14,41.68,8.78
2006-08-04,9510,2869.14,145.58,5767.87,60.65,37.4,8.45
2006-08-05,9510,2917.87,145.82,5808.65,61.08,57.83,8.47
2006-08-06,9510,2958.65,146.02,5845.47,61.47,48.55,7.14
2006-08-07,9510,2995.47,146.2,5876.25,61.79,44.63,7.18
2006-08-08,9510,3026.25,146.5,5900.93,62.05,39.45,8.04
2006-08-09,9510,3050.93,146.47,5960.79,62.68,33.33,8.02
2006-08-10,9510,3110.79,146.76,6016.8,63.27,68.49,7.99
2006-08-11,9510,3166.8,147.03,6054.29,63.66,64.69,8.04
2006-08-12,9510,3204.29,147.21,6079.35,63.93,46.32,8.19
2006-08-13,9510,3229.35,147.33,6102.36,64.17,32.54,6.83
2006-08-14,9510,3252.36,147.44,6163.24,64.81,30.51,6.85
2006-08-15,9510,3313.24,147.73,6201.18,65.21,68.44,6.91
2006-08-16,9510,3351.18,147.91,6241.35,65.63,46.55,7.96
2006-08-17,9510,3391.35,148.1,6268.91,65.92,49.26,8.43
2006-08-18,9510,3418.91,148.23,6300.78,66.25,36.31,8.09
2006-08-19,9510,3450.78,148.38,6358.35,66.86,40.76,8.23
2006-08-20,9510,3508.35,148.65,6448.41,67.81,65.36,7.13
2006-08-21,9510,3598.41,149.07,6586.82,69.26,97.82,7.09
2006-08-22,9510,3736.82,149.71,6766.21,71.15,144.12,5.03
2006-08-23,9510,3916.21,150.53,6954.57,73.13,185.02,4.94
2006-08-24,9510,4104.57,151.38,7084.5,74.5,198.04,8.98
2006-08-25,9510,4234.5,151.96,7165.71,75.35,139.61,8.98
2006-08-26,9510,4315.71,152.32,7265.54,76.4,96.75,14.83
2006-08-27,9510,4415.54,152.76,7354.57,77.34,112.55,12.01
2006-08-28,9510,4504.57,153.15,7434.9,78.18,101.7,11.95
2006-08-29,9510,4584.9,153.5,7492.53,78.79,95.47,14.42
2006-08-30,9510,4642.53,153.75,7592.12,79.83,72.42,14.06
2006-08-31,9510,4742.12,154.18,7706.35,81.03,108.25,7.93
2006-09-01,9510,4856.35,154.67,7847.3,82.52,119.87,4.9
2006-09-02,9510,4997.3,155.27,7944.3,83.54,141.73,0.0
2006-09-03,9510,5094.3,155.68,8010.85,84.24,97.79,0.0
2006-09-04,9510,5160.85,155.96,8072.89,84.89,67.34,0.0
2006-09-05,9510,5222.89,156.22,8111.17,85.29,62.83,0.0
2006-09-06,9510,5261.17,156.38,8144.74,85.64,42.37,3.29
2006-09-07,9510,5297.14,156.53,8195.21,86.17,41.33,4.56
2006-09-08,9510,5345.21,156.73,8228.94,86.53,56.69,7.82
2006-09-09,9510,5378.94,156.87,8257.9,86.83,44.4,9.87
2006-09-10,9510,5407.9,156.99,8296.6,87.24,39.61,9.85
2006-09-11,9510,5446.6,157.15,8328.09,87.57,49.58,10.07
2006-09-12,9510,5478.09,157.28,8376.66,88.08,41.67,9.37
2006-09-13,9510,5526.66,157.48,8413.17,88.47,61.51,12.13
2006-09-14,9510,5563.17,157.63,8418.05,88.52,52.22,14.9
2006-09-15,9510,5568.05,157.65,8432.68,88.67,24.92,19.23
2006-09-16,9510,5582.68,157.71,8459.53,88.95,30.49,15.04
2006-09-17,9510,5609.53,157.82,8481.53,89.19,42.46,14.79
2006-09-18,9510,5631.53,157.91,8498.66,89.37,37.45,14.63
2006-09-19,9510,5648.66,157.98,8515.8,89.55,32.89,14.94
2006-09-20,9510,5665.8,158.05,8559.97,90.01,32.96,15.0
2006-09-21,9510,5709.97,158.23,8626.41,90.71,59.82,14.83
2006-09-22,9510,5776.41,158.5,8705.48,91.54,82.31,15.04
2006-09-23,9510,5855.48,158.82,8769.97,92.22,95.37,15.47
2006-09-24,9510,5919.97,159.08,8817.24,92.72,65.33,0.0
2006-09-25,9510,5967.24,159.27,8847.16,93.03,52.99,4.88
2006-09-26,9510,5997.16,159.39,8877.13,93.35,35.64,4.88
2006-09-27,9510,6027.13,159.51,8899.64,93.58,35.65,4.84
2006-09-28,9510,6049.64,159.6,8922.17,93.82,28.35,5.0
2006-09-29,9510,6072.17,159.69,8942.23,94.03,28.29,4.91
2006-09-30,9510,6092.23,159.77,8962.3,94.24,25.96,5.05
2006-10-01,9510,6112.3,159.85,8977.37,94.4,25.55,4.63
2006-10-02,9510,6127.37,159.91,8987.43,94.5,20.74,4.83
2006-10-03,9510,6137.43,159.95,9010.07,94.74,15.86,4.97
2006-10-04,9510,6160.07,160.04,9027.69,94.93,28.48,5.0
2006-10-05,9510,6177.69,160.11,9050.38,95.17,23.48,5.01
2006-10-06,9510,6200.38,160.2,9105.96,95.75,28.4,4.87
2006-10-07,9510,6255.96,160.42,9164.25,96.36,59.52,3.1
2006-10-08,9510,6314.25,160.65,9212.53,96.87,61.22,2.09
2006-10-09,9510,6362.53,160.84,9283.91,97.62,49.13,0.0
2006-10-10,9510,6433.91,161.12,9332.49,98.13,72.23,0.0
2006-10-11,9510,6482.49,161.31,9368.38,98.51,59.44,9.99
2006-10-12,9510,6518.38,161.45,9388.91,98.73,56.73,19.99
2006-10-13,9510,6538.91,161.53,9406.9,98.92,56.16,34.76
2006-10-14,9510,6556.9,161.6,9424.9,99.11,38.81,19.96
2006-10-15,9510,6574.9,161.67,9442.92,99.29,28.62,9.75
2006-10-16,9510,6592.92,161.77,9450.65,99.38,28.74,9.85
2006-10-17,9510,6600.65,161.77,9460.96,99.48,27.84,19.24
2006-10-18,9510,6610.96,161.81,9463.53,99.51,31.27,20.09
2006-10-19,9510,6613.53,161.82,9466.11,99.54,23.53,20.08
2006-10-20,9510,6616.11,161.83,9468.69,99.57,23.4,19.95
2006-10-21,9510,6618.69,161.84,9463.53,99.51,21.47,18.02
2006-10-22,9510,6613.53,161.82,9463.53,99.51,13.57,17.86
2006-10-23,9510,6613.53,161.82,9468.69,99.57,19.22,18.35
2006-10-24,9510,6618.69,161.84,9466.11,99.54,24.21,18.18
2006-10-25,9510,6616.11,161.83,9466.11,99.54,16.2,17.91
2006-10-26,9510,6616.11,161.83,9463.53,99.51,15.95,15.08
2006-10-27,9510,6613.53,161.82,9463.53,99.51,13.88,15.59
2006-10-28,9510,6613.53,161.82,9466.11,99.54,15.89,15.02
2006-10-29,9510,6616.11,161.83,9466.11,99.54,15.52,12.07
2006-10-30,9510,6616.11,161.83,9463.53,99.51,12.82,11.95
2006-10-31,9510,6613.53,161.82,9458.38,99.46,18.29,20.0
2006-11-01,9510,6608.38,161.8,9455.8,99.43,15.64,19.93
2006-11-02,9510,6605.8,161.79,9453.22,99.4,13.34,15.01
2006-11-03,9510,6603.22,161.78,9445.5,99.32,13.37,15.04
2006-11-04,9510,6595.5,161.75,9442.92,99.29,8.23,15.04
2006-11-05,9510,6592.92,161.74,9440.34,99.27,12.42,14.09
2006-11-06,9510,6590.34,161.73,9442.92,99.29,13.33,15.0
2006-11-07,9510,6592.92,161.74,9440.34,99.27,13.45,9.96
2006-11-08,9510,6590.34,161.73,9440.34,99.27,8.39,10.06
2006-11-09,9510,6590.34,161.73,9442.92,99.29,9.01,8.1
2006-11-10,9510,6592.92,161.74,9442.92,99.29,11.43,7.94
2006-11-11,9510,6592.92,161.74,9437.77,99.24,8.95,8.04
2006-11-12,9510,6587.77,161.72,9442.92,99.29,3.74,7.98
2006-11-13,9510,6592.92,161.74,9442.92,99.29,14.12,8.06
2006-11-14,9510,6592.92,161.74,9442.92,99.29,8.89,7.98
2006-11-15,9510,6592.92,161.74,9442.92,99.29,8.92,8.01
2006-11-16,9510,6592.92,161.74,9440.34,99.27,8.85,7.94
2006-11-17,9510,6590.34,161.73,9440.34,99.27,6.29,7.96
2006-11-18,9510,6590.34,161.73,9442.92,99.29,9.02,8.11
2006-11-19,9510,6592.92,161.24,9442.92,99.29,11.35,7.86
2006-11-20,9510,6592.92,161.74,9442.92,99.29,8.98,8.07
2006-11-21,9510,6592.92,161.74,9440.34,99.27,8.88,7.97
2006-11-22,9510,6590.34,161.73,9440.34,99.27,7.65,9.32
2006-11-23,9510,6590.34,161.73,9437.77,99.24,8.97,8.06
2006-11-24,9510,6587.77,161.72,9432.62,99.19,6.36,8.02
2006-11-25,9510,6582.62,161.7,9440.34,99.27,3.78,8.02
2006-11-26,9510,6590.34,161.73,9437.77,99.24,15.67,7.04
2006-11-27,9510,6587.77,161.72,9432.62,99.19,5.39,7.05
2006-11-28,9510,6582.62,161.7,9430.05,99.16,6.29,10.53
2006-11-29,9510,6580.05,161.69,9427.47,99.13,9.0,10.66
2006-11-30,9510,6577.47,161.68,9396.62,98.81,1.08,10.47
2006-12-01,9510,6546.62,161.56,9383.78,98.67,0.62,22.84
2006-12-02,9510,6533.78,161.51,9368.38,98.51,22.97,34.94
2006-12-03,9510,6518.38,161.45,9347.86,98.3,9.03,23.57
2006-12-04,9510,6497.86,161.37,9324.81,98.05,2.61,24.82
2006-12-05,9510,6474.81,161.28,9306.91,97.86,7.23,26.85
2006-12-06,9510,6456.91,161.21,9296.68,97.76,7.92,24.95
2006-12-07,9510,6446.68,161.17,9283.91,97.62,8.74,18.1
2006-12-08,9510,6433.91,161.12,9271.14,97.49,8.08,19.99
2006-12-09,9510,6421.14,161.07,9260.93,97.38,8.21,20.12
2006-12-10,9510,6410.93,161.03,9253.28,97.3,5.87,15.22
2006-12-11,9510,6403.28,161.0,9237.99,97.14,8.24,15.03
2006-12-12,9510,6387.99,160.94,9220.16,96.95,5.58,20.01
2006-12-13,9510,6370.16,160.87,9197.27,96.71,7.26,24.23
2006-12-14,9510,6347.27,160.78,9171.86,96.44,6.21,28.24
2006-12-15,9510,6321.86,160.68,9149.02,96.2,5.6,30.15
2006-12-16,9510,6299.02,160.59,9131.28,96.02,8.16,30.14
2006-12-17,9510,6281.28,160.52,9105.96,95.75,6.14,23.03
2006-12-18,9510,6255.96,160.42,9080.68,95.49,0.43,24.9
2006-12-19,9510,6230.68,160.32,9063.0,95.3,5.64,30.07
2006-12-20,9510,6213.0,160.25,9035.25,95.01,13.21,30.04
2006-12-21,9510,6185.25,160.14,9007.55,94.72,3.0,29.9
2006-12-22,9510,6157.55,160.03,8982.4,94.45,3.08,29.93
2006-12-23,9510,6132.4,159.93,8962.3,94.24,5.6,29.9
2006-12-24,9510,6112.3,159.85,8939.72,94.0,7.07,26.33
2006-12-25,9510,6089.72,159.76,8919.67,93.79,4.23,25.97
2006-12-26,9510,6069.67,159.68,8899.64,93.58,7.78,26.99
2006-12-27,9510,6049.64,159.6,8879.63,93.37,7.89,27.08
2006-12-28,9510,6029.63,159.52,8862.14,93.19,8.01,27.18
2006-12-29,9510,6012.14,159.45,8829.71,92.85,5.42,27.06
2006-12-30,9510,5959.77,0.0,8809.77,92.64,1.1,0.0
2006-12-31,9510,5944.84,0.0,8794.84,92.48,4.07,0.0
2007-01-01,9510,5944.84,159.18,8779.91,92.32,8.91,23.04
2007-01-02,9510,5929.91,159.12,8760.04,92.11,4.49,22.92
2007-01-03,9510,5910.04,159.04,8730.26,91.8,5.24,23.44
2007-01-04,9510,5880.26,158.92,8698.05,91.46,2.86,34.1
2007-01-05,9510,5848.5,158.79,8665.9,91.12,3.14,34.16
2007-01-06,9510,5815.9,158.66,8641.21,90.86,1.51,34.38
2007-01-07,9510,5791.21,158.56,8621.48,90.66,6.33,25.29
2007-01-08,9510,5771.48,158.48,8596.85,90.4,7.29,25.15
2007-01-09,9510,5746.85,158.38,8572.25,90.14,6.7,31.01
2007-01-10,9510,5722.25,158.28,8547.69,89.88,7.12,30.39
2007-01-11,9510,5697.69,158.18,8518.25,89.57,2.42,30.78
2007-01-12,9510,5668.25,158.06,8491.31,89.29,5.11,30.96
2007-01-13,9510,5641.31,157.95,8471.75,89.08,5.92,31.15
2007-01-14,9510,5621.75,157.87,8454.64,88.9,8.98,24.58
2007-01-15,9510,5604.64,157.8,8427.8,88.62,6.05,25.19
2007-01-16,9510,5577.8,157.69,8400.99,88.34,6.14,31.99
2007-01-17,9510,5550.99,157.58,8374.23,88.06,6.18,32.05
2007-01-18,9510,5524.23,157.47,8349.93,87.8,8.58,32.05
2007-01-19,9510,5499.93,157.37,8325.67,87.55,8.61,31.99
2007-01-20,9510,5475.67,157.27,8303.86,87.32,4.23,31.98
2007-01-21,9510,5453.86,157.18,8277.24,87.04,1.99,25.15
2007-01-22,9510,5427.24,157.07,8253.07,86.78,5.55,25.3
2007-01-23,9510,5403.07,156.97,8228.94,86.53,3.42,31.25
2007-01-24,9510,5378.94,156.87,8192.81,86.15,1.07,31.49
2007-01-25,9510,5342.81,156.72,8163.95,85.85,4.92,31.5
2007-01-26,9510,5313.95,156.6,8135.14,85.54,5.23,32.9
2007-01-27,9510,5285.14,156.48,8108.78,85.27,5.6,33.16
2007-01-28,9510,5258.78,156.37,8082.45,84.99,4.62,31.08
2007-01-29,9510,5232.45,156.26,8051.39,84.66,3.39,30.08
2007-01-30,9510,5201.39,156.13,8022.76,84.36,6.03,33.58
2007-01-31,9510,5172.76,156.01,7991.81,84.04,6.03,33.79
2007-02-01,9510,5141.81,155.88,7960.91,83.71,3.41,36.11
2007-02-02,9510,5110.91,155.75,7932.44,83.41,4.53,33.14
2007-02-03,9510,5082.44,155.63,7908.75,83.16,5.68,31.83
2007-02-04,9510,5058.75,155.53,7885.09,82.91,5.5,28.2
2007-02-05,9510,5035.09,155.43,7861.46,82.67,8.65,27.99
2007-02-06,9510,5011.46,155.33,7835.51,82.39,6.75,31.11
2007-02-07,9510,4985.51,155.22,7811.95,82.14,8.57,31.54
2007-02-08,9510,4961.95,155.12,7786.08,81.87,3.96,30.97
2007-02-09,9510,4936.08,155.01,7748.51,81.48,1.69,31.02
2007-02-10,9510,4898.51,154.85,7727.42,81.26,1.51,31.06
2007-02-11,9510,4877.42,154.76,7706.35,81.03,6.13,26.14
2007-02-12,9510,4856.35,154.67,7682.97,80.79,7.87,26.05
2007-02-13,9510,4832.97,154.57,7652.63,80.47,0.49,30.1
2007-02-14,9510,4802.63,154.44,7629.33,80.22,7.35,29.68
2007-02-15,9510,4779.33,154.34,7603.74,79.96,5.16,29.51
2007-02-16,9510,4753.74,154.23,7573.54,79.64,0.59,29.61
2007-02-17,9510,4723.54,154.1,7552.67,79.42,6.26,29.65
2007-02-18,9510,4702.67,154.01,7531.83,79.2,5.85,25.99
2007-02-19,9510,4681.83,153.92,7506.39,78.93,4.76,25.55
2007-02-20,9510,4656.39,153.81,7480.98,78.66,5.48,29.07
2007-02-21,9510,4630.98,153.7,7457.93,78.42,7.1,29.76
2007-02-22,9510,4607.93,153.6,7428.0,78.11,0.46,29.02
2007-02-23,9510,4578.0,153.47,7400.43,77.82,2.59,29.26
2007-02-24,9510,4550.43,153.35,7382.07,77.62,7.78,29.04
2007-02-25,9510,4532.07,153.27,7363.73,77.43,8.01,25.02
2007-02-26,9510,4513.73,153.19,7336.27,77.14,3.28,25.23
2007-02-27,9510,4486.27,153.07,7313.42,76.9,6.56,29.62
2007-02-28,9510,4463.42,152.97,7286.05,76.61,3.95,28.29
2007-03-01,9510,4436.05,152.85,7258.72,76.33,3.95,30.21
2007-03-02,9510,4408.72,152.73,7224.62,75.97,2.21,30.7
2007-03-03,9510,4374.62,152.58,7199.67,75.71,1.79,30.23
2007-03-04,9510,4349.67,152.47,7174.76,75.44,0.09,26.2
2007-03-05,9510,4324.76,152.36,7149.88,75.18,2.21,26.01
2007-03-06,9510,4299.88,152.25,7120.54,74.87,4.6,28.37
2007-03-07,9510,4270.54,152.12,7093.5,74.59,1.41,29.64
2007-03-08,9510,4243.5,152.0,7068.76,74.33,3.57,29.51
2007-03-09,9510,4218.76,151.8,7044.06,74.07,6.19,29.83
2007-03-10,9510,4194.06,151.78,7026.12,73.88,6.07,29.67
2007-03-11,9510,4176.12,151.7,6992.54,73.53,4.2,25.52
2007-03-12,9510,4142.54,151.55,6970.19,73.29,1.72,25.26
2007-03-13,9510,4120.19,151.45,6950.11,73.08,1.5,27.23
2007-03-14,9510,4100.11,151.36,6923.38,72.8,8.38,27.37
2007-03-15,9510,4073.38,151.24,6896.7,72.52,1.37,27.01
2007-03-16,9510,4046.7,151.12,6872.28,72.26,1.39,26.98
2007-03-17,9510,4022.28,151.01,6852.33,72.05,3.55,26.89
2007-03-18,9510,4002.33,150.92,6832.41,71.84,5.24,24.11
2007-03-19,9510,3982.41,150.83,6808.1,71.59,5.26,24.1
2007-03-20,9510,3958.1,150.72,6781.63,71.31,2.94,26.17
2007-03-21,9510,3931.63,150.6,6759.61,71.08,0.88,26.28
2007-03-22,9510,3909.61,150.5,6737.62,70.85,5.31,26.26
2007-03-23,9510,3887.62,150.4,6715.66,70.62,5.17,26.09
2007-03-24,9510,3865.66,150.3,6693.74,70.39,4.21,25.1
2007-03-25,9510,3843.74,150.2,6674.04,70.18,2.26,23.11
2007-03-26,9510,3824.04,150.11,6650.0,69.93,3.91,22.55
2007-03-27,9510,3800.0,150.0,6621.64,69.63,6.4,29.38
2007-03-28,9510,3771.64,149.87,6593.34,69.33,4.39,31.69
2007-03-29,9510,3743.34,149.74,6556.42,68.94,4.8,32.04
2007-03-30,9510,3706.42,149.57,6530.42,68.67,0.69,32.22
2007-03-31,9510,3680.42,149.45,6523.93,68.6,2.82,32.11
2007-04-01,9510,3673.93,149.42,6491.51,68.26,17.24,22.68
2007-04-02,9510,3641.51,149.27,6463.48,67.97,0.06,22.62
2007-04-03,9510,3613.48,149.14,6437.66,67.69,0.24,27.07
2007-04-04,9510,3587.66,149.02,6411.88,67.42,0.24,27.01
2007-04-05,9510,3561.88,148.9,6384.02,67.13,0.98,27.71
2007-04-06,9510,3534.02,148.77,6362.62,66.9,0.45,27.11
2007-04-07,9510,3512.62,148.67,6343.4,66.7,0.21,22.54
2007-04-08,9510,3493.4,148.58,6324.2,66.5,2.53,22.69
2007-04-09,9510,3474.2,148.49,6302.91,66.28,5.03,23.03
2007-04-10,9510,3452.91,148.39,6277.4,66.01,5.36,25.45
2007-04-11,9510,3427.4,148.27,6251.94,65.74,5.62,29.93
2007-04-12,9510,3401.94,148.15,6224.42,65.45,6.85,31.12
2007-04-13,9510,3374.42,148.02,6190.63,65.1,1.51,32.07
2007-04-14,9510,3340.63,147.86,6169.56,64.87,0.13,26.39
2007-04-15,9510,3319.56,147.76,6148.52,64.65,2.85,24.84
2007-04-16,9510,3298.52,147.66,6127.52,64.43,6.68,26.54
2007-04-17,9510,3277.52,147.56,6102.36,64.17,5.17,24.99
2007-04-18,9510,3252.36,147.44,6079.35,63.93,1.91,25.89
2007-04-19,9510,3229.35,147.33,6056.38,63.68,4.17,26.0
2007-04-20,9510,3206.38,147.22,6035.53,63.47,4.25,26.05
2007-04-21,9510,3185.53,147.12,6016.8,63.27,6.32,26.0
2007-04-22,9510,3166.8,147.03,5998.1,63.07,6.02,23.58
2007-04-23,9510,3148.1,146.94,5979.43,62.88,4.02,21.55
2007-04-24,9510,3129.43,146.85,5960.79,62.68,4.41,21.92
2007-04-25,9510,3110.79,146.76,5938.05,62.44,4.72,22.2
2007-04-26,9510,3088.05,146.65,5919.48,62.24,0.49,22.07
2007-04-27,9510,3069.48,146.56,5900.93,62.05,4.6,22.01
2007-04-28,9510,3050.93,146.47,5886.53,61.9,4.59,21.98
2007-04-29,9510,3036.53,146.4,5868.03,61.7,5.73,18.98
2007-04-30,9510,3018.03,146.31,5853.67,61.55,2.17,19.52
2007-05-01,9510,3003.67,146.24,5841.37,61.42,7.74,20.95
2007-05-02,9510,2991.37,146.18,5825.0,61.25,2.76,13.92
2007-05-03,9510,2975.0,146.1,5810.69,61.1,6.13,21.36
2007-05-04,9510,2960.69,146.03,5798.44,60.97,5.07,18.25
2007-05-05,9510,2948.44,145.97,5804.56,61.04,10.39,21.51
2007-05-06,9510,2954.56,146.0,5808.65,61.08,20.31,13.06
2007-05-07,9510,2958.65,146.02,5816.82,61.17,11.25,6.03
2007-05-08,9510,2966.82,146.06,5812.73,61.12,15.64,6.34
2007-05-09,9510,2962.73,146.04,5810.69,61.1,5.16,8.12
2007-05-10,9510,2960.69,146.03,5806.61,61.06,7.42,8.33
2007-05-11,9510,2956.61,146.01,5798.44,60.97,5.34,8.29
2007-05-12,9510,2948.44,145.97,5798.44,60.97,1.2,8.24
2007-05-13,9510,2948.44,145.97,5802.52,61.01,7.15,6.02
2007-05-14,9510,2952.52,145.99,5802.52,61.01,11.51,6.3
2007-05-15,9510,2952.52,145.99,5808.65,61.08,7.19,6.06
2007-05-16,9510,2958.65,146.02,5812.73,61.12,13.71,6.45
2007-05-17,9510,2962.73,146.04,5816.82,61.17,11.23,6.02
2007-05-18,9510,2866.82,146.06,5820.91,61.21,11.38,6.16
2007-05-19,9510,2970.91,146.08,5820.91,61.21,11.21,5.99
2007-05-20,9510,2970.91,146.08,5822.95,61.23,7.12,5.99
2007-05-21,9510,2972.95,146.09,5825.0,61.25,9.23,6.06
2007-05-22,9510,2975.0,146.1,5827.04,61.27,9.45,6.26
2007-05-23,9510,2977.04,146.11,5827.04,61.27,9.39,6.21
2007-05-24,9510,2977.04,146.11,5827.04,61.27,7.15,6.01
2007-05-25,9510,2977.04,146.11,5822.95,61.23,8.17,7.03
2007-05-26,9510,2972.95,146.09,5820.91,61.21,4.17,7.13
2007-05-27,9510,2970.91,146.08,5818.86,61.19,6.08,6.99
2007-05-28,9510,2968.86,146.07,5814.78,61.14,5.03,5.95
2007-05-29,9510,2964.78,146.05,5812.73,61.12,3.98,6.93
2007-05-30,9510,2962.73,146.04,5816.82,61.17,6.16,7.08
2007-05-31,9510,2966.82,146.06,5818.86,61.19,13.3,8.08
2007-06-01,9510,2968.86,146.06,5818.86,61.19,11.28,8.11
2007-06-02,9510,2968.86,146.07,5818.86,61.19,8.81,7.96
2007-06-03,9510,2968.86,146.07,5814.78,61.14,8.84,7.99
2007-06-04,9510,2964.78,146.05,5812.73,61.12,4.9,8.13
2007-06-05,9510,2962.73,146.04,5816.82,61.17,7.93,9.13
2007-06-06,9510,2966.82,146.06,5814.78,61.14,13.92,8.98
2007-06-07,9510,2964.78,146.05,5808.65,61.08,8.15,9.34
2007-06-08,9510,2958.65,146.02,5800.48,60.99,9.69,14.97
2007-06-09,9510,2950.48,145.98,5790.28,60.89,8.21,15.53
2007-06-10,9510,2940.28,145.93,5782.13,60.8,6.26,15.61
2007-06-11,9510,2932.13,145.89,5767.87,60.65,4.7,12.0
2007-06-12,9510,2917.87,145.82,5751.61,60.48,5.23,18.64
2007-06-13,9510,2901.61,145.74,5739.42,60.35,2.62,18.04
2007-06-14,9510,2889.42,145.68,5727.25,60.22,6.59,17.9
2007-06-15,9510,2877.25,145.62,5713.06,60.07,6.86,18.19
2007-06-16,9510,2863.06,145.55,5700.92,59.95,4.63,17.98
2007-06-17,9510,2850.92,145.49,5690.81,59.84,6.8,18.1
2007-06-18,9510,2840.81,145.44,5682.73,59.76,7.75,17.02
2007-06-19,9510,2832.73,145.4,5684.75,59.78,10.75,17.99
2007-06-20,9510,2834.75,145.41,5684.75,59.78,24.88,22.02
2007-06-21,9510,2834.75,145.41,5676.68,59.69,25.93,25.09
2007-06-22,9510,2826.68,145.37,5662.56,59.54,17.83,25.06
2007-06-23,9510,2812.56,145.3,5648.46,59.39,11.82,25.1
2007-06-24,9510,2798.46,145.23,5632.37,59.23,9.27,22.53
2007-06-25,9510,2782.37,145.15,5614.3,59.04,6.88,22.14
2007-06-26,9510,2764.3,145.06,5604.27,58.93,4.95,22.19
2007-06-27,9510,2754.27,145.01,5618.31,59.08,12.9,22.1
2007-06-28,9510,2768.31,145.08,5632.37,59.23,29.83,14.96
2007-06-29,9510,2782.37,145.15,5650.47,59.42,30.18,15.29
2007-06-30,9510,2800.47,145.24,5654.5,59.46,34.08,15.14
2007-07-01,9510,2804.5,145.26,5652.49,59.44,19.88,15.06
2007-07-02,9510,2802.49,145.25,5644.43,59.35,13.81,15.13
2007-07-03,9510,2794.43,145.21,5636.39,59.27,10.94,18.31
2007-07-04,9510,2786.39,145.17,5628.35,59.18,10.68,18.03
2007-07-05,9510,2778.35,145.18,5618.31,59.08,10.61,17.97
2007-07-06,9510,2768.31,145.08,5610.28,58.99,8.96,18.32
2007-07-07,9510,2760.28,145.04,5610.28,58.99,10.86,18.21
2007-07-08,9510,2760.28,145.04,5606.27,58.95,15.7,15.02
2007-07-09,9510,2756.27,145.02,5600.26,58.89,11.75,15.08
2007-07-10,9510,2750.26,144.99,5596.25,58.85,12.72,18.05
2007-07-11,9510,2746.25,144.97,5474.77,57.57,14.82,18.15
2007-07-12,9510,2738.24,144.93,5468.84,57.51,11.01,18.34
2007-07-13,9510,2730.24,144.89,5460.93,57.42,11.08,18.4
2007-07-14,9510,2718.25,144.83,5455.0,57.36,6.66,17.97
2007-07-15,9510,2712.26,144.8,5588.24,58.76,9.68,14.99
2007-07-16,9510,2706.27,144.77,5580.24,58.68,9.5,14.81
2007-07-17,9510,2694.3,144.71,5568.24,58.55,6.73,18.02
2007-07-18,9510,2686.33,144.67,5562.25,58.49,10.65,17.94
2007-07-19,9510,2672.4,144.6,5556.26,58.43,4.64,17.89
2007-07-20,9510,2658.49,144.53,5544.3,58.3,7.97,21.2
2007-07-21,9510,2648.56,144.48,5536.33,58.22,8.79,18.04
2007-07-22,9510,2642.61,144.45,5522.4,58.07,9.76,15.03
2007-07-23,9510,2632.7,144.4,5508.48,57.92,5.7,14.94
2007-07-24,9510,2624.78,144.36,5498.56,57.82,10.74,17.99
2007-07-25,9510,2618.84,144.33,5492.61,57.76,12.7,17.97
2007-07-26,9510,2610.93,144.29,5482.7,57.65,10.98,18.22
2007-07-27,9510,2605.0,144.26,5451.05,57.32,12.47,17.73
2007-07-28,9510,2601.05,144.24,5447.1,57.28,14.91,18.19
2007-07-29,9510,2597.1,144.22,5455.0,57.36,14.71,17.99
2007-07-30,9510,2605.0,144.26,5458.95,57.4,22.04,13.47
2007-07-31,9510,2608.95,144.28,5498.56,57.82,17.57,12.95
2007-08-01,9510,2648.56,144.48,5514.45,57.99,52.29,12.0
2007-08-02,9510,2664.45,144.56,5554.27,58.4,28.58,12.08
2007-08-03,9510,2704.27,144.76,5610.28,58.99,58.47,18.04
2007-08-04,9510,2760.28,145.04,5638.4,59.29,74.6,17.97
2007-08-05,9510,2788.4,145.18,5666.59,59.59,46.85,18.11
2007-08-06,9510,2816.59,145.32,5674.66,59.67,44.85,16.04
2007-08-07,9510,2824.66,145.36,5682.73,59.76,25.11,16.42
2007-08-08,9510,2832.73,145.4,5698.9,59.93,25.23,16.54
2007-08-09,9510,2848.9,145.48,5719.14,60.14,33.38,16.59
2007-08-10,9510,2869.14,145.58,5737.39,60.33,37.37,16.51
2007-08-11,9510,2887.39,145.67,5749.57,60.46,35.32,16.45
2007-08-12,9510,2899.57,145.73,5757.7,60.54,29.56,16.75
2007-08-13,9510,2907.7,145.77,5761.77,60.59,25.42,16.66
2007-08-14,9510,2911.77,145.79,5763.8,60.61,20.98,16.28
2007-08-15,9510,2913.8,145.8,5765.84,60.63,19.54,16.88
2007-08-16,9510,2915.84,145.81,5763.8,60.61,19.17,16.5
2007-08-17,9510,2913.8,145.8,5780.09,60.78,24.31,25.72
2007-08-18,9510,2930.09,145.88,5798.44,60.97,42.0,25.08
2007-08-19,9510,2948.44,145.97,5812.73,61.12,40.96,21.98
2007-08-20,9510,2962.73,146.04,5816.82,61.17,32.09,17.17
2007-08-21,9510,2966.82,146.06,5814.78,61.14,20.16,15.44
2007-08-22,9510,2964.78,146.05,5822.95,61.23,23.59,25.0
2007-08-23,9510,2972.95,146.09,5841.37,61.42,33.22,24.42
2007-08-24,9510,2991.37,146.18,5865.98,61.68,34.57,15.52
2007-08-25,9510,3015.98,146.3,5905.05,62.09,40.73,15.49
2007-08-26,9510,3055.05,146.49,5942.18,62.48,53.28,13.58
2007-08-27,9510,3092.18,146.67,5969.07,62.77,51.63,13.86
2007-08-28,9510,3119.07,146.8,5985.65,62.94,40.61,13.08
2007-08-29,9510,3135.65,146.88,6002.26,63.12,30.35,13.13
2007-08-30,9510,3152.26,146.96,6018.88,63.29,30.31,13.06
2007-08-31,9510,3168.88,147.04,6043.87,63.55,30.29,13.03
2007-09-01,9510,3193.87,147.16,6058.46,63.71,39.39,13.76
2007-09-02,9510,3208.46,147.23,6075.17,63.88,26.53,11.27
2007-09-03,9510,3225.17,147.31,6091.89,64.06,28.95,11.57
2007-09-04,9510,3241.89,147.39,6108.64,64.23,30.51,13.12
2007-09-05,9510,3258.64,147.47,6152.72,64.7,30.66,13.23
2007-09-06,9510,3302.72,147.68,6226.53,65.47,57.85,13.09
2007-09-07,9510,3376.53,148.03,6268.91,65.92,87.51,13.02
2007-09-08,9510,3418.91,148.23,6302.91,66.28,56.18,13.11
2007-09-09,9510,3452.91,148.39,6326.34,66.52,42.65,7.96
2007-09-10,9510,3476.34,148.5,6343.4,66.7,32.05,7.93
2007-09-11,9510,3493.4,148.58,6366.9,66.95,27.19,9.44
2007-09-12,9510,3516.0,148.69,6401.16,67.31,33.15,8.96
2007-09-13,9510,3551.16,148.85,6439.81,67.72,55.61,20.66
2007-09-14,9510,3589.81,149.03,6467.79,68.01,53.03,13.68
2007-09-15,9510,3617.79,149.16,6491.51,68.26,37.96,9.28
2007-09-16,9510,3641.51,149.27,6515.28,68.51,32.02,7.6
2007-09-17,9510,3665.28,149.38,6545.58,68.83,31.94,7.47
2007-09-18,9510,3695.58,149.52,6560.76,68.99,39.27,8.27
2007-09-19,9510,3710.76,149.59,6580.3,69.19,23.74,7.86
2007-09-20,9510,3730.3,149.68,6608.57,69.49,28.3,8.06
2007-09-21,9510,3758.57,149.81,6630.36,69.72,36.55,7.57
2007-09-22,9510,3780.36,149.91,6643.45,69.86,30.56,8.06
2007-09-23,9510,3793.45,149.97,6654.37,69.97,18.86,5.06
2007-09-24,9510,3804.37,150.02,6665.29,70.09,16.59,4.96
2007-09-25,9510,3815.29,150.07,6676.23,70.2,16.74,5.11
2007-09-26,9510,3826.23,150.12,6684.98,70.29,16.75,5.1
2007-09-27,9510,3834.98,150.16,6702.51,70.48,16.5,7.04
2007-09-28,9510,3852.51,150.24,6735.42,70.82,25.19,6.95
2007-09-29,9510,3835.42,150.39,6766.21,71.15,40.56,6.94
2007-09-30,9510,3916.21,150.53,6781.63,71.31,38.42,6.91
2007-10-01,9510,3931.63,150.6,6794.86,71.45,23.14,7.0
2007-10-02,9510,3944.86,150.66,6803.69,71.54,20.95,7.01
2007-10-03,9510,3953.69,150.7,6814.73,71.66,16.55,7.01
2007-10-04,9510,3964.73,150.75,6830.2,71.82,18.73,6.98
2007-10-05,9510,3980.2,150.82,6870.06,72.24,23.25,7.07
2007-10-06,9510,4020.06,151.0,6927.83,72.85,47.73,7.16
2007-10-07,9510,4077.83,151.26,6974.66,73.34,63.53,5.04
2007-10-08,9510,4124.66,151.47,7014.92,73.76,52.55,5.0
2007-10-09,9510,4164.92,151.65,7048.54,74.12,46.28,5.3
2007-10-10,9510,4198.54,151.8,7098.0,74.64,39.71,5.37
2007-10-11,9510,4248.0,152.02,7134.07,75.02,55.25,5.06
2007-10-12,9510,4284.07,152.18,7163.44,75.33,41.86,5.06
2007-10-13,9510,4313.44,152.31,7197.4,75.68,35.89,5.79
2007-10-14,9510,4347.4,152.46,7226.89,75.99,40.63,5.94
2007-10-15,9510,4376.89,152.59,7258.72,76.33,35.74,5.52
2007-10-16,9510,4408.72,152.73,7283.77,76.59,38.11,5.54
2007-10-17,9510,4433.77,152.84,7311.14,76.88,31.33,5.54
2007-10-18,9510,4461.14,152.96,7333.98,77.12,33.62,5.51
2007-10-19,9510,4483.98,153.06,7352.29,77.31,29.07,5.49
2007-10-20,9510,4502.29,153.14,7370.61,77.5,24.63,5.58
2007-10-21,9510,4520.61,153.22,7377.48,77.58,28.89,9.83
2007-10-22,9510,4527.48,153.25,7384.36,77.65,19.58,11.97
2007-10-23,9510,4534.36,153.28,7393.54,77.74,21.49,13.87
2007-10-24,9510,4543.54,153.32,7405.02,77.87,20.0,10.08
2007-10-25,9510,4555.02,153.37,7411.91,77.94,17.91,5.69
2007-10-26,9510,4561.91,153.4,7421.1,78.03,13.16,5.53
2007-10-27,9510,4571.1,153.44,7428.0,78.11,15.48,5.54
2007-10-28,9510,4578.0,153.47,7434.9,78.18,14.72,7.07
2007-10-29,9510,4584.0,153.5,7439.5,78.23,14.69,7.04
2007-10-30,9510,4589.5,153.52,7444.11,78.28,12.36,7.01
2007-10-31,9510,4594.11,153.54,7446.41,78.3,12.36,7.0
2007-11-01,9510,4596.41,153.55,7451.02,78.35,10.03,6.98
2007-11-02,9510,4601.02,153.57,7453.32,78.37,15.65,10.25
2007-11-03,9510,4603.32,153.58,7455.62,78.4,13.08,9.99
2007-11-04,9510,4605.62,153.59,7457.93,78.42,13.06,9.97
2007-11-05,9510,4607.93,153.6,7457.93,78.42,13.14,10.04
2007-11-06,9510,4607.93,153.6,7455.62,78.4,10.88,10.09
2007-11-07,9510,4605.62,153.59,7455.62,78.4,9.14,10.66
2007-11-08,9510,4605.62,153.59,7453.32,78.37,11.29,10.5
2007-11-09,9510,4603.32,153.58,7446.41,78.3,9.88,11.39
2007-11-10,9510,4596.41,153.55,7441.81,78.25,8.88,15.0
2007-11-11,9510,4591.81,153.53,7441.81,78.25,11.2,15.01
2007-11-12,9510,4591.81,153.53,7437.2,78.2,10.91,10.12
2007-11-13,9510,4587.2,153.51,7430.3,78.13,11.5,15.32
2007-11-14,9510,4580.3,153.48,7423.4,78.06,9.3,15.41
2007-11-15,9510,4573.4,153.45,7416.51,77.99,8.92,15.04
2007-11-16,9510,4566.51,153.42,7409.61,77.91,8.89,15.0
2007-11-17,9510,4559.61,153.39,7405.02,77.87,9.1,15.22
2007-11-18,9510,4555.02,153.37,7402.72,77.84,9.43,13.24
2007-11-19,9510,4552.72,153.36,7393.54,77.74,10.78,12.3
2007-11-20,9510,4543.54,153.32,7377.48,77.58,6.81,15.21
2007-11-21,9510,4527.48,153.25,7361.44,77.41,9.86,25.14
2007-11-22,9510,4511.44,153.18,7343.13,77.21,9.72,24.98
2007-11-23,9510,4493.13,153.1,7324.84,77.02,7.58,25.11
2007-11-24,9510,4474.84,153.02,7313.42,76.9,7.43,24.94
2007-11-25,9510,4465.7,152.98,7299.73,76.76,7.39,18.03
2007-11-26,9510,4447.45,152.9,7290.6,76.66,2.23,15.14
2007-11-27,9510,4440.6,152.87,7281.49,76.57,6.64,14.99
2007-11-28,9510,4431.49,152.83,7272.38,76.47,6.87,15.2
2007-11-29,9510,4422.38,152.79,7260.99,76.35,6.51,14.84
2007-11-30,9510,4410.99,152.74,7249.62,76.23,5.31,15.93
2007-12-01,9510,4399.62,152.69,7242.8,76.16,4.52,15.12
2007-12-02,9510,4392.8,152.66,7233.71,76.06,7.99,14.07
2007-12-03,9510,4383.71,152.62,7224.62,75.97,6.01,14.36
2007-12-04,9510,4374.62,152.58,7215.54,75.87,8.3,16.65
2007-12-05,9510,4365.54,152.54,7206.47,75.78,7.19,15.53
2007-12-06,9510,4358.47,152.5,7197.4,75.68,5.68,14.01
2007-12-07,9510,4347.4,152.46,7188.34,75.59,7.21,15.54
2007-12-08,9510,4338.34,152.42,7177.02,75.47,7.28,15.6
2007-12-09,9510,4327.02,152.37,7167.97,75.37,7.48,18.06
2007-12-10,9510,4317.97,152.33,7154.4,75.23,5.83,14.14
2007-12-11,9510,4304.4,152.27,7138.59,75.06,5.23,18.06
2007-12-12,9510,4288.59,152.2,7120.54,74.87,7.86,22.93
2007-12-13,9510,4270.54,152.12,7100.25,74.66,7.67,24.99
2007-12-14,9510,4250.25,152.03,7082.25,74.47,5.57,25.13
2007-12-15,9510,4232.25,151.95,7066.51,74.31,8.33,25.6
2007-12-16,9510,4221.01,151.9,7048.54,74.12,2.07,17.08
2007-12-17,9510,4191.81,151.77,7028.36,73.9,0.84,18.08
2007-12-18,9510,4178.36,151.71,7014.92,73.76,1.19,20.64
2007-12-19,9510,4164.92,151.65,6999.25,73.6,7.37,20.08
2007-12-20,9510,4149.25,151.58,6979.13,73.39,5.14,20.08
2007-12-21,9510,4129.13,151.49,6959.04,73.18,7.74,27.13
2007-12-22,9510,4109.04,151.4,6934.51,72.92,7.8,27.17
2007-12-23,9510,4084.51,151.29,6916.71,72.73,3.77,27.58
2007-12-24,9510,4066.71,151.21,6901.14,72.57,3.97,21.05
2007-12-25,9510,4051.14,151.14,6881.16,72.36,7.23,22.08
2007-12-26,9510,4031.16,151.05,6863.41,72.17,5.88,25.14
2007-12-27,9510,4013.41,150.97,6843.48,71.96,8.12,25.15
2007-12-28,9510,3993.48,150.88,6823.57,71.75,6.33,25.54
2007-12-29,9510,3973.57,150.79,6805.9,71.57,5.92,25.11
2007-12-30,9510,3955.9,150.71,6786.04,71.36,5.05,22.0
2007-12-31,9510,3936.04,150.62,6768.41,71.17,2.79,21.94
2008-01-01,9510,3918.41,150.54,6768.41,71.17,3.22,0.0
2008-01-02,9510,3898.61,150.45,6748.61,70.96,5.3,0.0
2008-01-03,9510,3881.03,150.37,6731.03,70.78,6.1,0.0
2008-01-04,9510,3861.28,150.28,6711.28,70.57,6.27,0.0
2008-01-05,9510,3841.55,150.19,6691.55,70.36,6.35,0.0
2008-01-06,9510,3824.04,150.11,6674.04,70.18,3.22,0.0
2008-01-07,9510,3804.37,150.02,6654.37,69.97,1.93,0.0
2008-01-08,9510,3780.36,149.91,6630.36,69.72,1.74,0.0
2008-01-09,9510,3756.4,149.8,6606.4,69.47,2.18,0.0
2008-01-10,9510,3732.47,149.69,6582.47,69.22,2.4,0.0
2008-01-11,9510,3708.59,149.58,6558.59,68.97,4.23,0.0
2008-01-12,9510,3686.92,149.48,6536.92,68.74,6.05,0.0
2008-01-13,9510,3669.6,149.4,6519.6,68.56,7.73,0.0
2008-01-14,9510,3654.47,149.33,6504.47,68.4,8.63,0.0
2008-01-15,9510,3637.19,149.25,6487.19,68.21,4.24,0.0
2008-01-16,9510,3615.63,149.15,6465.63,67.99,4.93,0.0
2008-01-17,9510,3594.11,149.05,6444.11,67.76,4.3,0.0
2008-01-18,9510,3572.62,148.95,6422.62,67.54,2.3,0.0
2008-01-19,9510,3549.02,148.84,6399.02,67.29,0.26,0.0
2008-01-20,9510,3525.46,148.73,6375.46,67.04,3.55,0.0
2008-01-21,9510,3506.21,148.64,6356.21,66.84,4.53,0.0
2008-01-22,9510,3484.86,148.54,6334.86,66.61,4.5,0.0
2008-01-23,9510,3463.55,148.44,6313.55,66.39,8.84,0.0
2008-01-24,9510,3446.53,148.36,6296.53,66.21,2.56,0.0
2008-01-25,9510,3423.15,148.25,6273.15,65.96,4.72,0.0
2008-01-26,9510,3401.94,148.15,6251.94,65.74,6.94,0.0
2008-01-27,9510,3382.88,148.06,6232.88,65.54,4.93,0.0
2008-01-28,9510,3363.85,147.97,6213.85,65.34,0.59,0.0
2008-01-29,9510,3332.2,147.82,6182.2,65.01,0.56,0.0
2008-01-30,9510,3313.24,147.73,6163.24,64.81,4.66,0.0
2008-01-31,9510,3292.21,147.63,6142.21,64.59,9.08,0.0
2008-02-01,9510,3275.42,147.55,6125.42,64.41,11.91,0.0
2008-02-02,9510,3260.74,147.48,6110.74,64.26,8.34,0.0
2008-02-03,9510,3246.08,147.41,6096.08,64.1,9.87,0.0
2008-02-04,9510,3233.53,147.35,6083.53,63.97,9.5,0.0
2008-02-05,9510,3218.9,147.28,6068.9,63.82,9.41,0.0
2008-02-06,9510,3204.29,147.21,6054.29,63.66,5.33,0.0
2008-02-07,9510,3183.45,147.11,6033.45,63.44,5.65,0.0
2008-02-08,9510,3150.18,146.95,6000.18,63.09,5.92,0.0
2008-02-09,9510,3150.18,146.95,6000.18,63.09,3.79,0.0
2008-02-10,9510,3131.51,146.86,5981.51,62.9,4.43,0.0
2008-02-11,9510,3114.93,146.78,5964.93,62.72,5.33,0.0
2008-02-12,9510,3094.25,146.68,5944.25,62.51,7.42,0.0
2008-02-13,9510,3075.66,146.59,5925.66,62.31,1.23,0.0
2008-02-14,9510,3050.93,146.47,5900.93,62.05,5.46,0.0
2008-02-15,9510,3030.36,146.37,5880.36,61.83,3.51,0.0
2008-02-16,9510,3007.77,146.26,5857.77,61.6,6.08,0.0
2008-02-17,9510,2991.37,146.18,5841.37,61.42,3.08,0.0
2008-02-18,9510,2970.91,146.08,5820.91,61.21,5.74,0.0
2008-02-19,9510,2950.48,145.98,5800.48,60.99,3.66,0.0
2008-02-20,9510,2928.05,145.87,5778.05,60.76,3.71,0.0
2008-02-21,9510,2905.67,145.76,5755.67,60.52,3.77,0.0
2008-02-22,9510,2883.33,145.65,5733.33,60.29,3.81,0.0
2008-02-23,9510,2861.04,145.54,5711.04,60.05,2.33,0.0
2008-02-24,9510,2844.86,145.46,5694.86,59.88,0.48,0.0
2008-02-25,9510,2818.61,145.33,5668.61,59.61,3.13,0.0
2008-02-26,9510,2798.46,145.23,5648.46,59.39,5.09,0.0
2008-02-27,9510,2780.36,145.14,5630.36,59.2,0.92,0.0
2008-02-28,9510,2758.28,145.03,5608.28,58.97,2.95,0.0
2008-02-29,9510,2738.24,144.93,5588.24,58.76,2.95,0.0
2008-03-01,9510,2718.25,144.83,5568.25,58.55,2.94,0.0
2008-03-02,9510,2698.29,144.73,5548.29,58.34,2.7,0.0
2008-03-03,9510,2680.36,144.64,5530.36,58.15,4.16,0.0
2008-03-04,9510,2664.45,144.56,5514.45,57.99,7.34,0.0
2008-03-05,9510,2644.6,144.46,5494.6,57.78,3.2,0.0
2008-03-06,9510,2624.78,144.36,5474.78,57.57,3.12,0.0
2008-03-07,9510,2606.98,144.27,5456.98,57.38,5.25,0.0
2008-03-08,9510,2587.24,144.17,5437.24,57.17,3.37,0.0
2008-03-09,9510,2567.53,144.07,5417.53,56.97,1.79,0.0
2008-03-10,9510,2543.94,143.95,5393.94,56.72,0.25,0.0
2008-03-11,9510,2520.4,143.83,5370.4,56.47,1.09,0.0
2008-03-12,9510,2500.83,143.73,5350.83,56.27,5.12,0.0
2008-03-13,9510,2481.3,143.63,5331.3,56.06,3.38,0.0
2008-03-14,9510,2454.02,143.49,5304.02,55.77,1.0,0.0
2008-03-15,9510,2430.71,143.37,5280.71,55.53,2.73,0.0
2008-03-16,9510,2409.38,143.26,5259.38,55.3,4.55,0.0
2008-03-17,9510,2390.04,143.16,5240.04,55.1,2.74,0.0
2008-03-18,9510,2368.8,143.05,5218.8,54.88,3.67,0.0
2008-03-19,9510,2345.7,142.93,5195.7,54.63,1.78,0.0
2008-03-20,9510,2322.65,142.81,5172.65,54.39,2.11,0.0
2008-03-21,9510,2301.57,142.7,5151.57,54.17,3.73,0.0
2008-03-22,9510,2278.63,142.58,5128.63,53.93,1.91,0.0
2008-03-23,9510,2259.56,142.48,5109.56,53.73,2.78,0.0
2008-03-24,9510,2248.14,142.42,5098.14,53.61,3.23,0.0
2008-03-25,9510,2215.85,142.25,5065.85,53.27,0.74,0.0
2008-03-26,9510,2195.03,142.14,5045.03,53.05,4.43,0.0
2008-03-27,9510,2174.25,142.03,5024.25,52.83,4.41,0.0
2008-03-28,9510,2151.64,141.91,5001.64,52.59,2.77,0.0
2008-03-29,9510,2129.09,141.79,4979.09,52.36,2.56,0.0
2008-03-30,9510,2104.73,141.66,4954.73,52.1,1.46,0.0
2008-03-31,9510,2089.78,141.58,4939.78,51.94,8.01,0.0
2008-04-01,9510,2071.12,141.48,4921.12,51.75,8.25,0.0
2008-04-02,9510,2039.5,141.31,4889.5,51.41,0.27,0.0
2008-04-03,9510,2009.85,141.15,4859.85,51.1,1.57,0.0
2008-04-04,9510,1989.53,141.04,4839.53,50.89,4.07,0.0
2008-04-05,9510,1963.75,140.9,4813.75,50.62,2.08,0.0
2008-04-06,9510,1939.88,140.77,4789.88,50.37,5.25,0.0
2008-04-07,9510,1917.91,140.65,4767.91,50.14,3.74,0.0
2008-04-08,9510,1892.36,140.51,4742.36,49.87,2.11,0.0
2008-04-09,9510,1865.07,140.36,4715.07,49.58,1.09,0.0
2008-04-10,9510,1839.7,140.22,4689.7,49.31,2.47,0.0
2008-04-11,9510,1812.61,140.07,4662.61,49.03,1.54,0.0
2008-04-12,9510,1789.21,139.94,4639.21,48.78,4.59,0.0
2008-04-13,9510,1767.68,139.82,4617.68,48.56,5.78,0.0
2008-04-14,9510,1744.42,139.69,4594.42,48.31,1.79,0.0
2008-04-15,9510,1717.68,139.54,4567.68,48.03,0.81,0.0
2008-04-16,9510,1694.59,139.41,4544.59,47.79,2.41,0.0
2008-04-17,9510,1673.34,139.29,4523.34,47.56,3.87,0.0
2008-04-18,9510,1653.92,139.18,4503.92,47.36,7.72,0.0
2008-04-19,9510,1631.04,139.05,4481.04,47.12,5.26,0.0
2008-04-20,9510,1608.24,138.92,4458.24,46.88,4.63,0.0
2008-04-21,9510,1589.01,138.81,4439.01,46.68,5.15,0.0
2008-04-22,9510,1562.87,138.66,4412.87,46.4,1.76,0.0
2008-04-23,9510,1548.97,138.58,4398.97,46.26,14.67,0.0
2008-04-24,9510,1533.37,138.49,4383.37,46.09,9.45,0.0
2008-04-25,9510,1510.9,138.36,4360.9,45.86,5.49,0.0
2008-04-26,9510,1491.95,138.25,4341.95,45.66,7.25,0.0
2008-04-27,9510,1471.35,138.13,4321.35,45.44,4.39,0.0
2008-04-28,9510,1450.81,138.01,4300.81,45.22,4.09,0.0
2008-04-29,9510,1426.93,137.87,4276.93,44.97,4.08,0.0
2008-04-30,9510,1411.63,137.78,4261.63,44.81,8.82,0.0
2008-05-01,9510,1398.07,137.7,4248.07,44.67,9.45,0.0
2008-05-02,9510,1381.15,137.6,4231.15,44.49,14.31,0.0
2008-05-03,9510,1381.15,137.6,4231.15,44.49,8.85,0.0
2008-05-04,9510,1376.09,137.57,4226.09,44.44,12.87,0.0
2008-05-05,9510,1374.4,137.56,4224.4,44.42,6.14,0.0
2008-05-06,9510,1372.71,137.55,4222.71,44.4,6.58,0.0
2008-05-07,9510,1359.23,137.47,4209.23,44.26,5.47,0.0
2008-05-08,9510,1342.43,137.37,4192.43,44.08,2.45,0.0
2008-05-09,9510,1334.04,137.32,4184.04,44.0,10.57,0.0
2008-05-10,9510,1324.0,137.26,4174.0,43.89,8.95,0.0
2008-05-11,9510,1315.64,137.21,4165.64,43.8,10.61,0.0
2008-05-12,9510,1302.29,137.13,4152.29,43.66,7.79,0.0
2008-05-13,9510,1297.3,137.1,4147.3,43.61,13.94,0.0
2008-05-14,9510,1288.98,137.05,4138.98,43.52,10.72,0.0
2008-05-15,9510,1280.67,137.0,4130.67,43.44,10.58,0.0
2008-05-16,9510,1272.38,136.95,4122.38,43.35,9.5,0.0
2008-05-17,9510,1259.13,136.87,4109.13,43.21,7.97,0.0
2008-05-18,9510,1249.22,136.81,4099.22,43.1,8.44,0.0
2008-05-19,9510,1240.97,136.76,4090.97,43.02,7.7,0.0
2008-05-20,9510,1229.45,136.69,4079.45,42.9,4.52,0.0
2008-05-21,9510,1229.45,136.69,4079.45,42.9,14.95,0.0
2008-05-22,9510,1227.8,136.68,4077.8,42.88,13.34,0.0
2008-05-23,9510,1222.87,136.65,4072.87,42.83,10.22,0.0
2008-05-24,9510,1214.67,136.6,4064.67,42.74,6.78,0.0
2008-05-25,9510,1209.75,136.57,4059.75,42.69,10.16,0.0
2008-05-26,9510,1211.39,136.58,4061.39,42.71,16.64,0.0
2008-05-27,9510,1206.47,136.55,4056.47,42.65,10.15,0.0
2008-05-28,9510,1204.83,136.54,4054.83,42.64,13.25,0.0
2008-05-29,9510,1199.92,136.51,4049.92,42.59,10.07,0.0
2008-05-30,9510,1196.65,136.49,4046.65,42.55,12.09,0.0
2008-05-31,9510,1188.49,136.44,4038.49,42.47,7.36,0.0
2008-06-01,9510,1181.96,136.4,4031.96,42.4,8.53,0.0
2008-06-02,9510,1181.96,136.4,4031.96,42.4,14.66,0.0
2008-06-03,9510,1185.22,136.42,4035.22,42.43,18.07,0.0
2008-06-04,9510,1183.59,136.41,4033.59,42.41,13.08,0.0
2008-06-05,9510,1186.85,136.43,4036.85,42.45,17.76,0.0
2008-06-06,9510,1199.92,136.51,4049.92,42.59,27.76,0.0
2008-06-07,9510,1214.67,136.6,4064.67,42.74,29.46,0.0
2008-06-08,9510,1231.09,136.7,4081.09,42.91,30.93,0.0
2008-06-09,9510,1257.48,136.86,4107.48,43.19,41.22,0.0
2008-06-10,9510,1262.44,136.86,4112.44,43.24,19.84,0.0
2008-06-11,9510,1262.44,136.89,4112.44,43.24,14.68,0.0
2008-06-12,9510,1265.75,136.91,4115.75,43.28,17.97,0.0
2008-06-13,9510,1267.41,136.92,4117.41,43.3,16.32,0.0
2008-06-14,9510,1270.72,136.94,4120.72,43.33,18.01,0.0
2008-06-15,9510,1339.07,137.35,4189.07,44.05,82.01,0.0
2008-06-16,9510,1384.53,137.62,4234.53,44.53,60.24,0.0
2008-06-17,9510,1406.54,137.75,4256.54,44.76,36.74,0.0
2008-06-18,9510,1426.93,137.87,4276.93,44.97,35.06,0.0
2008-06-19,9510,1437.15,137.93,4287.15,45.08,23.02,0.0
2008-06-20,9510,1447.39,137.99,4297.39,45.19,22.78,0.0
2008-06-21,9510,1464.49,138.09,4314.49,45.37,31.57,0.0
2008-06-22,9510,1481.64,138.19,4331.64,45.55,27.77,0.0
2008-06-23,9510,1498.84,138.29,4348.84,45.73,27.94,0.0
2008-06-24,9510,1504.0,138.32,4354.0,45.78,20.87,0.0
2008-06-25,9510,1507.45,138.34,4357.45,45.82,19.22,0.0
2008-06-26,9510,1514.35,138.38,4364.35,45.89,22.91,0.0
2008-06-27,9510,1510.9,138.36,4360.9,45.86,14.02,0.0
2008-06-28,9510,1505.73,138.33,4355.73,45.8,12.55,0.0
2008-06-29,9510,1497.12,138.28,4347.12,45.71,12.01,0.0
2008-06-30,9510,1493.67,138.26,4343.67,45.67,14.19,0.0
2008-07-01,9510,1505.73,138.33,4355.73,45.8,29.75,0.0
2008-07-02,9510,1507.45,138.34,4357.45,45.82,22.2,0.0
2008-07-03,9510,1509.18,138.35,4359.18,45.84,22.15,0.0
2008-07-04,9510,1517.81,138.4,4367.81,45.93,26.22,0.0
2008-07-05,9510,1540.3,138.53,4390.3,46.17,40.82,0.0
2008-07-06,9510,1555.91,138.62,4405.91,46.33,34.29,0.0
2008-07-07,9510,1571.57,138.71,4421.57,46.49,31.28,0.0
2008-07-08,9510,1585.51,138.79,4435.51,46.64,32.53,0.0
2008-07-09,9510,1595.99,138.85,4445.99,46.75,29.06,0.0
2008-07-10,9510,1608.24,138.92,4458.24,46.88,30.8,0.0
2008-07-11,9510,1632.8,139.06,4482.8,47.14,43.08,0.0
2008-07-12,9510,1641.59,139.11,4491.59,47.23,27.38,0.0
2008-07-13,9510,1652.16,139.17,4502.16,47.34,28.03,0.0
2008-07-14,9510,1660.98,139.22,4510.98,47.43,24.32,0.0
2008-07-15,9510,1671.58,139.28,4521.58,47.55,29.16,0.0
2008-07-16,9510,1708.79,139.49,4558.79,47.94,55.75,0.0
2008-07-17,9510,1723.02,139.57,4573.02,48.09,32.47,0.0
2008-07-18,9510,1735.5,139.64,4585.5,48.22,31.01,0.0
2008-07-19,9510,1756.93,139.76,4606.93,48.44,38.07,0.0
2008-07-20,9510,1821.63,140.12,4671.63,49.12,81.38,0.0
2008-07-21,9510,1910.6,140.61,4760.6,50.06,105.17,0.0
2008-07-22,9510,1989.0,141.04,4839.0,50.88,96.58,0.0
2008-07-23,9510,2074.85,141.5,4924.85,51.79,99.13,0.0
2008-07-24,9510,2136.6,141.83,4986.6,52.44,74.9,0.0
2008-07-25,9510,2187.46,142.1,5037.46,52.97,64.35,0.0
2008-07-26,9510,2238.63,142.37,5088.63,53.51,62.61,0.0
2008-07-27,9510,2299.65,142.69,5149.65,54.15,71.58,0.0
2008-07-28,9510,2339.93,142.9,5189.93,54.57,51.74,0.0
2008-07-29,9510,2372.66,143.07,5222.66,54.92,43.32,0.0
2008-07-30,9510,2401.64,143.22,5251.64,55.22,41.43,0.0
2008-07-31,9510,2457.92,143.51,5307.92,55.81,68.88,0.0
2008-08-01,9510,2506.7,143.76,5356.7,56.33,63.45,0.0
2008-08-02,9510,2567.53,144.07,5417.53,56.97,73.33,0.0
2008-08-03,9510,2610.93,144.29,5460.93,57.42,57.87,0.0
2008-08-04,9510,2642.61,144.45,5492.61,57.76,46.05,0.0
2008-08-05,9510,2678.37,144.63,5528.37,58.13,48.31,0.0
2008-08-06,9510,2726.24,144.87,5576.24,58.64,60.45,0.0
2008-08-07,9510,2780.36,145.14,5630.36,59.2,63.94,0.0
2008-08-08,9510,2838.79,145.43,5688.79,59.82,66.96,0.0
2008-08-09,9510,2932.13,145.89,5782.13,60.8,107.69,0.0
2008-08-10,9510,3055.05,146.49,5905.05,62.09,137.35,0.0
2008-08-11,9510,3156.41,146.98,6006.41,63.16,113.97,0.0
2008-08-12,9510,3229.35,147.33,6079.35,63.93,85.5,0.0
2008-08-13,9510,3288.01,147.61,6138.01,64.54,72.91,0.0
2008-08-14,9510,3382.88,148.06,6232.88,65.54,103.01,0.0
2008-08-15,9510,3493.4,148.58,6343.4,66.7,119.6,0.0
2008-08-16,9510,3576.91,148.97,6426.91,67.58,92.25,0.0
2008-08-17,9510,3632.88,149.23,6482.88,68.17,64.61,0.0
2008-08-18,9510,3678.26,149.44,6528.26,68.65,54.08,0.0
2008-08-19,9510,3712.93,149.6,6562.93,69.01,47.29,0.0
2008-08-20,9510,3771.64,149.87,6621.64,69.63,68.39,0.0
2008-08-21,9510,3824.04,150.11,6674.04,70.18,64.67,0.0
2008-08-22,9510,3865.66,150.3,6715.66,70.62,54.24,0.0
2008-08-23,9510,3903.01,150.47,6753.01,71.01,49.9,0.0
2008-08-24,9510,3938.24,150.63,6788.24,71.38,47.64,0.0
2008-08-25,9510,3964.73,150.75,6814.73,71.66,39.18,0.0
2008-08-26,9510,3995.69,150.89,6845.69,71.98,43.56,0.0
2008-08-27,9510,4046.7,151.12,6896.7,72.52,63.72,0.0
2008-08-28,9510,4093.43,151.33,6943.43,73.01,59.43,0.0
2008-08-29,9510,4138.07,151.53,6988.07,73.48,57.26,0.0
2008-08-30,9510,4180.6,151.72,7030.6,73.93,55.26,0.0
2008-08-31,9510,4209.77,151.85,7059.77,74.24,41.63,0.0
2008-09-01,9510,4232.25,151.95,7082.25,74.47,35.05,0.0
2008-09-02,9510,4254.76,152.05,7104.76,74.71,35.01,0.0
2008-09-03,9510,4281.82,152.17,7131.82,74.99,39.51,0.0
2008-09-04,9510,4311.18,152.3,7161.18,75.3,41.81,0.0
2008-09-05,9510,4329.28,152.38,7179.28,75.49,30.51,0.0
2008-09-06,9510,4347.4,152.46,7197.4,75.68,30.82,0.0
2008-09-07,9510,4381.44,152.61,7231.44,76.04,46.69,0.0
2008-09-08,9510,4429.21,152.82,7279.21,76.54,60.2,0.0
2008-09-09,9510,4463.42,152.97,7313.42,76.9,46.98,0.0
2008-09-10,9510,4490.85,153.09,7340.85,77.19,39.96,0.0
2008-09-11,9510,4513.73,153.19,7363.73,77.43,35.85,0.0
2008-09-12,9510,4548.13,153.34,7398.13,77.79,47.07,0.0
2008-09-13,9510,4573.4,153.45,7423.4,78.06,37.95,0.0
2008-09-14,9510,4598.71,153.56,7448.71,78.33,34.1,0.0
2008-09-15,9510,4642.53,153.75,7492.53,78.79,52.64,0.0
2008-09-16,9510,4677.2,153.9,7527.2,79.15,43.5,0.0
2008-09-17,9510,4718.9,154.08,7568.9,79.59,50.28,0.0
2008-09-18,9510,4742.12,154.18,7592.12,79.83,31.91,0.0
2008-09-19,9510,4783.99,154.36,7633.99,80.27,51.0,0.0
2008-09-20,9510,4816.63,154.5,7666.63,80.62,40.39,0.0
2008-09-21,9510,4849.33,154.64,7699.33,80.96,38.48,0.0
2008-09-22,9510,4875.08,154.75,7725.08,81.23,31.58,0.0
2008-09-23,9510,4905.55,154.88,7755.55,81.55,36.24,0.0
2008-09-24,9510,4938.43,155.02,7788.43,81.9,41.66,0.0
2008-09-25,9510,4961.95,155.12,7811.95,82.14,32.16,0.0
2008-09-26,9510,4976.08,155.18,7826.08,82.29,22.7,0.0
2008-09-27,9510,4992.58,155.25,7842.58,82.47,25.19,0.0
2008-09-28,9510,5009.1,155.32,7859.1,82.64,25.28,0.0
2008-09-29,9510,5020.91,155.37,7870.91,82.76,20.39,0.0
2008-09-30,9510,5044.55,155.47,7894.55,83.01,32.32,0.0
2008-10-01,9510,5070.59,155.58,7920.59,83.29,34.72,0.0
2008-10-02,9510,5087.18,155.65,7937.18,83.46,25.36,0.0
2008-10-03,9510,5103.79,155.72,7953.79,83.64,22.37,0.0
2008-10-04,9510,5115.66,155.77,7965.66,83.76,17.84,0.0
2008-10-05,9510,5129.92,155.83,7979.92,83.91,22.94,0.0
2008-10-06,9510,5141.81,155.88,7991.81,84.04,20.62,0.0
2008-10-07,9510,5156.09,155.94,8006.09,84.19,22.96,0.0
2008-10-08,9510,5175.15,156.02,8025.15,84.39,27.77,0.0
2008-10-09,9510,5194.23,156.1,8044.23,84.59,27.84,0.0
2008-10-10,9510,5210.94,156.17,8060.94,84.76,25.55,0.0
2008-10-11,9510,5234.84,156.27,8084.84,85.01,32.44,0.0
2008-10-12,9510,5251.59,156.34,8101.59,85.19,25.44,0.0
2008-10-13,9510,5270.76,156.42,8120.76,85.39,27.85,0.0
2008-10-14,9510,5287.54,156.49,8137.54,85.57,25.43,0.0
2008-10-15,9510,5299.54,156.54,8149.54,85.69,20.71,0.0
2008-10-16,9510,5306.7,156.57,8156.7,85.77,15.9,0.0
2008-10-17,9510,5313.95,156.6,8163.95,85.85,16.04,0.0
2008-10-18,9510,5323.56,156.64,8173.56,85.95,18.35,0.0
2008-10-19,9510,5330.78,156.67,8180.78,86.02,16.18,0.0
2008-10-20,9510,5337.99,156.7,8187.99,86.1,16.01,0.0
2008-10-21,9510,5340.4,156.71,8190.4,86.12,11.21,0.0
2008-10-22,9510,5350.03,156.75,8200.03,86.23,19.19,0.0
2008-10-23,9510,5362.07,156.8,8212.07,86.35,21.09,0.0
2008-10-24,9510,5378.94,156.87,8228.94,86.53,25.65,0.0
2008-10-25,9510,5391.0,156.92,8241.0,86.66,20.87,0.0
2008-10-26,9510,5403.07,156.97,8253.07,86.78,22.82,0.0
2008-10-27,9510,5419.99,157.04,8269.99,86.96,27.72,0.0
2008-10-28,9510,5424.82,157.06,8274.82,87.01,15.54,0.0
2008-10-29,9510,5432.08,157.09,8282.08,87.09,16.27,0.0
2008-10-30,9510,5436.91,157.11,8286.91,87.14,13.61,0.0
2008-10-31,9510,5444.17,157.14,8294.17,87.22,16.23,0.0
2008-11-01,9510,5451.44,157.17,8301.44,87.29,16.28,0.0
2008-11-02,9510,5461.13,157.21,8311.13,87.39,18.56,0.0
2008-11-03,9510,5465.97,157.23,8315.97,87.44,13.76,0.0
2008-11-04,9510,5480.52,157.29,8330.52,87.6,23.69,0.0
2008-11-05,9510,5490.22,157.33,8340.22,87.7,18.88,0.0
2008-11-06,9510,5502.36,157.38,8352.36,87.83,20.98,0.0
2008-11-07,9510,5512.08,157.42,8362.08,87.93,17.02,0.0
2008-11-08,9510,5516.94,157.44,8366.94,87.98,13.66,0.0
2008-11-09,9510,5521.8,157.46,8371.8,88.03,15.6,0.0
2008-11-10,9510,5521.8,157.46,8371.8,88.03,11.3,0.0
2008-11-11,9510,5519.37,157.45,8369.37,88.01,7.98,0.0
2008-11-12,9510,5536.39,157.52,8386.39,88.18,27.78,0.0
2008-11-13,9510,5536.39,157.52,8386.39,88.18,11.74,0.0
2008-11-14,9510,5538.82,157.53,8388.82,88.21,11.23,0.0
2008-11-15,9510,5538.82,157.53,8388.82,88.21,8.7,0.0
2008-11-16,9510,5543.69,157.55,8393.69,88.26,13.69,0.0
2008-11-17,9510,5546.12,157.56,8396.12,88.29,11.22,0.0
2008-11-18,9510,5548.56,157.57,8398.56,88.31,11.23,0.0
2008-11-19,9510,5548.56,157.57,8398.56,88.31,11.33,0.0
2008-11-20,9510,5543.69,157.55,8393.69,88.26,6.35,0.0
2008-11-21,9510,5541.26,157.54,8391.26,88.24,8.78,0.0
2008-11-22,9510,5533.96,157.51,8383.96,88.16,10.46,0.0
2008-11-23,9510,5531.52,157.5,8381.52,88.13,10.37,0.0
2008-11-24,9510,5524.23,157.47,8374.23,88.06,8.39,0.0
2008-11-25,9510,5519.37,157.45,8369.37,88.01,12.72,0.0
2008-11-26,9510,5507.22,157.4,8357.22,87.88,6.06,0.0
2008-11-27,9510,5499.93,157.37,8349.93,87.8,10.69,0.0
2008-11-28,9510,5490.22,157.33,8340.22,87.7,6.11,0.0
2008-11-29,9510,5480.52,157.29,8330.52,87.6,5.94,0.0
2008-11-30,9510,5473.24,157.26,8323.24,87.52,8.54,0.0
2008-12-01,9510,5463.55,157.22,8313.55,87.42,5.06,0.0
2008-12-02,9510,5456.28,157.19,8306.28,87.34,7.46,0.0
2008-12-03,9510,5446.6,157.15,8296.6,87.24,8.16,0.0
2008-12-04,9510,5439.33,157.12,8289.33,87.16,10.52,0.0
2008-12-05,9510,5427.24,157.07,8277.24,87.04,7.67,0.0
2008-12-06,9510,5410.32,157.0,8260.32,86.86,2.95,0.0
2008-12-07,9510,5400.66,156.96,8250.66,86.76,7.9,0.0
2008-12-08,9510,5391.0,156.92,8241.0,86.66,7.16,0.0
2008-12-09,9510,5378.94,156.87,8228.94,86.53,6.51,0.0
2008-12-10,9510,5369.3,156.83,8219.3,86.43,8.99,0.0
2008-12-11,9510,5357.25,156.78,8207.25,86.3,4.73,0.0
2008-12-12,9510,5347.62,156.74,8197.62,86.2,8.97,0.0
2008-12-13,9510,5335.59,156.69,8185.59,86.07,7.74,0.0
2008-12-14,9510,5318.76,156.62,8168.76,85.9,5.91,0.0
2008-12-15,9510,5304.34,156.56,8154.34,85.74,8.72,0.0
2008-12-16,9510,5285.14,156.48,8135.14,85.54,4.67,0.0
2008-12-17,9510,5265.96,156.4,8115.96,85.34,7.71,0.0
2008-12-18,9510,5244.41,156.31,8094.41,85.11,7.0,0.0
2008-12-19,9510,5230.06,156.25,8080.06,84.96,7.41,0.0
2008-12-20,9510,5208.55,156.16,8058.55,84.74,7.45,0.0
2008-12-21,9510,5187.07,156.07,8037.07,84.51,8.84,0.0
2008-12-22,9510,5163.23,155.97,8013.23,84.26,2.58,0.0
2008-12-23,9510,5141.81,155.88,7991.81,84.04,10.42,0.0
2008-12-24,9510,5115.66,155.77,7965.66,83.76,5.95,0.0
2008-12-25,9510,5091.21,155.67,7941.21,83.5,7.41,0.0
2008-12-26,9510,5068.22,155.57,7918.22,83.26,7.87,0.0
2008-12-27,9510,5042.18,155.46,7892.18,82.99,5.77,0.0
2008-12-28,9510,5030.36,155.41,7880.36,82.86,13.95,0.0
2008-12-29,9510,5016.18,155.35,7866.18,82.71,9.35,0.0
2008-12-30,9510,4985.51,155.22,7835.51,82.39,0.45,0.0
2008-12-31,9510,4964.31,155.13,7814.31,82.17,8.2,0.0
2009-01-01,9510,4943.13,155.04,7793.13,81.95,4.24,25.13
2009-01-02,9510,4921.98,154.95,7771.98,81.72,8.96,24.54
2009-01-03,9510,4903.2,154.87,7753.2,81.53,5.82,26.89
2009-01-04,9510,4882.1,154.78,7732.1,81.3,7.25,26.07
2009-01-05,9510,4863.37,154.7,7713.37,81.11,4.53,25.31
2009-01-06,9510,4839.98,154.6,7689.98,80.86,8.53,27.07
2009-01-07,9510,4818.96,154.51,7668.96,80.64,8.64,28.7
2009-01-08,9510,4797.97,154.42,7647.97,80.42,8.59,28.78
2009-01-09,9510,4777.0,154.33,7627.0,80.2,7.49,28.72
2009-01-10,9510,4756.06,154.24,7606.06,79.98,5.12,27.59
2009-01-11,9510,4732.83,154.14,7582.83,79.74,6.33,27.51
2009-01-12,9510,4714.26,154.06,7564.26,79.54,1.71,24.06
2009-01-13,9510,4691.09,153.96,7541.09,79.3,3.97,24.04
2009-01-14,9510,4665.63,153.85,7515.63,79.03,6.86,28.59
2009-01-15,9510,4642.53,153.75,7492.53,78.79,6.44,29.12
2009-01-16,9510,4619.45,153.65,7469.45,78.54,0.73,28.69
2009-01-17,9510,4591.81,153.53,7441.81,78.25,3.31,27.54
2009-01-18,9510,4566.51,153.42,7416.51,77.99,6.52,27.78
2009-01-19,9510,4548.13,153.24,7398.13,77.79,7.12,24.07
2009-01-20,9510,4525.19,153.24,7375.19,77.55,6.69,29.23
2009-01-21,9510,4502.29,153.14,7352.29,77.31,2.08,28.76
2009-01-22,9510,4474.84,153.02,7324.84,77.02,4.27,28.71
2009-01-23,9510,4449.73,152.91,7299.73,76.76,4.13,28.56
2009-01-24,9510,4424.65,152.8,7274.65,76.49,3.34,28.39
2009-01-25,9510,4399.62,152.69,7249.62,76.23,10.91,27.55
2009-01-26,9510,4383.71,152.62,7233.71,76.06,4.61,26.0
2009-01-27,9510,4361.01,152.52,7211.01,75.83,11.73,26.49
2009-01-28,9510,4342.87,152.44,7192.87,75.63,0.89,29.05
2009-01-29,9510,4313.44,152.31,7163.44,75.33,7.29,29.51
2009-01-30,9510,4290.85,152.21,7140.85,75.09,7.42,29.07
2009-01-31,9510,4268.28,152.11,7118.28,74.85,5.15,29.18
2009-02-01,9510,4243.5,152.0,7093.5,74.59,4.65,29.12
2009-02-02,9510,4221.01,151.9,7071.01,74.35,4.65,26.04
2009-02-03,9510,4198.54,151.8,7048.54,74.12,5.46,26.03
2009-02-04,9510,4173.88,151.69,7023.88,73.86,6.13,29.03
2009-02-05,9510,4149.25,151.58,6999.25,73.6,5.63,29.67
2009-02-06,9510,4124.65,151.47,6974.65,73.34,12.26,29.13
2009-02-07,9510,4106.8,151.39,6956.8,73.15,5.64,29.03
2009-02-08,9510,4086.74,151.3,6936.74,72.94,0.4,29.07
2009-02-09,9510,4051.14,151.14,6901.14,72.57,2.49,26.02
2009-02-10,9510,4028.94,151.04,6878.94,72.33,3.42,28.06
2009-02-11,9510,4002.33,150.92,6852.33,72.05,6.68,28.95
2009-02-12,9510,3980.2,150.82,6830.2,71.82,4.31,27.74
2009-02-13,9510,3955.9,150.71,6805.9,71.57,4.24,27.54
2009-02-14,9510,3931.63,150.6,6781.63,71.31,4.65,27.44
2009-02-15,9510,3907.41,150.49,6757.41,71.06,7.39,27.8
2009-02-16,9510,3887.62,150.4,6737.62,70.85,8.27,26.11
2009-02-17,9510,3867.0,150.31,6717.0,70.63,7.15,26.97
2009-02-18,9510,3845.93,150.21,6695.93,70.41,2.8,28.02
2009-02-19,9510,3826.23,150.12,6676.23,70.2,0.69,28.0
2009-02-20,9510,3804.37,150.02,6654.37,69.97,0.81,28.03
2009-02-21,9510,3762.93,149.83,6612.93,69.54,3.01,28.1
2009-02-22,9510,3736.82,149.71,6586.82,69.26,4.18,28.07
2009-02-23,9510,3712.93,149.6,6562.93,69.01,5.15,27.02
2009-02-24,9510,3689.08,149.49,6539.08,68.76,5.03,27.95
2009-02-25,9510,3663.11,149.37,6513.11,68.49,5.13,29.96
2009-02-26,9510,3637.19,149.25,6487.19,68.21,9.53,30.01
2009-02-27,9510,3615.63,149.15,6465.63,67.99,5.23,30.05
2009-02-28,9510,3589.81,149.03,6439.81,67.72,7.64,30.01
2009-03-01,9510,3566.17,148.92,6416.17,67.47,7.64,30.24
2009-03-02,9510,3542.59,148.81,6392.59,67.22,5.56,28.1
2009-03-03,9510,3516.9,148.69,6366.9,66.95,4.6,29.25
2009-03-04,9510,3487.0,148.55,6337.0,66.64,1.21,30.08
2009-03-05,9510,3459.29,148.42,6309.29,66.34,3.34,30.02
2009-03-06,9510,3431.65,148.29,6281.65,66.05,3.44,30.05
2009-03-07,9510,3399.82,148.14,6249.82,65.72,2.26,33.06
2009-03-08,9510,3374.42,148.02,6224.42,65.45,7.63,32.01
2009-03-09,9510,3349.07,147.9,6199.07,65.18,5.83,30.16
2009-03-10,9510,3325.87,147.79,6175.87,64.94,9.73,31.91
2009-03-11,9510,3296.42,147.65,6146.42,64.63,3.35,31.78
2009-03-12,9510,3269.13,147.52,6119.13,64.34,1.44,31.92
2009-03-13,9510,3231.44,147.34,6081.44,63.95,1.74,30.04
2009-03-14,9510,3206.38,147.22,6056.38,63.68,1.75,29.98
2009-03-15,9510,3177.21,147.08,6027.21,63.38,1.9,30.07
2009-03-16,9510,3150.18,146.95,6000.18,63.09,2.21,27.78
2009-03-17,9510,3123.22,146.82,5973.22,62.81,4.03,29.99
2009-03-18,9510,3096.32,146.69,5946.32,62.53,5.23,31.13
2009-03-19,9510,3069.48,146.56,5919.48,62.24,5.06,30.9
2009-03-20,9510,3042.7,146.43,5892.7,61.96,5.36,31.15
2009-03-21,9510,3013.93,146.29,5863.93,61.66,5.27,33.05
2009-03-22,9510,2985.23,146.15,5835.23,61.36,5.25,32.96
2009-03-23,9510,2958.65,146.02,5808.65,61.08,3.41,29.01
2009-03-24,9510,2930.09,145.88,5780.09,60.78,4.76,32.34
2009-03-25,9510,2899.57,145.73,5749.57,60.46,3.53,33.07
2009-03-26,9510,2873.19,145.6,5723.19,60.18,3.71,29.11
2009-03-27,9510,2846.88,145.47,5696.88,59.9,3.63,28.97
2009-03-28,9510,2824.66,145.36,5674.66,59.67,6.75,28.0
2009-03-29,9510,2802.49,145.25,5652.49,59.44,7.26,28.46
2009-03-30,9510,2776.34,145.12,5626.34,59.16,3.91,29.09
2009-03-31,9510,2750.26,144.99,5600.26,58.89,4.1,29.22
2009-04-01,9510,2724.24,144.86,5574.24,58.61,2.1,27.16
2009-04-02,9510,2700.28,144.74,5550.28,58.36,4.11,26.95
2009-04-03,9510,2676.38,144.62,5526.38,58.11,4.25,27.04
2009-04-04,9510,2650.55,144.49,5500.55,57.84,2.31,27.03
2009-04-05,9510,2624.78,144.36,5474.78,57.57,3.89,28.55
2009-04-06,9510,2597.1,144.22,5447.1,57.28,2.69,29.27
2009-04-07,9510,2567.53,144.07,5417.53,56.97,0.53,29.0
2009-04-08,9510,2541.98,143.94,5391.98,56.7,6.06,30.51
2009-04-09,9510,2512.57,143.79,5362.57,56.39,2.17,30.49
2009-04-10,9510,2485.21,143.65,5335.21,56.1,3.9,30.17
2009-04-11,9510,2461.81,143.53,5311.81,55.85,7.75,30.06
2009-04-12,9510,2436.53,143.4,5286.53,55.59,5.85,30.04
2009-04-13,9510,2411.32,143.27,5261.32,55.32,4.89,29.02
2009-04-14,9510,2388.1,143.15,5238.1,55.08,6.9,29.04
2009-04-15,9510,2368.8,143.05,5218.8,54.88,9.84,28.06
2009-04-16,9510,2345.7,142.93,5195.7,54.63,7.58,29.61
2009-04-17,9510,2318.81,142.79,5168.81,54.35,4.21,30.03
2009-04-18,9510,2292.0,142.65,5142.0,54.07,4.45,30.19
2009-04-19,9510,2265.28,142.51,5115.28,53.79,4.43,30.08
2009-04-20,9510,2240.53,142.38,5090.53,53.53,5.29,28.98
2009-04-21,9510,2213.96,142.24,5063.96,53.25,3.49,29.0
2009-04-22,9510,2185.58,142.09,5035.58,52.95,2.64,29.96
2009-04-23,9510,2157.29,141.94,5007.29,52.65,2.78,30.02
2009-04-24,9510,2129.09,141.79,4979.09,52.36,2.88,30.03
2009-04-25,9510,2106.6,141.67,4956.6,52.12,8.64,30.08
2009-04-26,9510,2082.31,141.54,4932.31,51.86,6.75,30.0
2009-04-27,9510,2056.23,141.4,4906.23,51.59,4.09,29.13
2009-04-28,9510,2032.08,141.27,4882.08,51.34,3.92,27.03
2009-04-29,9510,2004.31,141.12,4854.31,51.04,2.25,28.99
2009-04-30,9510,1980.31,140.99,4830.31,50.79,7.02,29.99
2009-05-01,9510,1954.56,140.85,4804.56,50.52,5.27,29.99
2009-05-02,9510,1928.89,140.71,4778.89,50.25,5.44,30.1
2009-05-03,9510,1903.3,140.57,4753.3,49.98,4.46,29.04
2009-05-04,9510,1877.79,140.43,4727.79,49.71,4.53,29.03
2009-05-05,9510,1854.19,140.3,4704.19,49.47,3.47,26.07
2009-05-06,9510,1830.66,140.17,4680.66,49.22,3.54,26.07
2009-05-07,9510,1809.0,140.05,4659.0,48.99,5.66,26.32
2009-05-08,9510,1789.21,139.94,4639.21,48.78,7.17,25.96
2009-05-09,9510,1767.68,139.82,4617.68,48.56,4.55,25.09
2009-05-10,9510,1742.64,139.68,4592.64,48.29,2.15,26.2
2009-05-11,9510,1721.24,139.56,4571.24,48.07,3.47,23.88
2009-05-12,9510,1703.46,139.46,4553.46,47.88,5.25,22.04
2009-05-13,9510,1678.65,139.32,4528.65,47.62,1.2,25.03
2009-05-14,9510,1653.92,139.18,4503.92,47.36,1.43,25.18
2009-05-15,9510,1636.32,139.08,4486.32,47.17,8.05,24.67
2009-05-16,9510,1622.26,139.0,4472.26,47.03,10.26,23.34
2009-05-17,9510,1608.24,138.92,4458.24,46.88,6.04,19.09
2009-05-18,9510,1592.5,138.83,4442.5,46.71,4.24,19.01
2009-05-19,9510,1580.28,138.76,4430.28,46.59,5.74,16.99
2009-05-20,9510,1571.57,138.71,4421.57,46.49,11.31,19.05
2009-05-21,9510,1561.13,138.65,4411.13,46.38,9.67,19.14
2009-05-22,9510,1550.7,138.59,4400.7,46.27,9.58,19.04
2009-05-23,9510,1538.56,138.52,4388.56,46.15,7.85,19.02
2009-05-24,9510,1522.99,138.43,4372.99,45.98,4.34,18.95
2009-05-25,9510,1516.08,138.39,4366.08,45.91,11.18,17.13
2009-05-26,9510,1502.28,138.31,4352.28,45.77,4.16,17.0
2009-05-27,9510,1486.8,138.22,4336.8,45.6,4.49,19.01
2009-05-28,9510,1471.35,138.13,4321.35,45.44,4.48,18.97
2009-05-29,9510,1461.07,138.07,4311.07,45.33,9.71,19.03
2009-05-30,9510,1454.23,138.03,4304.23,45.26,13.12,19.0
2009-05-31,9510,1450.81,138.01,4300.81,45.22,15.78,18.25
2009-06-01,9510,1445.68,137.98,4295.68,45.17,12.84,17.02
2009-06-02,9510,1443.98,137.97,4293.98,45.15,16.04,17.03
2009-06-03,9510,1433.75,137.91,4283.75,45.04,9.57,19.09
2009-06-04,9510,1420.13,137.83,4270.13,44.9,6.4,19.3
2009-06-05,9510,1406.54,137.75,4256.54,44.76,6.13,19.0
2009-06-06,9510,1398.07,137.7,4248.07,44.67,11.71,19.47
2009-06-07,9510,1394.68,137.68,4244.68,44.63,15.41,18.09
2009-06-08,9510,1392.99,137.67,4242.99,44.62,15.17,16.15
2009-06-09,9510,1386.22,137.63,4236.22,44.54,9.99,16.05
2009-06-10,9510,1376.09,137.57,4226.09,44.44,7.87,17.3
2009-06-11,9510,1369.34,137.53,4219.34,44.37,8.99,15.03
2009-06-12,9510,1360.92,137.43,4210.92,44.28,7.3,15.02
2009-06-13,9510,1357.55,137.46,4207.55,44.24,9.32,11.98
2009-06-14,9510,1352.51,137.43,4202.51,44.19,7.55,11.89
2009-06-15,9510,1347.46,137.4,4197.46,44.14,7.55,11.88
2009-06-16,9510,1340.75,137.36,4190.75,44.07,5.89,11.9
2009-06-17,9510,1339.07,137.32,4189.07,44.05,11.11,12.08
2009-06-18,9510,1335.72,137.33,4185.72,44.01,9.7,12.35
2009-06-19,9510,1352.51,137.43,4202.51,44.19,29.73,12.24
2009-06-20,9510,1360.92,137.48,4210.92,44.28,19.26,10.14
2009-06-21,9510,1362.6,137.49,4212.6,44.3,11.69,9.3
2009-06-22,9510,1365.97,137.51,4215.97,44.33,12.93,8.85
2009-06-23,9510,1364.28,137.5,4214.28,44.31,9.4,10.38
2009-06-24,9510,1360.92,137.48,4210.92,44.28,7.33,9.99
2009-06-25,9510,1360.92,137.48,4210.92,44.28,10.48,9.77
2009-06-26,9510,1364.28,137.5,4214.28,44.31,14.17,10.09
2009-06-27,9510,1360.92,137.48,4210.92,44.28,7.5,10.16
2009-06-28,9510,1357.55,137.46,4207.55,44.24,7.36,10.02
2009-06-29,9510,1354.19,137.44,4204.19,44.21,7.33,9.99
2009-06-30,9510,1352.51,137.43,4202.51,44.19,9.15,10.12
2009-07-01,9510,1359.23,137.47,4209.23,44.26,17.19,9.76
2009-07-02,9510,1382.84,137.61,4232.84,44.51,33.91,9.72
2009-07-03,9510,1404.85,137.74,4254.85,44.74,32.49,9.9
2009-07-04,9510,1425.23,137.86,4275.23,44.96,31.0,10.03
2009-07-05,9510,1447.39,137.99,4297.39,45.19,32.55,9.8
2009-07-06,9510,1469.63,138.12,4319.63,45.42,32.78,9.95
2009-07-07,9510,1519.53,138.41,4369.53,45.95,60.43,9.94
2009-07-08,9510,1589.01,138.81,4439.01,46.68,80.26,10.19
2009-07-09,9510,1652.16,139.17,4502.16,47.34,74.03,10.27
2009-07-10,9510,1683.96,139.35,4533.96,47.68,42.21,9.81
2009-07-11,9510,1703.46,139.46,4553.46,47.88,28.14,8.03
2009-07-12,9510,1719.46,139.55,4569.46,48.05,24.39,7.78
2009-07-13,9510,1731.93,139.62,4581.93,48.18,21.3,8.22
2009-07-14,9510,1746.21,139.7,4596.21,48.33,24.98,10.09
2009-07-15,9510,1800.0,140.0,4650.0,48.9,64.62,10.21
2009-07-16,9510,1857.82,140.32,4707.82,49.5,68.37,9.94
2009-07-17,9510,1892.36,140.51,4742.36,49.87,45.09,9.93
2009-07-18,9510,1912.43,140.62,4762.43,50.08,28.7,8.01
2009-07-19,9510,1934.38,140.74,4784.38,50.31,30.83,8.25
2009-07-20,9510,1987.69,141.03,4837.69,50.87,64.0,10.06
2009-07-21,9510,2032.08,141.27,4882.08,51.34,53.57,8.55
2009-07-22,9510,2063.67,141.44,4913.67,51.67,40.2,7.98
2009-07-23,9510,2084.18,141.55,4934.18,51.88,29.15,8.0
2009-07-24,9510,2097.25,141.62,4947.25,52.02,21.71,8.0
2009-07-25,9510,2110.35,141.69,4960.35,52.16,21.68,7.94
2009-07-26,9510,2115.97,141.72,4965.97,52.22,16.33,10.07
2009-07-27,9510,2121.59,141.75,4971.59,52.28,16.17,9.91
2009-07-28,9510,2129.09,141.79,4979.09,52.36,16.05,7.91
2009-07-29,9510,2134.72,141.82,4984.72,52.42,14.29,8.02
2009-07-30,9510,2136.6,141.83,4986.6,52.44,12.53,10.01
2009-07-31,9510,2144.12,141.87,4994.12,52.51,18.2,10.04
2009-08-01,9510,2157.29,141.94,5007.29,52.65,23.79,9.98
2009-08-02,9510,2164.82,141.98,5014.82,52.73,16.15,8.04
2009-08-03,9510,2172.36,142.02,5022.36,52.81,16.14,8.02
2009-08-04,9510,2187.46,142.1,5037.46,52.97,23.66,7.98
2009-08-05,9510,2196.92,142.15,5046.92,53.07,18.05,8.01
2009-08-06,9510,2204.49,142.19,5054.49,53.15,17.08,8.93
2009-08-07,9510,2208.27,142.21,5058.27,53.19,15.46,11.1
2009-08-08,9510,2210.17,142.22,5060.17,53.21,13.48,11.0
2009-08-09,9510,2223.44,142.29,5073.44,53.35,25.02,11.17
2009-08-10,9510,2234.83,142.35,5084.83,53.47,22.99,11.02
2009-08-11,9510,2244.33,142.4,5094.33,53.57,19.21,9.13
2009-08-12,9510,2250.04,142.43,5100.04,53.63,15.36,9.07
2009-08-13,9510,2261.46,142.49,5111.46,53.75,27.06,15.06
2009-08-14,9510,2271.0,142.54,5121.0,53.85,19.37,9.24
2009-08-15,9510,2282.45,142.6,5132.45,53.97,27.01,14.97
2009-08-16,9510,2301.57,142.7,5151.57,54.17,39.28,19.57
2009-08-17,9510,2338.01,142.89,5188.01,54.55,52.03,15.0
2009-08-18,9510,2378.45,143.1,5228.45,54.98,55.95,14.92
2009-08-19,9510,2401.64,143.22,5251.64,55.22,41.92,18.14
2009-08-20,9510,2413.25,143.28,5263.25,55.34,30.05,17.85
2009-08-21,9510,2434.59,143.39,5284.59,55.57,36.96,15.02
2009-08-22,9510,2440.42,143.42,5290.42,55.63,21.31,14.88
2009-08-23,9510,2459.86,143.52,5309.86,55.83,32.07,12.03
2009-08-24,9510,2471.55,143.58,5321.55,55.96,24.14,11.85
2009-08-25,9510,2479.35,143.62,5329.35,56.04,23.36,14.96
2009-08-26,9510,2491.06,143.68,5341.06,56.16,27.3,14.99
2009-08-27,9510,2496.92,143.71,5346.92,56.22,18.44,11.98
2009-08-28,9510,2508.66,143.77,5358.66,56.35,24.33,11.99
2009-08-29,9510,2510.61,143.78,5360.61,56.37,14.63,12.08
2009-08-30,9510,2512.57,143.79,5362.57,56.39,16.62,14.06
2009-08-31,9510,2512.57,143.79,5362.57,56.39,14.64,14.04
2009-09-01,9510,2516.49,143.81,5366.49,56.43,20.51,15.99
2009-09-02,9510,2526.28,143.86,5376.28,56.53,27.43,17.01
2009-09-03,9510,2541.98,143.94,5391.98,56.7,26.3,9.98
2009-09-04,9510,2549.83,143.98,5399.83,56.78,18.55,10.06
2009-09-05,9510,2557.7,144.02,5407.7,56.86,18.48,9.99
2009-09-06,9510,2561.63,144.04,5411.63,56.9,14.53,9.97
2009-09-07,9510,2567.53,144.07,5417.53,56.97,14.56,8.03
2009-09-08,9510,2577.38,144.12,5427.38,57.07,18.5,8.02
2009-09-09,9510,2587.24,144.17,5437.24,57.17,18.51,8.02
2009-09-10,9510,2597.1,144.22,5447.1,57.28,18.55,8.05
2009-09-11,9510,2601.05,144.24,5451.05,57.32,15.76,11.18
2009-09-12,9510,2608.95,144.28,5458.95,57.4,16.55,8.01
2009-09-13,9510,2612.91,144.3,5462.91,57.44,12.64,8.06
2009-09-14,9510,2620.82,144.34,5470.82,57.53,16.51,7.96
2009-09-15,9510,2626.76,144.37,5476.76,57.59,14.6,8.03
2009-09-16,9510,2630.72,144.39,5480.72,57.63,16.59,11.99
2009-09-17,9510,2628.74,144.38,5478.74,57.61,16.62,17.97
2009-09-18,9510,2664.45,144.56,5514.45,57.99,52.34,15.99
2009-09-19,9510,2712.26,144.8,5562.26,58.49,61.52,13.08
2009-09-20,9510,2742.25,144.95,5592.25,58.8,39.63,9.0
2009-09-21,9510,2772.32,145.1,5622.32,59.12,39.79,9.07
2009-09-22,9510,2794.43,145.21,5644.43,59.35,34.69,11.93
2009-09-23,9510,2820.62,145.34,5670.62,59.63,38.85,12.01
2009-09-24,9510,2852.94,145.5,5702.94,59.97,44.96,11.99
2009-09-25,9510,2873.19,145.6,5723.19,60.18,29.91,9.01
2009-09-26,9510,2885.36,145.66,5735.36,60.31,21.68,8.86
2009-09-27,9510,2909.74,145.78,5759.74,60.57,33.04,8.01
2009-09-28,9510,2932.13,145.89,5782.13,60.8,31.04,7.99
2009-09-29,9510,2952.52,145.99,5802.52,61.01,26.07,5.02
2009-09-30,9510,2968.86,146.07,5818.86,61.19,22.08,5.08
2009-10-01,9510,2975.0,146.1,5825.0,61.25,14.69,7.9
2009-10-02,9510,2985.23,146.15,5835.23,61.36,18.88,8.0
2009-10-03,9510,2993.42,146.19,5843.42,61.45,16.87,8.03
2009-10-04,9510,3001.62,146.23,5851.62,61.53,16.97,8.12
2009-10-05,9510,3018.03,146.31,5868.03,61.7,23.08,6.02
2009-10-06,9510,3028.3,146.36,5878.3,61.81,17.33,6.41
2009-10-07,9510,3034.47,146.39,5884.47,61.88,13.13,6.31
2009-10-08,9510,3040.64,146.42,5890.64,61.94,12.77,5.95
2009-10-09,9510,3059.17,146.51,5909.17,62.14,25.21,6.03
2009-10-10,9510,3063.29,146.53,5913.29,62.18,12.78,8.0
2009-10-11,9510,3067.41,146.55,5917.41,62.22,12.76,7.98
2009-10-12,9510,3071.54,146.57,5921.54,62.27,12.79,8.01
2009-10-13,9510,3077.73,146.6,5927.73,62.33,14.7,7.86
2009-10-14,9510,3083.92,146.63,5933.92,62.4,14.92,8.07
2009-10-15,9510,3090.12,146.66,5940.12,62.46,14.95,8.1
2009-10-16,9510,3096.32,146.69,5946.32,62.53,14.79,7.93
2009-10-17,9510,3102.52,146.72,5952.52,62.59,14.85,7.99
2009-10-18,9510,3106.66,146.74,5956.66,62.64,12.73,7.94
2009-10-19,9510,3108.72,146.75,5958.72,62.66,10.7,7.97
2009-10-20,9510,3119.07,146.8,5969.07,62.77,19.04,8.03
2009-10-21,9510,3121.15,146.81,5971.15,62.79,10.75,8.02
2009-10-22,9510,3129.43,146.85,5979.43,62.88,16.87,7.92
2009-10-23,9510,3139.8,146.9,5989.8,62.98,18.96,7.93
2009-10-24,9510,3150.18,146.95,6000.18,63.09,19.03,7.99
2009-10-25,9510,3158.49,146.99,6008.49,63.18,17.06,8.09
2009-10-26,9510,3166.8,147.03,6016.8,63.27,16.91,7.93
2009-10-27,9510,3173.04,147.06,6023.04,63.33,14.81,7.91
2009-10-28,9510,3175.12,147.07,6025.12,63.36,11.04,8.3
2009-10-29,9510,3177.21,147.08,6027.21,63.38,10.95,8.21
2009-10-30,9510,3179.29,147.09,6029.29,63.4,10.74,8.0
2009-10-31,9510,3177.21,147.08,6027.21,63.38,10.91,12.33
2009-11-01,9510,3173.04,147.06,6023.04,63.33,8.76,12.26
2009-11-02,9510,3173.04,147.06,6023.04,63.33,8.58,7.89
2009-11-03,9510,3168.88,147.04,6018.88,63.29,8.43,11.89
2009-11-04,9510,3166.8,147.03,6016.8,63.27,6.96,8.34
2009-11-05,9510,3164.73,147.02,6014.73,63.25,6.98,8.35
2009-11-06,9510,3164.73,147.02,6014.73,63.25,8.64,7.94
2009-11-07,9510,3164.73,147.02,6014.73,63.25,8.52,7.82
2009-11-08,9510,3164.73,147.02,6014.73,63.25,8.7,8.0
2009-11-09,9510,3164.73,147.02,6014.73,63.25,8.57,7.87
2009-11-10,9510,3164.73,147.02,6014.73,63.25,8.73,8.03
2009-11-11,9510,3164.73,147.02,6014.73,63.25,8.66,7.96
2009-11-12,9510,3162.65,147.01,6012.65,63.22,6.65,8.03
2009-11-13,9510,3160.57,147.0,6010.57,63.2,6.48,7.86
2009-11-14,9510,3158.49,146.99,6008.49,63.18,8.58,9.96
2009-11-15,9510,3154.33,146.97,6004.33,63.14,6.47,9.93
2009-11-16,9510,3152.26,146.96,6002.26,63.12,8.65,10.03
2009-11-17,9510,3148.1,146.94,5998.1,63.07,6.45,9.92
2009-11-18,9510,3143.95,146.92,5993.95,63.03,6.57,10.03
2009-11-19,9510,3139.8,146.9,5989.8,62.98,10.48,13.94
2009-11-20,9510,3131.51,146.86,5981.51,62.9,6.42,14.02
2009-11-21,9510,3121.15,146.81,5971.15,62.79,6.47,16.14
2009-11-22,9510,3110.79,146.76,5960.79,62.68,6.4,16.07
2009-11-23,9510,3100.45,146.71,5950.45,62.57,4.35,14.0
2009-11-24,9510,3090.12,146.66,5940.12,62.46,6.36,16.0
2009-11-25,9510,3081.86,146.62,5931.86,62.37,8.4,15.97
2009-11-26,9510,3071.54,146.57,5921.54,62.27,6.4,16.03
2009-11-27,9510,3061.23,146.52,5911.23,62.16,6.43,16.05
2009-11-28,9510,3048.87,146.46,5898.87,62.03,4.36,16.03
2009-11-29,9510,3038.58,146.41,5888.58,61.92,6.42,16.02
2009-11-30,9510,3028.3,146.36,5878.3,61.81,4.41,14.0
2009-12-01,9510,3013.93,146.29,5863.93,61.66,6.36,20.04
2009-12-02,9510,2999.57,146.22,5849.57,61.51,6.35,20.05
2009-12-03,9510,2987.28,146.16,5837.28,61.38,8.45,20.08
2009-12-04,9510,2970.91,146.08,5820.91,61.21,4.35,20.07
2009-12-05,9510,2956.61,146.01,5806.61,61.06,6.12,19.77
2009-12-06,9510,2942.32,145.94,5792.32,60.91,4.33,17.97
2009-12-07,9510,2930.09,145.88,5780.09,60.78,6.47,18.05
2009-12-08,9510,2915.84,145.81,5765.84,60.63,6.41,20.01
2009-12-09,9510,2899.57,145.73,5749.57,60.46,4.36,19.98
2009-12-10,9510,2885.36,145.66,5735.36,60.31,6.5,20.06
2009-12-11,9510,2869.14,145.58,5719.14,60.14,4.43,20.0
2009-12-12,9510,2854.97,145.51,5704.97,59.99,6.49,20.01
2009-12-13,9510,2834.75,145.41,5684.75,59.78,0.44,20.01
2009-12-14,9510,2822.64,145.35,5672.64,59.65,6.38,17.84
2009-12-15,9510,2810.54,145.29,5660.54,59.52,6.52,17.98
2009-12-16,9510,2794.43,145.21,5644.43,59.35,4.23,19.7
2009-12-17,9510,2780.36,145.14,5630.36,59.2,6.61,20.04
2009-12-18,9510,2764.3,145.06,5614.3,59.04,4.53,19.95
2009-12-19,9510,2750.26,144.99,5600.26,58.89,4.59,17.99
2009-12-20,9510,2732.24,144.9,5582.24,58.7,0.56,17.94
2009-12-21,9510,2716.25,144.82,5566.25,58.53,1.7,17.05
2009-12-22,9510,2698.29,144.73,5548.29,58.34,0.73,18.05
2009-12-23,9510,2686.33,144.67,5536.33,58.22,6.49,17.81
2009-12-24,9510,2668.43,144.58,5518.43,58.03,2.78,20.05
2009-12-25,9510,2654.52,144.51,5504.52,57.88,6.63,19.91
2009-12-26,9510,2638.65,144.43,5488.65,57.71,4.73,19.97
2009-12-27,9510,2624.78,144.36,5474.78,57.57,6.76,20.0
2009-12-28,9510,2610.93,144.28,5460.93,57.42,2.74,15.96
2009-12-29,9510,2595.13,144.21,5445.13,57.26,4.9,20.07
2009-12-30,9510,2577.38,144.12,5427.38,57.07,2.95,20.07
2009-12-31,9510,2557.7,144.02,5407.7,56.86,1.04,20.09
2010-01-01,9510,2540.01,143.93,5390.01,56.68,3.12,20.02
2010-01-02,9510,2524.32,143.85,5374.32,56.51,7.05,18.12
2010-01-03,9510,2510.61,143.78,5360.61,56.37,5.05,20.07
2010-01-04,9510,2494.97,143.7,5344.97,56.2,3.03,20.01
2010-01-05,9510,2477.4,143.61,5327.4,56.02,3.33,19.91
2010-01-06,9510,2459.86,143.52,5309.86,55.83,5.2,20.18
2010-01-07,9510,2444.3,143.44,5294.3,55.67,11.12,20.08
2010-01-08,9510,2434.59,143.39,5284.59,55.57,3.3,20.15
2010-01-09,9510,2417.13,143.3,5267.13,55.39,7.08,20.08
2010-01-10,9510,2405.51,143.24,5255.51,55.26,7.09,18.02
2010-01-11,9510,2393.9,143.18,5243.9,55.14,5.29,18.02
2010-01-12,9510,2380.38,143.11,5230.38,55.0,5.23,18.13
2010-01-13,9510,2366.88,143.04,5216.88,54.86,2.35,18.05
2010-01-14,9510,2349.54,142.95,5199.54,54.67,4.31,19.0
2010-01-15,9510,2334.16,142.87,5184.16,54.51,2.4,19.01
2010-01-16,9510,2316.89,142.78,5166.89,54.33,3.69,19.0
2010-01-17,9510,2295.83,142.67,5145.83,54.11,8.37,24.08
2010-01-18,9510,2280.54,142.59,5130.54,53.95,1.32,22.99
2010-01-19,9510,2265.28,142.51,5115.28,53.79,3.46,15.91
2010-01-20,9510,2250.04,142.43,5100.04,53.63,5.34,18.03
2010-01-21,9510,2236.73,142.36,5086.73,53.49,3.5,17.98
2010-01-22,9510,2221.54,142.28,5071.54,53.33,5.55,18.02
2010-01-23,9510,2208.27,142.21,5058.27,53.19,3.57,18.15
2010-01-24,9510,2193.13,142.13,5043.13,53.03,5.4,18.04
2010-01-25,9510,2181.8,142.07,5031.8,52.91,0.0,16.07
2010-01-26,9510,2162.94,141.97,5012.94,52.71,3.74,16.0
2010-01-27,9510,2146.0,141.88,4996.0,52.53,3.82,20.02
2010-01-28,9510,2129.09,141.79,4979.09,52.36,3.83,20.06
2010-01-29,9510,2112.22,141.7,4962.22,52.18,3.88,20.04
2010-01-30,9510,2095.38,141.61,4945.38,52.0,3.24,20.06
2010-01-31,9510,2074.85,141.5,4924.85,51.79,4.01,23.12
2010-02-01,9510,2059.95,141.42,4909.95,51.63,3.88,18.26
2010-02-02,9510,2046.93,141.35,4896.93,51.49,3.16,16.01
2010-02-03,9510,2030.22,141.26,4880.22,51.32,3.26,18.98
2010-02-04,9510,2013.55,141.17,4863.55,51.14,3.26,19.05
2010-02-05,9510,1996.92,141.08,4846.92,50.97,3.39,19.01
2010-02-06,9510,1980.31,140.99,4830.31,50.79,3.31,19.12
2010-02-07,9510,1963.75,140.9,4813.75,50.62,4.35,18.99
2010-02-08,9510,1949.05,140.82,4799.05,50.46,4.48,18.17
2010-02-09,9510,1932.55,140.78,4782.55,50.29,4.37,20.1
2010-02-10,9510,1916.08,140.64,4766.08,50.12,4.66,19.97
2010-02-11,9510,1897.83,140.54,4747.83,49.92,4.68,22.04
2010-02-12,9510,1879.61,140.44,4729.61,49.73,2.93,22.03
2010-02-13,9510,1859.63,140.33,4709.63,49.52,4.59,22.04
2010-02-14,9510,1843.32,140.24,4693.32,49.35,2.93,20.03
2010-02-15,9510,1825.24,140.14,4675.24,49.16,4.65,20.15
2010-02-16,9510,1809.0,140.05,4659.0,48.99,3.06,20.03
2010-02-17,9510,1791.01,139.95,4641.01,48.8,5.76,20.19
2010-02-18,9510,1774.85,139.86,4624.85,48.63,0.51,21.06
2010-02-19,9510,1753.36,139.74,4603.36,48.41,2.25,21.14
2010-02-20,9510,1733.71,139.63,4583.71,48.2,2.69,21.04
2010-02-21,9510,1710.57,139.5,4560.57,47.96,2.79,24.98
2010-02-22,9510,1687.5,391.37,4537.5,47.71,3.19,25.01
2010-02-23,9510,1669.81,139.27,4519.81,47.53,3.67,20.03
2010-02-24,9510,1648.64,139.15,4498.64,47.3,3.62,23.99
2010-02-25,9510,1627.53,139.03,4477.53,47.08,3.85,23.89
2010-02-26,9510,1606.49,138.91,4456.49,46.86,3.91,24.05
2010-02-27,9510,1585.51,138.79,4435.51,46.64,0.52,24.05
2010-02-28,9510,1561.13,138.65,4411.13,46.38,3.71,24.06
2010-03-01,9510,1543.76,138.55,4393.76,46.2,3.71,20.25
2010-03-02,9510,1528.18,138.46,4378.18,46.04,3.27,18.02
2010-03-03,9510,1507.45,139.34,4357.45,45.82,1.17,21.06
2010-03-04,9510,1486.8,138.22,4336.8,45.6,1.2,21.02
2010-03-05,9510,1467.92,138.11,4317.92,45.4,2.85,20.9
2010-03-06,9510,1449.1,138.0,4299.1,45.21,2.94,20.93
2010-03-07,9510,1432.04,137.9,4282.04,45.03,3.89,20.12
2010-03-08,9510,1415.03,137.8,4265.03,44.85,2.8,18.98
2010-03-09,9510,1399.76,137.71,4249.76,44.69,3.6,18.05
2010-03-10,9510,1384.53,137.62,4234.53,44.53,3.05,19.15
2010-03-11,9510,1365.97,137.51,4215.97,44.33,1.28,19.02
2010-03-12,9510,1345.79,137.39,4195.79,44.12,1.38,19.05
2010-03-13,9510,1327.35,137.28,4177.35,43.93,1.36,18.98
2010-03-14,9510,1310.63,137.18,4160.63,43.75,3.06,18.97
2010-03-15,9510,1287.32,137.04,4137.32,43.5,2.66,25.16
2010-03-16,9510,1277.35,136.98,4127.35,43.4,5.38,14.54
2010-03-17,9510,1262.44,136.89,4112.44,43.24,2.94,17.04
2010-03-18,9510,1247.57,136.8,4097.57,43.09,2.96,17.02
2010-03-19,9510,1232.74,136.71,4082.74,42.93,3.03,17.05
2010-03-20,9510,1217.95,136.62,4067.95,42.78,3.0,16.99
2010-03-21,9510,1203.2,136.53,4053.2,42.62,3.18,17.13
2010-03-22,9510,1190.12,136.45,4040.12,42.48,2.2,14.48
2010-03-23,9510,1178.7,136.38,4028.7,42.36,2.78,13.4
2010-03-24,9510,1164.06,136.29,4014.06,42.21,4.74,18.58
2010-03-25,9510,1147.84,136.19,3997.84,42.04,3.09,18.51
2010-03-26,9510,1130.05,136.08,3980.05,41.85,1.48,18.48
2010-03-27,9510,1115.54,135.99,3965.54,41.7,1.22,14.94
2010-03-28,9510,1104.29,135.92,3954.29,41.58,4.53,14.99
2010-03-29,9510,1093.06,135.85,3943.06,41.46,2.63,13.07
2010-03-30,9510,1081.86,135.78,3931.86,41.34,0.59,11.0
2010-03-31,9510,1072.27,135.72,3922.27,41.24,3.65,12.45
2010-04-01,9510,1061.12,135.65,3911.12,41.13,2.15,12.51
2010-04-02,9510,1049.98,135.58,3899.98,41.01,2.8,13.02
2010-04-03,9510,1040.46,135.52,3890.46,40.91,3.9,12.51
2010-04-04,9510,1029.38,135.45,3879.38,40.79,2.24,12.41
2010-04-05,9510,1021.48,135.4,3871.48,40.71,3.82,10.81
2010-04-06,9510,1008.86,135.32,3858.86,40.58,1.53,13.24
2010-04-07,9510,996.28,135.24,3846.28,40.44,1.53,13.21
2010-04-08,9510,983.73,135.16,3833.73,40.31,1.87,13.51
2010-04-09,9510,972.77,135.09,3822.77,40.2,3.37,13.42
2010-04-10,9510,961.84,135.02,3811.84,40.08,3.44,13.46
2010-04-11,9510,949.39,134.94,3799.39,39.95,0.55,12.11
2010-04-12,9510,940.07,134.88,3790.07,39.85,2.63,11.05
2010-04-13,9510,929.22,134.81,3779.22,39.74,1.74,11.09
2010-04-14,9510,918.39,134.74,3768.39,39.63,2.23,12.16
2010-04-15,9510,907.6,134.67,3757.6,39.51,2.15,12.05
2010-04-16,9510,895.29,134.59,3745.29,39.38,0.76,12.17
2010-04-17,9510,883.01,134.51,3733.01,39.25,0.64,12.02
2010-04-18,9510,872.3,134.44,3722.3,39.14,2.27,12.09
2010-04-19,9510,863.14,134.38,3713.14,39.04,2.78,11.05
2010-04-20,9510,852.48,134.31,3702.48,38.93,2.25,12.02
2010-04-21,9510,841.84,134.24,3691.84,38.82,3.23,12.98
2010-04-22,9510,831.24,134.17,3681.24,38.71,3.4,13.13
2010-04-23,9510,817.63,134.06,3667.63,38.57,0.0,12.1
2010-04-24,9510,805.58,134.0,3655.58,38.44,0.72,11.89
2010-04-25,9510,795.06,133.93,3645.06,38.33,2.5,12.14
2010-04-26,9510,786.07,133.87,3636.07,38.23,2.9,11.01
2010-04-27,9510,775.6,133.8,3625.6,38.12,1.46,11.05
2010-04-28,9510,768.14,133.75,3618.14,38.05,5.45,12.03
2010-04-29,9510,759.21,133.69,3609.21,37.95,3.82,11.88
2010-04-30,9510,747.33,133.61,3597.33,37.83,1.0,12.0
2010-05-01,9510,736.96,133.54,3586.96,37.72,2.54,12.03
2010-05-02,9510,734.01,133.52,3584.01,37.69,5.89,7.98
2010-05-03,9510,728.1,133.48,3578.1,37.62,2.99,8.03
2010-05-04,9510,722.2,133.44,3572.2,37.56,3.0,8.03
2010-05-05,9510,716.31,133.4,3566.31,37.5,3.05,8.08
2010-05-06,9510,710.43,133.36,3560.43,37.44,2.98,8.0
2010-05-07,9510,703.1,133.31,3553.1,37.36,2.16,8.64
2010-05-08,9510,695.77,133.26,3545.77,37.28,1.52,0.86
2010-05-09,9510,688.46,133.21,3538.46,37.21,1.6,8.05
2010-05-10,9510,681.17,133.16,3531.17,37.13,1.49,7.93
2010-05-11,9510,673.89,133.11,3523.89,37.05,1.91,8.33
2010-05-12,9510,670.98,133.09,3520.98,37.02,5.96,8.01
2010-05-13,9510,663.72,133.04,3513.72,36.95,1.56,7.96
2010-05-14,9510,656.47,132.99,3506.47,36.87,1.59,7.98
2010-05-15,9510,649.24,132.94,3499.24,36.8,1.63,8.01
2010-05-16,9510,643.46,132.9,3493.46,36.73,3.11,8.04
2010-05-17,9510,640.58,132.88,3490.58,36.7,6.03,8.06
2010-05-18,9510,633.38,132.83,3483.38,36.63,1.72,8.07
2010-05-19,9510,629.06,132.8,3479.06,36.58,4.54,8.01
2010-05-20,9510,629.06,132.8,3479.06,36.58,8.88,8.03
2010-05-21,9510,624.76,132.77,3474.76,36.54,4.58,8.03
2010-05-22,9510,619.02,132.73,3469.02,36.48,3.08,7.97
2010-05-23,9510,610.43,132.67,3460.43,36.39,0.32,8.06
2010-05-24,9510,609.0,132.66,3459.0,36.37,7.37,7.95
2010-05-25,9510,606.1,132.64,3456.1,36.34,6.01,8.01
2010-05-26,9510,603.29,132.62,3453.29,36.31,6.01,8.02
2010-05-27,9510,600.44,132.6,3450.44,36.28,6.23,8.23
2010-05-28,9510,596.16,132.57,3446.16,36.24,4.81,8.24
2010-05-29,9510,591.9,132.54,3441.9,36.19,4.93,8.34
2010-05-30,9510,586.21,132.5,3436.21,36.13,3.46,8.3
2010-05-31,9510,580.54,132.46,3430.54,36.07,3.23,8.05
2010-06-01,9510,574.87,132.42,3424.87,36.01,3.32,8.14
2010-06-02,9510,567.8,132.37,3417.8,35.94,1.64,8.08
2010-06-03,9510,562.16,132.33,3412.16,35.88,3.0,8.01
2010-06-04,9510,555.12,132.28,3405.12,35.81,3.61,10.02
2010-06-05,9510,555.12,132.28,3405.12,35.81,10.67,10.04
2010-06-06,9510,548.09,132.23,3398.09,35.73,3.69,10.09
2010-06-07,9510,541.08,132.18,3391.08,35.66,3.67,10.05
2010-06-08,9510,535.48,132.14,3385.48,35.6,5.12,10.09
2010-06-09,9510,531.29,132.11,3381.29,35.56,6.52,10.08
2010-06-10,9510,524.31,132.06,3374.31,35.48,3.69,10.04
2010-06-11,9510,521.52,132.04,3371.52,35.45,9.81,11.97
2010-06-12,9510,515.95,132.0,3365.95,35.39,7.03,11.97
2010-06-13,9510,506.24,131.93,3356.24,35.29,2.85,11.94
2010-06-14,9510,497.93,131.87,3347.93,35.2,4.34,12.02
2010-06-15,9510,488.26,131.8,3338.26,35.1,2.95,11.99
2010-06-16,9510,478.63,131.73,3328.63,35.0,3.02,12.03
2010-06-17,9510,471.76,131.68,3321.76,34.93,5.87,12.12
2010-06-18,9510,462.18,131.61,3312.18,34.83,3.1,12.06
2010-06-19,9510,455.35,131.56,3305.35,34.76,5.8,12.01
2010-06-20,9510,447.18,131.5,3297.18,34.67,4.43,11.98
2010-06-21,9510,437.67,131.43,3287.67,34.57,3.02,11.91
2010-06-22,9510,428.19,131.36,3278.19,34.47,3.14,12.0
2010-06-23,9510,418.78,131.29,3268.78,34.37,3.18,12.01
2010-06-24,9510,417.39,131.28,3267.39,34.36,11.16,11.89
2010-06-25,9510,412.0,131.24,3262.0,34.3,6.19,10.96
2010-06-26,9510,410.66,131.23,3260.66,34.29,10.26,10.98
2010-06-27,9510,405.29,131.19,3255.29,34.23,6.06,10.81
2010-06-28,9510,401.27,313.16,3251.27,34.19,4.9,8.3
2010-06-29,9510,393.24,131.1,3243.24,34.1,3.59,11.0
2010-06-30,9510,386.56,131.05,3236.56,34.03,5.0,11.06
2010-07-01,9510,382.57,131.02,3232.57,33.99,7.62,10.99
2010-07-02,9510,377.25,130.98,3227.25,33.94,6.2,11.01
2010-07-03,9510,377.25,130.98,3227.25,33.94,8.48,7.97
2010-07-04,9510,379.9,131.0,3229.9,33.96,11.28,8.11
2010-07-05,9510,379.9,131.0,3229.9,33.96,8.49,7.98
2010-07-06,9510,378.57,130.99,3228.57,33.95,8.15,8.97
2010-07-07,9510,374.59,130.96,3224.59,33.91,4.01,7.49
2010-07-08,9510,369.28,130.92,3219.28,33.85,3.23,8.04
2010-07-09,9510,367.96,130.91,3217.96,33.84,7.15,7.97
2010-07-10,9510,363.99,130.88,3213.99,33.8,4.48,7.95
2010-07-11,9510,363.99,130.88,3213.99,33.8,8.48,7.98
2010-07-12,9510,361.34,130.86,3211.34,33.77,5.97,8.11
2010-07-13,9510,357.38,130.83,3207.38,33.73,4.5,7.96
2010-07-14,9510,353.42,130.8,3203.42,33.68,5.55,9.0
2010-07-15,9510,348.16,130.76,3198.16,33.63,4.23,8.99
2010-07-16,9510,345.58,130.74,3195.58,33.6,6.95,9.08
2010-07-17,9510,337.65,130.68,3187.65,33.52,1.61,8.98
2010-07-18,9510,331.11,130.63,3181.11,33.45,3.01,9.05
2010-07-19,9510,331.11,130.63,3181.11,33.45,10.61,10.11
2010-07-20,9510,402.61,131.17,3252.61,34.2,82.02,10.02
2010-07-21,9510,469.02,131.66,3319.02,34.9,75.83,8.9
2010-07-22,9510,499.31,131.88,3349.31,35.22,39.79,8.99
2010-07-23,9510,509.01,131.95,3359.01,35.32,17.77,7.56
2010-07-24,9510,532.68,132.12,3382.68,35.57,31.68,7.49
2010-07-25,9510,567.8,132.37,3417.8,35.94,48.01,12.37
2010-07-26,9510,591.9,132.54,3441.9,36.19,37.09,12.48
2010-07-27,9510,621.89,132.75,3471.89,36.51,38.05,7.54
2010-07-28,9510,657.92,133.0,3507.92,36.89,43.96,7.4
2010-07-29,9510,679.71,133.15,3529.71,37.12,29.74,7.42
2010-07-30,9510,704.56,133.32,3554.56,37.38,32.2,6.82
2010-07-31,9510,723.68,133.45,3573.68,37.58,26.61,6.96
2010-08-01,9510,735.49,133.53,3585.49,37.7,19.48,7.14
2010-08-02,9510,753.27,133.65,3603.27,37.89,25.12,6.86
2010-08-03,9510,766.65,133.74,3616.65,38.03,20.9,7.04
2010-08-04,9510,790.57,133.9,3640.57,38.28,31.38,6.98
2010-08-05,9510,846.4,134.27,3696.4,38.87,63.05,6.73
2010-08-06,9510,878.42,134.48,3728.42,39.21,39.41,6.9
2010-08-07,9510,927.67,134.8,3777.67,39.72,56.65,6.91
2010-08-08,9510,1018.32,135.38,3868.32,40.68,98.15,7.0
2010-08-09,9510,1104.29,135.92,3954.29,41.58,93.35,6.69
2010-08-10,9510,1159.19,136.26,4009.19,42.16,62.5,7.09
2010-08-11,9510,1126.16,136.67,3976.16,41.81,74.48,7.0
2010-08-12,9510,1303.96,137.14,4153.96,43.68,83.78,5.46
2010-08-13,9510,1371.03,137.54,4221.03,44.39,73.05,5.46
2010-08-14,9510,1433.75,137.91,4283.75,45.04,68.66,5.41
2010-08-15,9510,1479.92,138.18,4329.92,45.53,52.13,5.43
2010-08-16,9510,1536.83,138.51,4386.83,46.13,62.94,5.49
2010-08-17,9510,1583.77,138.78,4433.77,46.62,53.12,5.64
2010-08-18,9510,1622.26,139.0,4472.26,47.03,44.05,5.02
2010-08-19,9510,1710.57,139.5,4560.57,47.96,93.86,5.0
2010-08-20,9510,1794.6,139.97,4644.6,48.84,88.89,4.31
2010-08-21,9510,1866.89,140.37,4716.89,49.6,77.28,4.43
2010-08-22,9510,1941.71,140.78,4791.71,50.39,79.86,4.48
2010-08-23,9510,1998.76,141.09,4848.76,50.99,61.06,3.44
2010-08-24,9510,2069.26,141.47,4919.26,51.73,72.5,1.43
2010-08-25,9510,2112.22,141.7,4962.22,52.18,44.98,1.45
2010-08-26,9510,2172.36,142.02,5022.36,52.81,60.72,0.0
2010-08-27,9510,2290.09,142.64,5140.09,54.05,118.32,0.0
2010-08-28,9510,2395.84,143.19,5245.84,55.16,106.34,0.0
2010-08-29,9510,2489.11,143.67,5339.11,56.14,93.87,0.0
2010-08-30,9510,2644.6,144.46,5494.6,57.78,156.1,0.0
2010-08-31,9510,2752.26,145.0,5602.26,58.91,108.28,0.0
2010-09-01,9510,2875.22,145.61,5725.22,60.2,123.58,0.0
2010-09-02,9510,3024.19,146.34,5874.19,61.77,149.63,0.0
2010-09-03,9510,3150.18,146.95,6000.18,63.09,126.66,0.0
2010-09-04,9510,3229.35,147.33,6079.35,63.93,79.84,0.0
2010-09-05,9510,3285.91,147.6,6135.91,64.52,58.64,1.4
2010-09-06,9510,3336.41,147.84,6186.41,65.05,52.66,1.48
2010-09-07,9510,3370.19,148.0,6220.19,65.41,37.44,2.98
2010-09-08,9510,3399.82,148.14,6249.82,65.72,33.23,2.91
2010-09-09,9510,3421.03,148.24,6271.03,65.94,24.84,2.95
2010-09-10,9510,3446.53,148.36,6296.53,66.21,29.07,2.89
2010-09-11,9510,3487.0,148.55,6337.0,66.64,44.13,2.97
2010-09-12,9510,3519.04,148.7,6369.04,66.97,35.7,2.97
2010-09-13,9510,3559.74,148.89,6409.74,67.4,44.31,2.92
2010-09-14,9510,3613.48,149.14,6463.48,67.97,57.17,2.73
2010-09-15,9510,3667.44,149.39,6517.44,68.53,56.11,1.45
2010-09-16,9510,3758.57,149.81,6608.57,69.49,91.84,0.0
2010-09-17,9510,3896.41,150.44,6746.41,70.94,138.55,0.0
2010-09-18,9510,4040.04,151.09,6890.04,72.45,144.35,0.0
2010-09-19,9510,4126.89,151.48,6976.89,73.36,87.59,0.0
2010-09-20,9510,4200.79,151.81,7050.79,74.14,74.63,0.0
2010-09-21,9510,4243.5,152.0,7093.5,74.59,46.32,2.87
2010-09-22,9510,4279.56,152.16,7129.56,74.97,39.66,2.86
2010-09-23,9510,4313.44,152.31,7163.44,75.33,37.61,2.98
2010-09-24,9510,4349.67,152.47,7199.67,75.71,39.79,2.82
2010-09-25,9510,4388.25,152.64,7238.25,76.11,42.23,2.9
2010-09-26,9510,4417.82,152.77,7267.82,76.42,33.21,2.89
2010-09-27,9510,4447.45,152.9,7297.45,76.73,33.53,3.16
2010-09-28,9510,4479.41,153.04,7329.41,77.07,35.75,3.03
2010-09-29,9510,4504.57,153.15,7354.57,77.34,28.9,2.99
2010-09-30,9510,4529.78,153.26,7379.78,77.6,28.96,3.01
2010-10-01,9510,4555.02,153.37,7405.02,77.87,28.88,2.88
2010-10-02,9510,4591.81,153.53,7441.81,78.25,40.52,2.98
2010-10-03,9510,4614.84,153.63,7464.84,78.49,26.72,2.94
2010-10-04,9510,4630.98,153.7,7480.98,78.66,20.43,3.54
2010-10-05,9510,4644.83,153.76,7494.83,78.81,18.61,4.01
2010-10-06,9510,4658.7,153.82,7508.7,78.96,18.69,4.07
2010-10-07,9510,4672.57,153.88,7522.57,79.1,18.1,3.48
2010-10-08,9510,4684.14,153.93,7534.14,79.22,15.74,3.42
2010-10-09,9510,4698.04,153.99,7548.04,79.37,18.15,3.5
2010-10-10,9510,4707.31,154.03,7557.31,79.47,16.07,6.05
2010-10-11,9510,4716.58,154.07,7566.58,79.56,16.02,6.0
2010-10-12,9510,4723.54,154.1,7573.54,79.64,13.72,5.87
2010-10-13,9510,4737.47,154.16,7587.47,79.78,18.69,4.01
2010-10-14,9510,4751.41,154.22,7601.41,79.93,18.66,3.96
2010-10-15,9510,4760.72,154.26,7610.72,80.03,15.94,5.87
2010-10-16,9510,4777.0,154.33,7627.0,80.2,22.99,5.95
2010-10-17,9510,4788.65,154.38,7638.65,80.32,16.39,3.98
2010-10-18,9510,4797.97,154.42,7647.97,80.42,13.01,2.93
2010-10-19,9510,4807.3,154.46,7657.3,80.52,13.05,2.96
2010-10-20,9510,4818.96,154.51,7668.96,80.64,15.85,3.43
2010-10-21,9510,4828.3,154.55,7678.3,80.74,13.53,3.43
2010-10-22,9510,4847.0,154.63,7697.0,80.94,21.96,2.5
2010-10-23,9510,4863.37,154.7,7713.37,81.11,19.1,1.97
2010-10-24,9510,4875.08,154.75,7725.08,81.23,14.45,1.98
2010-10-25,9510,4886.79,154.8,7736.79,81.35,14.49,2.02
2010-10-26,9510,4891.48,154.82,7741.48,81.4,7.96,2.51
2010-10-27,9510,4903.2,154.87,7753.2,81.53,15.47,2.99
2010-10-28,9510,4914.94,154.92,7764.94,81.65,14.49,1.98
2010-10-29,9510,4921.98,154.95,7771.98,81.72,9.76,1.95
2010-10-30,9510,4926.68,154.97,7776.68,81.77,8.99,3.52
2010-10-31,9510,4931.38,154.99,7781.38,81.82,8.88,3.41
2010-11-01,9510,4933.73,155.0,7783.73,81.85,6.62,3.5
2010-11-02,9510,4938.43,155.02,7788.43,81.9,9.02,3.51
2010-11-03,9510,4943.13,155.04,7793.13,81.95,9.02,3.51
2010-11-04,9510,4945.48,155.05,7795.48,81.97,7.15,3.99
2010-11-05,9510,4947.83,155.06,7797.83,82.0,7.08,3.92
2010-11-06,9510,4950.19,155.07,7800.19,82.02,7.09,3.92
2010-11-07,9510,4952.54,155.08,7802.54,82.05,7.11,3.95
2010-11-08,9510,4954.89,155.09,7804.89,82.07,7.07,3.91
2010-11-09,9510,4961.95,155.12,7811.95,82.14,11.74,3.87
2010-11-10,9510,4959.6,155.11,7809.6,82.12,2.42,3.96
2010-11-11,9510,4959.6,155.11,7809.6,82.12,5.81,5.0
2010-11-12,9510,4961.95,155.12,7811.95,82.14,10.17,7.01
2010-11-13,9510,4961.95,155.12,7811.95,82.14,7.71,6.9
2010-11-14,9510,4961.95,155.12,7811.95,82.14,7.98,7.17
2010-11-15,9510,4959.6,155.11,7809.6,82.12,5.52,7.06
2010-11-16,9510,4959.6,155.11,7809.6,82.12,7.79,6.98
2010-11-17,9510,4959.6,155.11,7809.6,82.12,7.83,7.02
2010-11-18,9510,4957.24,155.1,7807.24,82.1,5.45,7.0
2010-11-19,9510,4957.24,155.1,7807.24,82.1,7.82,7.01
2010-11-20,9510,4957.24,155.1,7807.24,82.1,7.83,7.02
2010-11-21,9510,4954.89,155.09,7804.89,82.07,5.47,7.01
2010-11-22,9510,4952.54,155.08,7802.54,82.05,6.47,8.01
2010-11-23,9510,4952.54,155.08,7802.54,82.05,7.81,7.0
2010-11-24,9510,4952.54,155.08,7802.54,82.05,7.78,6.97
2010-11-25,9510,4950.19,155.07,7800.19,82.02,5.46,7.0
2010-11-26,9510,4947.83,155.06,7797.83,82.0,5.37,6.92
2010-11-27,9510,4943.13,155.04,7793.13,81.95,3.11,7.0
2010-11-28,9510,4943.13,155.04,7793.13,81.95,7.8,6.99
2010-11-29,9510,4940.78,155.03,7790.78,81.92,5.47,7.02
2010-11-30,9510,4938.43,155.02,7788.43,81.9,5.46,7.0
2010-12-01,9510,4936.08,155.01,7786.08,81.87,5.4,6.94
2010-12-02,9510,4926.68,154.97,7776.68,81.77,0.69,6.97
2010-12-03,9510,4929.03,154.98,7779.03,81.8,7.69,6.92
2010-12-04,9510,4924.33,154.96,7774.33,81.75,3.1,7.03
2010-12-05,9510,4921.98,154.95,7771.98,81.72,5.86,7.44
2010-12-06,9510,4919.63,154.94,7769.63,81.7,5.43,7.01
2010-12-07,9510,4917.28,154.93,7767.28,81.67,5.37,6.95
2010-12-08,9510,4907.9,154.89,7757.9,81.58,5.39,14.0
2010-12-09,9510,4896.17,154.84,7746.17,81.45,3.08,14.04
2010-12-10,9510,4886.79,154.8,7736.79,81.35,5.46,14.07
2010-12-11,9510,4879.76,154.77,7729.76,81.28,7.67,13.93
2010-12-12,9510,4870.39,154.73,7720.39,81.18,5.43,14.03
2010-12-13,9510,4868.05,154.72,7718.05,81.16,12.36,13.93
2010-12-14,9510,4870.39,154.73,7720.39,81.18,19.62,16.51
2010-12-15,9510,4863.37,154.7,7713.37,81.11,10.3,16.55
2010-12-16,9510,4847.0,154.63,7697.0,80.94,0.84,16.44
2010-12-17,9510,4832.97,154.57,7682.97,80.79,3.17,16.43
2010-12-18,9510,4818.96,154.51,7668.96,80.64,3.23,16.47
2010-12-19,9510,4809.63,154.47,7659.63,80.54,5.95,14.51
2010-12-20,9510,4802.63,154.44,7652.63,80.47,8.15,14.38
2010-12-21,9510,4793.31,154.4,7643.31,80.37,8.5,17.05
2010-12-22,9510,4783.99,154.36,7633.99,80.27,10.45,19.01
2010-12-23,9510,4765.37,154.28,7615.37,80.08,1.15,19.01
2010-12-24,9510,4751.41,154.22,7601.41,79.93,5.85,19.05
2010-12-25,9510,4737.47,154.16,7587.47,79.78,5.83,19.01
2010-12-26,9510,4723.54,154.1,7573.54,79.64,5.88,19.05
2010-12-27,9510,4709.63,154.04,7559.63,79.49,3.96,17.11
2010-12-28,9510,4681.83,153.92,7531.83,79.2,2.92,29.96
2010-12-29,9510,4656.39,153.81,7506.39,78.93,5.2,29.88
2010-12-30,9510,4633.29,153.71,7483.29,78.69,7.64,29.98
2010-12-31,9510,4607.93,153.6,7457.93,78.42,5.38,29.99
2011-01-01,9510,4589.5,153.52,7439.5,78.23,3.89,25.0
2011-01-02,9510,4568.8,153.43,7418.8,78.01,5.56,23.76
2011-01-03,9510,4550.43,153.35,7400.43,77.82,2.77,23.1
2011-01-04,9510,4527.48,153.25,7377.48,77.58,2.04,24.89
2011-01-05,9510,4497.71,153.12,7347.71,77.26,3.43,30.98
2011-01-06,9510,4470.27,153.0,7320.27,76.97,4.49,30.05
2011-01-07,9510,4442.89,152.88,7292.89,76.69,4.66,31.05
2011-01-08,9510,4420.1,152.78,7270.1,76.45,5.78,31.19
2011-01-09,9510,4395.07,152.67,7245.07,76.18,3.78,29.98
2011-01-10,9510,4367.81,152.55,7217.81,75.9,3.64,30.2
2011-01-11,9510,4340.61,152.43,7190.61,75.61,4.12,30.02
2011-01-12,9510,4313.44,152.31,7163.44,75.33,3.82,30.47
2011-01-13,9510,4290.85,152.21,7140.85,75.09,4.2,30.11
2011-01-14,9510,4259.27,152.07,7109.27,74.76,4.47,30.45
2011-01-15,9510,4227.75,151.93,7077.75,74.42,2.4,30.67
2011-01-16,9510,4200.79,151.81,7050.79,74.14,4.21,30.8
2011-01-17,9510,4173.88,151.69,7023.88,73.86,3.26,28.06
2011-01-18,9510,4149.25,151.58,6999.25,73.6,2.75,27.09
2011-01-19,9510,4122.43,151.46,6972.43,73.32,2.87,31.01
2011-01-20,9510,4091.2,151.32,6941.2,72.99,2.94,31.31
2011-01-21,9510,4060.03,151.18,6910.03,72.66,2.94,31.08
2011-01-22,9510,4022.28,151.01,6872.28,72.26,3.19,31.03
2011-01-23,9510,4000.12,150.91,6850.12,72.03,3.03,31.22
2011-01-24,9510,3973.57,150.79,6823.57,71.75,3.59,31.01
2011-01-25,9510,3944.86,150.86,6794.86,71.45,3.69,31.51
2011-01-26,9510,3916.21,150.53,6766.21,71.15,3.71,31.56
2011-01-27,9510,3889.82,150.41,6739.82,70.87,3.82,31.51
2011-01-28,9510,3861.28,150.23,6711.28,70.57,3.54,31.58
2011-01-29,9510,3834.98,150.16,6684.98,70.29,3.95,31.25
2011-01-30,9510,3806.55,150.03,6656.55,70.0,4.83,31.59
2011-01-31,9510,3780.36,149.91,6630.36,69.72,4.7,28.06
2011-02-01,9510,3754.22,149.79,6604.22,69.45,4.72,30.06
2011-02-02,9510,3725.95,149.66,6575.95,69.15,5.23,31.94
2011-02-03,9510,3697.75,149.53,6547.75,68.85,2.7,32.38
2011-02-04,9510,3667.44,149.39,6517.44,68.53,3.76,31.96
2011-02-05,9510,3635.04,149.24,6485.04,68.19,2.67,35.12
2011-02-06,9510,3600.56,149.08,6450.56,67.83,4.89,36.11
2011-02-07,9510,3568.32,148.93,6418.32,67.49,4.63,36.09
2011-02-08,9510,3536.16,148.78,6386.16,67.15,0.87,35.76
2011-02-09,9510,3493.4,148.58,6343.4,66.7,0.9,36.19
2011-02-10,9510,3461.42,148.43,6311.42,66.37,5.11,36.13
2011-02-11,9510,3431.65,148.29,6281.65,66.05,1.59,35.99
2011-02-12,9510,3404.06,148.16,6254.06,65.76,1.53,28.16
2011-02-13,9510,3376.53,148.03,6226.53,65.47,0.93,28.04
2011-02-14,9510,3346.96,147.89,6196.96,65.16,1.04,29.48
2011-02-15,9510,3317.45,147.75,6167.45,64.85,2.54,29.54
2011-02-16,9510,3285.91,147.6,6135.91,64.52,3.98,33.07
2011-02-17,9510,3260.74,147.48,6110.74,64.26,4.02,28.14
2011-02-18,9510,3235.62,147.36,6085.62,63.99,4.98,28.13
2011-02-19,9510,3208.46,147.23,6058.46,63.71,3.96,31.14
2011-02-20,9510,3175.12,147.07,6025.12,63.36,3.95,36.3
2011-02-21,9510,3141.88,146.91,5991.88,63.01,4.54,36.19
2011-02-22,9510,3114.93,146.78,5964.93,62.72,6.2,30.5
2011-02-23,9510,3083.92,146.63,5933.92,62.4,8.28,36.22
2011-02-24,9510,3055.05,146.49,5905.05,62.09,0.24,36.16
2011-02-25,9510,3011.88,146.28,5861.88,61.64,0.27,36.28
2011-02-26,9510,2979.09,146.12,5829.09,61.29,0.3,36.18
2011-02-27,9510,2944.36,145.95,5794.36,60.93,5.01,36.1
2011-02-28,9510,2917.87,145.82,5767.87,60.65,4.62,30.52
2011-03-01,9510,2891.45,145.69,5741.45,60.37,4.62,30.07
2011-03-02,9510,2859.02,145.53,5709.02,60.03,0.58,36.1
2011-03-03,9510,2820.62,145.34,5670.62,59.63,2.74,36.12
2011-03-04,9510,2788.4,145.18,5638.4,59.29,4.83,36.08
2011-03-05,9510,2756.27,145.02,5606.27,58.95,4.95,36.12
2011-03-06,9510,2722.24,144.85,5572.24,58.59,3.03,36.1
2011-03-07,9510,2694.3,144.71,5544.3,58.3,3.12,30.1
2011-03-08,9510,2664.45,144.56,5514.45,57.99,2.0,30.89
2011-03-09,9510,2628.74,144.38,5478.74,57.61,1.57,36.33
2011-03-10,9510,2595.13,144.21,5445.13,57.26,3.47,36.13
2011-03-11,9510,2561.63,144.04,5411.63,56.9,3.68,36.24
2011-03-12,9510,2526.28,143.86,5376.28,56.53,1.79,36.2
2011-03-13,9510,2491.06,143.68,5341.06,56.16,1.93,36.21
2011-03-14,9510,2461.81,143.53,5311.81,55.85,2.88,31.2
2011-03-15,9510,2432.65,143.38,5282.65,55.55,3.85,32.08
2011-03-16,9510,2401.64,143.22,5251.64,55.22,2.09,32.17
2011-03-17,9510,2380.38,143.11,5230.38,55.0,11.67,32.0
2011-03-18,9510,2368.8,143.05,5218.8,54.88,11.36,22.01
2011-03-19,9510,2361.09,143.01,5211.09,54.8,11.44,22.08
2011-03-20,9510,2341.85,142.91,5191.85,54.59,0.57,15.04
2011-03-21,9510,2328.4,142.84,5178.4,54.45,2.49,15.02
2011-03-22,9510,2320.73,142.8,5170.73,54.37,3.28,10.03
2011-03-23,9510,2314.97,142.77,5164.97,54.31,3.2,8.04
2011-03-24,9510,2311.14,142.75,5161.14,54.27,4.96,7.87
2011-03-25,9510,2303.48,142.71,5153.48,54.19,3.4,10.14
2011-03-26,9510,2293.91,142.66,5143.91,54.09,1.35,10.0
2011-03-27,9510,2282.45,142.6,5132.45,53.97,1.44,11.98
2011-03-28,9510,2272.9,142.55,5122.9,53.87,3.5,12.13
2011-03-29,9510,2259.56,142.48,5109.56,53.73,5.54,17.97
2011-03-30,9510,2244.33,142.4,5094.33,53.57,4.78,19.1
2011-03-31,9510,2227.23,142.31,5077.23,53.39,2.89,19.08
2011-04-01,9510,2210.17,142.22,5060.17,53.21,2.92,19.07
2011-04-02,9510,2193.13,142.13,5043.13,53.03,3.05,19.03
2011-04-03,9510,2178.02,142.05,5028.02,52.87,5.02,19.08
2011-04-04,9510,2162.94,141.97,5012.94,52.71,3.97,18.0
2011-04-05,9510,2151.64,141.91,5001.64,52.59,1.72,11.97
2011-04-06,9510,2142.24,141.86,4992.24,52.49,4.67,13.02
2011-04-07,9510,2132.85,141.81,4982.85,52.4,3.7,12.04
2011-04-08,9510,2123.46,141.76,4973.46,52.3,4.73,13.07
2011-04-09,9510,2112.22,141.7,4962.22,52.18,4.86,15.05
2011-04-10,9510,2104.73,141.66,4954.73,52.1,8.53,14.97
2011-04-11,9510,2093.51,141.6,4943.51,51.98,4.79,14.97
2011-04-12,9510,2080.44,141.53,4930.44,51.84,2.93,14.96
2011-04-13,9510,2065.53,141.45,4915.53,51.69,3.15,17.02
2011-04-14,9510,2052.51,141.38,4902.51,51.55,5.01,16.99
2011-04-15,9510,2039.5,141.31,4889.5,51.41,4.97,16.94
2011-04-16,9510,2026.52,141.24,4876.52,51.28,5.14,17.08
2011-04-17,9510,2011.7,141.16,4861.7,51.12,3.2,16.99
2011-04-18,9510,2000.61,141.1,4850.61,51.01,5.08,16.99
2011-04-19,9510,1982.16,141.0,4832.16,50.81,1.38,16.95
2011-04-20,9510,1967.43,140.92,4817.43,50.66,3.29,16.99
2011-04-21,9510,1952.72,140.84,4802.72,50.5,3.34,17.02
2011-04-22,9510,1943.54,140.79,4793.54,50.41,3.92,12.07
2011-04-23,9510,1939.88,140.77,4789.88,50.37,5.43,8.06
2011-04-24,9510,1934.38,140.74,4784.38,50.31,3.59,8.06
2011-04-25,9510,1930.72,140.72,4780.72,50.27,3.37,6.01
2011-04-26,9510,1928.89,140.71,4778.89,50.25,6.23,7.04
2011-04-27,9510,1927.05,140.7,4777.05,50.23,6.24,7.06
2011-04-28,9510,1927.05,140.7,4777.05,50.23,8.07,7.05
2011-04-29,9510,1925.22,140.69,4775.22,50.21,6.18,6.99
2011-04-30,9510,1921.57,140.67,4771.57,50.17,4.35,6.98
2011-05-01,9510,1917.91,140.65,4767.91,50.14,4.34,6.98
2011-05-02,9510,1934.38,140.74,4784.38,50.31,24.58,7.1
2011-05-03,9510,1936.21,140.75,4786.21,50.33,9.88,7.04
2011-05-04,9510,1936.21,140.75,4786.21,50.33,8.06,7.05
2011-05-05,9510,1936.21,140.75,4786.21,50.33,8.09,7.08
2011-05-06,9510,1941.71,140.78,4791.71,50.39,13.56,7.04
2011-05-07,9510,1947.21,140.81,4797.21,50.44,13.49,6.97
2011-05-08,9510,1952.72,140.84,4802.72,50.5,13.51,6.98
2011-05-09,9510,1956.39,140.86,4806.39,50.54,11.73,7.04
2011-05-10,9510,1956.39,140.86,4806.39,50.54,8.1,7.08
2011-05-11,9510,1963.75,140.9,4813.75,50.62,15.46,7.08
2011-05-12,9510,1972.95,140.95,4822.95,50.71,17.25,7.03
2011-05-13,9510,1984.0,141.01,4834.0,50.83,18.6,6.53
2011-05-14,9510,1987.69,141.03,4837.69,50.87,11.27,6.56
2011-05-15,9510,1993.22,141.06,4843.22,50.93,13.01,6.46
2011-05-16,9510,1998.76,141.09,4848.76,50.99,13.06,6.5
2011-05-17,9510,2008.0,141.14,4858.0,51.08,16.77,6.43
2011-05-18,9510,2017.25,141.19,4867.25,51.18,16.21,5.98
2011-05-19,9510,2030.22,141.26,4880.22,51.32,20.5,6.5
2011-05-20,9510,2052.51,141.38,4902.51,51.55,29.32,6.0
2011-05-21,9510,2072.98,141.49,4922.98,51.77,27.52,6.02
2011-05-22,9510,2087.91,141.57,4937.91,51.92,21.95,5.99
2011-05-23,9510,2108.48,141.68,4958.48,52.14,27.87,6.26
2011-05-24,9510,2117.84,141.73,4967.84,52.24,16.44,6.04
2011-05-25,9510,2121.59,141.75,4971.59,52.28,12.34,7.31
2011-05-26,9510,2121.59,141.75,4971.59,52.28,8.6,7.56
2011-05-27,9510,2134.72,141.82,4984.72,52.42,21.73,7.56
2011-05-28,9510,2144.12,141.87,4994.12,52.51,17.97,7.53
2011-05-29,9510,2155.4,141.93,5005.4,52.63,19.79,7.47
2011-05-30,9510,2168.59,142.0,5018.59,52.77,21.77,7.54
2011-05-31,9510,2189.35,142.11,5039.35,52.99,29.3,7.5
2011-06-01,9510,2198.81,142.16,5048.81,53.09,18.01,7.5
2011-06-02,9510,2204.49,142.19,5054.49,53.15,14.03,7.57
2011-06-03,9510,2210.17,142.22,5060.17,53.21,12.52,6.06
2011-06-04,9510,2215.85,142.25,5065.85,53.27,12.45,5.98
2011-06-05,9510,2223.44,142.29,5073.44,53.35,14.39,6.01
2011-06-06,9510,2229.13,142.32,5079.13,53.41,12.51,6.03
2011-06-07,9510,2236.73,142.36,5086.73,53.49,14.46,6.07
2011-06-08,9510,2257.65,142.47,5107.65,53.71,27.75,6.04
2011-06-09,9510,2276.72,142.57,5126.72,53.91,25.45,5.59
2011-06-10,9510,2286.27,142.62,5136.27,54.01,15.89,5.55
2011-06-11,9510,2293.91,142.66,5143.91,54.09,13.93,5.5
2011-06-12,9510,2303.48,142.71,5153.48,54.19,15.95,5.59
2011-06-13,9510,2313.06,142.76,5163.06,54.29,15.87,5.5
2011-06-14,9510,2320.73,142.8,5170.73,54.37,15.37,6.91
2011-06-15,9510,2322.65,142.81,5172.65,54.39,9.68,6.97
2011-06-16,9510,2324.56,142.82,5174.56,54.41,12.59,9.88
2011-06-17,9510,2330.32,142.85,5180.32,54.47,16.51,9.95
2011-06-18,9510,2334.16,142.87,5184.16,54.51,11.61,6.97
2011-06-19,9510,2338.01,142.89,5188.01,54.55,12.68,8.03
2011-06-20,9510,2338.01,142.89,5188.01,54.55,8.81,8.01
2011-06-21,9510,2336.08,142.88,5186.08,54.53,6.75,7.88
2011-06-22,9510,2334.16,142.87,5184.16,54.51,6.9,8.02
2011-06-23,9510,2336.08,142.88,5186.08,54.53,9.79,7.07
2011-06-24,9510,2338.01,142.89,5188.01,54.55,9.76,7.03
2011-06-25,9510,2339.93,142.9,5189.93,54.57,9.72,7.0
2011-06-26,9510,2351.47,142.96,5201.47,54.69,19.37,7.03
2011-06-27,9510,2465.71,143.55,5315.71,55.9,120.03,4.98
2011-06-28,9510,2676.38,144.62,5526.38,58.11,214.42,2.92
2011-06-29,9510,2881.3,145.64,5731.3,60.27,205.76,0.0
2011-06-30,9510,3071.54,146.57,5921.54,62.27,191.1,0.0
2011-07-01,9510,3229.35,147.33,6079.35,63.93,161.61,0.0
2011-07-02,9510,3290.11,147.62,6140.11,64.56,66.5,5.01
2011-07-03,9510,3357.51,147.94,6207.51,65.27,73.13,5.01
2011-07-04,9510,3404.06,148.16,6254.06,65.76,52.24,4.96
2011-07-05,9510,3440.15,148.33,6290.15,66.14,41.73,4.91
2011-07-06,9510,3480.6,148.52,6330.6,66.57,46.23,5.05
2011-07-07,9510,3504.08,148.63,6354.08,66.81,31.1,6.89
2011-07-08,9510,3523.32,148.72,6373.32,67.02,26.81,6.83
2011-07-09,9510,3540.44,148.8,6390.44,67.2,24.72,6.86
2011-07-10,9510,3546.87,148.83,6396.87,67.26,22.16,15.0
2011-07-11,9510,3559.74,148.89,6409.74,67.4,28.39,14.79
2011-07-12,9510,3589.81,149.03,6439.81,67.72,45.81,15.0
2011-07-13,9510,3617.79,149.16,6467.79,68.01,43.61,14.89
2011-07-14,9510,3635.04,149.24,6485.04,68.19,34.97,16.98
2011-07-15,9510,3663.11,149.37,6513.11,68.49,45.79,16.97
2011-07-16,9510,3752.04,149.78,6602.04,69.42,106.7,17.02
2011-07-17,9510,3852.51,150.24,6702.51,70.48,118.34,17.12
2011-07-18,9510,3989.05,150.86,6839.05,71.91,154.27,16.96
2011-07-19,9510,4084.51,151.29,6934.51,72.92,113.28,17.04
2011-07-20,9510,4135.83,151.52,6985.83,73.46,73.95,21.86
2011-07-21,9510,4176.12,151.7,7026.12,73.88,61.02,19.96
2011-07-22,9510,4225.5,151.92,7075.5,74.4,70.25,20.08
2011-07-23,9510,4284.07,152.18,7134.07,75.02,79.26,19.9
2011-07-24,9510,4322.49,152.35,7172.49,75.42,59.26,20.05
2011-07-25,9510,4354.2,152.49,7204.2,75.75,52.47,19.97
2011-07-26,9510,4404.17,152.71,7254.17,76.28,70.77,20.01
2011-07-27,9510,4436.05,152.85,7286.05,76.61,52.57,19.9
2011-07-28,9510,4458.86,152.95,7308.86,76.85,48.21,24.6
2011-07-29,9510,4477.13,153.03,7327.13,77.05,43.97,24.9
2011-07-30,9510,4504.57,153.15,7354.57,77.34,58.31,30.06
2011-07-31,9510,4516.03,153.2,7366.03,77.46,42.32,30.07
2011-08-01,9510,4642.53,153.75,7492.53,78.79,157.44,30.13
2011-08-02,9510,4800.3,154.43,7650.3,80.44,167.33,8.82
2011-08-03,9510,4938.43,155.02,7788.43,81.9,138.87,0.0
2011-08-04,9510,5039.82,155.45,7889.82,82.96,114.75,12.61
2011-08-05,9510,5101.41,155.71,7951.41,83.61,107.9,45.56
2011-08-06,9510,5144.19,155.89,7994.19,84.06,89.06,45.52
2011-08-07,9510,5163.23,155.97,8013.23,84.26,65.36,45.56
2011-08-08,9510,5189.46,156.08,8039.46,84.54,76.92,49.93
2011-08-09,9510,5239.63,156.29,8089.63,85.06,108.08,57.15
2011-08-10,9510,5280.35,156.46,8130.35,85.49,91.97,50.49
2011-08-11,9510,5306.74,156.57,8156.74,85.77,83.49,56.33
2011-08-12,9510,5364.48,156.81,8214.48,86.38,108.48,49.97
2011-08-13,9510,5439.33,157.12,8289.33,87.16,120.41,44.79
2011-08-14,9510,5478.09,157.28,8328.09,87.57,96.1,56.56
2011-08-15,9510,5502.36,157.38,8352.36,87.83,82.32,57.27
2011-08-16,9510,5514.51,157.43,8364.51,87.95,70.33,57.4
2011-08-17,9510,5514.51,157.43,8364.51,87.95,58.16,57.38
2011-08-18,9510,5524.23,157.47,8374.23,88.06,68.03,57.53
2011-08-19,9510,5558.3,157.61,8408.3,88.42,92.3,57.45
2011-08-20,9510,5572.92,157.67,8422.92,88.57,72.82,57.42
2011-08-21,9510,5643.76,157.96,8493.76,89.31,128.99,57.37
2011-08-22,9510,5737.01,158.34,8587.01,90.29,151.23,57.19
2011-08-23,9510,5830.73,158.72,8680.73,91.28,150.7,56.18
2011-08-24,9510,5912.52,159.05,8762.52,92.14,144.04,61.45
2011-08-25,9510,5957.28,159.23,8807.28,92.61,109.11,63.55
2011-08-26,9510,5989.68,159.36,8839.68,92.95,100.52,59.97
2011-08-27,9510,6017.14,159.47,8867.14,93.24,95.96,55.44
2011-08-28,9510,6049.64,159.6,8899.64,93.58,101.17,55.54
2011-08-29,9510,6074.68,159.7,8924.68,93.85,93.81,55.56
2011-08-30,9510,6074.68,159.7,8924.68,93.85,70.82,55.95
2011-08-31,9510,6069.67,159.68,8919.67,93.79,66.2,54.9
2011-09-01,9510,6069.67,159.68,8919.67,93.79,70.74,69.93
2011-09-02,9510,6064.66,159.66,8914.66,93.74,62.94,67.11
2011-09-03,9510,6067.16,159.67,8917.16,93.77,70.38,67.04
2011-09-04,9510,6057.15,159.63,8907.15,93.66,57.99,67.16
2011-09-05,9510,6042.13,159.57,8892.13,93.5,52.77,66.95
2011-09-06,9510,6049.64,159.6,8899.64,93.58,75.23,66.88
2011-09-07,9510,6077.18,159.71,8927.18,93.87,95.53,67.14
2011-09-08,9510,6099.75,159.8,8949.75,94.11,88.58,65.16
2011-09-09,9510,6122.35,159.89,8972.35,94.35,88.8,65.35
2011-09-10,9510,6172.66,160.09,9022.66,94.88,116.22,65.06
2011-09-11,9510,6197.86,160.19,9047.86,95.14,91.21,65.16
2011-09-12,9510,6210.48,160.24,9060.48,95.27,71.38,57.91
2011-09-13,9510,6207.95,160.23,9057.95,95.25,55.64,57.32
2011-09-14,9510,6225.63,160.3,9075.63,95.43,75.62,57.09
2011-09-15,9510,6225.63,160.3,9075.63,95.43,58.05,57.2
2011-09-16,9510,6228.15,160.31,9078.15,95.46,60.03,56.66
2011-09-17,9510,6233.21,160.33,9083.21,95.51,62.93,57.01
2011-09-18,9510,6240.79,160.36,9090.79,95.59,65.49,57.05
2011-09-19,9510,6245.85,160.38,9095.85,95.65,62.86,56.94
2011-09-20,9510,6291.42,160.56,9141.42,96.12,103.23,56.8
2011-09-21,9510,6344.72,160.77,9194.72,96.68,111.28,57.12
2011-09-22,9510,6408.38,161.02,9258.38,97.35,121.53,57.0
2011-09-23,9510,6462.02,161.23,9312.02,97.92,111.53,57.02
2011-09-24,9510,6495.3,161.36,9345.3,98.27,91.08,56.93
2011-09-25,9510,6515.81,161.44,9365.81,98.48,81.24,59.86
2011-09-26,9510,6526.07,161.48,9376.07,98.59,70.88,59.75
2011-09-27,9510,6528.64,161.49,9378.64,98.62,63.21,59.77
2011-09-28,9510,6533.78,161.51,9383.78,98.67,65.8,59.79
2011-09-29,9510,6549.19,161.57,9399.19,98.83,75.39,59.1
2011-09-30,9510,6554.33,161.59,9404.33,98.89,63.26,57.24
2011-10-01,9510,6544.05,161.55,9394.05,98.78,50.6,60.0
2011-10-02,9510,6541.48,161.54,9391.48,98.75,58.33,60.04
2011-10-03,9510,6559.47,161.61,9409.47,98.94,78.91,60.06
2011-10-04,9510,6574.9,161.67,9424.9,99.11,76.29,59.99
2011-10-05,9510,6580.05,161.69,9430.05,99.16,66.02,60.0
2011-10-06,9510,6577.47,161.68,9427.47,99.13,58.35,60.06
2011-10-07,9510,6559.47,161.61,9409.47,98.94,42.43,59.57
2011-10-08,9510,6544.05,161.55,9394.05,98.78,40.59,55.15
2011-10-09,9510,6528.64,161.49,9378.64,98.62,40.5,55.05
2011-10-10,9510,6515.81,161.44,9365.81,98.48,37.11,49.08
2011-10-11,9510,6510.68,161.42,9360.68,98.43,35.76,40.03
2011-10-12,9510,6515.81,161.44,9365.81,98.48,36.02,30.03
2011-10-13,9510,6523.51,161.47,9373.51,98.56,28.56,20.0
2011-10-14,9510,6536.34,161.52,9386.34,98.7,33.7,20.01
2011-10-15,9510,6549.19,161.57,9399.19,98.83,33.71,20.0
2011-10-16,9510,6559.47,161.61,9409.47,98.94,31.15,20.01
2011-10-17,9510,6567.18,161.64,9417.18,99.02,28.57,20.0
2011-10-18,9510,6572.33,161.66,9422.33,99.08,26.05,20.03
2011-10-19,9510,6590.34,161.73,9440.34,99.27,28.89,10.01
2011-10-20,9510,6600.65,161.77,9450.65,99.38,21.14,9.96
2011-10-21,9510,6610.96,161.81,9460.96,99.48,22.66,11.48
2011-10-22,9510,6623.85,161.86,9473.85,99.62,24.87,11.11
2011-10-23,9510,6631.59,161.89,9481.59,99.7,19.81,11.2
2011-10-24,9510,6639.33,161.92,9489.33,99.78,19.82,11.21
2011-10-25,9510,6645.0,161.94,9495.0,99.84,17.26,11.2
2011-10-26,9510,6644.5,161.94,9494.5,99.84,16.18,15.31
2011-10-27,9510,6647.08,161.95,9497.08,99.86,18.51,15.06
2011-10-28,9510,6647.08,161.95,9497.08,99.86,16.86,15.99
2011-10-29,9510,6647.08,161.95,9497.08,99.86,18.92,18.05
2011-10-30,9510,6644.5,161.94,9494.5,99.84,16.36,18.07
2011-10-31,9510,6644.5,161.94,9494.5,99.84,18.88,18.01
2011-11-01,9510,6644.5,161.94,9494.5,99.84,18.88,18.01
2011-11-02,9510,6644.5,161.94,9494.5,99.84,18.92,18.0
2011-11-03,9510,6641.92,161.93,9491.92,99.81,16.36,18.02
2011-11-04,9510,6639.33,161.92,9489.33,99.78,16.36,18.03
2011-11-05,9510,6636.75,161.91,9486.75,99.76,16.31,17.97
2011-11-06,9510,6631.59,161.89,9481.59,99.7,13.75,17.99
2011-11-07,9510,6629.01,161.88,9479.01,99.67,13.38,15.04
2011-11-08,9510,6629.01,161.88,9479.01,99.67,15.94,15.02
2011-11-09,9510,6626.43,161.87,9476.43,99.65,13.35,15.02
2011-11-10,9510,6623.85,161.86,9473.85,99.62,13.36,15.03
2011-11-11,9510,6621.27,161.85,9471.27,99.59,13.29,14.96
2011-11-12,9510,6618.69,161.84,9468.69,99.57,13.29,14.96
2011-11-13,9510,6616.11,161.83,9466.11,99.54,13.33,15.0
2011-11-14,9510,6613.53,161.82,9463.53,99.51,13.35,15.02
2011-11-15,9510,6610.96,161.81,9460.96,99.48,13.45,15.11
2011-11-16,9510,6608.38,161.8,9458.38,99.46,11.34,13.01
2011-11-17,9510,6605.8,161.79,9455.8,99.43,11.35,13.02
2011-11-18,9510,6603.22,161.78,9453.22,99.4,11.39,13.06
2011-11-19,9510,6603.22,161.78,9453.22,99.4,11.95,11.04
2011-11-20,9510,6600.65,161.77,9450.65,99.38,9.32,10.98
2011-11-21,9510,6600.65,161.77,9450.65,99.38,11.94,11.03
2011-11-22,9510,6595.5,161.75,9445.5,99.32,6.82,11.06
2011-11-23,9510,6595.5,161.75,9445.5,99.32,11.99,11.08
2011-11-24,9510,6595.5,161.75,9445.5,99.32,11.94,11.03
2011-11-25,9510,6590.34,161.73,9440.34,99.27,6.79,11.04
2011-11-26,9510,6585.19,161.71,9435.19,99.21,6.79,11.03
2011-11-27,9510,6582.62,161.7,9432.62,99.19,9.37,11.03
2011-11-28,9510,6580.05,161.69,9430.05,99.16,9.36,11.02
2011-11-29,9510,6574.9,161.67,9424.9,99.11,11.78,16.02
2011-11-30,9510,6567.18,161.64,9417.18,99.02,9.22,16.03
2011-12-01,9510,6559.47,161.61,9409.47,98.94,9.2,16.0
2011-12-02,9510,6551.76,161.58,9401.76,98.86,9.3,16.14
2011-12-03,9510,6541.48,161.54,9391.48,98.75,6.55,15.96
2011-12-04,9510,6533.78,161.51,9383.78,98.67,9.4,16.23
2011-12-05,9510,6523.51,161.47,9373.51,98.56,6.47,15.87
2011-12-06,9510,6515.81,161.44,9365.81,98.48,9.14,15.97
2011-12-07,9510,6505.55,161.4,9355.55,98.38,10.56,19.95
2011-12-08,9510,6495.3,161.36,9345.3,98.27,10.6,19.98
2011-12-09,9510,6482.49,161.31,9332.49,98.13,8.13,20.07
2011-12-10,9510,6469.7,161.26,9319.7,98.0,8.12,20.04
2011-12-11,9510,6456.91,161.21,9306.91,97.86,8.11,20.03
2011-12-12,9510,6441.57,161.15,9291.57,97.7,5.59,20.06
2011-12-13,9510,6416.04,161.05,9266.04,97.43,7.41,32.08
2011-12-14,9510,6390.54,160.95,9240.54,97.17,7.37,32.01
2011-12-15,9510,6367.62,160.86,9217.62,96.93,9.86,32.0
2011-12-16,9510,6344.72,160.77,9194.72,96.68,10.02,32.06
2011-12-17,9510,6321.86,160.68,9171.86,96.44,10.25,32.25
2011-12-18,9510,6296.49,160.58,9146.49,96.18,7.53,32.04
2011-12-19,9510,6273.68,160.49,9123.68,95.94,10.1,32.06
2011-12-20,9510,6245.85,160.38,9095.85,95.65,7.04,34.02
2011-12-21,9510,6218.05,160.27,9068.05,95.35,7.0,33.95
2011-12-22,9510,6192.82,160.17,9042.82,95.09,9.65,34.03
2011-12-23,9510,6165.1,160.06,9015.1,94.8,7.75,34.62
2011-12-24,9510,6142.45,159.97,8992.45,94.56,12.26,34.06
2011-12-25,9510,6114.81,159.86,8964.81,94.27,7.29,34.09
2011-12-26,9510,6087.21,159.75,8937.21,93.98,2.32,34.09
2011-12-27,9510,6047.14,159.59,8897.14,93.56,0.02,34.24
2011-12-28,9510,6014.64,159.46,8864.64,93.21,2.5,34.16
2011-12-29,9510,5987.19,159.35,8837.19,92.93,7.5,34.11
2011-12-30,9510,5962.26,159.25,8812.26,92.66,9.94,34.03
2011-12-31,9510,5937.37,159.15,8787.37,92.4,10.01,34.07
2012-01-01,9510,5912.52,159.05,8762.52,92.14,8.59,30.07
2012-01-02,9510,5890.18,158.96,8740.18,91.91,9.82,30.01
2012-01-03,9510,5862.91,158.85,8712.91,91.62,7.3,36.17
2012-01-04,9510,5833.21,158.73,8683.21,91.31,8.86,36.09
2012-01-05,9510,5801.08,158.6,8651.08,90.97,11.18,40.08
2012-01-06,9510,5764.09,158.45,8614.09,90.58,9.28,47.26
2012-01-07,9510,5722.25,158.28,8572.25,90.14,8.16,50.21
2012-01-08,9510,5682.96,158.12,8532.96,89.73,9.09,46.55
2012-01-09,9510,5651.11,157.99,8501.11,89.39,9.14,40.04
2012-01-10,9510,5624.19,157.88,8474.19,89.11,8.24,35.16
2012-01-11,9510,5592.44,157.75,8442.44,88.77,8.32,39.09
2012-01-12,9510,5560.74,157.62,8410.74,88.44,5.81,39.12
2012-01-13,9510,5526.66,157.48,8376.66,88.08,6.24,39.0
2012-01-14,9510,5492.65,157.34,8342.65,87.73,8.46,39.36
2012-01-15,9510,5461.13,157.21,8311.13,87.39,6.95,39.09
2012-01-16,9510,5432.08,157.09,8282.08,87.09,9.37,35.11
2012-01-17,9510,5405.49,156.98,8255.49,86.81,4.12,35.07
2012-01-18,9510,5371.71,156.84,8221.71,86.45,6.75,37.02
2012-01-19,9510,5340.4,156.71,8190.4,86.12,9.19,37.18
2012-01-20,9510,5311.55,156.59,8161.55,85.82,6.97,37.16
2012-01-21,9510,5280.35,156.46,8130.35,85.49,6.77,37.29
2012-01-22,9510,5249.2,156.33,8099.2,85.17,9.58,37.04
2012-01-23,9510,5222.89,156.22,8072.89,84.89,7.3,35.02
2012-01-24,9510,5194.23,156.1,8044.23,84.59,8.9,35.09
2012-01-25,9510,5163.23,155.97,8013.23,84.26,1.86,39.03
2012-01-26,9510,5125.16,155.81,7975.16,83.86,0.0,39.06
2012-01-27,9510,5077.7,155.61,7927.7,83.36,0.07,44.15
2012-01-28,9510,5032.72,155.42,7882.72,82.89,1.4,44.19
2012-01-29,9510,4987.87,155.23,7837.87,82.42,7.0,45.39
2012-01-30,9510,4947.83,155.06,7797.83,82.0,4.21,46.18
2012-01-31,9510,4905.55,154.88,7755.55,81.55,6.79,45.64
2012-02-01,9510,4863.37,154.7,7713.37,81.11,3.58,48.12
2012-02-02,9510,4816.63,154.5,7666.63,80.62,8.38,49.17
2012-02-03,9510,4774.68,154.32,7624.68,80.18,8.35,49.19
2012-02-04,9510,4732.83,154.14,7582.83,79.74,8.02,49.06
2012-02-05,9510,4691.09,153.96,7541.09,79.3,0.0,48.62
2012-02-06,9510,4640.22,153.74,7490.22,78.76,5.03,49.27
2012-02-07,9510,4594.11,153.54,7444.11,78.28,2.0,50.01
2012-02-08,9510,4545.84,153.33,7395.84,77.77,6.72,49.15
2012-02-09,9510,4502.29,153.14,7352.29,77.31,2.17,49.15
2012-02-10,9510,4454.29,152.93,7304.29,76.81,2.71,49.05
2012-02-11,9510,4406.44,152.72,7256.44,76.3,2.39,49.45
2012-02-12,9510,4358.74,152.51,7208.74,75.8,4.89,48.98
2012-02-13,9510,4313.44,152.31,7163.44,75.33,7.46,49.09
2012-02-14,9510,4270.54,152.12,7120.54,74.87,7.43,49.26
2012-02-15,9510,4227.75,151.93,7077.75,74.42,5.39,49.12
2012-02-16,9510,4182.84,151.73,7032.84,73.95,5.91,49.21
2012-02-17,9510,4138.07,151.53,6988.07,73.48,7.82,49.59
2012-02-18,9510,4095.66,151.34,6945.66,73.04,5.86,49.15
2012-02-19,9510,4051.14,151.14,6901.14,72.57,5.78,49.3
2012-02-20,9510,4006.76,150.94,6856.76,72.1,6.15,49.08
2012-02-21,9510,3962.52,150.74,6812.52,71.64,3.97,49.32
2012-02-22,9510,3916.21,150.53,6766.21,71.15,2.22,49.21
2012-02-23,9510,3870.05,150.32,6720.05,70.66,5.83,47.32
2012-02-24,9510,3828.42,150.13,6678.42,70.23,4.67,46.4
2012-02-25,9510,3786.9,149.94,6636.9,69.79,2.87,45.13
2012-02-26,9510,3745.52,149.75,6595.52,69.35,4.32,43.2
2012-02-27,9510,3708.59,149.58,6558.59,68.97,2.18,40.2
2012-02-28,9510,3669.6,149.4,6519.6,68.56,5.3,40.12
2012-02-29,9510,3632.88,149.23,6482.88,68.17,5.3,40.98
2012-03-01,9510,3596.26,149.06,6446.26,67.78,5.47,41.05
2012-03-02,9510,3559.74,148.89,6409.74,67.4,5.78,41.26
2012-03-03,9510,3523.32,148.72,6373.32,67.02,5.84,41.22
2012-03-04,9510,3484.86,148.54,6334.86,66.61,3.56,40.99
2012-03-05,9510,3448.65,148.37,6298.65,66.23,5.05,40.23
2012-03-06,9510,3412.54,148.2,6262.54,65.85,5.08,40.16
2012-03-07,9510,3372.31,148.01,6222.31,65.43,2.01,41.22
2012-03-08,9510,3338.52,147.85,6188.52,65.07,8.66,41.43
2012-03-09,9510,3300.62,147.67,6150.62,64.68,4.42,41.3
2012-03-10,9510,3262.84,147.49,6112.84,64.28,3.76,40.53
2012-03-11,9510,3223.08,147.3,6073.08,63.86,2.36,41.11
2012-03-12,9510,3187.62,147.13,6037.62,63.49,5.56,40.01
2012-03-13,9510,3150.18,146.95,6000.18,63.09,3.83,40.27
2012-03-14,9510,3114.93,146.78,5964.93,62.72,6.88,41.13
2012-03-15,9510,3079.79,146.61,5929.79,62.35,2.7,36.84
2012-03-16,9510,3046.81,146.45,5896.81,62.01,1.12,33.11
2012-03-17,9510,3018.03,146.31,5868.03,61.7,2.22,30.01
2012-03-18,9510,2993.42,146.19,5843.42,61.45,3.65,27.27
2012-03-19,9510,2972.95,146.09,5822.95,61.23,2.75,22.23
2012-03-20,9510,2954.56,146.0,5804.56,61.04,3.68,21.09
2012-03-21,9510,2936.2,145.91,5786.2,60.84,2.54,19.92
2012-03-22,9510,2919.91,145.83,5769.91,60.67,2.71,18.02
2012-03-23,9510,2897.54,145.72,5747.54,60.44,0.0,20.12
2012-03-24,9510,2879.28,145.63,5729.28,60.24,2.72,20.0
2012-03-25,9510,2861.04,145.54,5711.04,60.05,2.84,20.11
2012-03-26,9510,2842.83,145.45,5692.83,59.86,2.63,19.87
2012-03-27,9510,2824.66,145.36,5674.66,59.67,2.97,20.17
2012-03-28,9510,2808.53,145.28,5658.53,59.5,4.82,19.98
2012-03-29,9510,2792.42,145.2,5642.42,59.33,4.73,19.87
2012-03-30,9510,2778.35,145.13,5628.35,59.18,6.75,19.85
2012-03-31,9510,2762.29,145.05,5612.29,59.01,5.2,20.3
2012-04-01,9510,2748.26,144.98,5598.26,58.87,3.12,16.19
2012-04-02,9510,2734.24,144.91,5584.24,58.72,1.63,14.53
2012-04-03,9510,2712.26,144.8,5562.26,58.49,3.17,24.03
2012-04-04,9510,2690.32,114.69,5540.32,58.26,3.37,24.2
2012-04-05,9510,2668.43,144.58,5518.43,58.03,3.31,24.09
2012-04-06,9510,2646.58,144.47,5496.58,57.8,3.3,24.04
2012-04-07,9510,2626.76,144.37,5476.76,57.59,5.38,24.09
2012-04-08,9510,2618.84,144.33,5468.84,57.51,18.25,25.06
2012-04-09,9510,2595.13,144.21,5445.13,57.26,7.39,30.0
2012-04-10,9510,2561.63,144.04,5411.63,56.9,7.72,40.12
2012-04-11,9510,2532.16,143.89,5382.16,56.59,11.56,39.93
2012-04-12,9510,2496.92,143.71,5346.92,56.22,5.91,40.06
2012-04-13,9510,2471.55,143.58,5321.55,55.96,5.9,30.18
2012-04-14,9510,2455.97,143.5,5305.97,55.79,5.54,20.03
2012-04-15,9510,2440.42,143.42,5290.42,55.63,5.57,20.03
2012-04-16,9510,2421.01,143.32,5271.01,55.43,5.23,23.56
2012-04-17,9510,2393.9,143.18,5243.9,55.14,4.06,30.09
2012-04-18,9510,2355.32,142.98,5205.32,54.74,2.75,40.25
2012-04-19,9510,2316.89,142.78,5166.89,54.33,2.82,40.18
2012-04-20,9510,2290.09,142.64,5140.09,54.05,4.58,30.31
2012-04-21,9510,2271.0,142.54,5121.0,53.85,1.96,19.98
2012-04-22,9510,2253.85,142.45,5103.85,53.67,1.94,18.03
2012-04-23,9510,2238.63,142.37,5088.63,53.51,3.95,18.11
2012-04-24,9510,2223.44,142.29,5073.44,53.35,3.99,18.12
2012-04-25,9510,2208.27,142.21,5058.27,53.19,3.89,18.0
2012-04-26,9510,2191.24,142.12,5041.24,53.01,4.05,20.02
2012-04-27,9510,2172.36,142.02,5022.36,52.81,2.19,20.02
2012-04-28,9510,2153.52,141.92,5003.52,52.61,2.27,20.06
2012-04-29,9510,2136.6,141.83,4986.6,52.44,4.25,20.12
2012-04-30,9510,2119.71,141.74,4969.71,52.26,3.98,19.82
2012-05-01,9510,2100.99,141.64,4950.99,52.06,7.29,24.96
2012-05-02,9510,2086.04,141.56,4936.04,51.9,11.14,25.06
2012-05-03,9510,2067.39,141.46,4917.39,51.71,7.3,24.92
2012-05-04,9510,2046.93,141.35,4896.93,51.49,5.59,25.02
2012-05-05,9510,2022.81,141.22,4872.81,51.24,2.05,25.14
2012-05-06,9510,1998.76,141.09,4848.76,50.99,2.13,25.16
2012-05-07,9510,1989.53,141.04,4839.53,50.89,16.91,25.12
2012-05-08,9510,1987.69,141.03,4837.69,50.87,29.19,30.01
2012-05-09,9510,1980.31,140.99,4830.31,50.79,23.48,29.84
2012-05-10,9510,1978.47,140.98,4828.47,50.77,29.21,30.03
2012-05-11,9510,1974.79,140.96,4824.79,50.73,20.37,23.03
2012-05-12,9510,1963.75,140.9,4813.75,50.62,13.1,23.12
2012-05-13,9510,1949.05,140.82,4799.05,50.46,9.56,23.24
2012-05-14,9510,1932.55,140.73,4782.55,50.29,7.48,22.97
2012-05-15,9510,1919.74,140.66,4769.74,50.15,8.24,20.04
2012-05-16,9510,1903.3,140.57,4753.3,49.98,4.6,20.03
2012-05-17,9510,1890.54,140.5,4740.54,49.85,8.33,20.08
2012-05-18,9510,1881.43,140.45,4731.43,49.75,11.94,20.04
2012-05-19,9510,1861.44,140.34,4711.44,49.54,6.08,25.06
2012-05-20,9510,1859.63,140.33,4709.63,49.52,19.26,20.06
2012-05-21,9510,1843.32,140.24,4693.32,49.35,4.79,20.1
2012-05-22,9510,1834.27,140.19,4684.27,49.26,11.95,20.0
2012-05-23,9510,1823.43,140.13,4673.43,49.14,10.18,20.02
2012-05-24,9510,1809.0,140.05,4659.0,48.99,6.53,19.96
2012-05-25,9510,1798.2,139.99,4648.2,48.88,10.31,20.11
2012-05-26,9510,1791.01,139.95,4641.01,48.8,13.96,20.15
2012-05-27,9510,1809.0,140.05,4659.0,48.99,36.58,17.59
2012-05-28,9510,1809.0,140.05,4659.0,48.99,21.24,20.24
2012-05-29,9510,1814.41,140.08,4664.41,49.05,26.46,20.05
2012-05-30,9510,1814.41,140.08,4664.41,49.05,21.1,20.1
2012-05-31,9510,1823.43,140.13,4673.43,49.14,30.17,20.15
2012-06-01,9510,1821.63,140.12,4671.63,49.12,12.42,20.0
2012-06-02,9510,1816.22,140.09,4666.22,49.07,14.3,17.08
2012-06-03,9510,1812.61,140.07,4662.61,49.03,12.44,17.16
2012-06-04,9510,1807.2,140.04,4657.2,48.97,10.7,17.1
2012-06-05,9510,1800.0,140.0,4650.0,48.9,14.28,17.15
2012-06-06,9510,1796.4,139.98,4646.4,48.86,10.61,17.13
2012-06-07,9510,1789.21,139.94,4639.21,48.78,12.38,17.05
2012-06-08,9510,1783.82,139.91,4633.82,48.73,12.95,17.02
2012-06-09,9510,1774.85,139.86,4624.85,48.63,14.68,21.18
2012-06-10,9510,1767.68,139.82,4617.68,48.56,16.43,21.11
2012-06-11,9510,1762.3,139.79,4612.3,48.5,11.4,21.06
2012-06-12,9510,1740.85,139.67,4590.85,48.27,12.67,32.11
2012-06-13,9510,1721.24,139.56,4571.24,48.07,6.6,31.54
2012-06-14,9510,1703.46,139.46,4553.46,47.88,10.69,23.64
2012-06-15,9510,1696.36,139.42,4546.36,47.81,7.28,17.05
2012-06-16,9510,1685.73,139.36,4535.73,47.69,7.28,17.18
2012-06-17,9510,1675.11,139.3,4525.11,47.58,7.19,17.16
2012-06-18,9510,1664.51,139.24,4514.51,47.47,5.44,17.06
2012-06-19,9510,1652.16,139.17,4502.16,47.34,5.95,17.05
2012-06-20,9510,1629.29,139.04,4479.29,47.1,7.86,28.09
2012-06-21,9510,1608.24,138.92,4458.24,46.88,7.8,28.18
2012-06-22,9510,1587.26,138.8,4437.26,46.66,6.21,28.05
2012-06-23,9510,1564.61,138.67,4414.61,46.42,7.91,28.14
2012-06-24,9510,1543.76,138.55,4393.76,46.2,6.55,28.03
2012-06-25,9510,1521.26,138.42,4371.26,45.96,6.54,28.33
2012-06-26,9510,1498.84,138.29,4348.84,45.73,2.98,28.24
2012-06-27,9510,1473.06,138.14,4323.06,45.46,6.6,28.04
2012-06-28,9510,1450.81,138.01,4300.81,45.22,4.97,28.14
2012-06-29,9510,1426.93,137.87,4276.93,44.97,6.83,28.13
2012-06-30,9510,1404.85,137.74,4254.85,44.74,3.19,28.21
2012-07-01,9510,1381.15,137.6,4231.15,44.49,5.87,26.18
2012-07-02,9510,1364.28,137.5,4214.28,44.31,4.79,22.16
2012-07-03,9510,1342.43,137.37,4192.43,44.08,5.18,26.07
2012-07-04,9510,1318.98,137.23,4168.98,43.84,10.72,28.05
2012-07-05,9510,1300.63,137.12,4150.63,43.64,16.24,28.5
2012-07-06,9510,1292.31,137.07,4142.31,43.56,18.95,23.99
2012-07-07,9510,1290.64,137.06,4140.64,43.54,23.97,20.04
2012-07-08,9510,1293.97,137.08,4143.97,43.57,17.48,20.07
2012-07-09,9510,1290.64,137.06,4140.64,43.54,18.41,20.23
2012-07-10,9510,1292.31,137.07,4142.31,43.56,16.64,16.17
2012-07-11,9510,1292.31,137.07,4142.31,43.56,13.36,16.07
2012-07-12,9510,1288.98,137.05,4138.98,43.52,12.66,16.11
2012-07-13,9510,1288.98,137.05,4138.98,43.52,11.03,12.08
2012-07-14,9510,1287.32,137.04,4137.32,43.5,15.96,12.12
2012-07-15,9510,1290.64,137.06,4140.64,43.54,12.58,12.06
2012-07-16,9510,1290.64,137.06,4140.64,43.54,10.97,12.0
2012-07-17,9510,1288.98,137.05,4138.98,43.52,15.96,12.06
2012-07-18,9510,1292.31,137.07,4142.31,43.56,11.05,12.06
2012-07-19,9510,1290.64,137.06,4140.64,43.54,12.59,12.14
2012-07-20,9510,1290.64,137.06,4140.64,43.54,12.61,12.02
2012-07-21,9510,1290.64,137.06,4140.64,43.54,14.23,12.03
2012-07-22,9510,1292.31,137.07,4142.31,43.56,10.98,12.0
2012-07-23,9510,1290.64,137.06,4140.64,43.54,10.94,12.07
2012-07-24,9510,1288.98,137.05,4138.98,43.52,22.48,12.02
2012-07-25,9510,1298.96,137.11,4148.96,43.63,62.67,11.92
2012-07-26,9510,1349.14,137.41,4199.14,44.15,64.94,11.91
2012-07-27,9510,1401.46,137.72,4251.46,44.71,39.7,12.04
2012-07-28,9510,1428.64,137.88,4278.64,44.99,31.39,11.93
2012-07-29,9510,1447.39,137.99,4297.39,45.19,29.76,12.05
2012-07-30,9510,1464.49,138.09,4314.49,45.37,33.2,12.07
2012-07-31,9510,1485.08,138.21,4335.08,45.58,41.01,12.02
2012-08-01,9510,1512.63,138.37,4362.63,45.87,33.0,11.97
2012-08-02,9510,1535.1,138.5,4385.1,46.11,41.74,9.99
2012-08-03,9510,1566.35,138.68,4416.35,46.44,31.56,9.96
2012-08-04,9510,1587.26,138.8,4437.26,46.66,31.53,10.11
2012-08-05,9510,1608.24,138.92,4458.24,46.88,32.92,10.01
2012-08-06,9510,1627.53,139.03,4477.53,47.08,27.55,13.09
2012-08-07,9510,1641.59,139.11,4491.59,47.23,22.48,12.94
2012-08-08,9510,1650.4,139.16,4500.4,47.32,24.68,13.13
2012-08-09,9510,1664.51,139.24,4514.51,47.47,35.31,10.02
2012-08-10,9510,1689.27,139.38,4539.27,47.73,92.28,10.0
2012-08-11,9510,1765.89,139.81,4615.89,48.54,98.53,15.12
2012-08-12,9510,1848.75,140.27,4698.75,49.41,78.67,15.11
2012-08-13,9510,1912.43,140.62,4762.43,50.08,59.63,14.44
2012-08-14,9510,1956.39,140.86,4806.39,50.54,43.19,15.1
2012-08-15,9510,1984.0,141.01,4834.0,50.83,41.48,15.02
2012-08-16,9510,2009.85,141.15,4859.85,51.1,32.22,15.06
2012-08-17,9510,2026.52,141.24,4876.52,51.28,34.13,14.98
2012-08-18,9510,2045.07,141.34,4895.07,51.47,28.48,15.0
2012-08-19,9510,2058.09,141.41,4908.09,51.61,25.51,14.89
2012-08-20,9510,2072.98,141.49,4922.98,51.77,27.43,10.04
2012-08-21,9510,2089.78,141.58,4939.78,51.94,28.89,10.06
2012-08-22,9510,2108.48,141.68,4958.48,52.14,34.87,9.62
2012-08-23,9510,2132.85,141.81,4982.85,52.4,27.5,9.93
2012-08-24,9510,2149.76,141.9,4999.76,52.57,29.35,10.01
2012-08-25,9510,2168.59,142.0,5018.59,52.77,49.88,9.94
2012-08-26,9510,2208.27,142.21,5058.27,53.19,52.23,9.62
2012-08-27,9510,2250.04,142.21,5100.04,53.63,42.95,9.88
2012-08-28,9510,2282.45,142.6,5132.45,53.97,56.51,9.95
2012-08-29,9510,2328.4,142.84,5178.4,54.45,43.15,9.97
2012-08-30,9510,2361.09,143.01,5211.09,54.8,43.5,9.86
2012-08-31,9510,2393.9,143.18,5243.9,55.14,39.57,10.1
2012-09-01,9510,2424.89,143.34,5274.89,55.47,47.5,8.0
2012-09-02,9510,2463.76,143.54,5313.76,55.88,53.52,8.01
2012-09-03,9510,2508.66,143.77,5358.66,56.35,81.24,7.99
2012-09-04,9510,2581.32,144.14,5431.32,57.11,77.78,7.95
2012-09-05,9510,2650.55,144.49,5500.55,57.84,70.33,7.91
2012-09-06,9510,2712.26,144.8,5562.26,58.49,55.16,7.98
2012-09-07,9510,2760.28,145.04,5610.28,58.99,50.79,6.5
2012-09-08,9510,2804.5,145.26,5654.5,59.46,55.05,5.92
2012-09-09,9510,2852.94,145.5,5702.94,59.97,66.58,5.96
2012-09-10,9510,2913.8,145.8,5763.8,60.61,53.94,5.07
2012-09-11,9510,2966.82,146.06,5816.82,61.17,47.77,0.26
2012-09-12,9510,3013.93,146.29,5863.93,61.66,23.11,0.0
2012-09-13,9510,3034.47,146.39,5884.47,61.88,50.05,1.91
2012-09-14,9510,3081.86,146.62,5931.86,62.37,37.81,2.0
2012-09-15,9510,3117.0,146.79,5967.0,62.74,50.32,1.77
2012-09-16,9510,3164.73,147.02,6014.73,63.25,40.1,1.92
2012-09-17,9510,3202.21,147.2,6052.21,63.64,31.82,1.95
2012-09-18,9510,3231.44,147.34,6081.44,63.95,27.79,1.92
2012-09-19,9510,3256.55,147.46,6106.55,64.21,23.66,2.0
2012-09-20,9510,3277.52,147.56,6127.52,64.43,38.39,2.01
2012-09-21,9510,3313.24,147.73,6163.24,64.81,23.6,1.99
2012-09-22,9510,3332.2,147.82,6182.2,65.01,23.66,3.96
2012-09-23,9510,3351.18,147.91,6201.18,65.21,21.63,4.0
2012-09-24,9510,3368.08,147.99,6218.08,65.38,19.47,4.05
2012-09-25,9510,3382.88,148.06,6232.88,65.54,21.64,3.99
2012-09-26,9510,3399.82,148.14,6249.82,65.72,19.52,4.02
2012-09-27,9510,3414.66,148.21,6264.66,65.87,36.56,3.99
2012-09-28,9510,3446.53,148.36,6296.53,66.21,21.71,4.0
2012-09-29,9510,3463.55,148.44,6313.55,66.39,23.89,4.0
2012-09-30,9510,3482.73,148.53,6332.73,66.59,17.46,4.02
2012-10-01,9510,3495.53,148.59,6345.53,66.72,17.36,3.97
2012-10-02,9510,3508.35,148.65,6358.35,66.86,15.1,3.86
2012-10-03,9510,3516.9,148.69,6366.9,66.95,21.64,5.87
2012-10-04,9510,3531.88,148.76,6381.88,67.11,23.83,5.98
2012-10-05,9510,3549.02,148.84,6399.02,67.29,21.7,6.01
2012-10-06,9510,3564.03,148.91,6414.03,67.45,24.03,6.0
2012-10-07,9510,3583.36,149.0,6433.36,67.65,24.0,4.01
2012-10-08,9510,3602.71,149.09,6452.71,67.85,21.9,3.96
2012-10-09,9510,3619.94,149.17,6469.94,68.03,19.73,3.98
2012-10-10,9510,3635.04,149.24,6485.04,68.19,15.49,3.94
2012-10-11,9510,3645.83,149.29,6495.83,68.31,13.32,4.01
2012-10-12,9510,3654.47,149.33,6504.47,68.4,13.26,3.99
2012-10-13,9510,3663.11,149.37,6513.11,68.49,13.27,3.93
2012-10-14,9510,3671.76,149.41,6521.76,68.58,13.31,3.93
2012-10-15,9510,3680.42,149.45,6530.42,68.67,13.34,3.96
2012-10-16,9510,3689.08,149.49,6539.08,68.76,13.36,3.99
2012-10-17,9510,3697.75,149.53,6547.75,68.85,9.02,4.0
2012-10-18,9510,3702.08,149.55,6552.08,68.9,13.37,4.0
2012-10-19,9510,3710.76,149.59,6560.76,68.99,15.52,4.0
2012-10-20,9510,3721.61,149.64,6571.61,69.1,13.22,3.98
2012-10-21,9510,3728.13,149.67,6578.13,69.17,13.26,6.0
2012-10-22,9510,3734.65,149.7,6584.65,69.24,13.15,6.04
2012-10-23,9510,3741.17,149.73,6591.17,69.31,10.98,5.93
2012-10-24,9510,3745.52,149.75,6595.52,69.35,11.07,5.93
2012-10-25,9510,3749.87,149.77,6599.87,69.4,11.05,6.02
2012-10-26,9510,3754.22,149.79,6604.22,69.45,11.05,6.0
2012-10-27,9510,3758.57,149.81,6608.57,69.49,8.88,6.0
2012-10-28,9510,3760.75,149.82,6610.75,69.51,11.1,6.0
2012-10-29,9510,3765.11,149.84,6615.11,69.56,8.73,6.04
2012-10-30,9510,3767.28,149.85,6617.28,69.58,11.61,5.86
2012-10-31,9510,3754.22,149.79,6604.22,69.45,7.35,23.97
2012-11-01,9510,3736.82,149.71,6586.82,69.26,9.42,24.05
2012-11-02,9510,3721.61,149.64,6571.61,69.1,11.12,23.9
2012-11-03,9510,3712.93,149.6,6562.93,69.01,9.39,19.07
2012-11-04,9510,3708.59,149.58,6558.59,68.97,10.9,13.0
2012-11-05,9510,3710.76,149.59,6560.76,68.99,11.46,8.0
2012-11-06,9510,3710.76,149.59,6560.76,68.99,10.63,10.73
2012-11-07,9510,3708.59,149.58,6558.59,68.97,8.44,12.07
2012-11-08,9510,3704.25,149.56,6554.25,68.92,10.61,12.05
2012-11-09,9510,3702.08,149.55,6552.08,68.9,10.56,12.05
2012-11-10,9510,3699.92,149.54,6549.92,68.87,12.77,11.99
2012-11-11,9510,3699.92,149.54,6549.92,68.87,11.23,12.04
2012-11-12,9510,3699.92,149.54,6549.92,68.87,16.28,10.5
2012-11-13,9510,3699.92,149.54,6549.92,68.87,17.67,15.55
2012-11-14,9510,3699.92,149.54,6549.92,68.87,17.74,16.94
2012-11-15,9510,3699.92,149.54,6549.92,68.87,17.74,17.01
2012-11-16,9510,3699.92,149.54,6549.92,68.87,17.73,17.01
2012-11-17,9510,3699.92,149.54,6549.92,68.87,0.54,17.0
2012-11-18,9510,3682.58,149.46,6532.58,68.69,5.47,17.15
2012-11-19,9510,3671.76,149.41,6521.76,68.58,1.83,15.56
2012-11-20,9510,3652.31,149.32,6502.31,68.37,1.95,20.55
2012-11-21,9510,3630.72,149.22,6480.72,68.15,0.09,22.81
2012-11-22,9510,3607.02,149.11,6457.02,67.9,0.2,23.07
2012-11-23,9510,3583.36,149.0,6433.36,67.65,4.49,23.14
2012-11-24,9510,3564.03,148.91,6414.03,67.45,6.72,23.1
2012-11-25,9510,3546.87,148.83,6396.87,67.26,8.41,23.16
2012-11-26,9510,3534.02,148.77,6384.02,67.13,10.96,20.54
2012-11-27,9510,3521.18,148.71,6371.18,66.99,8.62,23.08
2012-11-28,9510,3504.08,148.63,6354.08,66.81,13.02,25.0
2012-11-29,9510,3491.27,148.57,6341.27,66.68,15.1,25.11
2012-11-30,9510,3480.6,148.52,6330.6,66.57,19.35,25.05
2012-12-01,9510,3474.2,148.49,6324.2,66.5,15.04,25.03
2012-12-02,9510,3463.55,148.44,6313.55,66.39,13.09,25.0
2012-12-03,9510,3452.91,148.39,6302.91,66.28,7.75,23.05
2012-12-04,9510,3435.9,148.31,6285.9,66.1,12.05,24.08
2012-12-05,9510,3423.15,148.25,6273.15,65.96,7.86,24.12
2012-12-06,9510,3406.18,148.17,6256.18,65.79,9.9,24.15
2012-12-07,9510,3391.35,148.1,6241.35,65.63,5.69,24.05
2012-12-08,9510,3372.31,148.01,6222.31,65.43,6.73,24.05
2012-12-09,9510,3355.4,147.93,6205.4,65.25,9.01,22.96
2012-12-10,9510,3340.63,147.86,6190.63,65.1,6.84,23.1
2012-12-11,9510,3323.77,147.78,6173.77,64.92,7.91,23.02
2012-12-12,9510,3306.93,147.7,6156.93,64.74,5.75,24.07
2012-12-13,9510,3288.01,147.61,6138.01,64.54,8.0,24.0
2012-12-14,9510,3271.22,147.53,6121.22,64.37,5.82,24.12
2012-12-15,9510,3252.36,147.44,6102.36,64.17,5.96,24.01
2012-12-16,9510,3233.53,147.35,6083.53,63.97,5.96,24.12
2012-12-17,9510,3216.81,147.27,6066.81,63.79,4.93,22.01
2012-12-18,9510,3198.04,147.18,6048.04,63.6,7.05,23.03
2012-12-19,9510,3179.29,147.09,6029.29,63.4,4.98,25.13
2012-12-20,9510,3158.49,146.99,6008.49,63.18,5.04,25.11
2012-12-21,9510,3137.73,146.89,5987.73,62.96,7.04,25.13
2012-12-22,9510,3119.07,146.8,5969.07,62.77,5.1,25.04
2012-12-23,9510,3098.38,146.7,5948.38,62.55,6.17,25.13
2012-12-24,9510,3079.79,146.61,5929.79,62.35,2.0,24.1
2012-12-25,9510,3055.05,146.49,5905.05,62.09,5.04,26.08
2012-12-26,9510,3032.41,146.38,5882.41,61.85,5.42,27.02
2012-12-27,9510,3009.82,146.27,5859.82,61.62,5.32,27.35
2012-12-28,9510,2987.28,146.16,5837.28,61.38,7.31,27.2
2012-12-29,9510,2966.82,146.06,5816.82,61.17,4.26,27.12
2012-12-30,9510,2944.36,145.95,5794.36,60.93,4.59,26.07
2012-12-31,9510,2923.98,145.85,5773.98,60.71,3.4,24.32
2013-01-01,9510,2903.64,145.75,5753.64,60.5,3.44,23.09
2013-01-02,9510,2883.33,145.65,5733.33,60.29,5.5,23.03
2013-01-03,9510,2854.97,145.51,5704.97,59.99,4.46,33.15
2013-01-04,9510,2820.62,145.34,5670.62,59.63,4.94,38.1
2013-01-05,9510,2786.39,145.17,5636.39,59.27,4.26,38.46
2013-01-06,9510,2752.26,145.0,5602.26,58.91,4.9,37.68
2013-01-07,9510,2726.24,144.87,5576.24,58.64,2.77,30.21
2013-01-08,9510,2704.27,144.76,5554.27,58.4,4.15,24.04
2013-01-09,9510,2682.35,144.65,5532.35,58.17,5.84,25.37
2013-01-10,9510,2662.46,144.55,5512.46,57.96,3.12,25.03
2013-01-11,9510,2636.66,144.42,5486.66,57.69,1.13,28.22
2013-01-12,9510,2608.95,144.28,5458.95,57.4,5.16,28.14
2013-01-13,9510,2585.26,144.16,5435.26,57.15,3.33,28.15
2013-01-14,9510,2561.63,144.04,5411.63,56.9,3.31,26.27
2013-01-15,9510,2538.05,143.92,5388.05,56.66,3.5,26.2
2013-01-16,9510,2512.57,143.79,5362.57,56.39,5.54,28.29
2013-01-17,9510,2489.11,143.67,5339.11,56.14,5.29,28.31
2013-01-18,9510,2465.71,143.55,5315.71,55.9,3.43,28.0
2013-01-19,9510,2440.42,143.42,5290.42,55.63,1.61,28.04
2013-01-20,9510,2413.25,143.28,5263.25,55.34,1.59,28.1
2013-01-21,9510,2388.1,143.15,5238.1,55.08,4.59,26.06
2013-01-22,9510,2364.95,143.03,5214.95,54.84,4.74,27.06
2013-01-23,9510,2339.93,142.9,5189.93,54.57,2.91,29.03
2013-01-24,9510,2313.06,142.76,5163.06,54.29,4.77,29.1
2013-01-25,9510,2288.18,142.63,5138.18,54.03,5.01,28.98
2013-01-26,9510,2263.37,142.5,5113.37,53.77,1.21,29.15
2013-01-27,9510,2234.83,142.35,5084.83,53.47,5.32,29.08
2013-01-28,9510,2213.96,142.24,5063.96,53.25,3.14,25.52
2013-01-29,9510,2191.24,142.12,5041.24,53.01,5.11,25.19
2013-01-30,9510,2168.59,142.0,5018.59,52.77,3.24,27.1
2013-01-31,9510,2144.12,141.87,4994.12,52.51,5.22,27.05
2013-02-01,9510,2121.59,141.75,4971.59,52.28,3.53,27.09
2013-02-02,9510,2097.25,141.62,4947.25,52.02,7.51,26.98
2013-02-03,9510,2076.71,141.51,4926.71,51.81,7.39,27.16
2013-02-04,9510,2056.23,141.4,4906.23,51.59,4.51,26.98
2013-02-05,9510,2035.79,141.29,4885.79,51.38,5.58,24.06
2013-02-06,9510,2015.4,141.18,4865.4,51.16,5.64,25.09
2013-02-07,9510,1995.07,141.07,4845.07,50.95,5.65,25.09
2013-02-08,9510,1974.79,140.96,4824.79,50.73,3.92,25.05
2013-02-09,9510,1952.72,140.84,4802.72,50.5,4.04,25.11
2013-02-10,9510,1930.72,140.72,4780.72,50.27,2.89,25.16
2013-02-11,9510,1908.77,140.6,4758.77,50.04,0.79,23.97
2013-02-12,9510,1888.71,140.49,4738.71,49.83,3.16,19.98
2013-02-13,9510,1868.71,140.38,4718.71,49.62,3.04,22.29
2013-02-14,9510,1848.75,140.27,4698.75,49.41,3.0,22.13
2013-02-15,9510,1828.85,140.16,4678.85,49.2,4.82,22.03
2013-02-16,9510,1810.81,140.06,4660.81,49.01,1.38,22.0
2013-02-17,9510,1789.21,139.94,4639.21,48.78,2.9,22.12
2013-02-18,9510,1771.26,139.84,4621.26,48.59,4.8,19.99
2013-02-19,9510,1755.15,139.75,4605.15,48.42,3.24,20.05
2013-02-20,9510,1735.5,139.64,4585.5,48.22,3.33,22.03
2013-02-21,9510,1715.9,139.53,4565.9,48.01,3.38,22.08
2013-02-22,9510,1696.36,139.42,4546.36,47.81,2.94,22.07
2013-02-23,9510,1673.34,139.29,4523.34,47.56,1.33,24.66
2013-02-24,9510,1648.64,139.15,4498.64,47.3,3.26,25.18
2013-02-25,9510,1627.53,139.03,4477.53,47.08,4.82,25.29
2013-02-26,9510,1604.74,138.9,4454.74,46.84,4.89,25.01
2013-02-27,9510,1585.51,138.79,4435.51,46.64,1.3,23.28
2013-02-28,9510,1562.87,138.66,4412.87,46.4,5.04,23.1
2013-03-01,9510,1548.97,138.58,4398.97,46.26,3.36,18.1
2013-03-02,9510,1533.37,138.49,4383.37,46.09,1.62,18.12
2013-03-03,9510,1516.08,138.39,4366.08,45.91,3.36,18.07
2013-03-04,9510,1500.56,138.3,4350.56,45.75,3.15,18.05
2013-03-05,9510,1486.8,138.22,4336.8,45.6,4.15,16.08
2013-03-06,9510,1473.06,138.14,4323.06,45.46,4.14,17.06
2013-03-07,9510,1459.36,138.06,4309.36,45.31,4.26,17.01
2013-03-08,9510,1445.68,137.98,4295.68,45.17,4.21,17.11
2013-03-09,9510,1432.04,137.9,4282.04,45.03,3.93,17.02
2013-03-10,9510,1420.13,137.83,4270.13,44.9,2.3,15.01
2013-03-11,9510,1406.54,137.75,4256.54,44.76,4.05,15.07
2013-03-12,9510,1394.68,137.68,4244.68,44.63,0.55,15.09
2013-03-13,9510,1379.46,137.59,4229.46,44.47,4.41,14.95
2013-03-14,9510,1367.65,137.52,4217.65,44.35,2.42,15.4
2013-03-15,9510,1354.19,137.44,4204.19,44.21,2.38,15.06
2013-03-16,9510,1340.75,137.36,4190.75,44.07,2.43,15.0
2013-03-17,9510,1327.35,137.28,4177.35,43.93,4.16,15.01
2013-03-18,9510,1315.64,137.21,4165.64,43.8,3.18,15.06
2013-03-19,9510,1303.96,137.14,4153.96,43.68,1.61,14.05
2013-03-20,9510,1290.64,137.06,4140.64,43.54,1.59,14.12
2013-03-21,9510,1277.35,136.98,4127.35,43.4,3.27,14.07
2013-03-22,9510,1265.75,136.91,4115.75,43.28,3.25,14.06
2013-03-23,9510,1254.18,136.84,4104.18,43.16,1.99,14.01
2013-03-24,9510,1239.33,136.75,4089.33,43.0,2.18,16.03
2013-03-25,9510,1224.52,136.66,4074.52,42.84,3.72,16.19
2013-03-26,9510,1211.39,136.58,4061.39,42.71,2.19,16.05
2013-03-27,9510,1196.65,136.49,4046.65,42.55,1.79,16.13
2013-03-28,9510,1183.59,136.41,4033.59,42.41,3.49,14.05
2013-03-29,9510,1172.19,136.34,4022.19,42.29,3.48,14.09
2013-03-30,9510,1160.81,136.27,4010.81,42.17,3.45,14.06
2013-03-31,9510,1149.46,136.2,3999.46,42.06,1.97,14.0
2013-04-01,9510,1136.51,136.12,3986.51,41.92,1.72,14.13
2013-04-02,9510,1125.21,136.05,3975.21,41.8,3.33,12.1
2013-04-03,9510,1115.54,135.99,3965.54,41.7,1.64,12.08
2013-04-04,9510,1104.29,135.92,3954.29,41.58,1.82,11.97
2013-04-05,9510,1093.06,135.85,3943.06,41.46,3.45,12.13
2013-04-06,9510,1083.46,135.79,3933.46,41.36,1.74,12.13
2013-04-07,9510,1072.27,135.72,3922.27,41.24,3.44,12.01
2013-04-08,9510,1062.71,135.66,3912.71,41.14,1.79,12.08
2013-04-09,9510,1051.57,135.59,3901.57,41.03,1.84,12.02
2013-04-10,9510,1040.46,135.52,3890.46,40.91,1.82,12.04
2013-04-11,9510,1029.38,135.45,3879.38,40.79,3.43,11.99
2013-04-12,9510,1019.9,135.39,3869.9,40.69,3.61,12.0
2013-04-13,9510,1010.43,135.33,3860.43,40.59,1.95,12.17
2013-04-14,9510,999.42,135.26,3849.42,40.48,1.96,12.05
2013-04-15,9510,988.43,135.19,3838.43,40.36,2.07,12.04
2013-04-16,9510,977.46,135.12,3827.46,40.25,2.06,12.13
2013-04-17,9510,966.62,135.05,3816.62,40.13,0.53,12.1
2013-04-18,9510,954.05,134.97,3804.05,40.0,0.54,12.1
2013-04-19,9510,941.62,134.89,3791.62,39.87,2.1,12.07
2013-04-20,9510,930.77,134.82,3780.77,39.76,2.14,12.05
2013-04-21,9510,919.94,134.75,3769.94,39.64,3.74,12.07
2013-04-22,9510,910.68,134.69,3760.68,39.54,12.95,12.1
2013-04-23,9510,910.68,134.69,3760.68,39.54,10.97,12.05
2013-04-24,9510,910.68,134.69,3760.68,39.54,0.16,10.07
2013-04-25,9510,899.9,134.62,3749.9,39.43,0.22,10.04
2013-04-26,9510,889.15,134.55,3739.15,39.32,0.16,10.08
2013-04-27,9510,878.42,134.48,3728.42,39.21,0.23,10.0
2013-04-28,9510,867.72,134.41,3717.72,39.09,0.19,10.04
2013-04-29,9510,857.05,134.34,3707.05,38.98,4.79,9.97
2013-04-30,9510,850.96,134.3,3700.96,38.92,2.1,9.99
2013-05-01,9510,841.84,134.21,3691.84,38.82,3.67,10.33
2013-05-02,9510,828.21,134.15,3678.21,38.68,3.38,16.42
2013-05-03,9510,814.62,134.06,3664.62,38.53,1.89,16.09
2013-05-04,9510,799.57,133.96,3649.57,38.38,1.91,16.07
2013-05-05,9510,784.57,133.86,3634.57,38.22,3.44,16.04
2013-05-06,9510,771.13,133.77,3621.13,38.08,2.46,16.01
2013-05-07,9510,760.7,133.7,3610.7,37.97,9.91,12.02
2013-05-08,9510,757.72,133.68,3607.72,37.94,3.97,12.02
2013-05-09,9510,748.81,133.62,3598.81,37.84,2.54,12.01
2013-05-10,9510,738.44,133.55,3588.44,37.73,4.96,12.04
2013-05-11,9510,732.53,133.51,3582.53,37.67,3.58,10.01
2013-05-12,9510,725.15,133.46,3575.15,37.59,6.48,10.1
2013-05-13,9510,720.73,133.43,3570.73,37.55,4.22,10.04
2013-05-14,9510,706.03,133.33,3556.03,37.39,7.2,18.06
2013-05-15,9510,694.31,133.25,3544.31,37.27,2.89,18.06
2013-05-16,9510,678.26,133.14,3528.26,37.1,3.93,18.08
2013-05-17,9510,665.17,133.05,3515.17,36.96,2.43,16.16
2013-05-18,9510,650.69,132.95,3500.69,36.81,3.75,16.06
2013-05-19,9510,637.7,132.86,3487.7,36.67,1.13,15.89
2013-05-20,9510,621.89,132.75,3471.89,36.51,2.09,16.09
2013-05-21,9510,609.0,132.66,3459.0,36.37,3.44,14.13
2013-05-22,9510,597.59,132.58,3447.59,36.25,4.31,14.0
2013-05-23,9510,589.05,132.52,3439.05,36.16,4.45,12.0
2013-05-24,9510,580.54,132.46,3430.54,36.07,1.52,12.11
2013-05-25,9510,569.22,132.38,3419.22,35.95,7.24,12.0
2013-05-26,9510,563.57,132.34,3413.57,35.89,4.43,12.05
2013-05-27,9510,555.12,132.28,3405.12,35.81,5.86,12.04
2013-05-28,9510,548.09,132.23,3398.09,35.73,11.48,12.05
2013-05-29,9510,546.69,132.22,3396.69,35.72,12.86,12.04
2013-05-30,9510,546.69,132.22,3396.69,35.72,1.67,12.02
2013-05-31,9510,535.48,132.14,3385.48,35.6,0.38,12.04
2013-06-01,9510,521.52,132.04,3371.52,35.45,1.21,13.5
2013-06-02,9510,507.62,131.94,3357.62,35.31,1.04,14.48
2013-06-03,9510,493.78,131.84,3343.78,35.16,0.92,14.25
2013-06-04,9510,480.0,131.74,3330.0,35.02,5.0,14.07
2013-06-05,9510,470.39,131.67,3320.39,34.91,9.12,13.99
2013-06-06,9510,464.91,131.63,3314.91,34.86,6.44,13.98
2013-06-07,9510,456.71,131.57,3306.71,34.77,7.83,14.02
2013-06-08,9510,449.9,131.52,3299.9,34.7,3.73,14.02
2013-06-09,9510,439.02,131.44,3289.02,34.58,5.17,13.99
2013-06-10,9510,429.54,131.37,3279.54,34.49,3.84,14.03
2013-06-11,9510,418.74,131.29,3268.74,34.37,3.95,14.02
2013-06-12,9510,407.97,131.21,3257.97,34.26,14.63,14.1
2013-06-13,9510,407.97,131.21,3257.97,34.26,10.65,14.01
2013-06-14,9510,403.95,131.18,3253.95,34.22,6.62,14.05
2013-06-15,9510,399.93,131.15,3249.93,34.17,4.24,10.02
2013-06-16,9510,393.24,131.1,3243.24,34.1,5.19,10.31
2013-06-17,9510,387.9,131.06,3237.9,34.05,2.62,9.91
2013-06-18,9510,379.9,131.0,3229.9,33.96,2.7,10.0
2013-06-19,9510,371.93,130.94,3221.93,33.88,2.65,10.05
2013-06-20,9510,363.99,130.88,3213.99,33.8,2.73,9.98
2013-06-21,9510,356.06,130.82,3206.06,33.71,10.64,10.05
2013-06-22,9510,356.06,130.82,3206.06,33.71,2.74,10.03
2013-06-23,9510,348.16,130.76,3198.16,33.63,4.1,10.03
2013-06-24,9510,341.59,130.71,3191.59,33.56,4.36,10.06
2013-06-25,9510,336.34,130.67,3186.34,33.51,7.31,9.0
2013-06-26,9510,335.04,130.66,3185.04,33.49,4.64,8.0
2013-06-27,9510,331.11,130.63,3181.11,33.45,9.95,7.96
2013-06-28,9510,332.42,130.64,3182.42,33.46,4.71,8.03
2013-06-29,9510,328.5,130.61,3178.5,33.42,5.77,8.02
2013-06-30,9510,324.58,130.58,3174.58,33.38,5.76,9.08
2013-07-01,9510,320.67,130.55,3170.67,33.34,5.62,9.06
2013-07-02,9510,316.77,130.52,3166.77,33.3,5.64,9.02
2013-07-03,9510,312.87,130.49,3162.87,33.26,4.4,9.04
2013-07-04,9510,307.68,130.45,3157.68,33.2,8.29,9.09
2013-07-05,9510,306.39,130.44,3156.39,33.19,5.64,9.08
2013-07-06,9510,302.5,130.41,3152.5,33.15,7.45,9.02
2013-07-07,9510,298.62,130.38,3148.62,33.11,10.21,10.83
2013-07-08,9510,297.33,130.37,3147.33,33.09,11.58,11.0
2013-07-09,9510,297.33,130.37,3147.33,33.09,10.27,11.08
2013-07-10,9510,296.04,130.36,3146.04,33.08,10.29,11.06
2013-07-11,9510,294.75,130.35,3144.75,33.07,7.55,11.08
2013-07-12,9510,290.89,130.32,3140.89,33.03,7.24,10.92
2013-07-13,9510,289.6,130.31,3139.6,33.01,11.16,8.03
2013-07-14,9510,292.17,130.33,3142.17,33.04,13.7,8.08
2013-07-15,9510,297.33,130.33,3147.33,33.09,13.71,8.04
2013-07-16,9510,302.5,130.41,3152.5,33.15,16.25,8.04
2013-07-17,9510,310.27,130.47,3160.27,33.23,17.4,7.98
2013-07-18,9510,319.37,130.54,3169.37,33.33,16.28,7.8
2013-07-19,9510,327.19,130.6,3177.19,33.41,15.08,7.96
2013-07-20,9510,333.73,130.65,3183.73,33.48,12.4,8.04
2013-07-21,9510,337.65,130.69,3187.65,33.52,12.5,7.97
2013-07-22,9510,341.59,130.71,3191.59,33.56,9.76,8.06
2013-07-23,9510,342.9,130.72,3192.9,33.57,11.08,7.94
2013-07-24,9510,345.53,130.74,3195.53,33.6,17.68,7.95
2013-07-25,9510,354.74,130.81,3204.74,33.7,20.37,7.96
2013-07-26,9510,366.63,130.9,3216.63,33.82,22.45,7.97
2013-07-27,9510,378.57,130.99,3228.57,33.95,23.91,10.0
2013-07-28,9510,391.9,131.09,3241.9,34.09,18.64,10.08
2013-07-29,9510,399.93,131.15,3249.93,34.17,36.81,10.11
2013-07-30,9510,428.19,131.36,3278.19,34.47,107.35,8.04
2013-07-31,9510,527.1,132.08,3377.1,35.51,107.61,7.92
2013-08-01,9510,626.19,132.78,3476.19,36.55,64.92,8.0
2013-08-02,9510,682.63,133.17,3532.63,37.15,61.33,8.01
2013-08-03,9510,735.49,133.53,3585.49,37.7,47.13,7.99
2013-08-04,9510,774.11,133.79,3624.11,38.11,34.03,8.02
2013-08-05,9510,799.57,133.96,3649.57,38.38,30.55,8.09
2013-08-06,9510,823.67,134.12,3673.67,38.63,27.78,5.96
2013-08-07,9510,844.88,134.26,3694.88,38.85,35.54,6.09
2013-08-08,9510,873.83,134.45,3723.83,39.16,42.23,6.1
2013-08-09,9510,907.6,134.67,3757.6,39.51,45.59,7.97
2013-08-10,9510,944.72,134.91,3794.72,39.9,99.49,7.97
2013-08-11,9510,1035.71,135.49,3885.71,40.86,107.56,8.01
2013-08-12,9510,1134.9,136.11,3984.9,41.9,75.47,7.86
2013-08-13,9510,1204.83,136.54,4054.83,42.64,53.08,5.02
2013-08-14,9510,1252.52,136.83,4102.52,43.14,38.6,4.87
2013-08-15,9510,1285.66,137.03,4135.66,43.49,40.51,4.95
2013-08-16,9510,1320.65,137.24,4170.65,43.86,32.33,4.99
2013-08-17,9510,1347.46,137.4,4197.46,44.14,30.83,5.0
2013-08-18,9510,1372.71,137.55,4222.71,44.4,30.93,5.06
2013-08-19,9510,1398.07,137.7,4248.07,44.67,24.17,5.05
2013-08-20,9510,1416.73,137.81,4266.73,44.87,24.19,4.98
2013-08-21,9510,1435.45,137.92,4285.45,45.06,50.03,4.94
2013-08-22,9510,1479.92,138.18,4329.92,45.53,36.52,5.02
2013-08-23,9510,1510.9,138.36,4360.9,45.86,59.19,5.01
2013-08-24,9510,1564.61,138.67,4414.61,46.42,43.89,4.95
2013-08-25,9510,1602.99,138.89,4452.99,46.82,42.34,4.97
2013-08-26,9510,1639.83,139.1,4489.83,47.21,37.3,4.95
2013-08-27,9510,1671.58,139.28,4521.58,47.55,32.11,5.01
2013-08-28,9510,1698.14,139.43,4548.14,47.82,33.95,5.0
2013-08-29,9510,1726.58,139.59,4576.58,48.12,34.1,4.96
2013-08-30,9510,1755.15,139.75,4605.15,48.42,32.48,4.99
2013-08-31,9510,1782.02,139.9,4632.02,48.71,55.97,5.05
2013-09-01,9510,1832.47,140.18,4682.47,49.24,59.99,4.97
2013-09-02,9510,1886.89,140.48,4736.89,49.81,51.01,4.99
2013-09-03,9510,1934.38,140.74,4784.38,50.31,32.97,2.93
2013-09-04,9510,1963.75,140.9,4813.75,50.62,29.34,3.01
2013-09-05,9510,1989.53,141.04,4839.53,50.89,22.23,2.97
2013-09-06,9510,2006.15,141.13,4856.15,51.06,42.61,5.02
2013-09-07,9510,2043.21,141.33,4893.21,51.45,76.54,4.95
2013-09-08,9510,2114.09,141.71,4964.09,52.2,58.21,5.06
2013-09-09,9510,2166.71,141.99,5016.71,52.75,46.18,4.99
2013-09-10,9510,2208.27,142.21,5058.27,53.19,40.66,4.01
2013-09-11,9510,2244.33,142.4,5094.33,53.57,33.14,3.99
2013-09-12,9510,2272.9,142.55,5122.9,53.87,30.45,3.96
2013-09-13,9510,2297.74,142.68,5147.74,54.13,28.59,5.0
2013-09-14,9510,2320.73,142.8,5170.73,54.37,34.44,4.99
2013-09-15,9510,2349.54,142.95,5199.54,54.67,43.15,5.01
2013-09-16,9510,2388.1,143.15,5238.1,55.08,44.31,3.97
2013-09-17,9510,2428.77,143.36,5278.77,55.51,37.62,3.02
2013-09-18,9510,2463.76,143.54,5313.76,55.88,31.88,2.01
2013-09-19,9510,2493.02,143.69,5343.02,56.18,28.07,1.99
2013-09-20,9510,2518.45,143.82,5368.45,56.45,26.12,2.01
2013-09-21,9510,2540.01,143.93,5390.01,56.68,24.28,3.93
2013-09-22,9510,2559.66,144.03,5409.66,56.88,20.4,4.0
2013-09-23,9510,2575.41,144.11,5425.41,57.05,18.45,4.02
2013-09-24,9510,2589.21,144.18,5439.21,57.19,26.3,4.02
2013-09-25,9510,2610.93,144.29,5460.93,57.42,20.5,3.95
2013-09-26,9510,2626.76,144.37,5476.76,57.59,36.31,4.04
2013-09-27,9510,2658.49,144.53,5508.49,57.92,38.43,3.94
2013-09-28,9510,2692.31,144.7,5542.31,58.28,30.57,3.97
2013-09-29,9510,2718.25,144.83,5568.25,58.55,24.61,3.99
2013-09-30,9510,2740.25,144.94,5590.25,58.78,22.68,1.97
2013-10-01,9510,2760.28,145.04,5610.28,58.99,16.68,2.01
2013-10-02,9510,2774.33,145.11,5624.33,59.14,22.84,1.99
2013-10-03,9510,2794.43,145.21,5644.43,59.35,10.66,2.1
2013-10-04,9510,2802.49,145.25,5652.49,59.44,28.87,1.96
2013-10-05,9510,2828.7,145.38,5678.7,59.71,18.81,2.02
2013-10-06,9510,2844.86,145.46,5694.86,59.88,16.78,2.01
2013-10-07,9510,2859.02,145.53,5709.02,60.03,15.8,1.98
2013-10-08,9510,2871.17,145.59,5721.17,60.16,15.78,3.01
2013-10-09,9510,2883.33,145.65,5733.33,60.29,11.82,2.93
2013-10-10,9510,2891.45,145.69,5741.45,60.37,11.75,3.06
2013-10-11,9510,2899.57,145.73,5749.57,60.46,11.82,2.99
2013-10-12,9510,2907.7,145.77,5757.7,60.54,11.77,3.05
2013-10-13,9510,2915.84,145.81,5765.84,60.63,11.83,2.99
2013-10-14,9510,2923.98,145.85,5773.98,60.71,9.75,3.04
2013-10-15,9510,2930.09,145.88,5780.09,60.78,7.77,2.99
2013-10-16,9510,2934.17,145.9,5784.17,60.82,9.8,3.04
2013-10-17,9510,2940.28,145.93,5790.28,60.89,15.93,3.04
2013-10-18,9510,2952.52,145.99,5802.52,61.01,15.95,3.04
2013-10-19,9510,2964.78,146.05,5814.78,61.14,18.0,3.04
2013-10-20,9510,2979.09,146.12,5829.09,61.29,15.92,3.04
2013-10-21,9510,2991.37,146.18,5841.37,61.42,11.88,2.99
2013-10-22,9510,2999.57,146.22,5849.57,61.51,11.85,3.03
2013-10-23,9510,3007.77,146.26,5857.77,61.6,11.83,3.0
2013-10-24,9510,3015.98,146.3,5865.98,61.68,15.93,2.97
2013-10-25,9510,3028.3,146.36,5878.3,61.81,13.97,2.96
2013-10-26,9510,3038.58,146.41,5888.58,61.92,13.97,3.04
2013-10-27,9510,3048.87,146.46,5898.87,62.03,11.87,3.03
2013-10-28,9510,3057.11,146.5,5907.11,62.11,9.84,2.98
2013-10-29,9510,3063.29,146.53,5913.29,62.18,9.86,3.01
2013-10-30,9510,3069.48,146.56,5919.48,62.24,9.89,3.02
2013-10-31,9510,3075.66,146.59,5925.66,62.31,9.89,3.06
2013-11-01,9510,3081.86,146.62,5931.86,62.37,10.01,3.03
2013-11-02,9510,3088.05,146.65,5938.05,62.44,7.75,3.13
2013-11-03,9510,3092.18,146.67,5942.18,62.48,7.85,2.93
2013-11-04,9510,3096.32,146.69,5946.32,62.53,7.82,3.02
2013-11-05,9510,3100.45,146.71,5950.45,62.57,5.78,3.0
2013-11-06,9510,3102.52,162.0,5952.52,62.59,7.78,3.02
2013-11-07,9510,3106.66,146.74,5956.66,62.64,5.78,2.95
2013-11-08,9510,3108.72,146.75,5958.72,62.66,7.88,3.03
2013-11-09,9510,3112.86,146.77,5962.86,62.7,5.73,3.05
2013-11-10,9510,3114.93,146.78,5964.93,62.72,7.81,2.97
2013-11-11,9510,3119.07,146.8,5969.07,62.77,7.21,2.98
2013-11-12,9510,3121.15,146.81,5971.15,62.79,7.18,4.44
2013-11-13,9510,3123.22,146.82,5973.22,62.81,7.27,4.42
2013-11-14,9510,3125.29,146.83,5975.29,62.83,7.27,4.51
2013-11-15,9510,3127.36,146.84,5977.36,62.85,5.2,4.51
2013-11-16,9510,3127.36,146.84,5977.36,62.85,5.21,4.51
2013-11-17,9510,3127.36,146.84,5977.36,62.85,10.89,4.52
2013-11-18,9510,3131.51,146.86,5981.51,62.9,7.24,6.05
2013-11-19,9510,3133.58,146.87,5983.58,62.92,5.19,4.48
2013-11-20,9510,3133.58,146.87,5983.58,62.92,5.07,4.5
2013-11-21,9510,3133.58,146.87,5983.58,62.92,7.2,4.38
2013-11-22,9510,3135.65,146.68,5985.65,62.94,7.26,4.44
2013-11-23,9510,3137.73,146.89,5987.73,62.96,7.28,4.49
2013-11-24,9510,3139.8,146.9,5989.8,62.98,5.14,4.52
2013-11-25,9510,3139.8,146.9,5989.8,62.98,5.27,4.45
2013-11-26,9510,3139.8,146.9,5989.8,62.98,7.28,4.58
2013-11-27,9510,3141.88,146.91,5991.88,63.01,5.16,4.51
2013-11-28,9510,3141.88,146.91,5991.88,63.01,5.21,4.47
2013-11-29,9510,3141.88,146.91,5991.88,63.01,3.13,4.52
2013-11-30,9510,3139.8,146.9,5989.8,62.98,3.15,4.52
2013-12-01,9510,3137.73,146.89,5987.73,62.96,5.07,4.53
2013-12-02,9510,3137.73,146.89,5987.73,62.96,5.13,4.4
2013-12-03,9510,3135.65,146.88,5985.65,62.94,5.05,6.54
2013-12-04,9510,3133.58,146.87,5983.58,62.92,3.07,6.46
2013-12-05,9510,3129.43,146.85,5979.43,62.88,4.52,6.55
2013-12-06,9510,3125.29,146.83,5975.29,62.83,4.56,8.0
2013-12-07,9510,3121.15,146.81,5971.15,62.79,4.47,8.04
2013-12-08,9510,3117.0,146.79,5967.0,62.74,4.57,7.95
2013-12-09,9510,3112.86,146.77,5962.86,62.7,4.44,8.05
2013-12-10,9510,3106.66,146.74,5956.66,62.64,4.48,9.98
2013-12-11,9510,3100.45,146.71,5950.45,62.57,4.47,10.02
2013-12-12,9510,3094.25,146.68,5944.25,62.51,4.42,10.01
2013-12-13,9510,3088.05,146.65,5938.05,62.44,4.47,9.96
2013-12-14,9510,3081.86,146.62,5931.86,62.37,7.43,10.0
2013-12-15,9510,3073.6,146.58,5923.6,62.29,7.38,15.02
2013-12-16,9510,3065.35,146.54,5915.35,62.2,4.49,14.97
2013-12-17,9510,3059.17,146.51,5909.17,62.14,8.85,10.01
2013-12-18,9510,3057.11,146.5,5907.11,62.11,6.48,10.25
2013-12-19,9510,3052.99,146.48,5902.99,62.07,3.31,9.94
2013-12-20,9510,3040.64,146.42,5890.64,61.94,6.23,15.0
2013-12-21,9510,3026.25,146.35,5876.25,61.79,5.26,19.96
2013-12-22,9510,3013.93,146.29,5863.93,61.66,3.46,16.92
2013-12-23,9510,3001.62,146.23,5851.62,61.53,5.41,15.11
2013-12-24,9510,2991.37,146.18,5841.37,61.42,3.37,15.0
2013-12-25,9510,2979.09,146.12,5829.09,61.29,3.37,15.0
2013-12-26,9510,2966.82,146.06,5816.82,61.17,5.47,14.99
2013-12-27,9510,2956.61,146.01,5806.61,61.06,3.55,15.03
2013-12-28,9510,2944.36,145.95,5794.36,60.93,3.56,15.14
2013-12-29,9510,2932.13,145.89,5782.13,60.8,3.48,15.14
2013-12-30,9510,2919.91,145.83,5769.91,60.67,5.42,15.05
2013-12-31,9510,2909.74,145.78,5759.74,60.57,5.46,14.94
2014-01-01,9510,2899.57,145.73,5749.57,60.46,3.69,14.97
2014-01-02,9510,2887.39,145.67,5737.39,60.33,5.56,15.15
2014-01-03,9510,2877.25,145.62,5727.25,60.22,3.54,14.98
2014-01-04,9510,2865.09,145.56,5715.09,60.1,5.6,14.98
2014-01-05,9510,2854.97,145.51,5704.97,59.99,3.56,15.01
2014-01-06,9510,2842.83,145.45,5692.83,59.86,5.73,14.99
2014-01-07,9510,2832.73,145.4,5682.73,59.76,3.57,15.12
2014-01-08,9510,2820.62,145.34,5670.62,59.63,5.7,14.97
2014-01-09,9510,2810.54,145.29,5660.54,59.52,3.63,14.79
2014-01-10,9510,2798.46,145.23,5648.46,59.39,3.71,15.0
2014-01-11,9510,2786.39,145.17,5636.39,59.27,3.73,15.07
2014-01-12,9510,2774.33,145.11,5624.33,59.14,3.77,15.08
2014-01-13,9510,2762.29,145.05,5612.29,59.01,2.82,15.1
2014-01-14,9510,2748.26,144.98,5598.26,58.87,2.71,16.14
2014-01-15,9510,2734.24,144.91,5584.24,58.72,2.78,16.02
2014-01-16,9510,2720.25,144.84,5570.25,58.57,3.81,16.06
2014-01-17,9510,2708.26,144.78,5558.26,58.45,3.72,15.1
2014-01-18,9510,2696.3,144.72,5546.3,58.32,5.74,14.98
2014-01-19,9510,2686.33,144.67,5536.33,58.22,3.75,15.01
2014-01-20,9510,2674.39,144.61,5524.39,58.09,3.83,14.99
2014-01-21,9510,2662.46,144.55,5512.46,57.96,4.05,15.06
2014-01-22,9510,2650.55,144.49,5500.55,57.84,0.87,15.26
2014-01-23,9510,2630.72,144.39,5480.72,57.63,3.32,20.0
2014-01-24,9510,2612.91,144.3,5462.91,57.44,0.0,20.43
2014-01-25,9510,2589.21,144.18,5439.21,57.19,2.95,20.16
2014-01-26,9510,2571.47,144.09,5421.47,57.01,6.97,20.0
2014-01-27,9510,2557.7,144.02,5407.7,56.86,3.19,20.05
2014-01-28,9510,2540.01,143.93,5390.01,56.68,2.94,20.19
2014-01-29,9510,2522.36,143.84,5372.36,56.49,5.1,19.9
2014-01-30,9510,2506.7,143.76,5356.7,56.33,5.19,20.07
2014-01-31,9510,2491.06,143.68,5341.06,56.16,3.3,20.14
2014-02-01,9510,2473.5,143.59,5323.5,55.98,3.42,20.17
2014-02-02,9510,2455.97,143.5,5305.97,55.79,5.4,20.02
2014-02-03,9510,2440.42,143.42,5290.42,55.63,1.64,20.02
2014-02-04,9510,2421.01,143.32,5271.01,55.43,3.53,20.12
2014-02-05,9510,2403.57,143.23,5253.57,55.24,3.56,20.05
2014-02-06,9510,2386.17,143.14,5236.17,55.06,5.94,20.04
2014-02-07,9510,2370.73,143.06,5220.73,54.9,3.67,20.46
2014-02-08,9510,2353.39,142.97,5203.39,54.71,1.73,20.09
2014-02-09,9510,2334.16,142.87,5184.16,54.51,3.89,20.04
2014-02-10,9510,2316.89,142.78,5166.89,54.33,3.77,20.24
2014-02-11,9510,2299.65,142.69,5149.65,54.15,1.82,20.1
2014-02-12,9510,2280.54,142.59,5130.54,53.95,3.81,20.02
2014-02-13,9510,2263.37,142.5,5113.37,53.77,3.79,20.07
2014-02-14,9510,2246.23,142.41,5096.23,53.59,3.83,20.02
2014-02-15,9510,2229.13,142.32,5079.13,53.41,2.0,20.02
2014-02-16,9510,2210.17,142.22,5060.17,53.21,7.79,20.06
2014-02-17,9510,2196.92,142.15,5046.92,53.07,2.04,20.14
2014-02-18,9510,2178.02,142.05,5028.02,52.87,4.03,20.04
2014-02-19,9510,2161.05,141.96,5011.05,52.69,2.33,20.1
2014-02-20,9510,2142.24,141.86,4992.24,52.49,2.18,20.24
2014-02-21,9510,2123.46,141.76,4973.46,52.3,2.16,20.06
2014-02-22,9510,2104.73,141.66,4954.73,52.1,2.4,20.0
2014-02-23,9510,2086.04,141.56,4936.04,51.9,3.92,20.2
2014-02-24,9510,2069.26,141.47,4919.26,51.73,2.46,19.81
2014-02-25,9510,2050.65,141.37,4900.65,51.53,4.22,20.18
2014-02-26,9510,2033.93,141.28,4883.93,51.36,6.16,20.05
2014-02-27,9510,2019.11,141.2,4869.11,51.2,2.49,20.09
2014-02-28,9510,2000.61,141.1,4850.61,51.01,4.37,20.11
2014-03-01,9510,1984.0,141.01,4834.0,50.83,2.47,20.1
2014-03-02,9510,1967.43,140.92,4817.43,50.66,2.49,18.16
2014-03-03,9510,1950.88,140.83,4800.88,50.48,0.65,18.16
2014-03-04,9510,1932.55,140.73,4782.55,50.29,4.31,18.1
2014-03-05,9510,1917.91,140.65,4767.91,50.14,0.49,18.07
2014-03-06,9510,1901.47,140.56,4751.47,49.96,2.39,16.05
2014-03-07,9510,1886.89,140.48,4736.89,49.81,4.21,16.09
2014-03-08,9510,1874.16,140.41,4724.16,49.68,2.48,16.07
2014-03-09,9510,1859.63,140.33,4709.63,49.52,2.61,15.83
2014-03-10,9510,1845.13,140.25,4695.13,49.37,2.28,16.24
2014-03-11,9510,1832.47,140.18,4682.47,49.24,2.22,14.07
2014-03-12,9510,1819.82,140.11,4669.82,49.1,2.45,14.0
2014-03-13,9510,1807.2,140.04,4657.2,48.97,2.33,14.2
2014-03-14,9510,1794.6,139.97,4644.6,48.84,2.28,14.06
2014-03-15,9510,1782.02,139.9,4632.02,48.71,2.41,14.0
2014-03-16,9510,1769.47,139.83,4619.47,48.57,2.72,14.1
2014-03-17,9510,1755.15,139.75,4605.15,48.42,4.44,16.18
2014-03-18,9510,1742.64,139.68,4592.64,48.29,4.47,16.09
2014-03-19,9510,1730.15,139.61,4580.15,48.16,4.56,16.1
2014-03-20,9510,1717.68,139.54,4567.68,48.03,2.8,16.17
2014-03-21,9510,1703.46,139.46,4553.46,47.88,0.91,16.16
2014-03-22,9510,1687.5,139.37,4537.5,47.71,1.4,16.02
2014-03-23,9510,1671.58,139.28,4521.58,47.55,1.15,16.47
2014-03-24,9510,1655.69,139.19,4505.69,47.38,2.79,16.19
2014-03-25,9510,1641.59,139.11,4491.59,47.23,5.64,16.04
2014-03-26,9510,1629.29,139.04,4479.29,47.1,3.93,17.09
2014-03-27,9510,1615.25,138.96,4465.25,46.95,4.28,17.12
2014-03-28,9510,1601.24,138.88,4451.24,46.81,2.24,17.44
2014-03-29,9510,1585.51,138.79,4435.51,46.64,2.39,17.13
2014-03-30,9510,1569.83,138.7,4419.83,46.48,4.13,17.23
2014-03-31,9510,1555.91,138.62,4405.91,46.33,2.05,17.21
2014-04-01,9510,1542.03,138.54,4392.03,46.18,2.38,15.09
2014-04-02,9510,1528.18,138.46,4378.18,46.04,2.38,15.26
2014-04-03,9510,1514.35,138.38,4364.35,45.89,2.38,15.24
2014-04-04,9510,1500.56,138.3,4350.56,45.75,2.28,15.2
2014-04-05,9510,1486.8,138.22,4336.8,45.6,3.11,15.07
2014-04-06,9510,1474.78,138.15,4324.78,45.48,4.75,14.16
2014-04-07,9510,1464.49,138.09,4314.49,45.37,3.05,14.07
2014-04-08,9510,1452.52,138.02,4302.52,45.24,3.1,14.05
2014-04-09,9510,1440.56,137.95,4290.56,45.12,1.47,14.1
2014-04-10,9510,1426.93,137.87,4276.93,44.97,2.1,14.14
2014-04-11,9510,1413.33,137.79,4263.33,44.83,6.63,14.74
2014-04-12,9510,1404.85,137.74,4254.85,44.74,1.48,14.15
2014-04-13,9510,1391.29,137.66,4241.29,44.6,3.18,14.08
2014-04-14,9510,1379.46,137.59,4229.46,44.47,3.32,14.05
2014-04-15,9510,1367.65,137.52,4217.65,44.35,3.32,14.18
2014-04-16,9510,1355.87,137.45,4205.87,44.23,1.3,14.15
2014-04-17,9510,1344.11,137.38,4194.11,44.1,4.62,12.11
2014-04-18,9510,1335.72,137.33,4185.72,44.01,2.92,12.06
2014-04-19,9510,1325.67,137.27,4175.67,43.91,3.1,12.02
2014-04-20,9510,1315.64,137.21,4165.64,43.8,2.81,12.18
2014-04-21,9510,1307.3,137.16,4157.3,43.72,0.0,10.2
2014-04-22,9510,1295.63,137.09,4145.63,43.59,2.67,10.28
2014-04-23,9510,1287.0,137.0,4137.32,43.5,2.74,10.04
2014-04-24,9510,1279.0,137.0,4129.01,43.42,2.72,10.11
2014-04-25,9510,1271.0,137.0,4120.72,43.33,2.67,10.07
2014-04-26,9510,1262.0,137.0,4112.44,43.24,1.17,10.01
2014-04-27,9510,1253.0,137.0,4102.52,43.14,2.71,10.15
2014-04-28,9510,1244.0,137.0,4094.27,43.05,1.46,10.02
2014-04-29,9510,1233.0,137.0,4082.74,42.93,4.65,12.05
2014-04-30,9510,1221.0,137.0,4071.23,42.81,7.56,15.22
2014-05-01,9510,1210.0,137.0,4059.75,42.69,9.67,18.11
2014-05-02,9510,1198.0,137.0,4048.29,42.57,3.18,20.21
2014-05-03,9510,1180.0,136.0,4030.33,42.38,6.16,20.22
2014-05-04,9510,1166.0,136.0,4015.68,42.23,11.53,19.89
2014-05-05,9510,1156.0,136.0,4005.94,42.12,9.88,20.35
2014-05-06,9510,1148.0,136.0,3997.84,42.04,6.79,17.07
2014-05-07,9510,1137.0,136.0,3986.51,41.92,6.59,17.2
2014-05-08,9510,1125.0,136.0,3975.21,41.8,11.52,16.98
2014-05-09,9510,1119.0,136.0,3968.76,41.73,16.42,17.05
2014-05-10,9510,1117.0,136.0,3967.15,41.72,8.33,17.12
2014-05-11,9510,1108.0,136.0,3957.5,41.61,7.34,17.07
2014-05-12,9510,1098.0,136.0,3947.87,41.51,1.95,16.06
2014-05-13,9510,1082.0,136.0,3931.86,41.34,6.86,17.05
2014-05-14,9510,1071.0,136.0,3920.68,41.23,3.65,17.13
2014-05-15,9510,1056.0,136.0,3906.34,41.08,2.13,17.08
2014-05-16,9510,1040.0,136.0,3890.46,40.91,3.69,17.11
2014-05-17,9510,1026.0,135.0,3876.21,40.76,6.3,17.04
2014-05-18,9510,1010.0,135.0,3860.43,40.59,5.65,21.18
2014-05-19,9510,990.0,135.0,3840.0,40.38,1.21,25.19
2014-05-20,9510,965.0,135.0,3814.96,40.12,4.23,25.35
2014-05-21,9510,943.0,135.0,3793.17,39.89,6.08,25.13
2014-05-22,9510,923.0,135.0,3773.03,39.67,5.84,25.33
2014-05-23,9510,903.0,135.0,3752.98,39.46,5.96,25.0
2014-05-24,9510,883.0,135.0,3733.01,39.25,0.73,25.04
2014-05-25,9510,865.0,134.0,3714.67,39.06,3.65,18.19
2014-05-26,9510,849.0,134.0,3699.44,38.9,3.83,18.0
2014-05-27,9510,834.0,134.0,3684.26,38.74,3.83,18.13
2014-05-28,9510,819.0,134.0,3669.14,38.58,6.83,18.07
2014-05-29,9510,807.0,134.0,3657.09,38.46,3.84,18.01
2014-05-30,9510,792.0,134.0,3642.06,38.3,3.94,17.99
2014-05-31,9510,777.0,134.0,3627.1,38.14,4.11,18.04
2014-06-01,9510,762.0,134.0,3612.19,37.98,8.39,18.16
2014-06-02,9510,752.0,134.0,3601.78,37.87,9.81,18.14
2014-06-03,9510,743.0,134.0,3592.88,37.78,7.02,18.06
2014-06-04,9510,731.0,134.0,3581.05,37.66,4.58,18.21
2014-06-05,9510,715.0,133.0,3564.84,37.49,3.24,20.14
2014-06-06,9510,697.0,133.0,3547.24,37.3,4.82,20.2
2014-06-07,9510,681.0,133.0,3531.17,37.13,6.2,20.25
2014-06-08,9510,667.0,133.0,3516.62,36.98,6.39,20.11
2014-06-09,9510,652.0,133.0,3502.13,36.83,3.52,20.24
2014-06-10,9510,635.0,133.0,3484.82,36.64,5.0,20.19
2014-06-11,9510,619.0,133.0,3469.02,36.48,3.55,20.17
2014-06-12,9510,602.0,133.0,3451.86,36.3,5.08,20.07
2014-06-13,9510,586.0,133.0,3436.21,36.13,7.94,20.1
2014-06-14,9510,573.0,132.0,3423.46,36.0,10.76,20.06
2014-06-15,9510,564.0,132.0,3413.57,35.89,8.17,20.01
2014-06-16,9510,551.0,132.0,3400.9,35.76,13.09,20.21
2014-06-17,9510,545.0,132.0,3395.28,35.7,18.58,18.08
2014-06-18,9510,545.0,132.0,3395.28,35.7,12.44,17.95
2014-06-19,9510,541.0,132.0,3391.08,35.66,1.34,16.02
2014-06-20,9510,526.0,132.0,3375.7,35.5,7.84,16.08
2014-06-21,9510,519.0,132.0,3368.74,35.42,5.05,14.18
2014-06-22,9510,509.0,132.0,3359.01,35.32,10.86,14.15
2014-06-23,9510,505.0,132.0,3354.85,35.28,7.11,14.39
2014-06-24,9510,495.0,132.0,3345.16,35.18,5.63,16.17
2014-06-25,9510,484.0,132.0,3334.13,35.06,4.28,16.04
2014-06-26,9510,472.0,132.0,3321.76,34.93,7.26,16.02
2014-06-27,9510,462.0,132.0,3312.18,34.83,5.8,16.22
2014-06-28,9510,451.0,132.0,3301.26,34.71,5.98,16.1
2014-06-29,9510,440.0,131.0,3290.38,34.6,8.56,16.24
2014-06-30,9510,432.0,131.0,3282.25,34.51,1.12,16.07
2014-07-01,9510,415.0,131.0,3264.7,34.33,10.46,18.05
2014-07-02,9510,407.0,131.0,3256.63,34.24,10.48,18.02
2014-07-03,9510,399.0,131.0,3248.59,34.16,10.68,18.01
2014-07-04,9510,391.0,131.0,3240.57,34.08,9.96,18.19
2014-07-05,9510,380.0,131.0,3229.9,33.96,7.38,20.11
2014-07-06,9510,367.0,131.0,3216.63,33.82,6.21,20.15
2014-07-07,9510,352.0,131.0,3202.11,33.67,7.4,20.23
2014-07-08,9510,339.0,131.0,3188.97,33.53,8.89,20.04
2014-07-09,9510,327.0,131.0,3177.19,33.41,27.2,20.16
2014-07-10,9510,334.0,131.0,3183.73,33.48,23.95,20.16
2014-07-11,9510,339.0,131.0,3188.97,33.53,25.22,18.21
2014-07-12,9510,346.0,131.0,3195.53,33.6,10.65,18.15
2014-07-13,9510,338.0,131.0,3187.65,33.52,15.93,18.03
2014-07-14,9510,335.0,131.0,3185.04,33.49,21.21,18.05
2014-07-15,9510,338.0,131.0,3187.65,33.52,26.44,18.08
2014-07-16,9510,346.0,131.0,3195.53,33.6,26.5,18.07
2014-07-17,9510,353.0,131.0,3203.42,33.68,15.89,18.1
2014-07-18,9510,355.0,131.0,3204.74,33.7,18.46,14.07
2014-07-19,9510,359.0,131.0,3208.7,33.74,21.52,13.99
2014-07-20,9510,365.0,131.0,3215.31,33.81,31.77,14.41
2014-07-21,9510,383.0,131.0,3232.57,33.99,35.93,14.01
2014-07-22,9510,404.0,131.0,3253.95,34.22,30.68,14.04
2014-07-23,9510,420.0,131.0,3270.08,34.39,34.95,14.04
2014-07-24,9510,440.0,131.0,3290.38,34.6,28.12,14.15
2014-07-25,9510,454.0,132.0,3303.99,34.74,26.83,14.0
2014-07-26,9510,466.0,132.0,3316.28,34.87,23.4,14.02
2014-07-27,9510,473.0,132.0,3323.14,34.94,46.88,16.04
2014-07-28,9510,503.0,132.0,3353.46,35.26,49.99,16.04
2014-07-29,9510,537.0,132.0,3386.88,35.61,57.2,16.06
2014-07-30,9510,573.0,132.0,3423.46,36.0,29.65,20.1
2014-07-31,9510,588.0,133.0,3437.63,36.15,28.21,14.95
2014-08-01,9510,603.0,133.0,3453.29,36.31,29.6,12.02
2014-08-02,9510,623.0,133.0,3473.32,36.52,21.04,9.1
2014-08-03,9510,635.0,133.0,3484.82,36.64,23.94,9.07
2014-08-04,9510,649.0,133.0,3499.24,36.8,28.39,9.04
2014-08-05,9510,668.0,133.0,3518.07,36.99,33.38,9.08
2014-08-06,9510,690.0,133.0,3539.92,37.22,36.45,11.06
2014-08-07,9510,715.0,133.0,3564.84,37.49,48.5,11.06
2014-08-08,9510,752.0,134.0,3601.78,37.87,42.81,11.08
2014-08-09,9510,786.0,134.0,3636.07,38.23,32.55,8.04
2014-08-10,9510,810.0,134.0,3660.1,38.49,25.66,8.04
2014-08-11,9510,828.0,134.0,3678.21,38.68,25.69,7.07
2014-08-12,9510,846.0,134.0,3696.4,38.87,22.71,7.01
2014-08-13,9510,862.0,134.0,3711.62,39.03,18.0,7.01
2014-08-14,9510,872.0,134.0,3722.3,39.14,19.72,6.82
2014-08-15,9510,885.0,135.0,3734.55,39.27,32.09,6.99
2014-08-16,9510,909.14,0.0,3759.14,39.53,32.28,0.0
2014-08-17,9510,934.0,135.0,3783.86,39.79,27.35,7.06
2014-08-18,9510,954.0,135.0,3804.05,40.0,30.91,6.66
2014-08-19,9510,977.0,135.0,3827.46,40.25,28.95,7.0
2014-08-20,9510,1001.0,135.0,3850.99,40.49,43.97,4.92
2014-08-21,9510,1040.0,136.0,3890.46,40.91,41.08,3.99
2014-08-22,9510,1077.0,136.0,3927.06,41.29,54.33,3.97
2014-08-23,9510,1127.0,136.0,3976.82,41.82,38.53,4.06
2014-08-24,9510,1161.0,136.0,4010.81,42.17,28.9,4.03
2014-08-25,9510,1185.0,136.0,4035.22,42.43,27.45,3.98
2014-08-26,9510,1208.0,137.0,4058.11,42.67,27.46,4.05
2014-08-27,9510,1231.0,137.0,4081.09,42.91,40.75,3.96
2014-08-28,9510,1267.0,137.0,4117.41,43.3,25.97,3.91
2014-08-29,9510,1289.0,137.0,4138.98,43.52,29.49,3.88
2014-08-30,9510,1313.97,0.0,4163.97,43.79,81.84,0.0
2014-08-31,9510,1391.0,138.0,4241.29,44.6,94.87,3.99
2014-09-01,9510,1482.0,138.0,4331.64,45.55,79.55,3.99
2014-09-02,9510,1558.0,139.0,4407.65,46.35,77.47,2.98
2014-09-03,9510,1633.0,139.0,4482.8,47.14,90.8,1.75
2014-09-04,9510,1723.0,140.0,4573.02,48.09,78.57,0.0
2014-09-05,9510,1800.0,140.0,4650.0,48.9,73.79,1.02
2014-09-06,9510,1872.0,140.0,4722.34,49.66,76.46,0.87
2014-09-07,9510,1947.0,141.0,4797.21,50.44,81.8,0.99
2014-09-08,9510,2027.0,141.0,4876.52,51.28,62.1,1.9
2014-09-09,9510,2086.0,142.0,4936.04,51.9,47.39,1.98
2014-09-10,9510,2131.0,142.0,4980.97,52.38,41.17,1.87
2014-09-11,9510,2169.0,142.0,5018.59,52.77,33.79,2.95
2014-09-12,9510,2199.0,142.0,5048.81,53.09,30.07,2.96
2014-09-13,9510,2225.33,0.0,5075.33,53.37,28.19,0.0
2014-09-14,9510,2250.0,142.0,5100.04,53.63,24.53,2.88
2014-09-15,9510,2271.0,143.0,5121.0,53.85,26.46,2.96
2014-09-16,9510,2294.0,143.0,5143.91,54.09,30.41,2.92
2014-09-17,9510,2321.0,143.0,5170.73,54.37,24.78,2.98
2014-09-18,9510,2342.0,143.0,5191.85,54.59,32.43,3.04
2014-09-19,9510,2371.0,143.0,5220.73,54.9,28.66,2.93
2014-09-20,9510,2396.0,143.0,5245.84,55.16,28.76,2.94
2014-09-21,9510,2421.0,143.0,5271.01,55.43,24.95,2.96
2014-09-22,9510,2442.0,143.0,5292.36,55.65,23.03,2.97
2014-09-23,9510,2462.0,144.0,5311.81,55.85,29.89,2.95
2014-09-24,9510,2487.0,144.0,5337.16,56.12,34.98,3.92
2014-09-25,9510,2518.0,144.0,5368.45,56.45,36.98,3.06
2014-09-26,9510,2552.0,144.0,5401.8,56.8,35.04,3.0
2014-09-27,9510,2583.0,144.0,5433.29,57.13,29.22,2.91
2014-09-28,9510,2609.0,144.0,5458.95,57.4,27.38,2.92
2014-09-29,9510,2633.0,144.0,5482.7,57.65,21.36,3.0
2014-09-30,9510,2651.0,144.0,5500.55,57.84,27.53,2.88
2014-10-01,9510,2674.0,145.0,5524.39,58.09,25.6,3.05
2014-10-02,9510,2696.0,145.0,5546.3,58.32,23.58,3.06
2014-10-03,9510,2716.0,145.0,5566.25,58.53,21.63,3.0
2014-10-04,9510,2734.24,0.0,5584.24,58.72,19.62,0.0
2014-10-05,9510,2750.0,145.0,5600.26,58.89,17.69,2.97
2014-10-06,9510,2764.0,145.0,5614.3,59.04,17.66,3.02
2014-10-07,9510,2778.0,145.0,5628.35,59.18,17.68,2.97
2014-10-08,9510,2792.0,145.0,5642.42,59.33,13.7,2.97
2014-10-09,9510,2802.0,145.0,5652.49,59.44,15.74,3.0
2014-10-10,9510,2815.0,145.0,5664.58,59.56,13.74,3.02
2014-10-11,9510,2825.0,145.0,5674.66,59.67,13.67,3.02
2014-10-12,9510,2835.0,145.0,5684.75,59.78,19.8,2.93
2014-10-13,9510,2851.0,145.0,5700.92,59.95,13.84,2.99
2014-10-14,9510,2861.0,146.0,5711.04,60.05,13.79,3.09
2014-10-15,9510,2871.0,146.0,5721.17,60.16,11.74,3.03
2014-10-16,9510,2879.0,146.0,5729.28,60.24,9.69,2.99
2014-10-17,9510,2885.0,146.0,5735.36,60.31,10.71,2.96
2014-10-18,9510,2891.0,146.0,5741.45,60.37,9.73,3.98
2014-10-19,9510,2898.0,146.0,5747.54,60.44,9.75,2.99
2014-10-20,9510,2904.0,146.0,5753.64,60.5,9.75,3.01
2014-10-21,9510,2910.0,146.0,5759.74,60.57,9.75,3.01
2014-10-22,9510,2916.0,146.0,5765.84,60.63,9.69,3.01
2014-10-23,9510,2922.0,146.0,5771.94,60.69,11.77,2.94
2014-10-24,9510,2930.0,146.0,5780.09,60.78,13.89,2.98
2014-10-25,9510,2940.0,146.0,5790.28,60.89,15.91,3.05
2014-10-26,9510,2953.0,146.0,5802.52,61.01,11.78,3.02
2014-10-27,9510,2961.0,146.0,5810.69,61.1,11.86,2.96
2014-10-28,9510,2969.0,146.0,5818.86,61.19,9.79,3.03
2014-10-29,9510,2975.0,146.0,5825.0,61.25,7.72,3.01
2014-10-30,9510,2979.0,146.0,5829.09,61.29,9.75,2.98
2014-10-31,9510,2985.0,146.0,5835.23,61.36,9.78,2.96
2014-11-01,9510,2991.0,146.0,5841.37,61.42,9.9,2.99
2014-11-02,9510,2998.0,146.0,5847.52,61.49,7.78,3.07
2014-11-03,9510,3002.0,146.0,5851.62,61.53,7.71,3.0
2014-11-04,9510,3006.0,146.0,5855.72,61.57,7.81,2.93
2014-11-05,9510,3010.0,146.0,5859.82,61.62,11.89,3.02
2014-11-06,9510,3018.0,146.0,5868.03,61.7,11.85,3.0
2014-11-07,9510,3026.0,146.0,5876.25,61.79,15.96,2.95
2014-11-08,9510,3039.0,146.0,5888.58,61.92,22.19,2.94
2014-11-09,9510,3057.0,147.0,5907.11,62.11,16.04,2.97
2014-11-10,9510,3069.0,147.0,5919.48,62.24,12.2,2.98
2014-11-11,9510,3078.0,147.0,5927.73,62.33,10.28,3.25
2014-11-12,9510,3084.0,147.0,5933.92,62.4,9.92,3.39
2014-11-13,9510,3090.0,147.0,5940.12,62.46,9.89,3.03
2014-11-14,9510,3096.0,147.0,5946.32,62.53,7.83,3.0
2014-11-15,9510,3100.0,147.0,5950.45,62.57,7.81,3.01
2014-11-16,9510,3105.0,147.0,5954.59,62.61,7.82,2.98
2014-11-17,9510,3109.0,147.0,5958.72,62.66,7.84,2.99
2014-11-18,9510,3113.0,147.0,5962.86,62.7,5.76,3.01
2014-11-19,9510,3115.0,147.0,5964.93,62.72,5.79,3.0
2014-11-20,9510,3117.0,147.0,5967.0,62.74,5.77,3.03
2014-11-21,9510,3119.0,147.0,5969.07,62.77,5.77,3.0
2014-11-22,9510,3121.0,147.0,5971.15,62.79,7.87,3.0
2014-11-23,9510,3125.0,147.0,5975.29,62.83,5.79,3.03
2014-11-24,9510,3127.0,147.0,5977.36,62.85,6.26,3.02
2014-11-25,9510,3129.0,147.0,5979.43,62.88,5.78,3.5
2014-11-26,9510,3132.0,147.0,5981.51,62.9,5.79,3.01
2014-11-27,9510,3134.0,147.0,5983.58,62.92,5.76,3.02
2014-11-28,9510,3136.0,147.0,5985.65,62.94,7.85,2.99
2014-11-29,9510,3140.0,147.0,5989.8,62.98,5.87,3.01
2014-11-30,9510,3142.0,147.0,5991.88,63.01,3.72,3.1
2014-12-01,9510,3142.0,147.0,5991.88,63.01,5.72,3.02
2014-12-02,9510,3142.0,147.0,5991.88,63.01,3.62,5.06
2014-12-03,9510,3140.0,147.0,5989.8,62.98,5.65,5.02
2014-12-04,9510,3140.0,147.0,5989.8,62.98,6.67,4.98
2014-12-05,9510,3140.0,147.0,5989.8,62.98,4.62,6.0
2014-12-06,9510,3138.0,147.0,5987.73,62.96,6.66,6.03
2014-12-07,9510,3138.0,147.0,5987.73,62.96,4.55,5.99
2014-12-08,9510,3136.0,147.0,5985.65,62.94,4.56,5.96
2014-12-09,9510,3134.0,147.0,5983.58,62.92,4.54,5.97
2014-12-10,9510,3132.0,147.0,5981.51,62.9,4.6,5.95
2014-12-11,9510,3129.0,147.0,5979.43,62.88,4.54,6.01
2014-12-12,9510,3127.0,147.0,5977.36,62.85,4.6,5.95
2014-12-13,9510,3125.0,147.0,5975.29,62.83,2.5,6.01
2014-12-14,9510,3121.0,147.0,5971.15,62.79,2.51,5.98
2014-12-15,9510,3117.0,147.0,5967.0,62.74,4.58,5.99
2014-12-16,9510,3115.0,147.0,5964.93,62.72,6.54,5.98
2014-12-17,9510,3115.0,147.0,5964.93,62.72,0.46,5.87
2014-12-18,9510,3109.0,147.0,5958.72,62.66,2.42,6.0
2014-12-19,9510,3105.0,147.0,5954.59,62.61,2.53,5.89
2014-12-20,9510,3100.45,0.0,5950.45,62.57,4.61,0.0
2014-12-21,9510,3098.38,0.0,5948.38,62.55,4.59,0.0
2014-12-22,9510,3096.0,147.0,5946.32,62.53,1.45,6.0
2014-12-23,9510,3090.0,147.0,5940.12,62.46,1.43,6.99
2014-12-24,9510,3084.0,147.0,5933.92,62.4,3.53,6.96
2014-12-25,9510,3080.0,147.0,5929.79,62.35,6.35,7.0
2014-12-26,9510,3078.0,147.0,5927.73,62.33,4.47,7.75
2014-12-27,9510,3074.0,147.0,5923.6,62.29,4.41,7.93
2014-12-28,9510,3069.0,147.0,5919.48,62.24,4.53,7.87
2014-12-29,9510,3065.0,147.0,5915.35,62.2,2.42,8.0
2014-12-30,9510,3059.0,147.0,5909.17,62.14,2.47,7.94
2014-12-31,9510,3053.0,146.0,5902.99,62.07,4.54,7.99
2015-01-01,9510,3049.0,146.0,5899.0,62.03,4.54,8.0
2015-01-02,9510,3043.0,146.0,5893.0,61.97,2.55,7.99
2015-01-03,9510,3037.0,146.0,5887.0,61.9,2.55,7.99
2015-01-04,9510,3030.0,146.0,5880.0,61.83,2.46,7.9
2015-01-05,9510,3026.0,146.0,5876.0,61.79,4.64,8.03
2015-01-06,9510,3022.0,146.0,5872.0,61.75,4.59,7.97
2015-01-07,9510,3018.0,146.0,5868.0,61.7,4.62,8.0
2015-01-08,9510,3014.0,146.0,5864.0,61.66,4.62,8.0
2015-01-09,9510,3008.0,146.0,5858.0,61.6,2.59,8.02
2015-01-10,9510,3002.0,146.0,5852.0,61.54,3.63,9.06
2015-01-11,9510,3002.0,146.0,5852.0,61.54,9.79,9.07
2015-01-12,9510,3000.0,146.0,5850.0,61.51,7.67,9.0
2015-01-13,9510,3000.0,146.0,5850.0,61.51,9.74,9.01
2015-01-14,9510,2995.0,146.0,5845.0,61.46,5.63,9.0
2015-01-15,9510,2989.0,146.0,5839.0,61.4,3.61,9.03
2015-01-16,9510,2983.0,146.0,5833.0,61.34,3.63,9.05
2015-01-17,9510,2979.0,146.0,5829.0,61.29,5.67,9.04
2015-01-18,9510,2973.0,146.0,5823.0,61.23,3.62,9.03
2015-01-19,9510,2967.0,146.0,5817.0,61.17,3.61,9.02
2015-01-20,9510,2961.0,146.0,5811.0,61.1,3.63,9.04
2015-01-21,9510,2955.0,146.0,5805.0,61.04,3.63,9.03
2015-01-22,9510,2950.0,146.0,5800.0,60.99,5.67,9.03
2015-01-23,9510,2946.0,146.0,5796.0,60.95,5.66,9.02
2015-01-24,9510,2938.0,146.0,5788.0,60.86,1.58,9.02
2015-01-25,9510,2932.0,146.0,5782.0,60.8,3.61,9.0
2015-01-26,9510,2926.0,146.0,5776.0,60.74,3.66,9.05
2015-01-27,9510,2920.0,146.0,5770.0,60.67,3.66,9.05
2015-01-28,9510,2914.0,146.0,5764.0,60.61,3.65,9.04
2015-01-29,9510,2908.0,146.0,5758.0,60.55,3.62,9.0
2015-01-30,9510,2900.0,146.0,5750.0,60.46,2.66,10.07
2015-01-31,9510,2893.0,146.0,5743.0,60.39,4.63,10.01
2015-02-01,9510,2885.0,146.0,5735.0,60.3,2.65,10.05
2015-02-02,9510,2877.0,146.0,5727.0,60.22,2.88,10.02
2015-02-03,9510,2871.0,146.0,5721.0,60.16,4.91,10.02
2015-02-04,9510,2863.0,146.0,5713.0,60.07,2.87,10.0
2015-02-05,9510,2857.0,146.0,5707.0,60.01,4.97,10.07
2015-02-06,9510,2849.0,145.0,5699.0,59.93,2.88,10.0
2015-02-07,9510,2841.0,145.0,5691.0,59.84,2.89,10.01
2015-02-08,9510,2833.0,145.0,5683.0,59.76,2.83,9.94
2015-02-09,9510,2825.0,145.0,5675.0,59.67,3.0,10.11
2015-02-10,9510,2817.0,145.0,5667.0,59.59,2.91,10.01
2015-02-11,9510,2809.0,145.0,5659.0,59.51,2.91,10.01
2015-02-12,9510,2800.0,145.0,5650.0,59.41,2.95,10.04
2015-02-13,9510,2792.0,145.0,5642.0,59.33,3.98,11.07
2015-02-14,9510,2784.0,145.0,5634.0,59.24,3.96,11.04
2015-02-15,9510,2776.0,145.0,5626.0,59.16,3.93,11.0
2015-02-16,9510,2766.0,145.0,5616.0,59.05,1.95,11.03
2015-02-17,9510,2758.0,145.0,5608.0,58.97,3.99,11.05
2015-02-18,9510,2750.0,145.0,5600.0,58.89,4.14,11.2
2015-02-19,9510,2742.0,145.0,5592.0,58.8,4.0,11.05
2015-02-20,9510,2732.0,145.0,5582.0,58.7,2.02,11.07
2015-02-21,9510,2724.0,145.0,5574.0,58.61,4.06,11.1
2015-02-22,9510,2716.0,145.0,5566.0,58.53,3.97,11.01
2015-02-23,9510,2708.0,145.0,5558.0,58.44,4.01,11.04
2015-02-24,9510,2698.0,145.0,5548.0,58.34,1.99,11.01
2015-02-25,9510,2690.0,145.0,5540.0,58.25,4.01,11.03
2015-02-26,9510,2682.0,145.0,5532.0,58.17,4.03,11.05
2015-02-27,9510,2674.0,145.0,5524.0,58.09,3.98,10.99
2015-02-28,9510,2664.0,145.0,5514.0,57.98,2.03,11.02
2015-03-01,9510,2655.0,145.0,5505.0,57.89,2.02,11.01
2015-03-02,9510,2645.0,144.0,5495.0,57.78,2.06,11.03
2015-03-03,9510,2637.0,144.0,5487.0,57.7,4.04,11.01
2015-03-04,9510,2631.0,144.0,5481.0,57.63,6.11,11.1
2015-03-05,9510,2621.0,144.0,5471.0,57.53,2.1,11.05
2015-03-06,9510,2613.0,144.0,5463.0,57.44,4.06,11.02
2015-03-07,9510,2603.0,114.0,5453.0,57.34,2.12,11.05
2015-03-08,9510,2593.0,144.0,5443.0,57.23,2.11,11.03
2015-03-09,9510,2585.0,144.0,5435.0,57.15,4.07,11.02
2015-03-10,9510,2575.0,144.0,5425.0,57.05,2.12,11.03
2015-03-11,9510,2568.0,144.0,5418.0,56.97,4.1,11.03
2015-03-12,9510,2558.0,144.0,5408.0,56.87,2.19,11.08
2015-03-13,9510,2550.0,144.0,5400.0,56.78,4.21,11.12
2015-03-14,9510,2540.0,144.0,5390.0,56.68,2.1,10.98
2015-03-16,9510,2520.0,144.0,5370.0,56.47,2.25,11.11
2015-03-17,9510,2509.0,144.0,5359.0,56.35,0.29,11.1
2015-03-18,9510,2499.0,144.0,5349.0,56.25,2.16,11.0
2015-03-19,9510,2489.0,144.0,5339.0,56.14,2.22,11.05
2015-03-20,9510,2479.0,144.0,5329.0,56.04,2.23,11.05
2015-03-22,9510,2462.0,144.0,5312.0,55.86,2.23,11.04
2015-03-23,9510,2450.0,143.0,5300.0,55.73,0.28,11.02
2015-03-24,9510,2438.0,143.0,5288.0,55.6,0.28,11.01
2015-03-25,9510,2431.0,143.0,5281.0,55.53,4.22,11.05
2015-03-26,9510,2421.0,143.0,5271.0,55.43,2.29,11.06
2015-03-27,9510,2413.0,143.0,5263.0,55.34,4.29,11.12
2015-03-28,9510,2406.0,143.0,5256.0,55.27,4.21,11.02
2015-03-29,9510,2394.0,143.0,5244.0,55.14,3.37,14.05
2015-03-30,9510,2384.0,143.0,5234.0,55.04,5.36,14.09
2015-03-31,9510,2375.0,143.0,5225.0,54.94,5.27,14.0
2015-04-01,9510,2363.0,143.0,5213.0,54.82,3.55,14.19
2015-04-02,9510,2351.0,143.0,5201.0,54.69,3.54,14.02
2015-04-03,9510,2340.0,143.0,5190.0,54.57,3.41,13.87
2015-04-04,9510,2328.0,143.0,5178.0,54.45,3.58,14.03
2015-04-05,9510,2315.0,143.0,5165.0,54.31,1.74,14.1
2015-04-06,9510,2303.0,143.0,5153.0,54.19,3.62,14.05
2015-04-07,9510,2290.0,143.0,5140.0,54.05,1.68,14.0
2015-04-08,9510,2275.0,143.0,5125.0,53.89,4.82,19.04
2015-04-09,9510,2258.0,142.0,5108.0,53.71,0.0,14.05
2015-04-10,9510,2244.0,142.0,5094.0,53.56,1.76,14.02
2015-04-11,9510,2233.0,42.0,5083.0,53.45,3.7,14.04
2015-04-12,9510,2223.0,142.0,5073.0,53.34,5.74,14.17
2015-04-14,9510,2201.0,142.0,5051.0,53.11,5.6,14.01
2015-04-15,9510,2189.0,142.0,5039.0,52.99,3.74,14.03
2015-04-16,9510,2180.0,142.0,5030.0,52.89,5.73,14.12
2015-04-17,9510,2169.0,142.0,5019.0,52.78,5.98,16.25
2015-04-18,9510,2157.0,142.0,5007.0,52.65,5.8,16.05
2015-04-19,9510,2144.0,142.0,4994.0,52.51,3.93,16.05
2015-04-20,9510,2131.0,142.0,4981.0,52.38,4.3,16.4
2015-04-21,9510,2118.0,142.0,4968.0,52.24,3.92,16.0
2015-04-22,9510,2103.0,142.0,4953.0,52.08,2.11,16.04
2015-04-23,9510,2088.0,142.0,4938.0,51.92,2.23,16.14
2015-04-24,9510,2067.0,141.0,4917.0,51.7,0.67,20.14
2015-04-27,9510,2002.0,141.0,4852.0,51.02,0.07,23.09
2015-04-28,9510,1982.0,141.0,4832.0,50.81,3.85,23.12
2015-04-29,9510,1962.0,141.0,4812.0,50.6,3.94,23.17
2015-04-30,9510,1944.0,141.0,4794.0,50.41,5.81,23.15
2015-05-01,9510,1925.0,141.0,4775.0,50.21,5.87,23.17
2015-05-02,9510,1909.0,141.0,4759.0,50.04,8.56,24.0
2015-05-03,9510,1887.0,140.0,4737.0,49.81,3.26,24.13
2015-05-04,9510,1863.0,140.0,4713.0,49.56,5.47,28.1
2015-05-05,9510,1836.0,140.0,4686.0,49.27,2.07,28.24
2015-05-06,9510,1809.0,140.0,4659.0,48.99,2.01,28.09
2015-05-07,9510,1784.0,140.0,4634.0,48.73,3.85,28.04
2015-05-08,9510,1759.0,140.0,4609.0,48.46,4.16,28.26
2015-05-09,9510,1734.0,140.0,4584.0,48.2,4.04,28.06
2015-05-10,9510,1716.0,140.0,4566.0,48.01,11.3,28.12
2015-05-12,9510,1663.0,139.0,4513.0,47.46,1.44,30.53
2015-05-13,9510,1635.0,139.0,4485.0,47.16,3.69,30.9
2015-05-14,9510,1612.0,139.0,4462.0,46.92,9.32,31.16
2015-05-15,9510,1579.0,139.0,4429.0,46.57,0.9,33.13
2015-05-16,9510,1551.0,139.0,4401.0,46.28,6.26,33.13
2015-05-17,9510,1521.0,138.0,4371.0,45.96,4.56,33.04
2015-05-18,9510,1487.0,138.0,4337.0,45.6,0.0,33.06
2015-05-19,9510,1454.0,138.0,4304.0,45.26,1.57,33.18
2015-05-20,9510,1422.0,138.0,4272.0,44.92,1.69,33.14
2015-05-21,9510,1390.0,138.0,4240.0,44.58,1.76,33.04
2015-05-22,9510,1361.0,137.0,4211.0,44.28,5.48,33.22
2015-05-23,9510,1331.0,137.0,4181.0,43.96,3.81,33.09
2015-05-24,9510,1299.0,137.0,4149.0,43.63,2.34,33.14
2015-05-25,9510,1272.0,137.0,4122.0,43.34,4.87,30.52
2015-05-26,9510,1241.0,137.0,4091.0,43.02,2.65,33.12
2015-05-27,9510,1211.0,137.0,4061.0,42.7,4.34,33.0
2015-05-28,9510,1180.0,136.0,4030.0,42.38,2.9,33.03
2015-05-29,9510,1151.0,136.0,4001.0,42.07,4.66,33.0
2015-05-30,9510,1124.0,136.0,3974.0,41.79,6.48,33.04
2015-05-31,9510,1095.0,136.0,3945.0,41.48,5.1,33.13
2015-06-01,9510,1066.0,136.0,3916.0,41.18,5.28,33.14
2015-06-02,9510,1037.0,136.0,3887.0,40.87,5.23,33.15
2015-06-03,9510,1006.0,135.0,3856.0,40.55,2.14,33.05
2015-06-04,9510,974.0,135.0,3824.0,40.21,1.63,32.34
2015-06-05,9510,946.0,135.0,3796.0,39.92,5.6,32.99
2015-06-06,9510,917.0,135.0,3767.0,39.61,4.39,33.15
2015-06-07,9510,889.0,135.0,3739.0,39.32,6.07,33.11
2015-06-08,9510,859.0,134.0,3709.0,39.0,3.14,33.05
2015-06-09,9510,831.0,134.0,3681.0,38.71,3.54,30.21
2015-06-10,9510,809.0,134.0,3659.0,38.48,8.1,30.09
2015-06-11,9510,794.0,134.0,3644.0,38.32,7.71,22.08
2015-06-12,9510,779.0,134.0,3629.0,38.16,7.89,22.21
2015-06-13,9510,764.0,134.0,3614.0,38.0,7.85,22.08
2015-06-14,9510,747.0,134.0,3597.0,37.82,6.41,22.1
2015-06-15,9510,731.0,134.0,3581.0,37.66,6.56,22.19
2015-06-16,9510,712.0,133.0,3562.0,37.46,3.52,22.03
2015-06-17,9510,697.0,133.0,3547.0,37.3,8.05,22.07
2015-06-18,9510,684.0,133.0,3534.0,37.16,9.61,22.12
2015-06-19,9510,668.0,133.0,3518.0,36.99,6.69,22.06
2015-06-20,9510,654.0,133.0,3504.0,36.85,6.81,20.66
2015-06-21,9510,635.0,133.0,3485.0,36.65,3.97,22.09
2015-06-22,9510,615.0,133.0,3465.0,36.44,2.78,22.23
2015-06-23,9510,596.0,133.0,3446.0,36.24,4.11,22.04
2015-06-24,9510,581.0,132.0,3431.0,36.08,6.09,21.08
2015-06-25,9510,559.0,132.0,3409.0,35.85,0.0,20.09
2015-06-26,9510,543.0,132.0,3393.0,35.68,4.21,19.03
2015-06-27,9510,528.0,132.0,3378.0,35.52,3.36,18.12
2015-06-28,9510,515.0,132.0,3365.0,35.38,3.86,17.16
2015-06-29,9510,499.0,132.0,3349.0,35.22,2.44,17.07
2015-06-30,9510,486.0,132.0,3336.0,35.08,3.82,17.0
2015-07-01,9510,472.0,132.0,3322.0,34.93,3.95,17.07
2015-07-02,9510,458.0,132.0,3308.0,34.78,3.98,17.16
2015-07-03,9510,443.0,131.0,3293.0,34.63,2.73,17.2
2015-07-04,9510,428.0,131.0,3278.0,34.47,2.8,17.2
2015-07-06,9510,399.0,131.0,3249.0,34.16,2.92,17.17
2015-07-07,9510,384.0,131.0,3234.0,34.01,2.92,17.11
2015-07-08,9510,369.0,131.0,3219.0,33.85,3.45,17.56
2015-07-09,9510,359.0,131.0,3209.0,33.74,6.99,17.07
2015-07-10,9510,349.0,131.0,3199.0,33.64,8.38,17.1
2015-07-11,9510,349.0,131.0,3199.0,33.64,17.65,17.15
2015-07-12,9510,340.0,131.0,3190.0,33.54,8.41,17.1
2015-07-13,9510,330.0,131.0,3180.0,33.44,7.3,17.27
2015-07-14,9510,318.0,131.0,3168.0,33.31,5.79,17.03
2015-07-15,9510,309.0,130.0,3159.0,33.22,8.47,17.06
2015-07-16,9510,299.0,130.0,3149.0,33.11,7.19,17.04
2015-07-18,9510,281.0,130.0,3131.0,32.92,6.55,15.05
2015-07-21,9510,261.0,130.0,3111.0,32.71,8.75,12.08
2015-07-22,9510,268.0,130.0,3118.0,32.79,17.93,11.06
2015-07-24,9510,284.0,130.0,3134.0,32.95,19.25,11.06
2015-07-25,9510,292.0,130.0,3142.0,33.04,19.34,11.12
2015-07-26,9510,293.0,130.0,3143.0,33.05,12.81,11.02
2015-07-27,9510,300.0,130.0,3150.0,33.12,18.02,11.07
2015-07-28,9510,310.0,130.0,3160.0,33.23,21.91,11.05
2015-07-29,9510,326.0,131.0,3176.0,33.4,27.16,11.04
2015-07-30,9510,338.0,31.0,3188.0,33.52,23.39,11.11
2015-07-31,9510,348.0,131.0,3198.0,33.63,22.16,11.16
2015-08-01,9510,360.0,131.0,3210.0,33.75,23.46,11.09
2015-08-02,9510,369.0,131.0,3219.0,33.85,20.81,11.09
2015-08-03,9510,387.0,131.0,3237.0,34.04,28.8,11.06
2015-08-04,9510,401.0,131.0,3251.0,34.19,26.24,11.08
2015-08-05,9510,447.0,132.0,3297.0,34.67,57.4,11.03
2015-08-06,9510,499.0,132.0,3349.0,35.22,63.62,11.02
2015-08-07,9510,534.0,132.0,3384.0,35.58,46.32,11.09
2015-08-08,9510,561.0,132.0,3411.0,35.87,38.15,11.01
2015-08-09,9510,583.0,132.0,3433.0,36.1,34.3,11.21
2015-08-10,9510,598.0,133.0,3448.0,36.26,25.68,10.99
2015-08-11,9510,610.0,133.0,3460.0,36.38,24.36,11.04
2015-08-12,9510,620.0,133.0,3470.0,36.49,21.75,11.26
2015-08-13,9510,639.0,133.0,3489.0,36.69,30.22,11.06
2015-08-14,9510,652.0,133.0,3502.0,36.82,24.56,11.09
2015-08-15,9510,686.0,133.0,3536.0,37.18,44.99,11.1
2015-08-17,9510,737.0,134.0,3587.0,37.72,37.03,10.02
2015-08-18,9510,782.0,134.0,3632.0,38.19,55.09,9.99
2015-08-19,9510,825.0,134.0,3675.0,38.64,54.14,10.05
2015-08-20,9510,854.0,134.0,3704.0,38.95,39.35,10.04
2015-08-21,9510,874.0,134.0,3724.0,39.16,29.4,9.09
2015-08-22,9510,891.0,135.0,3741.0,39.34,26.32,8.98
2015-08-23,9510,906.0,135.0,3756.0,39.5,24.98,9.12
2015-08-24,9510,918.0,135.0,3768.0,39.62,21.9,9.07
2015-08-25,9510,934.0,135.0,3784.0,39.79,25.08,9.11
2015-08-26,9510,946.0,135.0,3796.0,39.92,21.82,8.92
2015-08-27,9510,954.0,135.0,3804.0,40.0,17.3,9.03
2015-08-28,9510,959.0,135.0,3809.0,40.05,14.16,8.99
2015-08-30,9510,967.0,135.0,3817.0,40.14,12.62,9.0
2015-08-31,9510,970.0,135.0,3820.0,40.17,13.1,9.48
2015-09-01,9510,974.0,135.0,3824.0,40.21,14.26,9.07
2015-09-02,9510,981.0,135.0,3831.0,40.28,15.77,9.0
2015-09-03,9510,990.0,135.0,3840.0,40.38,18.93,9.01
2015-09-04,9510,1004.0,135.0,3854.0,40.53,23.67,9.01
2015-09-05,9510,1031.0,135.0,3881.0,40.81,36.36,9.02
2015-09-06,9510,1079.0,136.0,3929.0,41.31,57.24,9.01
2015-09-07,9510,1119.0,136.0,3969.0,41.74,49.61,8.98
2015-09-09,9510,1179.0,136.0,4029.0,42.37,33.91,8.99
2015-09-10,9510,1200.0,137.0,4050.0,42.59,30.8,9.05
2015-09-11,9510,1218.0,137.0,4068.0,42.78,27.56,9.0
2015-09-12,9510,1236.0,137.0,4086.0,42.97,27.63,9.01
2015-09-14,9510,1264.0,137.0,4114.0,43.26,21.77,8.01
2015-09-16,9510,1301.0,137.0,4151.0,43.65,23.86,5.02
2015-09-17,9510,1314.0,137.0,4164.0,43.79,18.94,5.05
2015-09-18,9510,1324.0,137.0,4174.0,43.89,15.62,5.04
2015-09-19,9510,1341.0,137.0,4191.0,44.07,21.8,4.5
2015-09-20,9510,1363.0,137.0,4213.0,44.3,26.38,3.98
2015-09-21,9510,1385.0,138.0,4235.0,44.53,26.56,4.08
2015-09-22,9510,1400.0,138.0,4250.0,44.69,19.78,4.0
2015-09-23,9510,1412.0,138.0,4262.0,44.82,16.43,4.0
2015-09-24,9510,1422.0,138.0,4272.0,44.92,14.24,3.49
2015-09-25,9510,1461.0,138.0,4311.0,45.33,43.31,3.52
2015-09-26,9510,1492.0,138.0,4342.0,45.66,34.95,3.51
2015-09-27,9510,1513.0,138.0,4363.0,45.88,25.73,4.5
2015-09-28,9510,1528.0,138.0,4378.0,46.04,20.58,4.47
2015-09-29,9510,1549.0,139.0,4399.0,46.26,25.87,4.52
2015-09-30,9510,1568.0,139.0,4418.0,46.46,24.15,4.47
2015-10-01,9510,1579.0,139.0,4429.0,46.57,15.53,4.52
2015-10-02,9510,1603.0,139.0,4453.0,46.82,29.52,4.51
2015-10-03,9510,1622.0,139.0,4472.0,47.02,24.33,4.5
2015-10-04,9510,1643.0,139.0,4493.0,47.25,26.16,4.51
2015-10-05,9510,1663.0,139.0,4513.0,47.46,24.49,4.54
2015-10-06,9510,1680.0,139.0,4530.0,47.63,22.71,4.48
2015-10-07,9510,1696.0,139.0,4546.0,47.8,20.75,4.24
2015-10-08,9510,1709.0,139.0,4559.0,47.94,17.51,4.52
2015-10-09,9510,1721.0,140.0,4571.0,48.07,16.51,3.5
2015-10-10,9510,1737.0,140.0,4587.0,48.23,20.08,3.48
2015-10-11,9510,1757.0,140.0,4607.0,48.44,23.72,3.5
2015-10-12,9510,1786.0,140.0,4636.0,48.75,32.76,3.51
2015-10-13,9510,1829.0,140.0,4679.0,49.2,46.83,3.03
2015-10-14,9510,1861.0,140.0,4711.0,49.54,36.16,2.99
2015-10-15,9510,1887.0,140.0,4737.0,49.81,29.08,3.06
2015-10-16,9510,1907.0,141.0,4757.0,50.02,23.58,2.95
2015-10-17,9510,1923.0,141.0,4773.0,50.19,20.04,3.01
2015-10-18,9510,1940.0,141.0,4790.0,50.37,20.1,3.04
2015-10-19,9510,1956.0,141.0,4806.0,50.54,20.09,3.0
2015-10-20,9510,1971.0,141.0,4821.0,50.69,18.26,2.96
2015-10-21,9510,1984.0,141.0,4834.0,50.83,16.99,3.51
2015-10-22,9510,1999.0,141.0,4849.0,50.99,18.82,3.47
2015-10-24,9510,2017.0,141.0,4867.0,51.18,13.28,3.44
2015-10-25,9510,2025.0,141.0,4875.0,51.26,13.0,5.0
2015-10-26,9510,2030.0,141.0,4880.0,51.31,11.19,5.04
2015-10-27,9510,2036.0,141.0,4886.0,51.38,11.22,5.06
2015-10-28,9510,2041.0,141.0,4891.0,51.43,11.1,4.95
2015-10-29,9510,2045.0,141.0,4895.0,51.47,9.23,4.93
2015-10-30,9510,2051.0,141.0,4901.0,51.54,11.16,5.0
2015-10-31,9510,2053.0,141.0,4903.0,51.56,7.47,5.02
2015-11-01,9510,2056.0,141.0,4906.0,51.59,9.31,5.0
2015-11-02,9510,2058.0,141.0,4908.0,51.61,9.45,6.97
2015-11-03,9510,2058.0,141.0,4908.0,51.61,7.58,6.96
2015-11-04,9510,2058.0,141.0,4908.0,51.61,8.58,7.96
2015-11-05,9510,2058.0,141.0,4908.0,51.61,8.56,7.94
2015-11-06,9510,2056.0,141.0,4906.0,51.59,7.24,8.48
2015-11-07,9510,2054.0,141.0,4904.0,51.57,7.17,8.41
2015-11-08,9510,2054.0,141.0,4904.0,51.57,9.15,8.53
2015-11-09,9510,2053.0,141.0,4903.0,51.56,7.23,8.47
2015-11-10,9510,2053.0,141.0,4903.0,51.56,9.11,8.49
2015-11-11,9510,2051.0,141.0,4901.0,51.54,7.3,8.54
2015-11-12,9510,2049.0,141.0,4899.0,51.51,7.26,8.5
2015-11-13,9510,2049.0,141.0,4899.0,51.51,9.03,8.41
2015-11-14,9510,2047.0,141.0,4897.0,51.49,7.17,8.41
2015-11-15,9510,2047.0,141.0,4897.0,51.49,9.08,8.46
2015-11-16,9510,2049.0,141.0,4899.0,51.51,11.0,8.52
2015-11-17,9510,2049.0,141.0,4899.0,51.51,8.94,8.32
2015-11-18,9510,2045.0,141.0,4895.0,51.47,5.4,8.5
2015-11-19,9510,2043.0,141.0,4893.0,51.45,7.25,8.49
2015-11-20,9510,2041.0,141.0,4891.0,51.43,7.3,8.54
2015-11-21,9510,2040.0,141.0,4890.0,51.42,7.24,8.48
2015-11-22,9510,2036.0,141.0,4886.0,51.38,5.41,8.5
2015-11-23,9510,2034.0,141.0,4884.0,51.36,7.26,8.5
2015-11-24,9510,2032.0,141.0,4882.0,51.34,7.3,8.54
2015-11-25,9510,2027.0,141.0,4877.0,51.28,3.5,8.45
2015-11-26,9510,2025.0,141.0,4875.0,51.26,7.31,8.54
2015-11-27,9510,2019.0,141.0,4869.0,51.2,3.59,8.53
2015-11-28,9510,2015.0,141.0,4865.0,51.16,5.43,8.52
2015-11-29,9510,2010.0,141.0,4860.0,51.1,3.56,8.49
2015-11-30,9510,2008.0,141.0,4858.0,51.08,7.29,8.52
2015-12-01,9510,2002.0,141.0,4852.0,51.02,3.58,8.51
2015-12-02,9510,1999.0,141.0,4849.0,50.99,5.43,8.54
2015-12-03,9510,1995.0,141.0,4845.0,50.95,5.43,8.53
2015-12-04,9510,1990.0,141.0,4840.0,50.89,3.72,8.67
2015-12-05,9510,1988.0,141.0,4838.0,50.87,7.25,8.51
2015-12-06,9510,1986.0,141.0,4836.0,50.85,7.27,8.53
2015-12-07,9510,1990.0,141.0,4840.0,50.89,12.81,8.54
2015-12-08,9510,1991.0,141.0,4841.0,50.9,10.98,8.55
2015-12-09,9510,1990.0,141.0,4840.0,50.89,7.27,8.52
2015-12-10,9510,1988.0,141.0,4838.0,50.87,7.32,8.58
2015-12-11,9510,1986.0,141.0,4836.0,50.85,7.23,8.49
2015-12-12,9510,1982.0,141.0,4832.0,50.81,5.41,8.51
2015-12-13,9510,1978.0,141.0,4828.0,50.77,5.47,8.57
2015-12-14,9510,1975.0,141.0,4825.0,50.74,5.33,8.42
2015-12-15,9510,1971.0,141.0,4821.0,50.69,5.41,8.51
2015-12-16,9510,1967.0,141.0,4817.0,50.65,5.41,8.51
2015-12-17,9510,1964.0,141.0,4814.0,50.62,5.47,8.56
2015-12-18,9510,1956.0,141.0,4806.0,50.54,1.72,8.49
2015-12-19,9510,1949.0,141.0,4799.0,50.46,1.75,8.51
2015-12-20,9510,1947.0,141.0,4797.0,50.44,7.25,8.5
2015-12-21,9510,1942.0,141.0,4792.0,50.39,3.64,8.56
2015-12-22,9510,1936.0,141.0,4786.0,50.33,3.6,8.51
2015-12-23,9510,1931.0,141.0,4781.0,50.27,3.66,8.57
2015-12-24,9510,1927.0,141.0,4777.0,50.23,5.41,8.49
2015-12-25,9510,1923.0,141.0,4773.0,50.19,5.49,8.57
2015-12-26,9510,1920.0,141.0,4770.0,50.16,5.43,8.51
2015-12-27,9510,1914.0,141.0,4764.0,50.09,3.63,8.53
2015-12-28,9510,1911.0,141.0,4761.0,50.06,5.56,8.63
2015-12-29,9510,1907.0,141.0,4757.0,50.02,5.45,8.51
2015-12-30,9510,1901.0,141.0,4751.0,49.96,3.62,8.51
2015-12-31,9510,1896.0,141.0,4746.0,49.91,3.6,8.49
2016-01-01,9510,1891.0,141.0,4741.0,49.85,3.63,8.51
2016-01-02,9510,1885.0,140.0,4735.0,49.79,3.69,8.51
2016-01-03,9510,1880.0,140.0,4730.0,49.74,3.72,8.54
2016-01-04,9510,1874.0,140.0,4724.0,49.67,3.77,8.58
2016-01-05,9510,1869.0,140.0,4719.0,49.62,3.69,8.5
2016-01-06,9510,1861.0,140.0,4711.0,49.54,3.99,10.61
2016-01-07,9510,1854.0,140.0,4704.0,49.46,3.89,10.5
2016-01-08,9510,1845.0,140.0,4695.0,49.37,2.17,10.59
2016-01-09,9510,1838.0,140.0,4688.0,49.3,3.89,10.49
2016-01-10,9510,1829.0,140.0,4679.0,49.2,2.09,10.5
2016-01-11,9510,1822.0,140.0,4672.0,49.13,3.92,10.5
2016-01-12,9510,1816.0,140.0,4666.0,49.06,3.73,8.5
2016-01-13,9510,1809.0,140.0,4659.0,48.99,2.0,8.58
2016-01-14,9510,1804.0,140.0,4654.0,48.94,3.73,8.5
2016-01-15,9510,1798.0,140.0,4648.0,48.87,3.72,8.49
2016-01-16,9510,1793.0,140.0,4643.0,48.82,3.81,8.57
2016-01-17,9510,1787.0,140.0,4637.0,48.76,3.75,8.5
2016-01-18,9510,1780.0,140.0,4630.0,48.69,1.95,8.5
2016-01-19,9510,1775.0,140.0,4625.0,48.63,3.68,8.43
2016-01-20,9510,1768.0,140.0,4618.0,48.56,3.46,10.0
2016-01-21,9510,1761.0,140.0,4611.0,48.49,3.57,10.1
2016-01-22,9510,1753.0,140.0,4603.0,48.4,3.5,10.03
2016-01-23,9510,1746.0,140.0,4596.0,48.33,3.49,10.0
2016-01-24,9510,1739.0,140.0,4589.0,48.25,3.51,10.02
2016-01-25,9510,1732.0,140.0,4582.0,48.18,3.51,10.01
2016-01-26,9510,1725.0,140.0,4575.0,48.11,3.61,10.11
2016-01-27,9510,1718.0,140.0,4568.0,48.03,3.6,10.09
2016-01-28,9510,1711.0,140.0,4561.0,47.96,3.53,10.01
2016-01-29,9510,1705.0,139.0,4555.0,47.9,5.3,10.0
2016-01-30,9510,1703.0,139.0,4553.0,47.88,8.86,10.0
2016-01-31,9510,1698.0,139.0,4548.0,47.82,5.37,10.07
2016-02-01,9510,1693.0,139.0,4543.0,47.77,5.31,10.0
2016-02-02,9510,1688.0,139.0,4538.0,47.72,5.51,9.97
2016-02-03,9510,1680.0,139.0,4530.0,47.63,4.05,10.29
2016-02-04,9510,1673.0,139.0,4523.0,47.56,3.78,10.01
2016-02-05,9510,1666.0,139.0,4516.0,47.49,3.83,10.05
2016-02-06,9510,1659.0,139.0,4509.0,47.41,3.67,9.88
2016-02-07,9510,1652.0,139.0,4502.0,47.34,3.88,10.09
2016-02-08,9510,1642.0,139.0,4492.0,47.23,0.28,10.0
2016-02-09,9510,1633.0,139.0,4483.0,47.14,2.06,10.01
2016-02-10,9510,1624.0,139.0,4474.0,47.05,2.07,10.0
2016-02-11,9510,1615.0,139.0,4465.0,46.95,2.07,10.0
2016-02-12,9510,1606.0,139.0,4456.0,46.86,2.13,10.05
2016-02-13,9510,1599.0,139.0,4449.0,46.78,3.89,10.05
2016-02-14,9510,1591.0,139.0,4441.0,46.7,2.21,10.11
2016-02-15,9510,1584.0,139.0,4434.0,46.62,3.86,10.01
2016-02-16,9510,1577.0,139.0,4427.0,46.55,3.88,10.01
2016-02-17,9510,1570.0,139.0,4420.0,46.48,3.97,10.1
2016-02-18,9510,1563.0,139.0,4413.0,46.4,3.87,10.0
2016-02-19,9510,1554.0,139.0,4404.0,46.31,2.16,10.01
2016-02-20,9510,1546.0,139.0,4396.0,46.23,2.33,10.17
2016-02-23,9510,1520.0,138.0,4370.0,45.95,2.4,10.21
2016-02-24,9510,1511.0,138.0,4361.0,45.86,2.26,10.06
2016-02-25,9510,1502.0,138.0,4352.0,45.76,2.33,10.12
2016-02-26,9510,1494.0,138.0,4344.0,45.68,2.23,10.0
2016-02-28,9510,1476.0,138.0,4326.0,45.49,2.27,10.03
2016-03-01,9510,1459.0,138.0,4309.0,45.31,2.39,10.13
2016-03-02,9510,1451.0,138.0,4301.0,45.23,2.28,10.0
2016-03-03,9510,1442.0,138.0,4292.0,45.13,2.35,10.06
2016-03-04,9510,1434.0,138.0,4284.0,45.05,2.31,10.01
2016-03-05,9510,1425.0,138.0,4275.0,44.95,2.45,10.14
2016-03-06,9510,1417.0,138.0,4267.0,44.87,2.38,10.06
2016-03-07,9510,1408.0,138.0,4258.0,44.77,2.4,10.07
2016-03-08,9510,1400.0,138.0,4250.0,44.69,2.35,10.0
2016-03-09,9510,1391.0,138.0,4241.0,44.6,2.53,10.17
2016-03-10,9510,1383.0,138.0,4233.0,44.51,2.53,10.16
2016-03-11,9510,1374.0,138.0,4224.0,44.42,2.49,10.11
2016-03-12,9510,1366.0,138.0,4216.0,44.33,2.52,10.13
2016-03-13,9510,1358.0,137.0,4208.0,44.25,2.46,10.06
2016-03-14,9510,1349.0,137.0,4199.0,44.15,2.48,10.07
2016-03-15,9510,1341.0,137.0,4191.0,44.07,2.54,10.11
2016-03-16,9510,1332.0,137.0,4182.0,43.97,2.54,10.1
2016-03-17,9510,1324.0,137.0,4174.0,43.89,2.48,10.04
2016-03-18,9510,1316.0,137.0,4166.0,43.81,2.55,10.09
2016-03-19,9510,1307.0,137.0,4157.0,43.71,2.47,10.01
2016-03-20,9510,1297.0,137.0,4147.0,43.61,1.42,10.61
2016-03-21,9510,1289.0,137.0,4139.0,43.52,2.57,10.07
2016-03-22,9510,1281.0,137.0,4131.0,43.44,2.55,10.05
2016-03-23,9510,1272.0,137.0,4122.0,43.34,2.57,10.05
2016-03-24,9510,1264.0,137.0,4114.0,43.26,2.53,10.0
2016-03-25,9510,1256.0,137.0,4106.0,43.18,2.55,10.01
2016-03-27,9510,1238.0,137.0,4088.0,42.99,1.0,10.09
2016-03-28,9510,1228.0,137.0,4078.0,42.88,0.93,10.0
2016-03-29,9510,1218.0,137.0,4068.0,42.78,0.94,10.0
2016-03-30,9510,1208.0,137.0,4058.0,42.67,1.0,10.04
2016-03-31,9510,1198.0,137.0,4048.0,42.57,1.08,10.1
2016-04-01,9510,1188.0,136.0,4038.0,42.46,1.0,10.01
2016-04-03,9510,1171.0,136.0,4021.0,42.28,2.85,10.06
2016-04-04,9510,1161.0,136.0,4011.0,42.18,1.21,10.03
2016-04-05,9510,1151.0,136.0,4001.0,42.07,1.22,10.02
2016-04-07,9510,1132.0,136.0,3982.0,41.87,1.23,10.0
2016-04-08,9510,1122.0,136.0,3972.0,41.77,1.26,10.02
2016-04-09,9510,1112.0,136.0,3962.0,41.66,1.3,10.03
2016-04-10,9510,1103.0,136.0,3953.0,41.57,1.42,10.15
2016-04-11,9510,1093.0,136.0,3943.0,41.46,1.31,10.02
2016-04-12,9510,1083.0,136.0,3933.0,41.36,1.36,10.05
2016-04-13,9510,1074.0,136.0,3924.0,41.26,1.34,10.01
2016-04-15,9510,1055.0,136.0,3905.0,41.06,1.54,10.18
2016-04-16,9510,1045.0,136.0,3895.0,40.96,1.47,10.09
2016-04-17,9510,1036.0,135.0,3886.0,40.86,1.53,10.13
2016-04-18,9510,1026.0,135.0,3876.0,40.76,1.48,10.06
2016-04-19,9510,1017.0,135.0,3867.0,40.66,1.5,10.06
2016-04-20,9510,1007.0,135.0,3857.0,40.56,1.48,10.02
2016-04-21,9510,998.0,135.0,3848.0,40.46,1.42,9.95
2016-04-22,9510,988.0,135.0,3838.0,40.36,1.6,10.11
2016-04-23,9510,979.0,135.0,3829.0,40.26,1.56,10.06
2016-04-25,9510,962.0,135.0,3812.0,40.08,3.19,10.09
2016-04-26,9510,953.0,135.0,3803.0,39.99,1.56,10.0
2016-04-27,9510,943.0,135.0,3793.0,39.88,1.57,10.0
2016-04-28,9510,934.0,135.0,3784.0,39.79,1.77,10.18
2016-04-29,9510,925.0,135.0,3775.0,39.7,1.64,10.03
2016-04-30,9510,915.0,135.0,3765.0,39.59,1.64,10.02
2016-05-01,9510,906.0,135.0,3756.0,39.5,1.64,9.99
2016-05-02,9510,897.0,135.0,3747.0,39.4,1.73,10.08
2016-05-03,9510,888.0,135.0,3738.0,39.31,1.67,10.0
2016-05-04,9510,878.0,134.0,3728.0,39.2,1.74,10.05
2016-05-05,9510,871.0,134.0,3721.0,39.13,3.27,10.03
2016-05-06,9510,863.0,134.0,3713.0,39.04,3.31,10.06
2016-05-07,9510,856.0,134.0,3706.0,38.97,3.34,10.07
2016-05-10,9510,833.0,134.0,3683.0,38.73,3.31,10.01
2016-05-11,9510,825.0,134.0,3675.0,38.64,3.42,10.11
2016-05-12,9510,818.0,134.0,3668.0,38.57,3.4,10.08
2016-05-13,9510,810.0,134.0,3660.0,38.49,3.36,10.03
2016-05-14,9510,803.0,134.0,3653.0,38.41,3.35,10.0
2016-05-15,9510,795.0,134.0,3645.0,38.33,3.44,10.08
2016-05-16,9510,788.0,134.0,3638.0,38.25,3.47,10.09
2016-05-17,9510,780.0,134.0,3630.0,38.17,3.4,10.01
2016-05-18,9510,774.0,134.0,3624.0,38.11,4.93,10.04
2016-05-20,9510,767.0,134.0,3617.0,38.03,7.9,10.02
2016-05-21,9510,764.0,134.0,3614.0,38.0,7.99,10.1
2016-05-23,9510,764.0,134.0,3614.0,38.0,13.02,10.66
2016-05-24,9510,767.0,134.0,3617.0,38.03,14.35,10.5
2016-05-25,9510,767.0,134.0,3617.0,38.03,11.37,10.5
2016-05-26,9510,765.0,134.0,3615.0,38.01,9.96,10.58
2016-05-27,9510,764.0,134.0,3614.0,38.0,9.97,10.59
2016-05-29,9510,761.0,134.0,3611.0,37.97,9.88,10.5
2016-05-30,9510,759.0,134.0,3609.0,37.95,9.9,10.51
2016-05-31,9510,759.0,134.0,3609.0,37.95,11.71,10.84
2016-06-01,9510,761.0,134.0,3611.0,37.97,12.92,10.56
2016-06-02,9510,765.0,134.0,3615.0,38.01,15.73,10.61
2016-06-03,9510,773.0,134.0,3623.0,38.1,18.61,10.51
2016-06-04,9510,779.0,134.0,3629.0,38.16,17.3,10.67
2016-06-06,9510,780.0,134.0,3630.0,38.17,12.65,10.5
2016-06-07,9510,780.0,134.0,3630.0,38.17,11.15,10.5
2016-06-08,9510,777.0,134.0,3627.0,38.14,8.16,10.5
2016-06-09,9510,774.0,134.0,3624.0,38.11,8.17,10.5
2016-06-10,9510,771.0,134.0,3621.0,38.08,8.17,10.5
2016-06-11,9510,768.0,134.0,3618.0,38.04,8.27,10.6
2016-06-12,9510,765.0,134.0,3615.0,38.01,8.24,10.57
2016-06-13,9510,759.0,134.0,3609.0,37.95,5.21,10.52
2016-06-14,9510,753.0,134.0,3603.0,37.89,5.22,10.51
2016-06-15,9510,749.0,134.0,3599.0,37.84,6.7,10.5
2016-06-16,9510,744.0,134.0,3594.0,37.79,6.87,10.63
2016-06-17,9510,738.0,134.0,3588.0,37.73,5.24,10.52
2016-06-18,9510,733.0,134.0,3583.0,37.68,5.32,10.59
2016-06-19,9510,731.0,134.0,3581.0,37.66,9.7,10.53
2016-06-20,9510,727.0,133.0,3577.0,37.61,6.81,10.59
2016-06-21,9510,721.0,133.0,3571.0,37.55,5.34,10.59
2016-06-22,9510,715.0,133.0,3565.0,37.49,5.26,10.5
2016-06-23,9510,710.0,133.0,3560.0,37.43,6.68,10.44
2016-06-24,9510,706.0,133.0,3556.0,37.39,6.93,10.69
2016-06-25,9510,702.0,133.0,3552.0,37.35,7.04,10.79
2016-06-26,9510,699.0,133.0,3549.0,37.32,8.55,10.83
2016-06-27,9510,696.0,133.0,3546.0,37.29,8.33,10.61
2016-06-28,9510,693.0,133.0,3543.0,37.26,8.24,10.53
2016-06-29,9510,687.0,133.0,3537.0,37.19,5.46,10.66
2016-06-30,9510,687.0,133.0,3537.0,37.19,11.26,10.62
2016-07-01,9510,703.0,133.0,3553.0,37.36,27.3,10.56
2016-07-04,9510,767.0,134.0,3617.0,38.03,43.81,10.63
2016-07-05,9510,800.0,134.0,3650.0,38.38,44.04,10.59
2016-07-06,9510,818.0,134.0,3668.0,38.57,29.12,10.51
2016-07-07,9510,834.0,134.0,3684.0,38.74,27.77,10.6
2016-07-08,9510,862.0,134.0,3712.0,39.03,38.51,10.62
2016-07-09,9510,901.0,135.0,3751.0,39.44,50.87,10.51
2016-07-10,9510,928.0,135.0,3778.0,39.73,37.42,10.64
2016-07-11,9510,945.0,135.0,3795.0,39.91,25.6,8.0
2016-07-12,9510,960.0,135.0,3810.0,40.06,23.31,7.2
2016-07-13,9510,973.0,135.0,3823.0,40.2,19.14,6.1
2016-07-14,9510,984.0,135.0,3834.0,40.32,16.61,5.11
2016-07-15,9510,995.0,135.0,3845.0,40.43,16.6,5.07
2016-07-16,9510,1001.0,135.0,3851.0,40.49,11.89,5.05
2016-07-17,9510,1014.0,135.0,3864.0,40.63,20.28,7.13
2016-07-18,9510,1023.0,135.0,3873.0,40.73,17.03,7.01
2016-07-19,9510,1029.0,135.0,3879.0,40.79,13.89,7.01
2016-07-21,9510,1060.0,136.0,3910.0,41.11,30.81,8.02
2016-07-22,9510,1083.0,136.0,3933.0,41.36,32.52,8.03
2016-07-24,9510,1120.0,136.0,3970.0,41.75,26.33,8.08
2016-07-25,9510,1133.0,16.0,3983.0,41.88,21.51,8.04
2016-07-26,9510,1145.0,136.0,3995.0,42.01,19.93,8.05
2016-07-27,9510,1153.0,136.0,4003.0,42.09,16.72,8.06
2016-07-28,9510,1161.0,136.0,4011.0,42.18,16.68,8.0
2016-07-29,9510,1175.0,136.0,4025.0,42.32,23.18,7.98
2016-07-30,9510,1197.0,136.0,4047.0,42.56,29.84,8.07
2016-07-31,9510,1213.0,137.0,4063.0,42.72,25.02,8.08
2016-08-01,9510,1228.0,137.0,4078.0,42.88,23.45,8.1
2016-08-02,9510,1244.0,137.0,4094.0,43.05,25.08,8.09
2016-08-03,9510,1256.0,137.0,4106.0,43.18,20.19,8.11
2016-08-04,9510,1269.0,137.0,4119.0,43.31,21.78,8.03
2016-08-05,9510,1286.0,137.0,4136.0,43.49,25.19,8.08
2016-08-06,9510,1297.0,137.0,4147.0,43.61,20.18,8.02
2016-08-07,9510,1314.0,137.0,4164.0,43.79,25.21,8.02
2016-08-08,9510,1347.0,137.0,4197.0,44.13,42.02,8.0
2016-08-09,9510,1373.0,138.0,4223.0,44.41,33.77,8.0
2016-08-10,9510,1398.0,138.0,4248.0,44.67,32.92,7.04
2016-08-11,9510,1413.0,138.0,4263.0,44.83,21.79,5.99
2016-08-12,9510,1429.0,138.0,4279.0,44.99,20.95,5.12
2016-08-13,9510,1439.0,138.0,4289.0,45.1,15.78,5.02
2016-08-14,9510,1461.0,138.0,4311.0,45.33,27.78,5.04
2016-08-15,9510,1511.0,138.0,4361.0,45.86,55.34,4.98
2016-08-16,9510,1591.0,139.0,4441.0,46.7,85.42,5.03
2016-08-17,9510,1761.0,140.0,4611.0,48.49,175.29,4.98
2016-08-18,9510,1901.0,141.0,4751.0,49.96,146.52,5.0
2016-08-19,9510,1973.0,141.0,4823.0,50.72,77.01,4.97
2016-08-20,9510,2015.0,141.0,4865.0,51.16,48.04,5.01
2016-08-23,9510,2390.0,143.0,5240.0,55.1,126.47,4.93
2016-08-24,9510,2472.0,144.0,5322.0,55.96,87.11,5.0
2016-08-25,9510,2554.0,144.0,5404.0,56.82,87.66,4.84
2016-08-26,9510,2611.0,144.0,5461.0,57.42,62.77,5.0
2016-08-27,9510,2664.0,145.0,5514.0,57.98,59.08,4.96
2016-08-28,9510,2720.0,145.0,5570.0,58.57,59.14,2.73
2016-08-29,9510,2782.0,145.0,5632.0,59.22,63.71,0.97
2016-08-30,9510,2851.0,145.0,5701.0,59.95,72.17,2.99
2016-08-31,9510,2906.0,146.0,5756.0,60.53,57.38,2.0
2016-09-01,9510,2959.0,146.0,5809.0,61.08,58.52,4.92
2016-09-02,9510,3016.0,146.0,5866.0,61.68,60.93,2.94
2016-09-03,9510,3065.0,147.0,5915.0,62.2,53.04,3.0
2016-09-04,9510,3103.0,147.0,5953.0,62.6,40.76,2.93
2016-09-05,9510,3132.0,147.0,5982.0,62.9,32.61,2.95
2016-09-06,9510,3158.0,147.0,6008.0,63.18,30.56,2.91
2016-09-07,9510,3181.0,147.0,6031.0,63.42,26.56,3.01
2016-09-08,9510,3236.0,147.0,6086.0,64.0,57.79,2.87
2016-09-09,9510,3313.0,148.0,6163.0,64.81,82.28,4.98
2016-09-10,9510,3366.0,148.0,6216.0,65.36,58.34,4.93
2016-09-11,9510,3402.0,148.0,6252.0,65.74,41.56,4.89
2016-09-12,9510,3440.0,148.0,6290.0,66.14,43.89,5.0
2016-09-13,9510,3540.0,149.0,6390.0,67.19,104.0,3.01
2016-09-14,9510,3635.0,149.0,6485.0,68.19,98.29,2.99
2016-09-15,9510,3706.0,150.0,6556.0,68.94,72.09,0.0
2016-09-16,9510,3772.0,150.0,6622.0,69.63,65.93,0.0
2016-09-17,9510,3809.0,150.0,6659.0,70.02,37.8,0.0
2016-09-19,9510,3894.0,150.0,6744.0,70.91,48.99,0.0
2016-09-20,9510,3938.0,151.0,6788.0,71.38,44.75,0.0
2016-09-21,9510,3980.0,151.0,6830.0,71.82,42.68,0.0
2016-09-22,9510,4027.0,151.0,6877.0,72.31,48.1,0.86
2016-09-23,9510,4058.0,151.0,6908.0,72.64,33.78,1.96
2016-09-24,9510,4096.0,151.0,6946.0,73.04,40.57,2.0
2016-09-25,9510,4116.0,151.0,6966.0,73.25,22.72,1.91
2016-09-26,9510,4143.0,152.0,6993.0,73.53,29.43,1.9
2016-09-28,9510,4199.0,152.0,7049.0,74.12,26.24,0.84
2016-09-29,9510,4221.0,152.0,7071.0,74.35,25.16,1.96
2016-09-30,9510,4248.0,152.0,7098.0,74.64,29.58,1.85
2016-10-01,9510,4280.0,152.0,7130.0,74.97,34.32,2.02
2016-10-03,9510,4343.0,152.0,7193.0,75.64,36.69,2.01
2016-10-04,9510,4379.0,153.0,7229.0,76.01,39.03,2.0
2016-10-05,9510,4402.0,153.0,7252.0,76.26,25.4,1.94
2016-10-06,9510,4425.0,153.0,7275.0,76.5,25.49,1.99
2016-10-07,9510,4447.0,153.0,7297.0,76.73,25.56,2.03
2016-10-08,9510,4473.0,153.0,7323.0,77.0,27.81,1.96
2016-10-09,9510,4500.0,153.0,7350.0,77.29,28.18,0.0
2016-10-11,9510,4539.0,153.0,7389.0,77.7,18.75,1.95
2016-10-12,9510,4560.0,153.0,7410.0,77.92,22.41,1.0
2016-10-13,9510,4585.0,154.0,7435.0,78.18,26.99,0.96
2016-10-14,9510,4613.0,154.0,7463.0,78.48,30.38,2.0
2016-10-15,9510,4636.0,154.0,7486.0,78.72,25.81,2.0
2016-10-17,9510,4670.0,154.0,7520.0,79.07,21.18,1.94
2016-10-18,9510,4686.0,154.0,7536.0,79.24,18.95,2.0
2016-10-19,9510,4698.0,154.0,7548.0,79.37,14.44,2.11
2016-10-20,9510,4707.0,154.0,7557.0,79.46,12.02,2.0
2016-10-21,9510,4719.0,154.0,7569.0,79.59,14.35,2.0
2016-10-22,9510,4728.0,154.0,7578.0,79.68,14.04,4.0
2016-10-24,9510,4744.0,154.0,7594.0,79.85,11.75,4.03
2016-10-25,9510,4751.0,154.0,7601.0,79.93,11.75,4.02
2016-10-26,9510,4761.0,154.0,7611.0,80.03,14.08,4.02
2016-10-27,9510,4770.0,154.0,7620.0,80.13,14.07,4.01
2016-10-28,9510,4779.0,154.0,7629.0,80.22,14.08,4.01
2016-10-29,9510,4789.0,154.0,7639.0,80.33,14.07,3.99
2016-10-31,9510,4800.0,154.0,7650.0,80.44,9.46,4.04
2016-11-01,9510,4807.0,154.0,7657.0,80.52,11.78,4.02
2016-11-02,9510,4812.0,140.0,7662.0,80.57,9.56,4.1
2016-11-03,9510,4814.0,139.0,7664.0,80.59,7.15,4.02
2016-11-04,9510,4821.0,155.0,7671.0,80.66,11.83,4.03
2016-11-05,9510,4826.0,155.0,7676.0,80.72,9.51,4.04
2016-11-06,9510,4831.0,155.0,7681.0,80.77,9.47,4.0
2016-11-07,9510,4833.0,155.0,7683.0,80.79,7.13,3.99
2016-11-08,9510,4838.0,155.0,7688.0,80.84,9.49,4.01
2016-11-09,9510,4845.0,155.0,7695.0,80.91,11.81,4.0
2016-11-10,9510,4849.0,155.0,7699.0,80.96,9.47,4.0
2016-11-11,9510,4856.0,155.0,7706.0,81.03,11.82,4.0
2016-11-12,9510,4861.0,155.0,7711.0,81.08,9.47,3.98
2016-11-14,9510,4873.0,155.0,7723.0,81.21,11.93,4.1
2016-11-15,9510,4877.0,155.0,7727.0,81.25,9.49,4.01
2016-11-16,9510,4880.0,155.0,7730.0,81.28,7.22,4.09
2016-11-17,9510,4880.0,155.0,7730.0,81.28,4.83,4.03
2016-11-18,9510,4882.0,155.0,7732.0,81.3,7.12,3.98
2016-11-19,9510,4884.0,155.0,7734.0,81.32,7.18,4.03
2016-11-20,9510,4887.0,155.0,7737.0,81.36,7.21,4.06
2016-11-21,9510,4889.0,155.0,7739.0,81.38,7.18,4.03
2016-11-22,9510,4889.0,155.0,7739.0,81.38,4.81,4.01
2016-11-23,9510,4891.0,155.0,7741.0,81.4,7.21,4.06
2016-11-24,9510,4894.0,155.0,7744.0,81.43,7.15,4.0
2016-11-25,9510,4894.0,155.0,7744.0,81.43,4.8,3.99
2016-11-26,9510,4896.0,155.0,7746.0,81.45,7.17,4.02
2016-11-27,9510,4896.0,155.0,7746.0,81.45,6.8,6.0
2016-11-28,9510,4896.0,155.0,7746.0,81.45,6.92,6.12
2016-11-29,9510,4894.0,155.0,7744.0,81.43,6.56,8.1
2016-11-30,9510,4889.0,155.0,7739.0,81.38,6.16,10.05
2016-12-01,9510,4884.0,139.0,7734.0,81.32,6.17,10.05
2016-12-02,9510,4884.0,139.0,7734.0,81.32,10.78,10.01
2016-12-03,9510,4877.0,155.0,7727.0,81.25,3.7,9.95
2016-12-04,9510,4870.0,155.0,7720.0,81.18,3.77,10.03
2016-12-06,9510,4856.0,155.0,7706.0,81.03,3.83,10.08
2016-12-07,9510,4849.0,155.0,7699.0,80.96,3.82,10.07
2016-12-08,9510,4842.0,155.0,7692.0,80.88,3.87,10.12
2016-12-09,9510,4835.0,155.0,7685.0,80.81,3.87,10.11
2016-12-10,9510,4821.0,155.0,7671.0,80.66,2.82,16.07
2016-12-13,9510,4777.0,154.0,7627.0,80.2,4.94,18.15
2016-12-14,9510,4761.0,154.0,7611.0,80.03,4.5,20.03
2016-12-15,9510,4742.0,154.0,7592.0,79.83,4.22,22.05
2016-12-16,9510,4726.0,154.0,7576.0,79.66,6.74,22.23
2016-12-17,9510,4707.0,154.0,7557.0,79.46,4.21,22.0
2016-12-18,9510,4689.0,154.0,7539.0,79.27,4.25,22.03
2016-12-19,9510,4670.0,154.0,7520.0,79.07,4.03,21.79
2016-12-20,9510,4652.0,154.0,7502.0,78.89,4.29,22.02
2016-12-21,9510,4636.0,154.0,7486.0,78.72,4.67,20.08
2016-12-22,9510,4619.0,154.0,7469.0,78.54,4.64,20.04
2016-12-23,9510,4603.0,154.0,7453.0,78.37,4.68,20.06
2016-12-24,9510,4587.0,154.0,7437.0,78.2,4.68,20.04
2016-12-26,9510,4555.0,153.0,7405.0,77.87,4.66,20.0
2016-12-27,9510,4537.0,153.0,7387.0,77.68,4.44,22.05
2016-12-28,9510,4518.0,153.0,7368.0,77.48,4.61,22.2
2016-12-29,9510,4500.0,153.0,7350.0,77.29,4.5,22.07
2016-12-30,9510,4482.0,153.0,7332.0,77.1,4.6,22.15
2016-12-31,9510,4463.0,153.0,7313.0,76.9,4.53,22.06
2017-01-01,9510,4447.0,153.0,7297.0,76.73,6.83,22.06
2017-01-02,9510,4429.0,153.0,7279.0,76.54,4.66,22.07
2017-01-03,9510,4411.0,153.0,7261.0,76.35,4.72,22.12
2017-01-04,9510,4393.0,153.0,7243.0,76.16,4.78,22.15
2017-01-05,9510,4375.0,153.0,7225.0,75.97,4.74,22.1
2017-01-06,9510,4356.0,153.0,7206.0,75.77,4.75,22.08
2017-01-07,9510,4338.0,152.0,7188.0,75.58,4.95,22.26
2017-01-08,9510,4316.0,152.0,7166.0,75.35,3.24,25.06
2017-01-09,9510,4293.0,152.0,7143.0,75.11,3.51,25.3
2017-01-10,9510,4271.0,152.0,7121.0,74.88,3.4,25.16
2017-01-11,9510,4253.0,152.0,7103.0,74.69,7.78,25.0
2017-01-12,9510,4235.0,152.0,7085.0,74.5,7.8,25.0
2017-01-13,9510,4217.0,152.0,7067.0,74.31,7.81,24.99
2017-01-14,9510,4199.0,152.0,7049.0,74.12,7.85,25.01
2017-01-15,9510,4181.0,152.0,7031.0,73.93,7.89,25.03
2017-01-16,9510,4163.0,152.0,7013.0,73.74,8.02,25.14
2017-01-17,9510,4145.0,152.0,6995.0,73.55,7.91,25.01
2017-01-18,9510,4125.0,151.0,6975.0,73.34,6.4,25.71
2017-01-19,9510,4105.0,151.0,6955.0,73.13,5.85,25.14
2017-01-23,9510,4031.0,151.0,6881.0,72.36,8.18,25.14
2017-01-24,9510,4011.0,151.0,6861.0,72.15,5.83,25.0
2017-01-25,9510,3989.0,151.0,6839.0,71.91,3.7,25.05
2017-01-26,9510,3967.0,151.0,6817.0,71.68,3.8,25.12
2017-01-27,9510,3947.0,151.0,6797.0,71.47,4.09,23.18
2017-01-28,9510,3927.0,151.0,6777.0,71.26,4.18,23.23
2017-01-30,9510,3885.0,150.0,6735.0,70.82,5.83,24.83
2017-01-31,9510,3866.0,150.0,6716.0,70.62,6.11,25.08
2017-02-01,9510,3844.0,150.0,6694.0,70.39,4.16,25.3
2017-02-02,9510,3822.0,150.0,6672.0,70.16,4.23,25.06
2017-02-03,9510,3798.0,150.0,6648.0,69.91,4.37,27.35
2017-02-04,9510,3774.0,150.0,6624.0,69.65,4.13,27.07
2017-02-06,9510,3726.0,150.0,6576.0,69.15,4.29,27.15
2017-02-07,9510,3702.0,150.0,6552.0,68.9,4.23,27.05
2017-02-08,9510,3678.0,149.0,6528.0,68.64,4.48,27.26
2017-02-10,9510,3631.0,149.0,6481.0,68.15,4.43,27.14
2017-02-11,9510,3607.0,149.0,6457.0,67.9,4.12,26.78
2017-02-12,9510,3583.0,149.0,6433.0,67.64,4.45,27.07
2017-02-13,9510,3560.0,149.0,6410.0,67.4,4.72,27.3
2017-02-14,9510,3536.0,149.0,6386.0,67.15,4.47,27.02
2017-02-15,9510,3510.0,149.0,6360.0,66.88,2.51,27.15
2017-02-16,9510,3478.0,149.0,6328.0,66.54,1.01,32.01
2017-02-17,9510,3447.0,148.0,6297.0,66.21,1.26,32.17
2017-02-18,9510,3415.0,148.0,6265.0,65.88,1.28,32.12
2017-02-19,9510,3389.0,148.0,6239.0,65.6,2.8,27.21
2017-02-20,9510,3364.0,148.0,6214.0,65.34,2.71,27.07
2017-02-21,9510,3339.0,148.0,6189.0,65.08,2.87,27.18
2017-02-22,9510,3313.0,148.0,6163.0,64.81,2.81,27.08
2017-02-23,9510,3288.0,148.0,6138.0,64.54,2.8,27.02
2017-02-24,9510,3263.0,147.0,6113.0,64.28,2.91,27.08
2017-02-25,9510,3238.0,147.0,6088.0,64.02,2.85,26.97
2017-02-27,9510,3188.0,147.0,6038.0,63.49,3.05,27.07
2017-02-28,9510,3163.0,147.0,6013.0,63.23,3.18,27.15
2017-03-01,9510,3138.0,147.0,5988.0,62.97,3.3,27.22
2017-03-02,9510,3113.0,147.0,5963.0,62.7,3.19,27.06
2017-03-03,9510,3088.0,147.0,5938.0,62.44,3.19,27.0
2017-03-04,9510,3063.0,147.0,5913.0,62.18,2.5,26.27
2017-03-05,9510,3037.0,146.0,5887.0,61.9,1.51,27.28
2017-03-06,9510,3010.0,146.0,5860.0,61.62,1.34,27.06
2017-03-07,9510,2983.0,146.0,5833.0,61.34,1.68,27.34
2017-03-08,9510,2957.0,146.0,5807.0,61.06,1.44,27.03
2017-03-09,9510,2926.0,146.0,5776.0,60.74,0.61,30.22
2017-03-10,9510,2896.0,146.0,5746.0,60.42,0.65,30.18
2017-03-11,9510,2865.0,146.0,5715.0,60.09,0.61,30.06
2017-03-12,9510,2839.0,145.0,5689.0,59.82,1.79,27.12
2017-03-13,9510,2813.0,145.0,5663.0,59.55,1.91,27.17
2017-03-14,9510,2788.0,145.0,5638.0,59.28,1.93,25.12
2017-03-15,9510,2764.0,145.0,5614.0,59.03,1.99,25.13
2017-03-16,9510,2740.0,145.0,5590.0,58.78,1.91,24.99
2017-03-17,9510,2716.0,145.0,5566.0,58.53,2.0,25.03
2017-03-18,9510,2692.0,145.0,5542.0,58.28,2.25,25.23
2017-03-19,9510,2668.0,145.0,5518.0,58.02,2.1,25.03
2017-03-20,9510,2645.0,144.0,5495.0,57.78,2.54,25.42
2017-03-21,9510,2623.0,144.0,5473.0,57.55,1.17,22.01
2017-03-22,9510,2601.0,144.0,5451.0,57.32,1.25,22.05
2017-03-23,9510,2579.0,144.0,5429.0,57.09,1.23,21.99
2017-03-24,9510,2558.0,144.0,5408.0,56.87,1.31,22.02
2017-03-25,9510,2536.0,144.0,5386.0,56.64,1.61,22.28
2017-03-26,9510,2515.0,144.0,5365.0,56.41,1.52,22.14
2017-03-27,9510,2493.0,144.0,5343.0,56.18,1.56,22.13
2017-03-28,9510,2475.0,144.0,5325.0,55.99,1.59,18.22
2017-03-29,9510,2458.0,144.0,5308.0,55.81,1.47,18.07
2017-03-30,9510,2440.0,143.0,5290.0,55.63,1.58,18.15
2017-03-31,9510,2423.0,143.0,5273.0,55.45,1.47,18.01
2017-04-01,9510,2406.0,143.0,5256.0,55.27,1.51,18.02
2017-04-02,9510,2390.0,143.0,5240.0,55.1,3.73,18.12
2017-04-03,9510,2382.0,143.0,5232.0,55.02,6.5,13.15
2017-04-04,9510,2377.0,143.0,5227.0,54.96,8.57,13.28
2017-04-05,9510,2369.0,143.0,5219.0,54.88,6.39,13.02
2017-04-06,9510,2361.0,143.0,5211.0,54.79,6.38,13.01
2017-04-07,9510,2353.0,143.0,5203.0,54.71,6.48,13.11
2017-04-08,9510,2342.0,143.0,5192.0,54.6,2.54,13.01
2017-04-09,9510,2332.0,143.0,5182.0,54.49,4.47,13.0
2017-04-10,9510,2333.0,143.0,5183.0,54.5,4.49,13.01
2017-04-11,9510,2311.0,143.0,5161.0,54.27,4.63,15.07
2017-04-12,9510,2300.0,143.0,5150.0,54.15,4.62,15.04
2017-04-13,9510,2286.0,143.0,5136.0,54.01,3.12,15.44
2017-04-14,9510,2273.0,143.0,5123.0,53.87,2.96,15.26
2017-04-15,9510,2260.0,142.0,5110.0,53.73,3.02,15.3
2017-04-18,9510,2223.0,142.0,5073.0,53.34,4.69,15.02
2017-04-19,9510,2212.0,142.0,5062.0,53.23,4.73,15.04
2017-04-20,9510,2201.0,142.0,5051.0,53.11,4.76,15.07
2017-04-21,9510,2189.0,142.0,5039.0,52.99,4.77,15.06
2017-04-22,9510,2176.0,142.0,5026.0,52.85,2.85,15.01
2017-04-23,9510,2163.0,142.0,5013.0,52.71,2.93,15.07
2017-04-25,9510,2131.0,142.0,4981.0,52.38,2.28,20.02
2017-04-26,9510,2112.0,142.0,4962.0,52.18,2.31,20.01
2017-04-27,9510,2094.0,142.0,4944.0,51.99,2.35,20.01
2017-04-28,9510,2075.0,142.0,4925.0,51.79,2.44,20.06
2017-04-29,9510,2056.0,141.0,4906.0,51.59,2.43,20.01
2017-04-30,9510,2043.0,141.0,4893.0,51.45,8.1,20.08
2017-05-01,9510,2028.0,141.0,4878.0,51.29,6.26,20.07
2017-05-02,9510,2012.0,141.0,4862.0,51.13,4.44,20.08
2017-05-03,9510,1993.0,141.0,4843.0,50.93,2.59,20.05
2017-05-04,9510,1977.0,141.0,4827.0,50.76,4.76,20.33
2017-05-05,9510,1960.0,141.0,4810.0,50.58,4.64,20.18
2017-05-06,9510,1942.0,141.0,4792.0,50.39,2.99,20.33
2017-05-07,9510,1923.0,141.0,4773.0,50.19,2.86,20.16
2017-05-08,9510,1905.0,141.0,4755.0,50.0,2.05,19.31
2017-05-09,9510,1885.0,140.0,4735.0,49.79,1.07,20.12
2017-05-10,9510,1865.0,140.0,4715.0,49.58,1.03,20.02
2017-05-11,9510,1847.0,140.0,4697.0,49.39,2.91,20.03
2017-05-12,9510,1829.0,140.0,4679.0,49.2,3.04,20.13
2017-05-14,9510,1793.0,140.0,4643.0,48.82,3.14,20.14
2017-05-15,9510,1777.0,140.0,4627.0,48.65,3.95,19.12
2017-05-16,9510,1762.0,140.0,4612.0,48.5,9.8,23.15
2017-05-17,9510,1752.0,140.0,4602.0,48.39,10.33,20.07
2017-05-18,9510,1762.0,140.0,4612.0,48.5,27.81,16.09
2017-05-20,9510,1778.0,140.0,4628.0,48.66,14.18,6.01
2017-05-21,9510,1782.0,140.0,4632.0,48.71,10.87,6.29
2017-05-22,9510,1787.0,140.0,4637.0,48.76,12.27,5.89
2017-05-23,9510,1786.0,140.0,4636.0,48.75,4.84,5.64
2017-05-24,9510,1786.0,140.0,4636.0,48.75,6.52,5.52
2017-05-25,9510,1786.0,140.0,4636.0,48.75,6.65,5.66
2017-05-26,9510,1782.0,140.0,4632.0,48.71,2.91,5.5
2017-05-27,9510,1782.0,140.0,4632.0,48.71,6.52,5.99
2017-05-28,9510,1782.0,140.0,4632.0,48.71,6.53,5.53
2017-05-29,9510,1780.0,140.0,4630.0,48.69,4.81,5.61
2017-05-30,9510,1782.0,140.0,4632.0,48.71,8.33,5.54
2017-05-31,9510,1786.0,140.0,4636.0,48.75,10.1,5.51
2017-06-01,9510,1786.0,140.0,4636.0,48.75,6.53,5.53
2017-06-02,9510,1784.0,140.0,4634.0,48.73,3.96,5.01
2017-06-03,9510,1784.0,140.0,4634.0,48.73,5.78,5.03
2017-06-04,9510,1782.0,140.0,4632.0,48.71,3.98,5.03
2017-06-05,9510,1780.0,140.0,4630.0,48.69,3.96,5.01
2017-06-06,9510,1778.0,140.0,4628.0,48.66,4.05,5.1
2017-06-07,9510,1775.0,140.0,4625.0,48.63,4.84,7.68
2017-06-08,9510,1769.0,140.0,4619.0,48.57,2.89,7.53
2017-06-09,9510,1786.0,140.0,4636.0,48.75,24.47,7.57
2017-06-10,9510,1786.0,140.0,4636.0,48.75,8.26,7.51
2017-06-11,9510,1787.0,140.0,4637.0,48.76,7.64,5.1
2017-06-12,9510,1787.0,140.0,4637.0,48.76,5.75,5.01
2017-06-13,9510,1789.0,140.0,4639.0,48.78,7.61,5.06
2017-06-14,9510,1787.0,140.0,4637.0,48.76,4.01,5.06
2017-06-15,9510,1787.0,140.0,4637.0,48.76,5.86,5.11
2017-06-16,9510,1791.0,140.0,4641.0,48.8,9.44,5.1
2017-06-17,9510,1795.0,140.0,4645.0,48.84,9.4,5.05
2017-06-18,9510,1805.0,140.0,4655.0,48.95,16.55,5.0
2017-06-19,9510,1811.0,140.0,4661.0,49.01,11.28,5.12
2017-06-20,9510,1809.0,140.0,4659.0,48.99,6.92,7.98
2017-06-21,9510,1805.0,140.0,4655.0,48.95,5.27,8.12
2017-06-22,9510,1805.0,140.0,4655.0,48.95,8.8,8.05
2017-06-23,9510,1804.0,140.0,4654.0,48.94,6.9,7.95
2017-06-25,9510,1787.0,140.0,4637.0,48.76,4.13,14.17
2017-06-26,9510,1775.0,140.0,4625.0,48.63,2.26,14.08
2017-06-27,9510,1764.0,140.0,4614.0,48.52,4.01,14.02
2017-06-28,9510,1753.0,140.0,4603.0,48.4,4.06,14.05
2017-06-29,9510,1746.0,140.0,4596.0,48.33,7.68,14.09
2017-06-30,9510,1736.0,140.0,4586.0,48.22,4.22,14.19
2017-07-01,9510,1728.0,140.0,4578.0,48.14,9.78,16.17
2017-07-02,9510,1721.0,140.0,4571.0,48.07,9.54,16.06
2017-07-03,9510,1712.0,140.0,4562.0,47.97,7.85,16.13
2017-07-04,9510,1702.0,139.0,4552.0,47.87,6.11,16.17
2017-07-05,9510,1696.0,139.0,4546.0,47.8,8.25,12.96
2017-07-06,9510,1695.0,139.0,4545.0,47.79,8.97,10.14
2017-07-07,9510,1693.0,139.0,4543.0,47.77,9.88,11.05
2017-07-08,9510,1691.0,139.0,4541.0,47.75,9.01,10.18
2017-07-09,9510,1688.0,139.0,4538.0,47.72,7.22,10.16
2017-07-10,9510,1686.0,139.0,4536.0,47.7,8.85,10.02
2017-07-11,9510,1688.0,139.0,4538.0,47.72,12.44,10.06
2017-07-12,9510,1691.0,139.0,4541.0,47.75,14.15,10.0
2017-07-13,9510,1702.0,139.0,4552.0,47.87,21.33,10.08
2017-07-14,9510,1714.0,140.0,4564.0,47.99,21.05,8.0
2017-07-15,9510,1732.0,140.0,4582.0,48.18,24.51,6.09
2017-07-16,9510,1752.0,140.0,4602.0,48.39,26.27,6.03
2017-07-17,9510,1786.0,140.0,4636.0,48.75,40.78,6.12
2017-07-18,9510,1834.0,140.0,4684.0,49.25,52.81,3.54
2017-07-19,9510,1931.0,141.0,4781.0,50.27,99.58,2.51
2017-07-20,9510,2053.0,141.0,4903.0,51.56,124.94,2.51
2017-07-21,9510,2127.0,142.0,4977.0,52.33,77.84,2.49
2017-07-22,9510,2191.0,142.0,5041.0,53.01,67.17,2.5
2017-07-23,9510,2244.0,142.0,5094.0,53.56,56.22,2.49
2017-07-24,9510,2302.0,143.0,5152.0,54.17,60.41,2.53
2017-07-25,9510,2353.0,143.0,5203.0,54.71,55.03,2.55
2017-07-26,9510,2413.0,143.0,5263.0,55.34,63.05,2.53
2017-07-27,9510,2477.0,144.0,5327.0,56.01,66.82,2.01
2017-07-28,9510,2530.0,144.0,5380.0,56.57,55.5,2.02
2017-07-29,9510,2568.0,144.0,5418.0,56.97,40.01,2.01
2017-07-30,9510,2607.0,144.0,5457.0,57.38,40.12,0.0
2017-07-31,9510,2641.0,144.0,5491.0,57.74,34.33,0.0
2017-08-01,9510,2670.0,145.0,5520.0,58.04,32.99,2.53
2017-08-02,9510,2694.0,145.0,5544.0,58.3,27.07,2.56
2017-08-03,9510,2716.0,145.0,5566.0,58.53,25.12,2.56
2017-08-04,9510,2732.0,145.0,5582.0,58.7,21.65,5.05
2017-08-05,9510,2746.0,145.0,5596.0,58.84,19.66,5.04
2017-08-06,9510,2758.0,145.0,5608.0,58.97,17.64,5.0
2017-08-08,9510,2817.0,145.0,5667.0,59.59,37.82,2.98
2017-08-09,9510,2863.0,146.0,5713.0,60.07,50.12,3.03
2017-08-10,9510,2896.0,146.0,5746.0,60.42,36.06,2.99
2017-08-11,9510,2924.0,146.0,5774.0,60.72,32.11,3.02
2017-08-12,9510,2948.0,146.0,5798.0,60.97,28.11,3.02
2017-08-13,9510,2971.0,146.0,5821.0,61.21,28.04,4.94
2017-08-14,9510,2989.0,146.0,5839.0,61.4,24.06,5.01
2017-08-15,9510,3004.0,146.0,5854.0,61.56,20.07,5.09
2017-08-16,9510,3030.0,146.0,5880.0,61.83,32.33,5.01
2017-08-17,9510,3063.0,147.0,5913.0,62.18,38.49,4.92
2017-08-18,9510,3096.0,147.0,5946.0,62.52,38.55,4.89
2017-08-19,9510,3123.0,147.0,5973.0,62.81,32.54,4.99
2017-08-20,9510,3148.0,147.0,5998.0,63.07,28.53,3.0
2017-08-22,9510,3200.0,147.0,6050.0,63.62,32.78,2.98
2017-08-23,9510,3223.0,147.0,6073.0,63.86,26.56,2.96
2017-08-24,9510,3242.0,147.0,6092.0,64.06,22.4,2.94
2017-08-25,9510,3259.0,147.0,6109.0,64.24,20.36,2.96
2017-08-26,9510,3284.0,148.0,6134.0,64.5,28.82,3.0
2017-08-27,9510,3330.0,148.0,6180.0,64.98,49.93,3.0
2017-08-28,9510,3393.0,148.0,6243.0,65.65,67.07,3.04
2017-08-29,9510,3444.0,148.0,6294.0,66.18,54.65,3.06
2017-08-30,9510,3502.0,149.0,6352.0,66.79,61.1,2.9
2017-08-31,9510,3581.0,149.0,6431.0,67.62,82.88,2.94
2017-09-01,9510,3642.0,149.0,6492.0,68.26,62.98,2.01
2017-09-02,9510,3700.0,150.0,6550.0,68.87,61.12,2.01
2017-09-03,9510,3754.0,150.0,6604.0,69.44,56.98,1.97
2017-09-04,9510,3824.0,150.0,6674.0,70.18,73.59,3.06
2017-09-05,9510,3879.0,150.0,6729.0,70.76,59.51,4.01
2017-09-06,9510,3916.0,151.0,6766.0,71.15,42.04,3.94
2017-09-07,9510,3956.0,151.0,6806.0,71.57,44.39,3.99
2017-09-08,9510,4005.0,151.0,6855.0,72.08,53.38,4.01
2017-09-09,9510,4056.0,151.0,6906.0,72.62,55.75,3.98
2017-09-10,9510,4102.0,151.0,6952.0,73.1,51.42,3.94
2017-09-11,9510,4138.0,152.0,6988.0,73.48,40.15,3.7
2017-09-12,9510,4176.0,152.0,7026.0,73.88,42.71,3.93
2017-09-13,9510,4214.0,152.0,7064.0,74.28,42.88,4.0
2017-09-14,9510,4244.0,152.0,7094.0,74.6,33.97,4.0
2017-09-15,9510,4268.0,152.0,7118.0,74.85,29.48,3.96
2017-09-16,9510,4291.0,152.0,7141.0,75.09,27.17,3.87
2017-09-17,9510,4350.0,152.0,7200.0,75.71,59.56,0.0
2017-09-18,9510,4393.0,153.0,7243.0,76.16,43.87,0.0
2017-09-20,9510,4468.0,153.0,7318.0,76.95,34.97,0.0
2017-09-21,9510,4493.0,153.0,7343.0,77.21,29.81,3.91
2017-09-23,9510,4532.0,153.0,7382.0,77.62,24.38,3.0
2017-09-24,9510,4555.0,153.0,7405.0,77.87,26.46,2.75
2017-09-25,9510,4576.0,153.0,7426.0,78.09,24.43,3.0
2017-09-26,9510,4594.0,154.0,7444.0,78.28,22.13,2.97
2017-09-27,9510,4615.0,154.0,7465.0,78.5,24.47,2.98
2017-09-28,9510,4638.0,154.0,7488.0,78.74,26.77,2.94
2017-09-30,9510,4675.0,154.0,7525.0,79.13,24.56,2.99
2017-10-01,9510,4698.0,154.0,7548.0,79.37,26.84,2.92
2017-10-02,9510,4731.0,154.0,7581.0,79.72,36.23,3.0
2017-10-03,9510,4751.0,154.0,7601.0,79.93,24.61,2.95
2017-10-04,9510,4777.0,154.0,7627.0,80.2,29.34,3.0
2017-10-05,9510,4812.0,154.0,7662.0,80.57,36.65,0.93
2017-10-06,9510,4840.0,155.0,7690.0,80.86,29.73,0.95
2017-10-07,9510,4870.0,155.0,7720.0,81.18,31.17,0.0
2017-10-08,9510,4901.0,155.0,7751.0,81.5,31.23,0.0
2017-10-09,9510,4934.0,155.0,7784.0,81.85,33.64,0.0
2017-10-10,9510,4964.0,155.0,7814.0,82.17,31.35,0.0
2017-10-11,9510,4995.0,155.0,7845.0,82.49,31.4,0.0
2017-10-12,9510,5023.0,155.0,7873.0,82.79,29.1,0.0
2017-10-13,9510,5066.0,156.0,7916.0,83.24,43.35,0.0
2017-10-14,9510,5099.0,156.0,7949.0,83.59,33.97,0.0
2017-10-15,9510,5128.0,156.0,7978.0,83.89,29.28,0.0
2017-10-16,9510,5163.0,156.0,8013.0,84.26,36.47,0.0
2017-10-17,9510,5199.0,156.0,8049.0,84.64,36.55,0.0
2017-10-18,9510,5254.0,156.0,8104.0,85.22,55.77,0.0
2017-10-19,9510,5290.0,157.0,8140.0,85.59,36.74,0.0
2017-10-20,9510,5314.0,157.0,8164.0,85.85,24.8,0.0
2017-10-21,9510,5338.0,157.0,8188.0,86.1,24.83,0.0
2017-10-22,9510,5360.0,157.0,8210.0,86.33,22.46,0.0
2017-10-23,9510,5379.0,157.0,8229.0,86.53,20.07,0.0
2017-10-24,9510,5405.0,157.0,8255.0,86.8,27.34,0.0
2017-10-25,9510,5425.0,157.0,8275.0,87.01,21.12,0.99
2017-10-26,9510,5444.0,157.0,8294.0,87.21,21.16,1.01
2017-10-27,9510,5461.0,157.0,8311.0,87.39,18.65,0.91
2017-10-28,9510,5481.0,157.0,8331.0,87.6,21.15,0.96
2017-10-29,9510,5500.0,157.0,8350.0,87.8,21.17,0.96
2017-10-30,9510,5515.0,157.0,8365.0,87.96,16.3,0.93
2017-10-31,9510,5527.0,157.0,8377.0,88.09,14.76,1.8
2017-11-01,9510,5539.0,152.0,8389.0,88.21,14.96,2.0
2017-11-02,9510,5546.0,151.0,8396.0,88.29,11.12,2.97
2017-11-03,9510,5556.0,150.0,8406.0,88.39,13.59,3.01
2017-11-04,9510,5563.0,158.0,8413.0,88.46,11.16,3.01
2017-11-05,9510,5570.0,158.0,8420.0,88.54,11.16,3.0
2017-11-06,9510,5575.0,158.0,8425.0,88.59,8.72,3.0
2017-11-07,9510,5580.0,158.0,8430.0,88.64,8.72,3.0
2017-11-08,9510,5588.0,158.0,8438.0,88.73,11.16,2.99
2017-11-09,9510,5592.0,158.0,8442.0,88.77,8.76,3.03
2017-11-10,9510,5597.0,158.0,8447.0,88.82,8.74,3.01
2017-11-11,9510,5607.0,158.0,8457.0,88.93,13.61,2.99
2017-11-12,9510,5612.0,158.0,8462.0,88.98,8.77,3.03
2017-11-13,9510,5619.0,158.0,8469.0,89.05,11.18,3.0
2017-11-14,9510,5627.0,158.0,8477.0,89.14,11.18,3.0
2017-11-15,9510,5634.0,158.0,8484.0,89.21,11.2,3.01
2017-11-16,9510,5639.0,158.0,8489.0,89.26,8.69,2.95
2017-11-17,9510,5644.0,158.0,8494.0,89.32,8.77,3.02
2017-11-18,9510,5649.0,158.0,8499.0,89.37,8.75,3.0
2017-11-19,9510,5654.0,158.0,8504.0,89.42,8.76,3.01
2017-11-20,9510,5661.0,158.0,8511.0,89.5,11.2,3.0
2017-11-21,9510,5663.0,158.0,8513.0,89.52,6.36,3.0
2017-11-22,9510,5666.0,158.0,8516.0,89.55,6.26,2.96
2017-11-23,9510,5671.0,158.0,8521.0,89.6,9.96,4.2
2017-11-24,9510,5673.0,158.0,8523.0,89.62,7.52,4.22
2017-11-25,9510,5673.0,158.0,8523.0,89.62,5.0,4.14
2017-11-26,9510,5673.0,158.0,8523.0,89.62,5.06,4.21
2017-11-27,9510,5673.0,158.0,8523.0,89.62,5.05,4.2
2017-11-28,9510,5673.0,158.0,8523.0,89.62,5.05,4.2
2017-11-30,9510,5678.0,158.0,8528.0,89.67,7.5,4.2
2017-12-01,9510,5676.0,149.0,8526.0,89.65,6.41,8.01
2017-12-02,9510,5673.0,148.0,8523.0,89.62,6.37,8.0
2017-12-03,9510,5668.0,158.0,8518.0,89.57,5.91,10.0
2017-12-04,9510,5663.0,158.0,8513.0,89.52,5.68,9.76
2017-12-05,9510,5654.0,158.0,8504.0,89.42,5.02,14.0
2017-12-06,9510,5644.0,158.0,8494.0,89.32,5.02,14.0
2017-12-07,9510,5632.0,158.0,8482.0,89.19,7.63,19.05
2017-12-08,9510,5619.0,158.0,8469.0,89.05,7.61,19.02
2017-12-09,9510,5602.0,158.0,8452.0,88.87,6.83,23.12
2017-12-10,9510,5585.0,158.0,8435.0,88.7,6.73,23.0
2017-12-11,9510,5568.0,158.0,8418.0,88.52,6.74,23.0
2017-12-12,9510,5551.0,158.0,8401.0,88.34,9.82,26.07
2017-12-13,9510,5536.0,158.0,8386.0,88.18,12.4,26.19
2017-12-14,9510,5519.0,157.0,8369.0,88.0,9.93,26.15
2017-12-15,9510,5500.0,157.0,8350.0,87.8,7.44,26.07
2017-12-16,9510,5478.0,157.0,8328.0,87.57,5.08,26.11
2017-12-17,9510,5456.0,157.0,8306.0,87.34,5.33,26.34
2017-12-18,9510,5435.0,157.0,8285.0,87.12,5.26,26.24
2017-12-19,9510,5408.0,157.0,8258.0,86.83,4.42,30.21
2017-12-20,9510,5381.0,157.0,8231.0,86.55,4.64,30.4
2017-12-21,9510,5350.0,157.0,8200.0,86.23,0.0,30.16
2017-12-23,9510,5302.0,157.0,8152.0,85.72,6.97,30.2
2017-12-24,9510,5278.0,156.0,8128.0,85.47,6.8,30.0
2017-12-25,9510,5256.0,156.0,8106.0,85.24,9.22,30.0
2017-12-26,9510,5230.0,156.0,8080.0,84.96,4.48,30.02
2017-12-27,9510,5204.0,156.0,8054.0,84.69,3.77,29.26
2017-12-28,9510,5180.0,156.0,8030.0,84.44,6.96,30.03
2017-12-29,9510,5158.0,156.0,8008.0,84.21,9.39,30.05
2017-12-30,9510,5139.0,156.0,7989.0,84.01,11.78,30.04
2017-12-31,9510,5118.0,156.0,7968.0,83.79,9.44,30.05
2018-01-01,9510,5097.0,156.0,7947.0,83.56,8.75,29.33
2018-01-02,9510,5073.0,156.0,7923.0,83.31,7.15,30.0
2018-01-03,9510,5049.0,155.0,7899.0,83.06,5.0,27.82
2018-01-04,9510,5030.0,155.0,7880.0,82.86,8.08,26.14
2018-01-05,9510,5011.0,155.0,7861.0,82.66,8.13,26.17
2018-01-06,9510,4993.0,155.0,7843.0,82.47,8.11,26.13
2018-01-07,9510,4969.0,155.0,7819.0,82.22,3.29,26.0
2018-01-08,9510,4948.0,155.0,7798.0,82.0,5.68,26.01
2018-01-09,9510,4929.0,155.0,7779.0,81.8,7.46,25.42
2018-01-10,9510,4908.0,155.0,7758.0,81.58,4.81,25.09
2018-01-11,9510,4891.0,155.0,7741.0,81.4,9.6,25.16
2018-01-12,9510,4870.0,155.0,7720.0,81.18,4.79,25.03
2018-01-13,9510,4847.0,155.0,7697.0,80.94,2.46,25.01
2018-01-14,9510,4826.0,155.0,7676.0,80.72,4.9,25.08
2018-01-15,9510,4807.0,154.0,7657.0,80.52,7.38,25.2
2018-01-16,9510,4784.0,154.0,7634.0,80.27,4.6,27.07
2018-01-17,9510,4761.0,154.0,7611.0,80.03,4.69,27.12
2018-01-18,9510,4737.0,154.0,7587.0,79.78,4.82,27.21
2018-01-19,9510,4714.0,154.0,7564.0,79.54,4.57,26.93
2018-01-20,9510,4691.0,154.0,7541.0,79.3,4.89,27.23
2018-01-21,9510,4670.0,154.0,7520.0,79.07,7.11,27.1
2018-01-22,9510,4652.0,154.0,7502.0,78.89,9.39,27.05
2018-01-23,9510,4629.0,154.0,7479.0,78.64,3.85,26.1
2018-01-24,9510,4606.0,154.0,7456.0,78.4,4.86,27.09
2018-01-25,9510,4583.0,153.0,7433.0,78.16,4.9,27.09
2018-01-26,9510,4560.0,153.0,7410.0,77.92,5.03,27.19
2018-01-27,9510,4537.0,153.0,7387.0,77.68,4.83,26.96
2018-01-28,9510,4514.0,153.0,7364.0,77.43,5.04,27.14
2018-01-29,9510,4491.0,153.0,7341.0,77.19,4.98,27.04
2018-01-30,9510,4468.0,153.0,7318.0,76.95,5.16,27.19
2018-01-31,9510,4450.0,153.0,7300.0,76.76,9.72,27.15
2018-02-01,9510,4425.0,153.0,7275.0,76.5,2.87,27.12
2018-02-02,9510,4400.0,153.0,7250.0,76.24,3.07,27.0
2018-02-03,9510,4375.0,153.0,7225.0,75.97,3.12,27.0
2018-02-05,9510,4327.0,152.0,7177.0,75.47,3.26,27.08
2018-02-06,9510,4300.0,152.0,7150.0,75.18,0.97,27.0
2018-02-07,9510,4273.0,152.0,7123.0,74.9,1.1,27.08
2018-02-08,9510,4246.0,152.0,7096.0,74.62,1.18,27.12
2018-02-09,9510,4219.0,152.0,7069.0,74.33,1.28,27.18
2018-02-10,9510,4194.0,152.0,7044.0,74.07,3.57,27.18
2018-02-11,9510,4172.0,152.0,7022.0,73.84,5.81,27.14
2018-02-12,9510,4145.0,152.0,6995.0,73.55,1.25,27.03
2018-02-13,9510,4118.0,151.0,6968.0,73.27,1.37,27.09
2018-02-14,9510,4093.0,151.0,6943.0,73.01,3.57,27.02
2018-02-15,9510,4069.0,151.0,6919.0,72.75,4.14,27.55
2018-02-16,9510,4042.0,151.0,6892.0,72.47,1.41,27.01
2018-02-17,9510,4018.0,151.0,6868.0,72.22,3.66,26.99
2018-02-18,9510,3993.0,151.0,6843.0,71.96,3.74,27.04
2018-02-19,9510,3969.0,151.0,6819.0,71.7,3.66,26.91
2018-02-20,9510,3943.0,151.0,6793.0,71.43,1.66,27.08
2018-02-21,9510,3918.0,151.0,6768.0,71.17,3.88,27.05
2018-02-22,9510,3894.0,150.0,6744.0,70.91,3.9,27.03
2018-02-23,9510,3870.0,150.0,6720.0,70.66,3.93,27.02
2018-02-24,9510,3848.0,150.0,6698.0,70.43,6.26,27.13
2018-02-25,9510,3831.0,150.0,6681.0,70.25,10.55,27.01
2018-02-26,9510,3809.0,150.0,6659.0,70.02,6.27,27.08
2018-02-27,9510,3787.0,150.0,6637.0,69.79,6.42,27.19
2018-02-28,9510,3769.0,150.0,6619.0,69.6,10.78,27.17
2018-03-01,9510,3750.0,150.0,6600.0,69.4,8.5,27.04
2018-03-02,9510,3730.0,150.0,6580.0,69.19,8.64,27.15
2018-03-03,9510,3713.0,150.0,6563.0,69.01,10.63,26.95
2018-03-04,9510,3691.0,150.0,6541.0,68.78,6.48,27.11
2018-03-05,9510,3667.0,149.0,6517.0,68.53,4.38,27.13
2018-03-06,9510,3646.0,149.0,6496.0,68.31,4.87,25.43
2018-03-07,9510,3624.0,149.0,6474.0,68.08,4.55,25.08
2018-03-08,9510,3601.0,149.0,6451.0,67.83,2.33,24.98
2018-03-09,9510,3579.0,149.0,6429.0,67.6,4.59,25.06
2018-03-10,9510,3555.0,149.0,6405.0,67.35,2.42,25.0
2018-03-11,9510,3532.0,149.0,6382.0,67.11,2.55,25.08
2018-03-12,9510,3508.0,149.0,6358.0,66.86,2.5,25.0
2018-03-13,9510,3485.0,149.0,6335.0,66.61,2.59,25.04
2018-03-14,9510,3461.0,148.0,6311.0,66.36,2.61,25.02
2018-03-15,9510,3440.0,148.0,6290.0,66.14,2.77,23.01
2018-03-16,9510,3419.0,148.0,6269.0,65.92,2.99,23.2
2018-03-17,9510,3400.0,148.0,6250.0,65.72,5.1,23.16
2018-03-18,9510,3381.0,148.0,6231.0,65.52,5.04,23.07
2018-03-19,9510,3362.0,148.0,6212.0,65.32,5.17,23.17
2018-03-20,9510,3343.0,148.0,6193.0,65.12,5.25,23.23
2018-03-21,9510,3324.0,148.0,6174.0,64.92,5.13,23.08
2018-03-22,9510,3303.0,148.0,6153.0,64.7,3.12,23.15
2018-03-23,9510,3282.0,148.0,6132.0,64.48,3.15,23.14
2018-03-24,9510,3261.0,147.0,6111.0,64.26,2.82,22.78
2018-03-25,9510,3238.0,147.0,6088.0,64.02,1.11,23.13
2018-03-26,9510,3215.0,147.0,6065.0,63.77,1.15,23.13
2018-03-27,9510,3196.0,147.0,6046.0,63.58,4.24,22.01
2018-03-28,9510,3175.0,147.0,6025.0,63.35,2.22,22.04
2018-03-29,9510,3158.0,147.0,6008.0,63.18,6.37,22.0
2018-03-30,9510,3140.0,147.0,5990.0,62.99,4.45,22.14
2018-03-31,9510,3121.0,147.0,5971.0,62.79,4.35,22.0
2018-04-01,9510,3103.0,147.0,5953.0,62.6,4.37,22.0
2018-04-02,9510,3084.0,147.0,5934.0,62.4,3.84,21.28
2018-04-03,9510,3063.0,147.0,5913.0,62.18,2.64,22.11
2018-04-04,9510,3047.0,146.0,5897.0,62.01,2.68,18.0
2018-04-05,9510,3030.0,146.0,5880.0,61.83,2.7,18.0
2018-04-06,9510,3020.0,146.0,5870.0,61.72,8.95,18.07
2018-04-07,9510,3006.0,146.0,5856.0,61.58,4.72,17.94
2018-04-08,9510,2987.0,146.0,5837.0,61.38,0.71,18.01
2018-04-09,9510,2969.0,146.0,5819.0,61.19,0.77,18.04
2018-04-10,9510,2950.0,146.0,5800.0,60.99,2.32,19.56
2018-04-11,9510,2940.0,146.0,5790.0,60.88,10.48,19.54
2018-04-12,9510,2926.0,146.0,5776.0,60.74,6.74,19.86
2018-04-13,9510,2910.0,146.0,5760.0,60.57,4.42,19.56
2018-04-14,9510,2893.0,146.0,5743.0,60.39,4.56,19.67
2018-04-15,9510,2877.0,146.0,5727.0,60.22,4.45,19.55
2018-04-16,9510,2861.0,146.0,5711.0,60.05,4.36,19.44
2018-04-17,9510,2845.0,14.0,5695.0,59.88,4.52,19.58
2018-04-18,9510,2827.0,145.0,5677.0,59.7,5.98,23.03
2018-04-19,9510,2813.0,145.0,5663.0,59.55,10.06,23.05
2018-04-20,9510,2796.0,145.0,5646.0,59.37,8.03,23.01
2018-04-21,9510,2782.0,145.0,5632.0,59.22,10.1,23.05
2018-04-22,9510,2766.0,145.0,5616.0,59.05,8.2,23.15
2018-04-23,9510,2750.0,145.0,5600.0,58.89,8.16,23.08
2018-04-24,9510,2732.0,145.0,5582.0,58.7,6.22,23.12
2018-04-25,9510,2714.0,145.0,5564.0,58.51,6.13,22.99
2018-04-26,9510,2694.0,145.0,5544.0,58.3,4.36,23.2
2018-04-27,9510,2676.0,145.0,5526.0,58.11,6.15,22.95
2018-04-28,9510,2660.0,145.0,5510.0,57.94,8.41,23.21
2018-04-29,9510,2714.0,145.0,5564.0,58.51,6.13,22.99
2018-04-30,9510,2627.0,144.0,5477.0,57.59,6.37,23.11
2018-05-01,9510,2617.0,144.0,5467.0,57.49,14.45,23.24
2018-05-02,9510,2601.0,144.0,5451.0,57.32,8.36,23.08
2018-05-03,9510,2587.0,144.0,5437.0,57.17,10.22,22.94
2018-05-04,9510,2573.0,144.0,5423.0,57.02,7.47,20.18
2018-05-05,9510,2566.0,144.0,5416.0,56.95,9.29,16.07
2018-05-06,9510,2556.0,144.0,5406.0,56.85,7.47,16.22
2018-05-07,9510,2548.0,144.0,5398.0,56.76,9.32,16.09
2018-05-08,9510,2540.0,144.0,5390.0,56.68,9.29,16.06
2018-05-09,9510,2530.0,144.0,5380.0,56.57,7.19,15.91
2018-05-10,9510,2518.0,144.0,5368.0,56.45,5.43,16.11
2018-05-11,9510,2507.0,144.0,5357.0,56.33,5.34,16.0
2018-05-12,9510,2493.0,144.0,5343.0,56.18,3.4,16.0
2018-05-13,9510,2479.0,144.0,5329.0,56.04,3.45,16.04
2018-05-14,9510,2468.0,144.0,5318.0,55.92,5.4,16.02
2018-05-15,9510,2454.0,143.0,5304.0,55.77,7.45,20.0
2018-05-16,9510,2440.0,143.0,5290.0,55.63,7.6,20.14
2018-05-17,9510,2427.0,143.0,5277.0,55.49,7.6,20.1
2018-05-18,9510,2406.0,143.0,5256.0,55.27,2.84,23.1
2018-05-19,9510,2386.0,143.0,5236.0,55.06,8.83,27.11
2018-05-20,9510,2371.0,143.0,5221.0,54.9,12.65,27.02
2018-05-21,9510,2350.0,143.0,5200.0,54.68,7.01,27.15
2018-05-22,9510,2332.0,143.0,5182.0,54.49,10.87,27.08
2018-05-23,9510,2315.0,143.0,5165.0,54.31,8.06,24.28
2018-05-24,9510,2302.0,143.0,5152.0,54.17,11.77,24.14
2018-05-25,9510,2288.0,143.0,5138.0,54.03,11.71,24.09
2018-05-26,9510,2275.0,143.0,5125.0,53.89,11.71,24.02
2018-05-27,9510,2260.0,142.0,5110.0,53.73,9.71,23.91
2018-05-28,9510,2242.0,142.0,5092.0,53.54,8.2,24.28
2018-05-29,9510,2229.0,142.0,5079.0,53.41,11.89,24.13
2018-05-30,9510,2214.0,142.0,5064.0,53.25,9.99,24.15
2018-05-31,9510,2201.0,142.0,5051.0,53.11,11.79,24.0
2018-06-01,9510,2189.0,142.0,5039.0,52.99,13.77,24.07
2018-06-02,9510,2180.0,142.0,5030.0,52.89,11.5,20.16
2018-06-03,9510,2169.0,142.0,5019.0,52.78,9.51,20.05
2018-06-04,9510,2159.0,142.0,5009.0,52.67,7.41,16.05
2018-06-05,9510,2148.0,142.0,4998.0,52.56,5.31,15.83
2018-06-06,9510,2140.0,142.0,4990.0,52.47,7.47,14.2
2018-06-07,9510,2135.0,142.0,4985.0,52.42,9.28,14.15
2018-06-08,9510,2129.0,142.0,4979.0,52.36,9.16,14.01
2018-06-09,9510,2123.0,142.0,4973.0,52.29,9.31,14.16
2018-06-10,9510,2122.0,142.0,4972.0,52.28,16.84,17.94
2018-06-11,9510,2114.0,142.0,4964.0,52.2,11.3,18.03
2018-06-12,9510,2116.0,142.0,4966.0,52.22,22.77,20.1
2018-06-13,9510,2110.0,142.0,4960.0,52.16,14.97,19.81
2018-06-14,9510,2103.0,142.0,4953.0,52.08,13.45,20.16
2018-06-15,9510,2097.0,142.0,4947.0,52.02,15.27,20.1
2018-06-16,9510,2090.0,142.0,4940.0,51.95,13.5,20.2
2018-06-17,9510,2082.0,142.0,4932.0,51.86,13.41,20.11
2018-06-18,9510,2069.0,141.0,4919.0,51.72,7.74,20.02
2018-06-19,9510,2064.0,141.0,4914.0,51.67,15.34,20.15
2018-06-20,9510,2060.0,141.0,4910.0,51.63,17.15,20.09
2018-06-21,9510,2069.0,141.0,4919.0,51.72,30.12,20.04
2018-06-22,9510,2075.0,142.0,4925.0,51.79,26.55,20.19
2018-06-23,9510,2088.0,142.0,4938.0,51.92,33.91,20.08
2018-06-24,9510,2092.0,142.0,4942.0,51.97,24.22,19.71
2018-06-25,9510,2086.0,142.0,4936.0,51.9,15.39,20.22
2018-06-26,9510,2084.0,142.0,4934.0,51.88,18.92,20.0
2018-06-27,9510,2097.0,142.0,4947.0,52.02,33.97,20.12
2018-06-28,9510,2129.0,142.0,4979.0,52.36,52.71,20.09
2018-06-29,9510,2170.0,142.0,5020.0,52.79,58.21,16.04
2018-06-30,9510,2201.0,142.0,5051.0,53.11,43.03,12.02
2018-07-01,9510,2225.0,142.0,5075.0,53.36,37.37,11.96
2018-07-02,9510,2242.0,142.0,5092.0,53.54,29.71,11.97
2018-07-03,9510,2252.0,142.0,5102.0,53.65,22.31,12.15
2018-07-04,9510,2258.0,142.0,5108.0,53.71,18.49,12.12
2018-07-05,9510,2263.0,143.0,5113.0,53.76,18.39,12.03
2018-07-06,9510,2267.0,143.0,5117.0,53.81,16.65,12.19
2018-07-07,9510,2269.0,143.0,5119.0,53.83,14.59,12.03
2018-07-08,9510,2269.0,143.0,5119.0,53.83,12.75,12.1
2018-07-09,9510,2263.0,143.0,5113.0,53.76,11.12,16.19
2018-07-10,9510,2252.0,142.0,5102.0,53.65,9.22,20.0
2018-07-11,9510,2246.0,142.0,5096.0,53.59,14.94,20.0
2018-07-12,9510,2244.0,142.0,5094.0,53.56,20.75,22.0
2018-07-13,9510,2246.0,142.0,5096.0,53.59,24.55,21.99
2018-07-14,9510,2290.0,143.0,5140.0,54.05,64.54,20.02
2018-07-15,9510,2305.0,143.0,5155.0,54.21,35.81,19.85
2018-07-16,9510,2311.0,143.0,5161.0,54.27,26.64,20.24
2018-07-17,9510,2309.0,143.0,5159.0,54.25,18.88,20.14
2018-07-18,9510,2315.0,143.0,5165.0,54.31,26.37,19.98
2018-07-19,9510,2346.0,143.0,5196.0,54.64,51.33,19.95
2018-07-20,9510,2365.0,143.0,5215.0,54.84,35.88,15.98
2018-07-21,9510,2386.0,143.0,5236.0,55.06,38.04,16.16
2018-07-22,9510,2442.0,143.0,5292.0,55.65,66.97,10.11
2018-07-23,9510,2536.0,144.0,5386.0,56.64,100.0,10.0
2018-07-24,9510,2655.0,145.0,5505.0,57.89,128.95,9.85
2018-07-25,9510,2738.0,145.0,5588.0,58.76,94.36,9.96
2018-07-26,9510,2805.0,145.0,5655.0,59.46,76.96,10.01
2018-07-27,9510,2896.0,146.0,5746.0,60.42,101.69,9.99
2018-07-28,9510,2987.0,146.0,5837.0,61.38,102.46,9.99
2018-07-29,9510,3080.0,147.0,5930.0,62.36,103.19,9.96
2018-07-30,9510,3186.0,147.0,6036.0,63.47,121.47,15.01
2018-07-31,9510,3288.0,148.0,6138.0,64.54,123.16,19.95
2018-08-01,9510,3368.0,148.0,6218.0,65.38,104.79,24.0
2018-08-02,9510,3421.0,148.0,6271.0,65.94,76.9,23.29
2018-08-03,9510,3451.0,148.0,6301.0,66.26,57.86,27.45
2018-08-04,9510,3474.0,148.0,6324.0,66.5,56.11,32.02
2018-08-05,9510,3485.0,149.0,6335.0,66.61,43.22,31.89
2018-08-06,9510,3513.0,149.0,6363.0,66.91,60.46,32.03
2018-08-07,9510,3519.0,149.0,6369.0,66.97,38.94,31.86
2018-08-08,9510,3519.0,149.0,6369.0,66.97,34.77,34.1
2018-08-09,9510,3515.0,149.0,6365.0,66.93,30.43,34.05
2018-08-10,9510,3510.0,149.0,6360.0,66.88,30.39,34.01
2018-08-11,9510,3525.0,149.0,6375.0,67.03,46.59,30.97
2018-08-12,9510,3534.0,149.0,6384.0,67.13,37.06,27.83
2018-08-13,9510,3540.0,149.0,6390.0,67.19,32.02,24.93
2018-08-14,9510,3547.0,149.0,6397.0,67.27,32.1,25.0
2018-08-15,9510,3549.0,149.0,6399.0,67.29,28.03,25.22
2018-08-16,9510,3558.0,149.0,6408.0,67.38,31.29,22.05
2018-08-17,9510,3564.0,149.0,6414.0,67.44,26.21,19.11
2018-08-18,9510,3579.0,149.0,6429.0,67.6,31.43,15.73
2018-08-19,9510,3700.0,150.0,6550.0,68.87,137.54,16.0
2018-08-20,9510,3850.0,150.0,6700.0,70.45,171.02,19.94
2018-08-21,9510,3987.0,151.0,6837.0,71.89,162.38,25.17
2018-08-22,9510,4053.0,151.0,6903.0,72.59,97.11,29.89
2018-08-23,9510,4093.0,151.0,6943.0,73.01,70.91,30.15
2018-08-24,9510,4138.0,152.0,6988.0,73.48,75.36,30.02
2018-08-25,9510,4190.0,152.0,7040.0,74.03,82.23,30.03
2018-08-26,9510,4226.0,152.0,7076.0,74.41,66.74,30.11
2018-08-27,9510,4264.0,152.0,7114.0,74.81,68.76,29.78
2018-08-28,9510,4298.0,152.0,7148.0,75.16,64.35,29.79
2018-08-29,9510,4329.0,152.0,7179.0,75.49,62.37,30.0
2018-08-30,9510,4356.0,153.0,7206.0,75.77,57.97,30.07
2018-08-31,9510,4381.0,153.0,7231.0,76.04,55.76,30.08
2018-09-01,9510,4404.0,153.0,7254.0,76.28,53.49,30.04
2018-09-02,9510,4422.0,153.0,7272.0,76.47,43.93,24.97
2018-09-03,9510,4441.0,153.0,7291.0,76.67,41.0,22.02
2018-09-04,9510,4466.0,153.0,7316.0,76.93,44.98,19.13
2018-09-05,9510,4541.0,153.0,7391.0,77.72,92.3,16.0
2018-09-06,9510,4596.0,154.0,7446.0,78.3,70.87,14.96
2018-09-07,9510,4649.0,154.0,7499.0,78.85,68.87,15.07
2018-09-08,9510,4700.0,154.0,7550.0,79.39,63.7,12.04
2018-09-09,9510,4749.0,154.0,7599.0,79.91,58.54,9.03
2018-09-10,9510,4786.0,154.0,7636.0,80.29,47.06,9.06
2018-09-11,9510,4819.0,155.0,7669.0,80.64,42.54,9.12
2018-09-12,9510,4849.0,155.0,7699.0,80.96,40.43,9.29
2018-09-13,9510,4875.0,155.0,7725.0,81.23,35.61,9.09
2018-09-14,9510,4901.0,155.0,7751.0,81.5,35.87,9.31
2018-09-15,9510,4941.0,155.0,7791.0,81.92,49.79,9.1
2018-09-16,9510,4962.0,155.0,7812.0,82.15,30.97,9.02
2018-09-17,9510,4983.0,155.0,7833.0,82.37,31.05,9.07
2018-09-18,9510,5004.0,155.0,7854.0,82.59,31.01,9.0
2018-09-19,9510,5023.0,155.0,7873.0,82.79,28.7,9.03
2018-09-20,9510,5099.0,156.0,7949.0,83.59,85.63,9.07
2018-09-21,9510,5144.0,156.0,7994.0,84.06,54.85,8.91
2018-09-22,9510,5173.0,156.0,8023.0,84.36,38.39,9.02
2018-09-23,9510,5199.0,156.0,8049.0,84.64,36.05,9.01
2018-09-24,9510,5223.0,156.0,8073.0,84.89,31.68,7.01
2018-09-25,9510,5242.0,156.0,8092.0,85.09,27.02,7.1
2018-09-26,9510,5256.0,156.0,8106.0,85.24,22.16,7.0
2018-09-27,9510,5271.0,156.0,8121.0,85.39,22.17,6.99
2018-09-28,9510,5285.0,156.0,8135.0,85.54,24.2,9.02
2018-09-29,9510,5297.0,157.0,8147.0,85.67,21.8,9.0
2018-09-30,9510,5307.0,157.0,8157.0,85.77,19.25,8.84
2018-10-01,9510,5328.0,157.0,8178.0,85.99,31.43,9.01
2018-10-02,9510,5369.0,157.0,8219.0,86.42,50.78,9.06
2018-10-03,9510,5389.0,157.0,8239.0,86.64,29.32,9.23
2018-10-04,9510,5405.0,157.0,8255.0,86.8,26.65,8.95
2018-10-05,9510,5415.0,157.0,8265.0,86.91,19.43,8.97
2018-10-06,9510,5425.0,157.0,8275.0,87.01,19.41,8.94
2018-10-07,9510,5432.0,157.0,8282.0,87.09,17.09,9.03
2018-10-08,9510,5439.0,157.0,8289.0,87.16,17.03,8.98
2018-10-09,9510,5447.0,157.0,8297.0,87.25,17.07,9.0
2018-10-10,9510,5451.0,157.0,8301.0,87.29,14.64,9.0
2018-10-11,9510,5459.0,157.0,8309.0,87.37,17.08,9.02
2018-10-12,9510,5461.0,157.0,8311.0,87.39,12.06,8.84
2018-10-13,9510,5466.0,157.0,8316.0,87.44,14.55,8.91
2018-10-14,9510,5468.0,157.0,8318.0,87.47,12.13,8.9
2018-10-15,9510,5473.0,157.0,8323.0,87.52,14.62,8.99
2018-10-16,9510,5478.0,157.0,8328.0,87.57,14.64,8.99
2018-10-17,9510,5481.0,157.0,8331.0,87.6,12.11,8.89
2018-10-18,9510,5481.0,157.0,8331.0,87.6,10.0,9.2
2018-10-19,9510,5483.0,157.0,8333.0,87.62,14.22,9.99
2018-10-20,9510,5483.0,157.0,8333.0,87.62,11.8,11.0
2018-10-21,9510,5481.0,157.0,8331.0,87.6,9.24,10.87
2018-10-22,9510,5483.0,157.0,8333.0,87.62,14.24,11.01
2018-10-23,9510,5485.0,157.0,8335.0,87.64,14.11,10.88
2018-10-24,9510,5490.0,157.0,8340.0,87.7,16.57,10.91
2018-10-25,9510,5493.0,157.0,8343.0,87.73,14.25,11.02
2018-10-26,9510,5493.0,157.0,8343.0,87.73,9.54,8.74
2018-10-27,9510,5498.0,157.0,8348.0,87.78,14.57,8.93
2018-10-28,9510,5502.0,157.0,8352.0,87.82,14.66,9.0
2018-10-29,9510,5502.0,157.0,8352.0,87.82,11.72,10.92
2018-10-30,9510,5500.0,157.0,8350.0,87.8,9.26,10.9
2018-10-31,9510,5499.93,157.37,8349.93,87.8,11.69,10.88
2018-11-01,9510,5497.5,157.36,8347.5,87.78,9.31,10.95
2018-11-02,9510,5492.65,157.34,8342.65,87.73,7.86,11.87
2018-11-03,9510,5487.8,157.32,8337.8,87.67,8.05,12.07
2018-11-04,9510,5485.37,157.31,8335.37,87.65,10.42,12.01
2018-11-05,9510,5480.52,157.29,8330.52,87.6,7.98,11.99
2018-11-06,9510,5475.67,157.27,8325.67,87.55,8.98,12.99
2018-11-07,9510,5468.4,157.24,8318.4,87.47,6.47,12.91
2018-11-08,9510,5463.55,157.22,8313.55,87.42,8.76,12.77
2018-11-09,9510,5458.7,157.2,8308.7,87.37,9.0,13.0
2018-11-10,9510,5453.86,157.18,8303.86,87.32,9.0,12.99
2018-11-11,9510,5446.6,157.15,8296.6,87.24,6.57,12.99
2018-11-12,9510,5439.33,157.12,8289.33,87.16,10.51,16.94
2018-11-13,9510,5427.24,157.07,8277.24,87.04,8.76,20.01
2018-11-14,9510,5415.15,157.02,8265.15,86.91,8.67,19.91
2018-11-15,9510,5405.49,156.98,8255.49,86.81,11.17,20.0
2018-11-16,9510,5395.83,156.94,8245.83,86.71,11.1,19.92
2018-11-17,9510,5383.77,156.89,8233.77,86.58,8.75,19.98
2018-11-18,9510,5371.71,156.84,8221.71,86.45,8.94,20.17
2018-11-19,9510,5359.66,156.79,8209.66,86.33,8.8,20.02
2018-11-20,9510,5345.21,156.73,8195.21,86.17,8.07,21.69
2018-11-21,9510,5330.78,156.67,8180.78,86.02,7.99,21.59
2018-11-22,9510,5316.35,156.61,8166.35,85.87,7.93,21.53
2018-11-23,9510,5301.94,156.55,8151.94,85.72,8.0,21.58
2018-11-24,9510,5285.14,156.48,8135.14,85.54,4.05,20.01
2018-11-25,9510,5270.76,156.42,8120.76,85.39,6.44,19.99
2018-11-26,9510,5256.38,156.36,8106.38,85.24,6.38,19.93
2018-11-27,9510,5239.63,156.29,8089.63,85.06,6.07,22.0
2018-11-28,9510,5222.89,156.22,8072.89,84.89,6.14,22.06
2018-11-29,9510,5206.16,156.15,8056.16,84.71,6.1,22.0
2018-11-30,9510,5189.46,156.08,8039.46,84.54,6.21,22.1
2018-12-01,9510,5172.76,156.01,8022.76,84.36,6.14,22.02
2018-12-02,9510,5156.09,155.94,8006.09,84.19,6.12,22.0
2018-12-03,9510,5141.81,155.88,7991.81,84.04,6.5,19.99
2018-12-04,9510,5128.0,156.0,7978.0,83.89,6.53,20.01
2018-12-05,9510,5115.66,155.77,7965.66,83.76,6.92,18.03
2018-12-06,9510,5099.04,155.7,7949.04,83.59,6.97,22.81
2018-12-07,9510,5077.7,155.61,7927.7,83.36,5.36,25.92
2018-12-08,9510,5054.01,155.51,7904.01,83.11,5.12,28.03
2018-12-09,9510,5032.72,155.42,7882.72,82.89,4.36,24.86
2018-12-10,9510,5009.0,155.0,7859.0,82.64,5.19,28.03
2018-12-11,9510,4986.0,155.0,7836.0,82.4,3.45,26.27
2018-12-12,9510,4969.0,155.0,7819.0,82.22,10.55,26.27
2018-12-16,9510,4880.0,155.0,7730.0,81.28,5.53,25.86
2018-12-17,9510,4859.0,155.0,7709.0,81.06,5.74,26.03
2018-12-18,9510,4840.0,155.0,7690.0,80.86,8.07,26.01
2018-12-19,9510,4817.0,155.0,7667.0,80.62,5.81,26.07
2018-12-20,9510,4796.0,154.0,7646.0,80.4,5.81,26.03
2018-12-21,9510,4775.0,154.0,7625.0,80.18,5.84,26.04
2018-12-22,9510,4756.0,154.0,7606.0,79.98,8.11,25.97
2018-12-23,9510,4735.0,154.0,7585.0,79.76,6.03,26.19
2018-12-24,9510,4712.0,154.0,7562.0,79.52,3.45,25.9
2018-12-25,9510,4686.0,154.0,7536.0,79.24,1.27,26.21
2018-12-26,9510,4663.0,154.0,7513.0,79.0,3.86,26.23
2018-12-27,9510,4640.0,154.0,7490.0,78.76,3.78,26.13
2018-12-28,9510,4619.0,154.0,7469.0,78.54,6.01,26.01
2018-12-29,9510,4596.0,154.0,7446.0,78.3,3.82,26.11
2018-12-30,9510,4573.0,153.0,7423.0,78.05,3.45,25.7
2018-12-31,9510,4553.0,153.0,7403.0,77.84,6.27,26.19
2019-01-01,9510,4532.0,153.0,7382.0,77.62,6.15,26.06
2019-01-02,9510,4509.0,153.0,7359.0,77.38,4.35,26.43
2019-01-03,9510,4486.0,153.0,7336.0,77.14,4.12,26.17
2019-01-04,9510,4463.0,153.0,7313.0,76.9,4.11,26.14
2019-01-05,9510,4443.0,153.0,7293.0,76.69,6.23,25.95
2019-01-06,9510,4420.0,153.0,7270.0,76.45,4.05,26.02
2019-01-07,9510,4402.0,153.0,7252.0,76.26,5.61,23.0
2019-01-08,9510,4384.0,153.0,7234.0,76.07,7.64,25.0
2019-01-09,9510,4363.0,153.0,7213.0,75.85,5.32,24.93
2019-01-10,9510,4343.0,152.0,7193.0,75.64,5.41,25.0
2019-01-11,9510,4329.0,152.0,7179.0,75.49,12.23,25.01
2019-01-12,9510,4313.0,152.0,7163.0,75.32,10.07,25.1
2019-01-13,9510,4293.0,152.0,7143.0,75.11,5.66,25.17
2019-01-14,9510,4268.0,152.0,7118.0,74.85,3.06,27.07
2019-01-15,9510,4244.0,152.0,7094.0,74.6,3.15,27.11
2019-01-16,9510,4219.0,152.0,7069.0,74.33,3.24,27.17
2019-01-17,9510,4194.0,152.0,7044.0,74.07,4.3,28.2
2019-01-18,9510,4169.0,152.0,7019.0,73.81,4.26,28.12
2019-01-19,9510,4145.0,152.0,6995.0,73.55,4.31,28.12
2019-01-20,9510,4120.0,151.0,6970.0,73.29,3.95,27.73
2019-01-21,9510,4093.0,151.0,6943.0,73.01,2.14,28.1
2019-01-22,9510,4069.0,151.0,6919.0,72.75,2.45,26.15
2019-01-23,9510,4044.0,151.0,6894.0,72.49,2.42,26.08
2019-01-24,9510,4020.0,151.0,6870.0,72.24,2.42,26.04
2019-01-25,9510,3996.0,151.0,6846.0,71.99,2.49,26.06
2019-01-26,9510,3971.0,151.0,6821.0,71.72,3.48,27.02
2019-01-27,9510,3947.0,151.0,6797.0,71.47,3.62,27.13
2019-01-28,9510,3923.0,151.0,6773.0,71.22,3.54,27.01
2019-01-29,9510,3896.0,150.0,6746.0,70.94,2.48,28.11
2019-01-30,9510,3866.0,150.0,6716.0,70.62,2.1,32.06
2019-01-31,9510,3835.0,150.0,6685.0,70.29,2.32,32.21
2019-02-01,9510,3804.0,150.0,6654.0,69.97,2.4,32.23
2019-02-03,9510,3743.0,150.0,6593.0,69.33,2.96,32.38
2019-02-05,9510,3689.0,149.0,6539.0,68.76,2.92,25.73
2019-02-06,9510,3665.0,149.0,6515.0,68.51,3.37,26.14
2019-02-07,9510,3639.0,149.0,6489.0,68.23,1.3,26.18
2019-02-08,9510,3616.0,149.0,6466.0,67.99,3.43,26.1
2019-02-09,9510,3592.0,149.0,6442.0,67.74,3.49,26.12
2019-02-10,9510,3568.0,149.0,6418.0,67.49,3.47,26.07
2019-02-11,9510,3545.0,149.0,6395.0,67.25,3.44,25.99
2019-02-12,9510,3523.0,149.0,6373.0,67.01,3.64,24.02
2019-02-13,9510,3502.0,149.0,6352.0,66.79,3.38,23.72
2019-02-14,9510,3481.0,149.0,6331.0,66.57,3.82,24.13
2019-02-15,9510,3459.0,148.0,6309.0,66.34,3.64,23.92
2019-02-16,9510,3438.0,148.0,6288.0,66.12,3.91,24.16
2019-02-17,9510,3417.0,148.0,6267.0,65.9,3.82,24.03
2019-02-18,9510,3398.0,148.0,6248.0,65.7,5.99,24.05
2019-02-20,9510,3355.0,148.0,6205.0,65.25,2.4,22.51
2019-02-21,9510,3334.0,148.0,6184.0,65.03,2.52,22.6
2019-02-22,9510,3313.0,148.0,6163.0,64.81,2.58,22.63
2019-02-23,9510,3292.0,148.0,6142.0,64.58,2.54,22.55
2019-02-24,9510,3271.0,148.0,6121.0,64.36,2.1,22.09
2019-02-25,9510,3250.0,147.0,6100.0,64.14,2.68,22.62
2019-02-26,9510,3229.0,147.0,6079.0,63.92,2.25,22.17
2019-02-27,9510,3208.0,147.0,6058.0,63.7,2.25,22.14
2019-02-28,9510,3188.0,147.0,6038.0,63.49,2.51,22.35
2019-03-01,9510,3167.0,147.0,6017.0,63.27,2.46,22.28
2019-03-02,9510,3146.0,147.0,5996.0,63.05,2.38,22.15
2019-03-03,9510,3125.0,147.0,5975.0,62.83,2.51,22.26
2019-03-04,9510,3105.0,147.0,5955.0,62.62,2.58,22.28
2019-03-05,9510,3086.0,147.0,5936.0,62.42,2.94,20.54
2019-03-06,9510,3063.0,147.0,5913.0,62.18,1.88,23.59
2019-03-07,9510,3041.0,146.0,5891.0,61.95,1.91,23.57
2019-03-08,9510,3018.0,146.0,5868.0,61.7,1.88,23.5
2019-03-09,9510,2995.0,146.0,5845.0,61.46,2.0,23.58
2019-03-10,9510,2971.0,146.0,5821.0,61.21,2.06,25.64
2019-03-11,9510,2946.0,146.0,5796.0,60.95,2.0,25.53
2019-03-12,9510,2922.0,146.0,5772.0,60.69,1.65,25.12
2019-03-13,9510,2898.0,146.0,5748.0,60.44,2.08,25.5
2019-03-14,9510,2873.0,146.0,5723.0,60.18,2.27,25.65
2019-03-15,9510,2849.0,145.0,5699.0,59.93,2.26,25.58
2019-03-16,9510,2825.0,145.0,5675.0,59.67,2.29,25.56
2019-03-17,9510,2800.0,145.0,5650.0,59.41,2.49,25.71
2019-03-18,9510,2776.0,145.0,5626.0,59.16,2.42,25.58
2019-03-19,9510,2758.0,145.0,5608.0,58.97,2.93,20.03
2019-03-20,9510,2738.0,145.0,5588.0,58.76,3.02,22.09
2019-03-21,9510,2718.0,145.0,5568.0,58.55,3.03,22.08
2019-03-22,9510,2698.0,145.0,5548.0,58.34,2.89,21.89
2019-03-23,9510,2678.0,145.0,5528.0,58.13,3.2,22.16
2019-03-24,9510,2658.0,145.0,5508.0,57.92,2.92,21.85
2019-03-25,9510,2639.0,144.0,5489.0,57.72,3.1,21.99
2019-03-26,9510,2621.0,144.0,5471.0,57.53,3.23,20.1
2019-03-27,9510,2603.0,144.0,5453.0,57.34,3.21,20.05
2019-03-28,9510,2585.0,144.0,5435.0,57.15,3.24,20.06
2019-03-29,9510,2568.0,144.0,5418.0,56.97,3.22,20.0
2019-03-30,9510,2550.0,144.0,5400.0,56.78,3.4,20.15
2019-03-31,9510,2532.0,144.0,5382.0,56.59,3.35,20.07
2019-04-01,9510,2515.0,144.0,5365.0,56.41,3.4,20.1
2019-04-02,9510,2501.0,144.0,5351.0,56.27,4.43,17.03
2019-04-03,9510,2487.0,144.0,5337.0,56.12,4.38,16.97
2019-04-04,9510,2474.0,144.0,5324.0,55.98,4.44,17.01
2019-04-05,9510,2458.0,144.0,5308.0,55.81,2.31,16.81
2019-04-06,9510,2442.0,143.0,5292.0,55.65,2.49,16.96
2019-04-07,9510,2427.0,143.0,5277.0,55.49,2.67,17.12
2019-04-08,9510,2411.0,143.0,5261.0,55.32,2.58,17.01
2019-04-09,9510,2396.0,143.0,5246.0,55.16,2.67,17.08
2019-04-10,9510,2380.0,143.0,5230.0,54.99,2.64,17.03
2019-04-11,9510,2365.0,143.0,5215.0,54.84,2.43,16.78
2019-04-12,9510,2350.0,143.0,5200.0,54.68,2.88,17.2
2019-04-13,9510,2334.0,143.0,5184.0,54.51,2.87,17.18
2019-04-14,9510,2319.0,143.0,5169.0,54.35,2.88,17.17
2019-04-15,9510,2303.0,143.0,5153.0,54.19,2.59,16.85
2019-04-16,9510,2288.0,143.0,5138.0,54.03,3.87,18.1
2019-04-17,9510,2271.0,143.0,5121.0,53.85,1.9,18.01
2019-04-18,9510,2254.0,142.0,5104.0,53.67,2.03,18.13
2019-04-19,9510,2237.0,142.0,5087.0,53.49,2.12,18.18
2019-04-20,9510,2220.0,142.0,5070.0,53.31,2.12,18.15
2019-04-21,9510,2203.0,142.0,5053.0,53.13,2.1,18.1
2019-04-22,9510,2186.0,142.0,5036.0,52.95,2.1,18.06
2019-04-23,9510,2165.0,142.0,5015.0,52.73,1.33,21.04
2019-04-24,9510,2144.0,142.0,4994.0,52.51,1.48,21.13
2019-04-25,9510,2123.0,142.0,4973.0,52.29,3.59,23.2
2019-04-26,9510,2101.0,142.0,4951.0,52.06,1.55,22.97
2019-04-27,9510,2079.0,142.0,4929.0,51.83,1.71,23.08
2019-04-28,9510,2056.0,141.0,4906.0,51.59,1.64,22.96
2019-04-29,9510,2034.0,141.0,4884.0,51.36,1.89,23.16
2019-04-30,9510,2010.0,141.0,4860.0,51.1,0.23,23.27
2019-05-01,9510,1984.0,141.0,4834.0,50.83,0.44,25.27
2019-05-02,9510,1960.0,141.0,4810.0,50.58,0.73,23.65
2019-05-03,9510,1934.0,141.0,4784.0,50.3,1.49,26.18
2019-05-04,9510,1907.0,141.0,4757.0,50.02,0.38,26.81
2019-05-05,9510,1883.0,140.0,4733.0,49.77,3.57,26.27
2019-05-06,9510,1861.0,140.0,4711.0,49.54,2.35,23.15
2019-05-07,9510,1840.0,140.0,4690.0,49.32,2.37,23.1
2019-05-08,9510,1818.0,140.0,4668.0,49.09,2.25,22.93
2019-05-09,9510,1793.0,140.0,4643.0,48.82,1.6,25.82
2019-05-10,9510,1768.0,140.0,4618.0,48.56,2.0,26.13
2019-05-12,9510,1718.0,140.0,4568.0,48.03,1.81,25.77
2019-05-13,9510,1693.0,139.0,4543.0,47.77,2.12,26.0
2019-05-14,9510,1670.0,139.0,4520.0,47.53,2.11,24.14
2019-05-15,9510,1647.0,139.0,4497.0,47.29,2.09,24.05
2019-05-16,9510,1626.0,139.0,4476.0,47.07,1.87,21.99
2019-05-17,9510,1605.0,139.0,4455.0,46.85,2.11,22.17
2019-05-18,9510,1584.0,139.0,4434.0,46.62,1.66,21.66
2019-05-19,9510,1563.0,139.0,4413.0,46.4,2.01,21.95
2019-05-20,9510,1542.0,139.0,4392.0,46.18,2.19,22.08
2019-05-21,9510,1521.0,138.0,4371.0,45.96,2.28,22.09
2019-05-22,9510,1502.0,138.0,4352.0,45.76,3.91,21.94
2019-05-23,9510,1482.0,138.0,4332.0,45.55,2.48,22.16
2019-05-24,9510,1461.0,138.0,4311.0,45.33,2.44,22.04
2019-05-25,9510,1441.0,138.0,4291.0,45.12,2.64,22.19
2019-05-26,9510,1422.0,138.0,4272.0,44.92,4.27,22.05
2019-05-27,9510,1405.0,138.0,4255.0,44.74,5.96,21.99
2019-05-28,9510,1386.0,138.0,4236.0,44.54,4.46,22.15
2019-05-29,9510,1368.0,138.0,4218.0,44.35,4.56,22.18
2019-05-30,9510,1351.0,137.0,4201.0,44.17,6.04,21.93
2019-05-31,9510,1337.0,137.0,4187.0,44.03,9.32,21.81
2019-06-01,9510,1319.0,137.0,4169.0,43.84,4.65,22.13
2019-06-02,9510,1301.0,137.0,4151.0,43.65,4.56,22.21
2019-06-03,9510,1282.0,137.0,4132.0,43.45,4.44,22.03
2019-06-04,9510,1266.0,137.0,4116.0,43.28,6.37,22.25
2019-06-05,9510,1248.0,137.0,4098.0,43.09,4.5,21.99
2019-06-06,9510,1233.0,137.0,4083.0,42.93,7.92,22.05
2019-06-07,9510,1213.0,137.0,4063.0,42.72,3.13,22.15
2019-06-08,9510,1197.0,136.0,4047.0,42.56,4.41,20.1
2019-06-09,9510,1180.0,136.0,4030.0,42.38,4.57,20.2
2019-06-10,9510,1167.0,136.0,4017.0,42.24,4.68,17.02
2019-06-11,9510,1154.0,136.0,4004.0,42.1,4.77,17.07
2019-06-12,9510,1141.0,136.0,3991.0,41.97,4.84,17.12
2019-06-13,9510,1130.0,136.0,3980.0,41.85,6.31,16.91
2019-06-14,9510,1114.0,136.0,3964.0,41.68,4.44,19.87
2019-06-15,9510,1098.0,136.0,3948.0,41.51,4.63,20.03
2019-06-16,9510,1079.0,136.0,3929.0,41.31,3.2,21.72
2019-06-17,9510,1058.0,136.0,3908.0,41.09,3.08,23.13
2019-06-18,9510,1037.0,136.0,3887.0,40.87,3.04,23.0
2019-06-19,9510,1021.0,135.0,3871.0,40.7,7.9,23.05
2019-06-20,9510,1006.0,135.0,3856.0,40.55,7.93,23.02
2019-06-21,9510,985.0,135.0,3835.0,40.33,3.54,23.28
2019-06-22,9510,965.0,135.0,3815.0,40.12,3.21,22.87
2019-06-24,9510,926.0,135.0,3776.0,39.71,3.44,22.94
2019-06-25,9510,908.0,135.0,3758.0,39.52,2.05,19.91
2019-06-26,9510,891.0,135.0,3741.0,39.34,1.9,18.16
2019-06-27,9510,877.0,134.0,3727.0,39.19,4.9,18.03
2019-06-28,9510,860.0,134.0,3710.0,39.01,2.75,18.89
2019-06-29,9510,845.0,134.0,3695.0,38.85,3.5,18.05
2019-06-30,9510,831.0,134.0,3681.0,38.71,5.03,18.02
2019-07-01,9510,818.0,134.0,3668.0,38.57,5.07,18.02
2019-07-02,9510,801.0,134.0,3651.0,38.39,4.12,20.14
2019-07-03,9510,783.0,134.0,3633.0,38.2,2.59,20.05
2019-07-04,9510,765.0,134.0,3615.0,38.01,2.78,20.16
2019-07-05,9510,747.0,134.0,3597.0,37.82,2.71,20.01
2019-07-06,9510,730.0,133.0,3580.0,37.64,2.87,20.09
2019-07-07,9510,712.0,133.0,3562.0,37.46,2.85,20.0
2019-07-08,9510,696.0,133.0,3546.0,37.29,4.41,20.0
2019-07-09,9510,681.0,133.0,3531.0,37.13,3.94,18.01
2019-07-10,9510,667.0,133.0,3517.0,36.98,4.26,18.29
2019-07-11,9510,651.0,133.0,3501.0,36.81,2.69,18.11
2019-07-12,9510,636.0,133.0,3486.0,36.66,4.29,18.2
2019-07-13,9510,622.0,133.0,3472.0,36.51,4.08,17.93
2019-07-14,9510,606.0,133.0,3456.0,36.34,2.61,17.82
2019-07-15,9510,589.0,133.0,3439.0,36.16,2.49,19.07
2019-07-16,9510,571.0,132.0,3421.0,35.97,1.19,19.09
2019-07-17,9510,555.0,132.0,3405.0,35.8,3.8,18.79
2019-07-18,9510,538.0,132.0,3388.0,35.63,2.71,19.05
2019-07-19,9510,523.0,132.0,3373.0,35.47,3.85,18.69
2019-07-20,9510,506.0,132.0,3356.0,35.29,2.88,19.04
2019-07-21,9510,490.0,132.0,3340.0,35.12,2.94,19.02
2019-07-22,9510,473.0,132.0,3323.0,34.94,3.98,19.98
2019-07-23,9510,455.0,132.0,3305.0,34.75,2.87,20.15
2019-07-24,9510,438.0,131.0,3288.0,34.57,2.9,20.08
2019-07-25,9510,421.0,131.0,3271.0,34.4,3.25,18.98
2019-07-26,9510,407.0,131.0,3257.0,34.25,4.09,18.39
2019-07-27,9510,391.0,131.0,3241.0,34.08,3.44,19.0
2019-07-28,9510,377.0,131.0,3227.0,33.93,6.18,19.01
2019-07-29,9510,369.0,131.0,3219.0,33.85,11.42,18.87
2019-07-30,9510,363.0,131.0,3213.0,33.79,7.88,13.99
2019-07-31,9510,356.0,131.0,3206.0,33.71,7.77,13.87
2019-08-01,9510,357.0,131.0,3207.0,33.72,15.84,14.01
2019-08-02,9510,413.0,131.0,3263.0,34.31,70.48,14.05
2019-08-03,9510,453.0,132.0,3303.0,34.73,53.87,14.13
2019-08-04,9510,459.0,132.0,3309.0,34.79,25.26,17.98
2019-08-05,9510,462.0,132.0,3312.0,34.83,20.99,17.79
2019-08-06,9510,481.0,132.0,3331.0,35.03,33.57,13.92
2019-08-07,9510,551.0,132.0,3401.0,35.76,83.99,14.0
2019-08-08,9510,589.0,133.0,3439.0,36.16,52.54,13.92
2019-08-09,9510,613.0,133.0,3463.0,36.41,34.77,10.07
2019-08-10,9510,626.0,133.0,3476.0,36.55,23.15,9.77
2019-08-11,9510,645.0,133.0,3495.0,36.75,29.04,9.85
2019-08-12,9510,681.0,133.0,3531.0,37.13,46.37,9.64
2019-08-13,9510,715.0,133.0,3565.0,37.49,42.21,8.05
2019-08-14,9510,740.0,134.0,3590.0,37.75,33.48,7.91
2019-08-15,9510,768.0,134.0,3618.0,38.04,36.66,7.96
2019-08-16,9510,786.0,134.0,3636.0,38.23,26.45,8.04
2019-08-17,9510,813.0,134.0,3663.0,38.52,35.55,8.01
2019-08-18,9510,845.0,134.0,3695.0,38.85,40.06,7.79
2019-08-19,9510,940.0,135.0,3790.0,39.85,103.6,7.92
2019-08-20,9510,1028.0,135.0,3878.0,40.78,92.21,3.98
2019-08-21,9510,1088.0,136.0,3938.0,41.41,64.93,3.97
2019-08-22,9510,1148.0,136.0,3998.0,42.04,64.0,3.93
2019-08-23,9510,1248.0,137.0,4098.0,43.09,104.26,4.02
2019-08-24,9510,1311.0,137.0,4161.0,43.75,67.42,3.84
2019-08-25,9510,1373.0,138.0,4223.0,44.41,66.63,4.02
2019-08-26,9510,1473.0,138.0,4323.0,45.46,104.88,3.99
2019-08-27,9510,1554.0,139.0,4404.0,46.31,84.65,2.99
2019-08-28,9510,1622.0,139.0,4472.0,47.02,71.65,3.02
2019-08-29,9510,1700.0,139.0,4550.0,47.84,81.14,2.93
2019-08-30,9510,1766.0,140.0,4616.0,48.54,69.52,2.98
2019-08-31,9510,1818.0,140.0,4668.0,49.09,55.62,2.93
2019-09-01,9510,1914.0,141.0,4764.0,50.09,98.14,1.34
2019-09-02,9510,1999.0,141.0,4849.0,50.99,85.1,1.5
2019-09-03,9510,2075.0,142.0,4925.0,51.79,76.69,1.5
2019-09-04,9510,2152.0,142.0,5002.0,52.6,77.39,1.5
2019-09-05,9510,2235.0,142.0,5085.0,53.47,83.8,1.5
2019-09-06,9510,2288.0,143.0,5138.0,54.03,54.9,0.93
2019-09-07,9510,2330.0,143.0,5180.0,54.47,43.71,0.95
2019-09-08,9510,2367.0,143.0,5217.0,54.86,38.2,1.02
2019-09-09,9510,2398.0,143.0,5248.0,55.18,32.42,0.91
2019-09-10,9510,2419.0,143.0,5269.0,55.4,24.79,2.87
2019-09-11,9510,2442.0,143.0,5292.0,55.65,28.34,4.43
2019-09-12,9510,2458.0,144.0,5308.0,55.81,20.67,4.49
2019-09-13,9510,2475.0,144.0,5325.0,55.99,22.65,4.49
2019-09-14,9510,2495.0,144.0,5345.0,56.2,24.62,4.47
2019-09-15,9510,2511.0,144.0,5361.0,56.37,20.77,4.51
2019-09-16,9510,2526.0,144.0,5376.0,56.53,20.68,4.38
2019-09-17,9510,2538.0,144.0,5388.0,56.66,16.69,4.29
2019-09-18,9510,2550.0,144.0,5400.0,56.78,16.84,4.43
2019-09-19,9510,2560.0,144.0,5410.0,56.89,14.93,4.47
2019-09-20,9510,2571.0,144.0,5421.0,57.0,16.82,4.37
2019-09-21,9510,2593.0,144.0,5443.0,57.23,31.05,8.73
2019-09-22,9510,2601.0,144.0,5451.0,57.32,17.17,8.63
2019-09-23,9510,2609.0,144.0,5459.0,57.4,16.98,8.44
2019-09-24,9510,2607.0,144.0,5457.0,57.38,7.63,8.97
2019-09-25,9510,2607.0,144.0,5457.0,57.38,9.48,8.84
2019-09-26,9510,2609.0,144.0,5459.0,57.4,11.48,8.88
2019-09-27,9510,2609.0,144.0,5459.0,57.4,9.09,8.45
2019-09-28,9510,2609.0,144.0,5459.0,57.4,9.66,9.03
2019-09-29,9510,2611.0,144.0,5461.0,57.42,11.72,9.11
2019-09-30,9510,2613.0,144.0,5463.0,57.44,11.67,9.06
2019-10-01,9510,2607.0,144.0,5457.0,57.38,12.03,17.32
2019-10-02,9510,2597.0,144.0,5447.0,57.28,12.41,21.67
2019-10-03,9510,2595.0,144.0,5445.0,57.26,7.64,8.99
2019-10-04,9510,2593.0,144.0,5443.0,57.23,7.65,9.01
2019-10-05,9510,2593.0,144.0,5443.0,57.23,9.55,8.92
2019-10-06,9510,2585.0,144.0,5435.0,57.15,9.77,17.02
2019-10-07,9510,2579.0,144.0,5429.0,57.09,12.12,17.41
2019-10-08,9510,2573.0,144.0,5423.0,57.02,12.12,17.41
2019-10-09,9510,2564.0,144.0,5414.0,56.93,6.54,15.76
2019-10-10,9510,2556.0,144.0,5406.0,56.85,8.4,15.65
2019-10-11,9510,2548.0,144.0,5398.0,56.76,8.39,15.63
2019-10-12,9510,2542.0,144.0,5392.0,56.7,10.41,15.69
2019-10-13,9510,2532.0,144.0,5382.0,56.59,6.3,15.5
2019-10-14,9510,2515.0,144.0,5365.0,56.41,10.85,27.86
2019-10-15,9510,2495.0,144.0,5345.0,56.2,8.29,27.24
2019-10-16,9510,2485.0,144.0,5335.0,56.1,8.14,17.28
2019-10-17,9510,2485.0,144.0,5335.0,56.1,9.65,9.05
2019-10-18,9510,2483.0,144.0,5333.0,56.08,7.49,8.83
2019-10-19,9510,2481.0,144.0,5331.0,56.06,7.7,9.04
2019-10-20,9510,2479.0,144.0,5329.0,56.04,7.08,8.42
2019-10-21,9510,2477.0,144.0,5327.0,56.01,7.63,8.96
2019-10-22,9510,2474.0,144.0,5324.0,55.98,5.64,8.92
2019-10-23,9510,2474.0,144.0,5324.0,55.98,9.56,8.95
2019-10-24,9510,2470.0,144.0,5320.0,55.94,5.77,9.05
2019-10-25,9510,2468.0,144.0,5318.0,55.92,7.7,9.03
2019-10-26,9510,2464.0,144.0,5314.0,55.88,5.74,9.01
2019-10-27,9510,2462.0,144.0,5312.0,55.86,7.56,8.89
2019-10-28,9510,2460.0,144.0,5310.0,55.84,7.74,9.06
2019-10-29,9510,2456.0,144.0,5306.0,55.79,5.68,8.95
2019-10-30,9510,2452.0,143.0,5302.0,55.75,5.86,9.13
2019-10-31,9510,2448.0,143.0,5298.0,55.71,5.61,8.88
2019-11-01,9510,2444.0,152.0,5294.0,55.67,5.88,9.16
2019-11-02,9510,2438.0,151.0,5288.0,55.6,3.92,9.1
2019-11-03,9510,2433.0,150.0,5283.0,55.55,3.83,9.02
2019-11-04,9510,2427.0,143.0,5277.0,55.49,3.73,8.91
2019-11-05,9510,2421.0,143.0,5271.0,55.43,3.93,9.11
2019-11-06,9510,2415.0,143.0,5265.0,55.36,3.9,9.08
2019-11-07,9510,2409.0,143.0,5259.0,55.3,3.8,8.96
2019-11-08,9510,2406.0,143.0,5256.0,55.27,5.63,8.85
2019-11-09,9510,2402.0,143.0,5252.0,55.23,5.77,9.0
2019-11-10,9510,2398.0,143.0,5248.0,55.18,5.71,8.94
2019-11-11,9510,2394.0,143.0,5244.0,55.14,5.65,8.88
2019-11-12,9510,2388.0,143.0,5238.0,55.08,6.93,12.08
2019-11-13,9510,2380.0,143.0,5230.0,54.99,4.75,11.83
2019-11-14,9510,2375.0,143.0,5225.0,54.94,6.94,12.08
2019-11-17,9510,2348.0,143.0,5198.0,54.66,3.05,12.03
2019-11-18,9510,2338.0,143.0,5188.0,54.55,3.07,12.05
2019-11-19,9510,2328.0,143.0,5178.0,54.45,3.13,12.1
2019-11-20,9510,2319.0,143.0,5169.0,54.35,3.09,12.04
2019-11-21,9510,2309.0,143.0,5159.0,54.25,2.94,11.88
2019-11-22,9510,2300.0,143.0,5150.0,54.15,3.06,12.0
2019-11-23,9510,2290.0,143.0,5140.0,54.05,3.11,12.03
2019-11-24,9510,2282.0,143.0,5132.0,53.96,5.02,12.04
2019-11-25,9510,2275.0,143.0,5125.0,53.89,5.03,12.04
2019-11-26,9510,2265.0,143.0,5115.0,53.79,4.1,13.01
2019-11-27,9510,2258.0,142.0,5108.0,53.71,6.0,13.0
2019-11-28,9510,2250.0,142.0,5100.0,53.63,5.98,12.95
2019-11-29,9510,2241.0,142.0,5091.0,53.53,4.09,12.97
2019-11-30,9510,2233.0,142.0,5083.0,53.45,3.96,10.92
2019-12-01,9510,2223.0,149.0,5073.0,53.34,2.19,11.04
2019-12-02,9510,2218.0,148.0,5068.0,53.29,3.95,9.04
2019-12-03,9510,2212.0,142.0,5062.0,53.23,3.89,8.98
2019-12-04,9510,2204.0,142.0,5054.0,53.14,2.06,9.03
2019-12-05,9510,2197.0,142.0,5047.0,53.07,2.1,9.07
2019-12-06,9510,2189.0,142.0,5039.0,52.99,2.1,9.06
2019-12-23,9510,2062.0,141.0,4912.0,51.65,2.23,9.08
2019-12-24,9510,2053.0,141.0,4903.0,51.56,3.81,12.52
2019-12-25,9510,2043.0,141.0,4893.0,51.45,3.86,12.57
2019-12-26,9510,2032.0,141.0,4882.0,51.34,1.95,12.49
2019-12-27,9510,2023.0,141.0,4873.0,51.24,3.6,12.28
2019-12-28,9510,2012.0,141.0,4862.0,51.13,2.05,12.57
2019-12-30,9510,1990.0,141.0,4840.0,50.89,1.97,12.46
2020-01-02,9510,1949.0,141.0,4799.0,50.46,3.44,15.66
2020-01-03,9510,1942.0,141.0,4792.0,50.39,2.31,9.0
2020-01-04,9510,1934.0,141.0,4784.0,50.3,2.4,9.08
2020-01-05,9510,1927.0,141.0,4777.0,50.23,2.55,9.23
2020-01-06,9510,1920.0,141.0,4770.0,50.16,2.44,9.12
2020-01-07,9510,1912.0,141.0,4762.0,50.07,2.33,9.01
2020-01-08,9510,1905.0,141.0,4755.0,50.0,2.42,9.09
2020-01-09,9510,1898.0,141.0,4748.0,49.93,2.38,9.04
2020-01-10,9510,1891.0,141.0,4741.0,49.85,2.5,9.15
2020-01-11,9510,1883.0,140.0,4733.0,49.77,2.38,9.03
2020-01-12,9510,1876.0,140.0,4726.0,49.7,2.31,8.95
2020-01-13,9510,1869.0,140.0,4719.0,49.62,2.48,9.11
2020-01-14,9510,1861.0,140.0,4711.0,49.54,2.65,9.28
2020-01-15,9510,1854.0,140.0,4704.0,49.46,2.66,9.28
2020-01-16,9510,1842.0,140.0,4692.0,49.34,3.01,15.06
2020-01-17,9510,1829.0,140.0,4679.0,49.2,3.17,15.19
2020-01-19,9510,1802.0,140.0,4652.0,48.92,1.33,15.12
2020-01-20,9510,1787.0,140.0,4637.0,48.76,1.32,15.07
2020-01-21,9510,1780.0,140.0,4630.0,48.69,2.54,9.09
2020-01-22,9510,1773.0,140.0,4623.0,48.61,2.5,9.04
2020-01-23,9510,1766.0,140.0,4616.0,48.54,2.51,9.04
2020-01-24,9510,1759.0,140.0,4609.0,48.46,2.62,9.15
2020-01-25,9510,1752.0,140.0,4602.0,48.39,2.52,9.04
2020-01-27,9510,1736.0,140.0,4586.0,48.22,0.75,9.04
2020-01-28,9510,1727.0,140.0,4577.0,48.13,0.95,9.23
2020-01-29,9510,1718.0,140.0,4568.0,48.03,0.86,9.13
2020-01-30,9510,1709.0,139.0,4559.0,47.94,0.72,8.98
2020-01-31,9510,1700.0,139.44,4550.0,47.84,0.91,9.16
2020-02-01,9510,1691.0,139.0,4541.0,47.75,0.72,8.96
2020-02-02,9510,1682.0,139.0,4532.0,47.66,1.02,9.03
2020-02-03,9510,1673.0,139.0,4523.0,47.56,0.99,8.99
2020-02-04,9510,1665.0,139.0,4515.0,47.48,1.13,9.11
2020-02-05,9510,1656.0,139.0,4506.0,47.38,1.03,9.01
2020-02-06,9510,1647.0,139.0,4497.0,47.29,1.22,9.19
2020-02-07,9510,1638.0,0.0,4488.0,47.19,1.18,9.13
2020-02-08,9510,1629.0,0.0,4479.0,47.1,1.06,9.0
2020-02-09,9510,1621.0,0.0,4471.0,47.01,1.1,9.04
2020-02-10,9510,1611.74,0.0,4461.74,46.92,1.08,9.0
2020-02-11,9510,1603.0,0.0,4453.0,46.82,1.41,9.32
2020-02-12,9510,1594.0,0.0,4444.0,46.73,1.47,9.37
2020-02-13,9510,1586.0,0.0,4436.0,46.65,1.47,9.37
2020-02-14,9510,1577.0,0.0,4427.0,46.55,1.42,9.3
2020-02-15,9510,1568.0,0.0,4418.0,46.46,1.47,9.34
2020-02-16,9510,1559.0,0.0,4409.0,46.36,1.47,9.33
2020-02-17,9510,1551.0,0.0,4401.0,46.28,1.53,9.38
2020-02-18,9510,1542.0,0.0,4392.0,46.18,1.5,9.33
2020-02-19,9510,1533.0,0.0,4383.0,46.09,1.51,9.34
2020-02-20,9510,1525.0,138.0,4375.0,46.0,1.45,9.27
2020-02-21,9510,1516.0,138.0,4366.0,45.91,1.68,9.49
2020-02-22,9510,1507.0,138.0,4357.0,45.81,1.54,9.34
2020-02-23,9510,1499.0,138.0,4349.0,45.73,1.35,9.13
2020-02-24,9510,1490.0,138.0,4340.0,45.64,1.62,9.4
2020-02-25,9510,1482.0,138.0,4332.0,45.55,1.61,9.37
2020-02-26,9510,1473.0,138.0,4323.0,45.46,1.59,9.34
2020-02-27,9510,1464.0,138.0,4314.0,45.36,1.59,9.33
2020-02-28,9510,1456.0,138.0,4306.0,45.28,1.69,9.42
2020-02-29,9510,1447.0,138.0,4297.0,45.18,1.58,9.3
2020-03-01,9510,1439.0,138.0,4289.0,45.1,1.71,9.42
2020-03-02,9510,1430.0,138.0,4280.0,45.01,1.61,9.31
2020-03-03,9510,1422.0,138.0,4272.0,44.92,1.58,9.27
2020-03-04,9510,1413.0,138.0,4263.0,44.83,1.69,9.36
2020-03-05,9510,1405.0,138.0,4255.0,44.74,1.71,9.37
2020-03-06,9510,1396.0,138.0,4246.0,44.65,1.66,9.31
2020-03-07,9510,1390.0,138.0,4240.0,44.58,3.3,9.24
2020-03-08,9510,1383.0,138.0,4233.0,44.51,3.27,9.21
2020-03-09,9510,1374.0,138.0,4224.0,44.42,1.79,9.41
2020-03-10,9510,1366.0,138.0,4216.0,44.33,1.66,9.27
2020-03-11,9510,1358.0,137.0,4208.0,44.25,1.75,9.35
2020-03-12,9510,1346.0,137.0,4196.0,44.12,1.09,12.04
2020-03-13,9510,1334.0,137.0,4184.0,44.0,1.17,12.1
2020-03-14,9510,1322.0,0.0,4172.0,43.87,1.18,12.08
2020-03-15,9510,1311.0,0.0,4161.0,43.75,1.25,12.13
2020-03-16,9510,1299.0,0.0,4149.0,43.63,1.21,12.06
2020-03-17,9510,1289.0,0.0,4139.0,43.52,1.83,11.0
2020-03-18,9510,1279.0,0.0,4129.0,43.42,1.99,11.15
2020-03-19,9510,1269.0,0.0,4119.0,43.31,2.08,11.22
2020-03-20,9510,1259.0,0.0,4109.0,43.21,2.05,11.17
2020-03-21,9510,1249.0,0.0,4099.0,43.1,2.18,11.28
2020-03-22,9510,1239.0,0.0,4089.0,43.0,1.95,11.04
2020-03-23,9510,1229.0,0.0,4079.0,42.89,1.97,11.05
2020-03-24,9510,1220.0,0.0,4070.0,42.8,1.99,11.05
2020-03-25,9510,1210.0,0.0,4060.0,42.69,2.03,11.07
2020-03-26,9510,1200.0,0.0,4050.0,42.59,2.05,11.07
2020-03-27,9510,1190.0,0.0,4040.0,42.48,1.96,10.96
2020-03-28,9510,1180.0,0.0,4030.0,42.38,1.94,10.93
2020-03-29,9510,1171.0,0.0,4021.0,42.28,2.08,11.05
2020-03-30,9510,1161.0,0.0,4011.0,42.18,2.08,11.03
2020-03-31,9510,1151.0,0.0,4001.0,42.07,2.17,11.11
2020-04-01,9510,1141.0,0.0,3991.0,41.97,2.19,11.11
2020-04-02,9510,1132.0,0.0,3982.0,41.87,2.49,11.26
2020-04-03,9510,1122.0,0.0,3972.0,41.77,2.23,10.99
2020-04-04,9510,1112.0,0.0,3962.0,41.66,2.46,11.2
2020-04-05,9510,1103.0,0.0,3953.0,41.57,2.46,11.18
2020-04-06,9510,1093.0,0.0,3943.0,41.46,2.3,11.0
2020-04-07,9510,1083.0,0.0,3933.0,41.36,2.31,11.0
2020-04-08,9510,1074.0,0.0,3924.0,41.26,2.44,11.11
2020-04-09,9510,1064.0,0.0,3914.0,41.16,2.58,11.23
2020-04-10,9510,1055.0,0.0,3905.0,41.06,2.37,11.0
2020-04-11,9510,1045.0,0.0,3895.0,40.96,2.44,11.06
2020-04-12,9510,1034.0,0.0,3884.0,40.84,0.82,11.0
2020-04-13,9510,1023.0,0.0,3873.0,40.73,0.85,11.0
2020-04-14,9510,1012.0,0.0,3862.0,40.61,0.98,11.11
2020-04-15,9510,1001.0,0.0,3851.0,40.49,0.9,11.01
2020-04-16,9510,990.0,0.0,3840.0,40.38,0.95,11.04
2020-04-17,9510,979.0,0.0,3829.0,40.26,0.93,11.0
2020-04-18,9510,967.0,0.0,3817.0,40.14,0.0,11.17
2020-04-19,9510,956.0,0.0,3806.0,40.02,0.88,10.89
2020-04-20,9510,945.0,0.0,3795.0,39.91,1.07,11.05
2020-04-21,9510,934.0,0.0,3784.0,39.79,1.03,10.99
2020-04-22,9510,925.0,0.0,3775.0,39.7,2.07,10.46
2020-04-23,9510,915.0,0.0,3765.0,39.59,2.38,10.75
2020-04-24,9510,906.0,0.0,3756.0,39.5,2.29,10.65
2020-04-25,9510,895.0,0.0,3745.0,39.38,0.67,10.54
2020-04-26,9510,889.0,0.0,3739.0,39.32,5.36,10.61
2020-04-27,9510,881.0,0.0,3731.0,39.23,3.84,10.62
2020-04-28,9510,874.0,0.0,3724.0,39.16,3.73,10.49
2020-04-29,9510,868.0,0.0,3718.0,39.1,5.27,10.49
2020-04-30,9510,862.0,0.0,3712.0,39.03,5.38,10.59
2020-05-01,9510,854.0,0.0,3704.0,38.95,3.83,10.56
2020-05-02,9510,848.0,0.0,3698.0,38.89,5.3,10.5
2020-05-03,9510,840.0,0.0,3690.0,38.8,5.79,12.5
2020-05-04,9510,830.0,0.0,3680.0,38.7,2.9,12.63
2020-05-05,9510,821.0,0.0,3671.0,38.6,4.38,12.57
2020-05-06,9510,810.0,0.0,3660.0,38.49,2.8,12.48
2020-05-07,9510,801.0,0.0,3651.0,38.39,4.36,12.52
2020-05-08,9510,794.0,0.0,3644.0,38.32,4.1,10.73
2020-05-09,9510,783.0,0.0,3633.0,38.2,0.95,10.56
2020-05-10,9510,773.0,0.0,3623.0,38.1,0.94,10.53
2020-05-11,9510,764.0,0.0,3614.0,38.0,2.46,10.54
2020-05-12,9510,755.0,0.0,3605.0,37.91,2.4,10.46
2020-05-13,9510,746.0,0.0,3596.0,37.81,2.46,10.5
2020-05-14,9510,737.0,0.0,3587.0,37.72,2.47,10.49
2020-05-15,9510,730.0,0.0,3580.0,37.64,4.01,10.53
2020-05-16,9510,722.0,0.0,3572.0,37.56,4.35,10.86
2020-05-17,9510,712.0,0.0,3562.0,37.46,1.08,10.51
2020-05-18,9510,703.0,0.0,3553.0,37.36,2.55,10.49
2020-05-19,9510,697.0,0.0,3547.0,37.3,5.5,10.5
2020-05-20,9510,687.0,0.0,3537.0,37.19,1.28,10.66
2020-05-21,9510,677.0,0.0,3527.0,37.09,1.28,10.62
2020-05-22,9510,667.0,0.0,3517.0,36.98,1.4,10.72
2020-05-23,9510,658.0,0.0,3508.0,36.89,2.71,10.55
2020-05-24,9510,649.0,0.0,3499.0,36.79,2.53,10.36
2020-05-25,9510,641.0,0.0,3491.0,36.71,2.79,10.6
2020-05-26,9510,633.0,0.0,3483.0,36.62,4.74,11.09
2020-05-27,9510,625.0,0.0,3475.0,36.54,2.73,10.5
2020-05-28,9510,615.0,0.0,3465.0,36.44,3.39,12.58
2020-05-29,9510,600.0,0.0,3450.0,36.28,0.0,12.64
2020-05-30,9510,592.0,0.0,3442.0,36.19,4.77,12.47
2020-05-31,9510,581.0,0.0,3431.0,36.08,1.71,12.23
2020-06-01,9510,569.0,0.0,3419.0,35.95,2.06,12.54
2020-06-02,9510,561.0,0.0,3411.0,35.87,2.73,10.57
2020-06-03,9510,554.0,0.0,3404.0,35.79,4.09,10.5
2020-06-04,9510,550.0,0.0,3400.0,35.75,7.25,10.83
2020-06-05,9510,545.0,0.0,3395.0,35.7,6.9,10.48
2020-06-06,9510,540.0,0.0,3390.0,35.65,5.77,10.74
2020-06-07,9510,533.0,0.0,3383.0,35.57,4.14,10.51
2020-06-08,9510,530.0,0.0,3380.0,35.54,8.35,10.51
2020-06-09,9510,524.0,0.0,3374.0,35.48,6.56,11.51
2020-06-10,9510,517.0,0.0,3367.0,35.4,5.18,11.52
2020-06-11,9510,512.0,0.0,3362.0,35.35,6.66,11.6
2020-06-12,9510,503.0,0.0,3353.0,35.26,3.84,11.54
2020-06-13,9510,495.0,0.0,3345.0,35.17,3.96,11.63
2020-06-14,9510,491.0,0.0,3341.0,35.13,8.35,11.86
2020-06-15,9510,487.0,0.0,3337.0,35.09,8.02,11.53
2020-06-16,9510,483.0,0.0,3333.0,35.05,7.35,10.86
2020-06-17,9510,486.0,0.0,3336.0,35.08,13.84,10.46
2020-06-18,9510,488.0,0.0,3338.0,35.1,14.97,11.59
2020-06-19,9510,490.0,0.0,3340.0,35.12,13.52,11.51
2020-06-20,9510,488.0,0.0,3338.0,35.1,8.75,9.5
2020-06-21,9510,498.0,0.0,3348.0,35.21,20.03,9.73
2020-06-22,9510,505.0,0.0,3355.0,35.28,17.1,9.55
2020-06-23,9510,508.0,0.0,3358.0,35.31,12.98,9.58
2020-06-24,9510,506.0,0.0,3356.0,35.29,8.75,9.51
2020-06-25,9510,502.0,0.0,3352.0,35.25,5.99,9.52
2020-06-26,9510,499.0,0.0,3349.0,35.22,7.55,9.69
2020-06-27,9510,501.0,0.0,3351.0,35.24,11.53,9.52
2020-06-28,9510,502.0,0.0,3352.0,35.25,13.61,11.6
2020-06-29,9510,505.0,0.0,3355.0,35.28,15.02,11.62
2020-06-30,9510,505.0,0.0,3355.0,35.28,12.12,11.49
2020-07-01,9510,501.0,0.0,3351.0,35.24,7.96,11.49
2020-07-02,9510,497.0,0.0,3347.0,35.19,8.37,12.01
2020-07-03,9510,492.0,0.0,3342.0,35.14,8.39,12.02
2020-07-04,9510,491.0,0.0,3341.0,35.13,11.28,12.14
2020-07-05,9510,488.0,0.0,3338.0,35.1,9.88,12.12
2020-07-06,9510,487.0,0.0,3337.0,35.09,13.58,14.44
2020-07-07,9510,480.0,0.0,3330.0,35.02,8.73,15.1
2020-07-08,9510,473.0,0.0,3323.0,34.94,13.74,20.09
2020-07-09,9510,465.0,0.0,3315.0,34.86,12.24,19.95
2020-07-10,9510,458.0,0.0,3308.0,34.78,13.68,20.0
2020-07-11,9510,451.0,0.0,3301.0,34.71,13.68,19.99
2020-07-12,9510,440.0,0.0,3290.0,34.6,9.57,19.94
2020-07-13,9510,432.0,0.0,3282.0,34.51,7.37,14.99
2020-07-14,9510,430.0,0.0,3280.0,34.49,11.79,13.99
2020-07-15,9510,430.0,0.0,3280.0,34.49,14.5,13.99
2020-07-16,9510,432.0,0.0,3282.0,34.51,17.2,13.98
2020-07-17,9510,431.0,0.0,3281.0,34.5,13.14,13.99
2020-07-18,9510,430.0,0.0,3280.0,34.49,13.16,14.0
2020-07-19,9510,423.0,0.0,3273.0,34.42,7.66,13.91
2020-07-20,9510,417.0,0.0,3267.0,34.35,9.13,14.01
2020-07-21,9510,412.0,0.0,3262.0,34.3,9.13,14.01
2020-07-22,9510,404.0,0.0,3254.0,34.22,6.44,13.99
2020-07-23,9510,404.0,0.0,3254.0,34.22,12.53,12.03
2020-07-24,9510,404.0,0.0,3254.0,34.22,12.54,12.04
2020-07-25,9510,401.0,0.0,3251.0,34.19,9.83,12.01
2020-07-26,9510,401.27,0.0,3251.27,34.19,12.57,12.07
2020-07-27,9510,397.0,0.0,3247.0,34.14,8.59,12.1
2020-07-28,9510,387.0,0.0,3237.0,34.04,6.84,17.02
2020-07-29,9510,384.0,0.0,3234.0,34.01,11.98,14.14
2020-07-30,9510,377.0,0.0,3227.0,33.93,7.84,13.99
2020-07-31,9510,375.0,0.0,3225.0,33.91,9.84,12.0
2020-08-01,9510,371.0,0.0,3221.0,33.87,8.52,12.0
2020-08-02,9510,364.0,0.0,3214.0,33.8,8.61,14.78
2020-08-03,9510,421.0,0.0,3271.0,34.4,66.83,8.93
2020-08-04,9510,531.0,0.0,3381.0,35.55,110.35,0.03
2020-08-05,9510,643.0,0.0,3493.0,36.73,112.65,0.0
2020-08-06,9510,730.0,0.0,3580.0,37.64,86.6,0.0
2020-08-07,9510,782.0,0.0,3632.0,38.19,55.49,3.0
2020-08-08,9510,825.0,0.0,3675.0,38.64,49.12,5.03
2020-08-09,9510,866.0,0.0,3716.0,39.07,46.54,5.04
2020-08-10,9510,906.0,0.0,3756.0,39.5,48.24,7.88
2020-08-11,9510,931.0,0.0,3781.0,39.76,37.26,12.05
2020-08-12,9510,943.0,0.0,3793.0,39.88,24.85,11.95
2020-08-13,9510,959.0,0.0,3809.0,40.05,28.11,12.06
2020-08-14,9510,973.0,0.0,3823.0,40.2,29.73,15.19
2020-08-15,9510,992.0,0.0,3842.0,40.4,34.28,14.99
2020-08-16,9510,1026.0,0.0,3876.0,40.76,49.83,14.68
2020-08-17,9510,1087.0,0.0,3937.0,41.4,75.95,15.0
2020-08-18,9510,1151.0,0.0,4001.0,42.07,75.85,10.92
2020-08-19,9510,1205.0,0.0,4055.0,42.64,65.47,11.2
2020-08-20,9510,1267.0,0.0,4117.0,43.29,73.94,10.84
2020-08-21,9510,1312.0,0.0,4162.0,43.76,60.6,15.19
2020-08-22,9510,1401.0,0.0,4251.0,44.7,110.62,20.94
2020-08-23,9510,1619.0,0.0,4469.0,46.99,218.71,0.87
2020-08-24,9510,1820.0,0.0,4670.0,49.11,201.63,0.0
2020-08-25,9510,1920.0,0.0,4770.0,50.16,100.48,0.0
2020-08-26,9510,1982.0,0.0,4832.0,50.81,62.98,0.0
2020-08-27,9510,2025.0,0.0,4875.0,51.26,45.08,2.01
2020-08-28,9510,2062.0,0.0,4912.0,51.65,39.65,1.93
2020-08-29,9510,2094.0,0.0,4944.0,51.99,36.95,4.67
2020-08-30,9510,2107.0,0.0,4957.0,52.12,23.63,9.96
2020-08-31,9510,2118.0,0.0,4968.0,52.24,26.81,14.99
2020-09-01,9510,2118.0,0.0,4968.0,52.24,19.66,19.08
2020-09-02,9510,2120.0,0.0,4970.0,52.26,21.74,19.27
2020-09-03,9510,2125.0,0.0,4975.0,52.31,22.25,16.02
2020-09-04,9510,2129.0,0.0,4979.0,52.36,20.38,16.03
2020-09-05,9510,2131.0,0.0,4981.0,52.38,18.57,16.09
2020-09-06,9510,2142.0,0.0,4992.0,52.49,25.85,13.98
2020-09-07,9510,2155.0,0.0,5005.0,52.63,27.72,13.95
2020-09-08,9510,2161.0,0.0,5011.0,52.69,20.54,14.28
2020-09-09,9510,2170.0,0.0,5020.0,52.79,23.68,13.65
2020-09-10,9510,2223.0,0.0,5073.0,53.34,64.55,10.99
2020-09-11,9510,2260.0,0.0,5110.0,53.73,47.64,10.91
2020-09-12,9510,2282.0,0.0,5132.0,53.96,34.48,10.98
2020-09-13,9510,2303.0,0.0,5153.0,54.19,32.64,11.0
2020-09-14,9510,2317.0,0.0,5167.0,54.33,25.04,11.01
2020-09-15,9510,2334.0,0.0,5184.0,54.51,28.74,10.85
2020-09-16,9510,2363.0,0.0,5213.0,54.82,37.48,8.0
2020-09-17,9510,2382.0,0.0,5232.0,55.02,25.84,5.93
2020-09-18,9510,2396.0,0.0,5246.0,55.16,20.12,5.98
2020-09-19,9510,2407.0,0.0,5257.0,55.28,18.2,5.98
2020-09-20,9510,2419.0,0.0,5269.0,55.4,16.3,4.05
2020-09-21,9510,2446.0,0.0,5296.0,55.69,31.77,3.97
2020-09-22,9510,2507.0,0.0,5357.0,56.33,66.07,4.99
2020-09-23,9510,2556.0,0.0,5406.0,56.85,54.59,4.93
2020-09-24,9510,2587.0,0.0,5437.0,57.17,37.15,5.01
2020-09-25,9510,2630.72,0.0,5480.72,57.63,50.02,5.9
2020-09-26,9510,2668.0,0.0,5518.0,58.02,44.21,5.87
2020-09-27,9510,2694.0,0.0,5544.0,58.3,32.41,5.9
2020-09-28,9510,2722.0,0.0,5572.0,58.59,34.63,6.04
2020-09-29,9510,2744.0,0.0,5594.0,58.82,28.69,6.04
2020-09-30,9510,2764.0,0.0,5614.0,59.03,26.68,5.99
2020-10-01,9510,2784.0,0.0,5634.0,59.24,26.73,6.01
2020-10-02,9510,2800.0,0.0,5650.0,59.41,22.79,6.06
2020-10-03,9510,2813.0,0.0,5663.0,59.55,18.66,5.93
2020-10-04,9510,2829.0,0.0,5679.0,59.72,22.82,6.05
2020-10-05,9510,2841.0,0.0,5691.0,59.84,18.74,5.99
2020-10-06,9510,2859.0,0.0,5709.0,60.03,24.87,6.02
2020-10-07,9510,2875.0,0.0,5725.0,60.2,22.84,6.0
2020-10-08,9510,2889.0,0.0,5739.0,60.35,20.81,5.97
2020-10-09,9510,2902.0,0.0,5752.0,60.48,15.34,2.51
2020-10-10,9510,2910.0,0.0,5760.0,60.57,12.76,3.99
2020-10-11,9510,2920.0,0.0,5770.0,60.67,14.67,3.86
2020-10-12,9510,2922.0,0.0,5772.0,60.69,8.89,6.21
2020-10-13,9510,2934.0,0.0,5784.0,60.82,18.7,5.83
2020-10-14,9510,2936.0,0.0,5786.0,60.84,8.72,6.04
2020-10-15,9510,2938.0,146.0,5788.0,60.86,8.68,5.99
2020-10-16,9510,2944.0,0.0,5794.0,60.93,12.29,5.52
2020-10-17,9510,2946.0,0.0,5796.0,60.95,11.66,8.97
2020-10-18,9510,2946.0,0.0,5796.0,60.95,9.66,9.01
2020-10-19,9510,2948.0,0.0,5798.0,60.97,11.28,8.59
2020-10-20,9510,2955.0,0.0,5805.0,61.04,12.71,5.94
2020-10-21,9510,2955.0,0.0,5805.0,61.04,6.63,5.98
2020-10-22,9510,2961.0,0.0,5811.0,61.1,11.71,4.93
2020-10-23,9510,2965.0,0.0,5815.0,61.15,9.7,4.97
2020-10-24,9510,2969.0,0.0,5819.0,61.19,9.73,5.0
2020-10-25,9510,2969.0,0.0,5819.0,61.19,5.63,4.98
2020-10-26,9510,2971.0,0.0,5821.0,61.21,7.76,5.06
2020-10-27,9510,2973.0,0.0,5823.0,61.23,8.69,6.0
2020-10-28,9510,2975.0,0.0,5825.0,61.25,8.73,6.03
2020-10-29,9510,2975.0,0.0,5825.0,61.25,6.48,5.83
2020-10-30,9510,2973.0,0.0,5823.0,61.23,8.14,9.54
2020-10-31,9510,2972.95,0.0,5822.95,61.23,10.15,9.5
2020-11-01,9510,2969.0,0.0,5819.0,61.19,5.63,9.07
2020-11-02,9510,2969.0,0.0,5819.0,61.19,10.22,9.53
2020-11-03,9510,2965.0,0.0,5815.0,61.15,6.06,9.46
2020-11-04,9510,2963.0,0.0,5813.0,61.13,7.92,9.28
2020-11-05,9510,2961.0,0.0,5811.0,61.1,8.22,9.58
2020-11-06,9510,2955.0,0.0,5805.0,61.04,3.05,8.49
2020-11-07,9510,2955.0,0.0,5805.0,61.04,9.18,8.49
2020-11-08,9510,2948.0,0.0,5798.0,60.97,3.01,8.45
2020-11-09,9510,2946.0,0.0,5796.0,60.95,7.15,8.51
2020-11-10,9510,2944.0,0.0,5794.0,60.93,7.12,8.48
2020-11-11,9510,2942.0,0.0,5792.0,60.9,7.15,8.51
2020-11-12,9510,2944.0,0.0,5794.0,60.93,11.07,8.35
2020-11-13,9510,2940.0,0.0,5790.0,60.88,5.09,8.49
2020-11-14,9510,2936.0,0.0,5786.0,60.84,5.15,8.55
2020-11-15,9510,2932.0,0.0,5782.0,60.8,5.02,8.41
2020-11-16,9510,2928.0,0.0,5778.0,60.76,5.12,8.52
2020-11-17,9510,2922.0,0.0,5772.0,60.69,4.07,9.5
2020-11-18,9510,2914.0,0.0,5764.0,60.61,1.98,9.44
2020-11-19,9510,2908.0,0.0,5758.0,60.55,4.07,9.49
2020-11-20,9510,2902.0,0.0,5752.0,60.48,4.08,9.5
2020-11-21,9510,2898.0,0.0,5748.0,60.44,6.18,9.57
2020-11-22,9510,2893.0,0.0,5743.0,60.39,6.12,9.5
2020-11-23,9510,2887.0,0.0,5737.0,60.33,4.1,9.51
2020-11-24,9510,2881.0,0.0,5731.0,60.26,3.59,9.0
2020-11-25,9510,2877.0,0.0,5727.0,60.22,5.62,9.0
2020-11-26,9510,2873.0,0.0,5723.0,60.18,5.62,9.0
2020-11-27,9510,2865.0,0.0,5715.0,60.09,1.58,9.0
2020-11-28,9510,2857.0,0.0,5707.0,60.01,3.52,10.94
2020-11-29,9510,2845.0,0.0,5695.0,59.88,5.59,17.05
2020-11-30,9510,2829.0,0.0,5679.0,59.72,1.56,17.05
2020-12-01,9510,2817.0,0.0,5667.0,59.59,5.67,17.11
2020-12-02,9510,2805.0,0.0,5655.0,59.46,5.55,17.0
2020-12-03,9510,2792.0,0.0,5642.0,59.33,5.59,17.02
2020-12-04,9510,2784.0,0.0,5634.0,59.24,3.63,11.03
2020-12-05,9510,2778.0,0.0,5628.0,59.18,3.72,9.11
2020-12-06,9510,2770.0,0.0,5620.0,59.1,1.6,8.99
2020-12-07,9510,2762.0,0.0,5612.0,59.01,1.62,9.01
2020-12-08,9510,2754.0,0.0,5604.0,58.93,1.61,8.99
2020-12-09,9510,2742.0,0.0,5592.0,58.8,2.64,14.02
2020-12-10,9510,2726.0,0.0,5576.0,58.63,1.68,17.05
2020-12-11,9510,2710.0,0.0,5560.0,58.46,1.66,17.0
2020-12-12,9510,2696.0,0.0,5546.0,58.32,3.67,17.0
2020-12-13,9510,2682.0,0.0,5532.0,58.17,3.65,16.96
2020-12-14,9510,2670.0,0.0,5520.0,58.04,2.7,14.0
2020-12-15,9510,2664.0,0.0,5514.0,57.98,4.18,9.51
2020-12-16,9510,2658.0,0.0,5508.0,57.92,4.21,9.54
2020-12-17,9510,2653.0,0.0,5503.0,57.87,4.23,9.55
2020-12-18,9510,2647.0,144.0,5497.0,57.8,4.31,9.63
2020-12-19,9510,2637.0,0.0,5487.0,57.7,0.26,9.54
2020-12-20,9510,2629.0,0.0,5479.0,57.61,2.16,9.45
2020-12-21,9510,2621.0,0.0,5471.0,57.53,2.24,9.53
2020-12-22,9510,2611.0,0.0,5461.0,57.42,4.82,14.08
2020-12-23,9510,2595.0,0.0,5445.0,57.26,1.97,17.14
2020-12-24,9510,2581.0,0.0,5431.0,57.11,3.82,17.0
2020-12-25,9510,2566.0,0.0,5416.0,56.95,1.87,17.0
2020-12-26,9510,2552.0,0.0,5402.0,56.8,3.91,17.04
2020-12-27,9510,2536.0,0.0,5386.0,56.64,2.07,17.16
2020-12-28,9510,2520.0,0.0,5370.0,56.47,1.94,17.0
2020-12-29,9510,2505.0,0.0,5355.0,56.31,1.97,17.0
2020-12-30,9510,2493.0,0.0,5343.0,56.18,2.93,14.03
2020-12-31,9510,2481.0,0.0,5331.0,56.06,2.92,14.02
2021-01-01,9510,2470.0,0.0,5320.0,55.94,2.94,14.02
2021-01-02,9510,2456.0,0.0,5306.0,55.79,7.09,14.19
2021-01-03,9510,2444.0,0.0,5294.0,55.67,3.01,13.99
2021-01-04,9510,2429.0,0.0,5279.0,55.51,2.2,17.05
2021-01-05,9510,2413.0,0.0,5263.0,55.34,2.2,17.03
2021-01-06,9510,2398.0,0.0,5248.0,55.18,2.22,17.02
2021-01-07,9510,2382.0,0.0,5232.0,55.02,2.23,17.01
2021-01-08,9510,2367.0,0.0,5217.0,54.86,2.24,17.0
2021-01-09,9510,2353.0,0.0,5203.0,54.71,1.26,14.07
2021-01-10,9510,2342.0,0.0,5192.0,54.6,3.15,14.01
2021-01-11,9510,2330.0,0.0,5180.0,54.47,3.31,14.16
2021-01-12,9510,2317.0,0.0,5167.0,54.33,1.27,14.02
2021-01-13,9510,2300.0,0.0,5150.0,54.15,0.44,17.0
2021-01-14,9510,2282.0,0.0,5132.0,53.96,0.64,17.17
2021-01-15,9510,2267.0,0.0,5117.0,53.81,2.4,17.0
2021-01-16,9510,2252.0,0.0,5102.0,53.65,2.17,16.74
2021-01-17,9510,2237.0,0.0,5087.0,53.49,2.47,17.01
2021-01-18,9510,2222.0,0.0,5072.0,53.33,2.42,16.94
2021-01-19,9510,2206.0,0.0,5056.0,53.17,2.69,17.18
2021-01-20,9510,2191.0,0.0,5041.0,53.01,4.47,17.05
2021-01-21,9510,2176.0,0.0,5026.0,52.85,2.6,17.04
2021-01-22,9510,2161.0,0.0,5011.0,52.69,2.62,17.04
2021-01-23,9510,2146.0,0.0,4996.0,52.53,2.61,17.0
2021-01-24,9510,2131.0,0.0,4981.0,52.38,2.63,17.0
2021-01-25,9510,2116.0,0.0,4966.0,52.22,2.68,17.02
2021-01-26,9510,2103.0,0.0,4953.0,52.08,2.54,14.99
2021-01-27,9510,2090.0,0.0,4940.0,51.95,2.34,14.77
2021-01-28,9510,2077.0,0.0,4927.0,51.81,2.57,14.98
2021-01-29,9510,2064.0,0.0,4914.0,51.67,2.62,15.0
2021-01-30,9510,2051.0,0.0,4901.0,51.54,2.62,14.99
2021-01-31,9510,2038.0,0.0,4888.0,51.4,2.69,15.04
2021-02-01,9510,2023.0,0.0,4873.0,51.24,0.8,14.98
2021-02-02,9510,2010.0,0.0,4860.0,51.1,2.97,15.04
2021-02-03,9510,1995.0,0.0,4845.0,50.95,1.23,15.13
2021-02-04,9510,1980.0,0.0,4830.0,50.79,1.16,15.03
2021-02-05,9510,1966.0,0.0,4816.0,50.64,1.18,15.02
2021-02-06,9510,1951.0,0.0,4801.0,50.48,1.07,14.9
2021-02-07,9510,1936.0,0.0,4786.0,50.33,1.32,15.11
2021-02-08,9510,1922.0,0.0,4772.0,50.18,1.27,15.04
2021-02-09,9510,1907.0,0.0,4757.0,50.02,0.29,14.04
2021-02-10,9510,1894.0,0.0,4744.0,49.88,2.12,14.02
2021-02-11,9510,1885.0,0.0,4735.0,49.79,5.84,14.08
2021-02-12,9510,1876.0,0.0,4726.0,49.7,5.84,14.06
2021-02-13,9510,1867.0,0.0,4717.0,49.6,5.78,14.0
2021-02-14,9510,1858.0,0.0,4708.0,49.51,5.8,14.01
2021-02-15,9510,1849.0,140.0,4699.0,49.41,5.79,13.99
2021-02-16,9510,1838.0,0.0,4688.0,49.3,4.05,14.04
2021-02-17,9510,1827.0,0.0,4677.0,49.18,4.05,14.03
2021-02-18,9510,1816.0,0.0,4666.0,49.06,4.07,14.04
2021-02-19,9510,1804.0,0.0,4654.0,48.94,2.26,14.02
2021-02-20,9510,1791.0,0.0,4641.0,48.8,2.33,14.06
2021-02-21,9510,1778.0,0.0,4628.0,48.66,2.3,14.01
2021-02-22,9510,1766.0,0.0,4616.0,48.54,2.3,14.0
2021-02-23,9510,1750.0,0.0,4600.0,48.37,1.73,16.98
2021-02-24,9510,1736.0,0.0,4586.0,48.22,3.59,17.02
2021-02-25,9510,1721.0,0.0,4571.0,48.07,3.64,17.04
2021-02-26,9510,1707.0,0.0,4557.0,47.92,3.64,17.01
2021-02-27,9510,1691.05,0.0,4541.05,47.75,1.89,17.01
2021-02-28,9510,1677.0,0.0,4527.0,47.6,3.81,17.13
2021-03-01,9510,1663.0,0.0,4513.0,47.46,3.71,17.0
2021-03-02,9510,1649.0,0.0,4499.0,47.31,3.77,17.02
2021-03-03,9510,1635.0,0.0,4485.0,47.16,3.77,17.0
2021-03-04,9510,1621.0,0.0,4471.0,47.01,3.79,16.99
2021-03-05,9510,1606.0,0.0,4456.0,46.86,3.83,17.01
2021-03-06,9510,1593.0,0.0,4443.0,46.72,3.89,17.04
2021-03-07,9510,1579.0,0.0,4429.0,46.57,3.92,17.04
2021-03-08,9510,1565.0,0.0,4415.0,46.42,3.92,17.01
2021-03-09,9510,1551.0,0.0,4401.0,46.28,3.95,17.02
2021-03-10,9510,1537.0,0.0,4387.0,46.13,3.98,17.01
2021-03-11,9510,1523.0,138.0,4373.0,45.98,3.98,16.98
2021-03-12,9510,1509.0,0.0,4359.0,45.84,4.03,17.01
2021-03-13,9510,1495.0,0.0,4345.0,45.69,4.05,17.0
2021-03-14,9510,1480.0,0.0,4330.0,45.53,4.47,19.1
2021-03-15,9510,1463.0,0.0,4313.0,45.35,2.7,19.01
2021-03-16,9510,1446.0,0.0,4296.0,45.17,2.88,19.15
2021-03-17,9510,1429.0,0.0,4279.0,44.99,2.77,18.99
2021-03-18,9510,1412.0,0.0,4262.0,44.82,2.82,19.0
2021-03-19,9510,1395.0,0.0,4245.0,44.64,2.86,18.99
2021-03-20,9510,1378.0,0.0,4228.0,44.46,2.93,19.01
2021-03-21,9510,1361.0,0.0,4211.0,44.28,2.86,18.89
2021-03-22,9510,1344.0,0.0,4194.0,44.1,3.12,19.12
2021-03-23,9510,1329.0,0.0,4179.0,43.94,2.72,16.99
2021-03-24,9510,1314.0,0.0,4164.0,43.79,2.77,17.0
2021-03-25,9510,1299.0,0.0,4149.0,43.63,2.86,17.05
2021-03-26,9510,1284.0,0.0,4134.0,43.47,2.85,17.01
2021-03-27,9510,1269.0,0.0,4119.0,43.31,2.98,17.1
2021-03-28,9510,1254.0,0.0,4104.0,43.15,2.93,17.01
2021-03-29,9510,1239.0,0.0,4089.0,43.0,2.95,17.0
2021-03-30,9510,1225.0,0.0,4075.0,42.85,3.0,17.01
2021-03-31,9510,1210.0,0.0,4060.0,42.69,3.03,17.0
2021-04-01,9510,1195.0,0.0,4045.0,42.53,3.09,17.02
2021-04-02,9510,1179.0,0.0,4029.0,42.37,1.66,17.05
2021-04-03,9510,1162.0,0.0,4012.0,42.19,1.73,17.07
2021-04-04,9510,1146.0,0.0,3996.0,42.02,1.73,17.02
2021-04-05,9510,1130.0,0.0,3980.0,41.85,1.81,17.05
2021-04-06,9510,1114.0,0.0,3964.0,41.68,1.85,17.04
2021-04-07,9510,1101.0,0.0,3951.0,41.55,5.15,17.09
2021-04-08,9510,1104.0,0.0,3954.0,41.58,21.15,17.02
2021-04-09,9510,1106.0,0.0,3956.0,41.6,19.6,17.07
2021-04-10,9510,1095.0,0.0,3945.0,41.48,6.95,17.27
2021-04-11,9510,1083.0,0.0,3933.0,41.36,3.55,13.84
2021-04-12,9510,1075.0,0.0,3925.0,41.27,6.94,14.02
2021-04-13,9510,1067.0,0.0,3917.0,41.19,7.35,14.41
2021-04-14,9510,1060.0,0.0,3910.0,41.11,7.36,14.41
2021-04-15,9510,1052.0,136.0,3902.0,41.03,7.36,14.39
2021-04-16,9510,1042.0,0.0,3892.0,40.93,5.78,14.39
2021-04-17,9510,1033.0,0.0,3883.0,40.83,5.98,14.58
2021-04-18,9510,1025.0,0.0,3875.0,40.75,6.04,13.03
2021-04-19,9510,1017.0,0.0,3867.0,40.66,6.04,13.02
2021-04-20,9510,1009.0,0.0,3859.0,40.58,6.04,13.01
2021-04-21,9510,1001.0,0.0,3851.0,40.49,6.09,13.05
2021-04-22,9510,993.0,0.0,3843.0,40.41,5.11,12.06
2021-04-23,9510,985.0,0.0,3835.0,40.33,5.07,12.0
2021-04-24,9510,977.0,0.0,3827.0,40.24,5.23,12.15
2021-04-25,9510,971.0,0.0,3821.0,40.18,6.67,12.02
2021-04-26,9510,963.0,0.0,3813.0,40.09,5.17,12.07
2021-04-27,9510,956.0,0.0,3806.0,40.02,5.22,12.11
2021-04-28,9510,946.0,0.0,3796.0,39.92,3.6,12.03
2021-04-29,9510,939.0,0.0,3789.0,39.84,5.22,12.08
2021-04-30,9510,931.0,0.0,3781.0,39.76,5.16,12.02
2021-05-01,9510,926.0,0.0,3776.0,39.71,8.33,12.08
2021-05-02,9510,921.0,0.0,3771.0,39.65,8.21,11.96
2021-05-03,9510,914.0,0.0,3764.0,39.58,5.18,12.01
2021-05-04,9510,905.0,0.0,3755.0,39.48,3.7,12.06
2021-05-05,9510,897.0,0.0,3747.0,39.4,5.19,12.0
2021-05-06,9510,889.0,0.0,3739.0,39.32,5.21,12.0
2021-05-07,9510,881.0,0.0,3731.0,39.23,5.28,12.06
2021-05-08,9510,874.0,0.0,3724.0,39.16,5.51,12.28
2021-05-09,9510,866.0,0.0,3716.0,39.07,5.24,12.0
2021-05-10,9510,859.0,0.0,3709.0,39.0,5.28,12.02
2021-05-11,9510,848.0,0.0,3698.0,38.89,2.26,12.03
2021-05-12,9510,839.0,0.0,3689.0,38.79,3.85,12.08
2021-05-13,9510,830.0,134.0,3680.0,38.7,3.82,12.03
2021-05-14,9510,821.0,0.0,3671.0,38.6,3.9,12.09
2021-05-15,9510,812.0,0.0,3662.0,38.51,3.91,12.08
2021-05-16,9510,800.0,0.0,3650.0,38.38,3.86,15.02
2021-05-17,9510,785.0,0.0,3635.0,38.22,3.88,18.0
2021-05-18,9510,770.0,0.0,3620.0,38.07,3.85,17.92
2021-05-19,9510,755.0,0.0,3605.0,37.91,4.01,18.03
2021-05-20,9510,741.0,0.0,3591.0,37.76,5.52,18.0
2021-05-21,9510,728.0,0.0,3578.0,37.62,5.57,18.01
2021-05-22,9510,715.0,0.0,3565.0,37.49,5.61,18.0
2021-05-23,9510,700.0,0.0,3550.0,37.33,4.27,18.08
2021-05-24,9510,687.0,0.0,3537.0,37.19,5.87,18.18
2021-05-25,9510,677.0,0.0,3527.0,37.09,4.77,14.11
2021-05-26,9510,668.0,0.0,3518.0,36.99,6.44,14.31
2021-05-27,9510,658.0,0.0,3508.0,36.89,4.82,14.11
2021-05-28,9510,649.0,0.0,3499.0,36.79,6.13,13.96
2021-05-29,9510,639.0,0.0,3489.0,36.69,4.75,14.0
2021-05-30,9510,629.0,0.0,3479.0,36.58,4.89,14.11
2021-05-31,9510,622.0,0.0,3472.0,36.51,7.7,14.02
2021-06-01,9510,613.0,0.0,3463.0,36.41,6.27,14.02
2021-06-02,9510,605.0,0.0,3455.0,36.33,6.05,13.99
2021-06-03,9510,595.0,0.0,3445.0,36.23,4.66,14.0
2021-06-04,9510,585.0,0.0,3435.0,36.12,4.69,14.0
2021-06-05,9510,575.0,0.0,3425.0,36.01,4.75,14.03
2021-06-06,9510,564.0,0.0,3414.0,35.9,3.39,14.06
2021-06-07,9510,552.0,0.0,3402.0,35.77,3.39,14.02
2021-06-08,9510,538.0,0.0,3388.0,35.63,4.62,18.02
2021-06-09,9510,526.0,0.0,3376.0,35.5,6.16,18.11
2021-06-10,9510,515.0,132.0,3365.0,35.38,7.47,17.98
2021-06-11,9510,502.0,0.0,3352.0,35.25,6.14,17.99
2021-06-12,9510,495.0,0.0,3345.0,35.17,7.74,14.03
2021-06-13,9510,488.0,0.0,3338.0,35.1,7.73,14.0
2021-06-14,9510,480.0,0.0,3330.0,35.02,6.41,14.04
2021-06-15,9510,487.0,0.0,3337.0,35.09,21.62,14.11
2021-06-16,9510,547.0,0.0,3397.0,35.72,74.47,14.04
2021-06-17,9510,595.0,0.0,3445.0,36.23,68.72,20.03
2021-06-18,9510,608.0,0.0,3458.0,36.36,33.48,20.01
2021-06-19,9510,608.0,0.0,3458.0,36.36,20.67,20.03
2021-06-20,9510,603.0,0.0,3453.0,36.31,16.42,20.06
2021-06-21,9510,598.0,0.0,3448.0,36.26,14.96,20.03
2021-06-22,9510,590.0,0.0,3440.0,36.17,9.51,15.99
2021-06-23,9510,582.0,0.0,3432.0,36.09,8.12,16.0
2021-06-24,9510,575.0,0.0,3425.0,36.01,11.56,18.01
2021-06-25,9510,565.0,0.0,3415.0,35.91,8.75,18.01
2021-06-26,9510,554.0,0.0,3404.0,35.79,9.36,20.0
2021-06-27,9510,538.28,0.0,3388.28,35.63,10.26,25.06
2021-06-28,9510,516.0,0.0,3366.0,35.39,8.3,30.0
2021-06-29,9510,494.0,0.0,3344.0,35.16,13.43,34.97
2021-06-30,9510,472.0,0.0,3322.0,34.93,13.62,35.01
2021-07-01,9510,451.0,0.0,3301.0,34.71,15.03,34.91
2021-07-02,9510,431.0,0.0,3281.0,34.5,15.29,35.15
2021-07-03,9510,411.0,0.0,3261.0,34.29,15.24,34.96
2021-07-04,9510,391.0,0.0,3241.0,34.08,15.73,35.32
2021-07-05,9510,369.0,0.0,3219.0,33.85,14.24,35.02
2021-07-06,9510,352.0,0.0,3202.0,33.67,13.33,30.0
2021-07-07,9510,338.0,0.0,3188.0,33.52,11.09,25.04
2021-07-08,9510,327.0,0.0,3177.0,33.41,10.01,19.97
2021-07-09,9510,322.0,0.0,3172.0,33.35,13.29,18.0
2021-07-10,9510,318.07,0.0,3168.07,33.31,14.75,18.16
2021-07-11,9510,317.0,0.0,3167.0,33.3,17.21,18.01
2021-07-12,9510,317.0,0.0,3167.0,33.3,18.51,18.01
2021-07-13,9510,315.0,0.0,3165.0,33.28,13.22,14.02
2021-07-14,9510,315.0,0.0,3165.0,33.28,14.52,14.02
2021-07-15,9510,310.27,0.0,3160.27,33.23,9.41,14.1
2021-07-16,9510,303.8,0.0,3153.8,33.16,8.1,14.07
2021-07-17,9510,305.0,0.0,3155.0,33.18,15.76,13.97
2021-07-18,9510,304.0,0.0,3154.0,33.17,11.28,12.07
2021-07-19,9510,303.0,0.0,3153.0,33.15,11.23,12.03
2021-07-20,9510,303.0,0.0,3153.0,33.15,10.8,10.3
2021-07-21,9510,301.21,0.0,3151.21,33.14,9.21,10.0
2021-07-22,9510,301.0,0.0,3151.0,33.13,10.52,10.02
2021-07-23,9510,310.0,0.0,3160.0,33.23,19.61,10.04
2021-07-24,9510,318.0,0.0,3168.0,33.31,18.31,10.01
2021-07-25,9510,324.58,0.0,3174.58,33.38,16.97,9.96
2021-07-26,9510,334.0,0.0,3184.0,33.48,19.67,10.02
2021-07-27,9510,348.0,0.0,3198.0,33.63,23.92,8.99
2021-07-28,9510,376.0,0.0,3226.0,33.92,35.29,7.03
2021-07-29,9510,404.0,0.0,3254.0,34.22,35.59,7.06
2021-07-30,9510,425.48,0.0,3275.48,34.44,29.04,7.0
2021-07-31,9510,443.0,0.0,3293.0,34.63,25.21,7.08
2021-08-01,9510,464.91,0.0,3314.91,34.86,29.32,6.99
2021-08-02,9510,486.0,0.0,3336.0,35.08,30.08,9.02
2021-08-03,9510,503.0,0.0,3353.0,35.26,27.5,9.08
2021-08-04,9510,520.0,0.0,3370.0,35.44,26.15,9.02
2021-08-05,9510,550.0,0.0,3400.0,35.75,41.84,12.01
2021-08-06,9510,572.0,0.0,3422.0,35.98,40.05,17.04
2021-08-07,9510,585.0,0.0,3435.0,36.12,30.36,17.14
2021-08-08,9510,593.0,0.0,3443.0,36.2,26.01,17.01
2021-08-09,9510,603.0,0.0,3453.0,36.31,22.44,12.0
2021-08-10,9510,606.0,0.0,3456.0,36.34,14.28,10.95
2021-08-11,9510,610.0,0.0,3460.0,36.38,15.74,10.99
2021-08-12,9510,610.0,0.0,3460.0,36.38,14.5,14.03
2021-08-13,9510,609.0,0.0,3459.0,36.37,13.06,14.02
2021-08-14,9510,609.0,0.0,3459.0,36.37,14.39,13.92
2021-08-15,9510,609.0,0.0,3459.0,36.37,14.27,13.8
2021-08-16,9510,610.0,0.0,3460.0,36.38,15.89,13.99
2021-08-17,9510,622.0,0.0,3472.0,36.51,22.92,10.99
2021-08-18,9510,646.0,0.0,3496.0,36.76,35.94,11.0
2021-08-19,9510,664.0,0.0,3514.0,36.95,28.76,10.92
2021-08-20,9510,675.0,0.0,3525.0,37.07,22.94,10.84
2021-08-21,9510,684.0,0.0,3534.0,37.16,20.22,11.0
2021-08-22,9510,694.0,0.0,3544.0,37.27,21.7,11.0
2021-08-23,9510,702.0,0.0,3552.0,37.35,18.79,10.99
2021-08-24,9510,706.0,0.0,3556.0,37.39,13.88,9.0
2021-08-25,9510,710.0,0.0,3560.0,37.43,13.87,8.99
2021-08-26,9510,724.0,0.0,3574.0,37.58,22.71,8.98
2021-08-27,9510,737.0,0.0,3587.0,37.72,22.78,9.02
2021-08-28,9510,746.0,0.0,3596.0,37.81,16.38,7.01
2021-08-29,9510,753.0,0.0,3603.0,37.89,14.93,7.03
2021-08-30,9510,759.0,0.0,3609.0,37.95,13.42,7.0
2021-08-31,9510,765.16,0.0,3615.16,38.01,13.49,7.05
2021-09-01,9510,770.0,0.0,3620.0,38.07,11.95,6.99
2021-09-02,9510,776.0,0.0,3626.0,38.13,12.46,5.99
2021-09-03,9510,785.0,0.0,3635.0,38.22,15.45,5.97
2021-09-04,9510,792.0,0.0,3642.0,38.3,14.07,6.07
2021-09-05,9510,798.0,0.0,3648.0,38.36,12.51,6.0
2021-09-06,9510,809.0,0.0,3659.0,38.48,17.03,6.0
2021-09-07,9510,818.0,0.0,3668.0,38.57,14.55,5.0
2021-09-08,9510,828.0,0.0,3678.0,38.68,16.02,4.93
2021-09-09,9510,843.0,0.0,3693.0,38.83,20.64,4.98
2021-09-10,9510,868.0,0.0,3718.0,39.1,29.87,5.0
2021-09-11,9510,897.0,0.0,3747.0,39.4,29.62,0.0
2021-09-12,9510,931.0,0.0,3781.0,39.76,34.46,0.0
2021-09-13,9510,949.0,0.0,3799.0,39.95,19.13,0.0
2021-09-14,9510,970.0,0.0,3820.0,40.17,20.78,0.0
2021-09-15,9510,984.0,0.0,3834.0,40.32,19.66,5.07
2021-09-16,9510,1001.0,0.0,3851.0,40.49,22.78,5.0
2021-09-17,9510,1025.0,0.0,3875.0,40.75,24.17,0.0
2021-09-18,9510,1053.0,0.0,3903.0,41.04,29.06,0.0
2021-09-19,9510,1074.0,0.0,3924.0,41.26,21.24,0.0
2021-09-20,9510,1091.0,0.0,3941.0,41.44,18.12,0.0
2021-09-21,9510,1109.0,0.0,3959.0,41.63,18.18,0.0
2021-09-22,9510,1124.0,0.0,3974.0,41.79,15.02,0.0
2021-09-23,9510,1141.0,0.0,3991.0,41.97,18.29,0.0
2021-09-24,9510,1161.0,0.0,4011.0,42.18,20.35,0.37
2021-09-25,9510,1182.0,0.0,4032.0,42.4,21.68,0.0
2021-09-26,9510,1201.56,0.0,4051.56,42.6,20.14,0.0
2021-09-27,9510,1218.0,0.0,4068.0,42.78,16.92,0.0
2021-09-28,9510,1241.0,0.0,4091.0,43.02,23.56,0.0
2021-09-29,9510,1267.0,0.0,4117.0,43.29,26.98,0.0
2021-09-30,9510,1296.0,0.0,4146.0,43.6,28.76,0.0
2021-10-01,9510,1317.0,0.0,4167.0,43.82,22.23,0.0
2021-10-02,9510,1336.0,0.0,4186.0,44.02,18.95,0.0
2021-10-03,9510,1354.0,0.0,4204.0,44.21,19.01,0.0
2021-10-04,9510,1374.0,0.0,4224.0,44.42,20.75,0.0
2021-10-05,9510,1391.0,0.0,4241.0,44.6,20.42,2.98
2021-10-06,9510,1407.0,0.0,4257.0,44.76,18.65,2.85
2021-10-07,9510,1418.0,138.0,4268.0,44.88,15.24,2.81
2021-10-08,9510,1429.0,138.0,4279.0,44.99,13.73,2.98
2021-10-09,9510,1441.0,0.0,4291.0,45.12,15.47,3.0
2021-10-10,9510,1449.0,0.0,4299.0,45.21,12.1,3.01
2021-10-11,9510,1458.0,0.0,4308.0,45.3,11.79,2.7
2021-10-12,9510,1464.0,0.0,4314.0,45.36,11.18,3.79
2021-10-13,9510,1480.0,0.0,4330.0,45.53,19.99,4.01
2021-10-14,9510,1494.0,0.0,4344.0,45.68,18.3,4.0
2021-10-15,9510,1507.0,0.0,4357.0,45.81,18.16,3.83
2021-10-16,9510,1514.0,0.0,4364.0,45.89,11.44,3.99
2021-10-17,9510,1525.0,0.0,4375.0,46.0,15.09,4.17
2021-10-18,9510,1530.0,0.0,4380.0,46.06,9.79,4.05
2021-10-19,9510,1539.0,0.0,4389.0,46.15,13.23,4.02
2021-10-20,9510,1546.0,0.0,4396.0,46.23,11.5,4.01
2021-10-21,9510,1549.0,0.0,4399.0,46.26,8.03,4.01
2021-10-22,9510,1556.0,0.0,4406.0,46.33,11.5,4.0
2021-10-23,9510,1566.0,0.0,4416.0,46.44,14.94,3.95
2021-10-24,9510,1572.0,0.0,4422.0,46.5,9.78,4.01
2021-10-25,9510,1579.0,0.0,4429.0,46.57,11.52,4.0
2021-10-26,9510,1584.0,0.0,4434.0,46.62,9.74,3.96
2021-10-27,9510,1589.0,0.0,4439.0,46.68,9.79,4.0
2021-10-28,9510,1594.0,0.0,4444.0,46.73,9.8,4.01
2021-10-29,9510,1598.0,0.0,4448.0,46.77,8.07,4.02
2021-10-30,9510,1599.0,0.0,4449.0,46.78,6.32,4.01
2021-10-31,9510,1608.0,0.0,4458.0,46.88,13.39,4.08
2021-11-01,9510,1617.0,0.0,4467.0,46.97,13.31,3.99
2021-11-02,9510,1628.0,0.0,4478.0,47.09,15.12,4.0
2021-11-03,9510,1636.0,0.0,4486.0,47.17,13.49,4.12
2021-11-04,9510,1643.0,0.0,4493.0,47.25,11.64,4.02
2021-11-05,9510,1647.0,0.0,4497.0,47.29,8.14,4.03
2021-11-06,9510,1654.0,0.0,4504.0,47.36,11.72,4.08
2021-11-07,9510,1657.0,0.0,4507.0,47.39,8.12,4.0
2021-11-08,9510,1659.0,0.0,4509.0,47.41,6.41,4.06
2021-11-09,9510,1665.0,0.0,4515.0,47.48,9.89,4.0
2021-11-10,9510,1663.0,0.0,4513.0,47.46,2.87,4.05
2021-11-11,9510,1666.0,0.0,4516.0,47.49,8.15,4.02
2021-11-12,9510,1668.0,0.0,4518.0,47.51,6.47,4.11
2021-11-13,9510,1668.0,0.0,4518.0,47.51,4.57,3.98
2021-11-14,9510,1668.0,0.0,4518.0,47.51,4.6,4.01
2021-11-15,9510,1670.0,0.0,4520.0,47.53,6.38,4.02
2021-11-16,9510,1670.0,0.0,4520.0,47.53,4.6,4.01
2021-11-17,9510,1672.0,0.0,4522.0,47.55,6.38,4.02
2021-11-18,9510,1673.0,0.0,4523.0,47.56,6.45,4.1
2021-11-19,9510,1673.0,0.0,4523.0,47.56,4.64,4.05
2021-11-20,9510,1673.0,0.0,4523.0,47.56,6.16,5.57
2021-11-21,9510,1673.0,0.0,4523.0,47.56,6.12,5.53
2021-11-22,9510,1673.0,0.0,4523.0,47.56,6.07,5.48
2021-11-23,9510,1673.0,0.0,4523.0,47.56,6.11,5.52
2021-11-24,9510,1672.0,0.0,4522.0,47.55,4.34,5.51
2021-11-25,9510,1670.0,0.0,4520.0,47.53,4.31,5.49
2021-11-26,9510,1666.0,0.0,4516.0,47.49,2.58,5.52
2021-11-27,9510,1663.0,0.0,4513.0,47.46,2.63,5.57
2021-11-28,9510,1659.0,0.0,4509.0,47.41,2.58,5.52
2021-11-29,9510,1656.0,0.0,4506.0,47.38,2.59,5.52
2021-11-30,9510,1654.0,0.0,4504.0,47.36,4.31,5.49
2021-12-01,9510,1656.0,0.0,4506.0,47.38,7.9,5.54
2021-12-02,9510,1652.0,0.0,4502.0,47.34,2.58,5.54
2021-12-03,9510,1649.0,0.0,4499.0,47.31,2.62,5.58
2021-12-04,9510,1645.0,0.0,4495.0,47.27,2.64,5.6
2021-12-05,9510,1642.0,0.0,4492.0,47.23,2.66,5.61
2021-12-06,9510,1638.0,0.0,4488.0,47.19,2.56,5.51
2021-12-07,9510,1635.0,0.0,4485.0,47.16,2.6,5.55
2021-12-08,9510,1631.0,0.0,4481.0,47.12,2.7,5.65
2021-12-09,9510,1628.0,0.0,4478.0,47.09,2.57,5.52
2021-12-10,9510,1624.0,0.0,4474.0,47.05,2.56,5.51
2021-12-11,9510,1621.0,0.0,4471.0,47.01,2.55,5.5
2021-12-12,9510,1617.0,0.0,4467.0,46.97,2.57,5.52
2021-12-13,9510,1612.0,0.0,4462.0,46.92,2.8,7.49
2021-12-14,9510,1606.0,0.0,4456.0,46.86,2.83,7.52
2021-12-15,9510,1601.0,0.0,4451.0,46.8,2.77,7.46
2021-12-16,9510,1596.0,0.0,4446.0,46.75,2.82,7.51
2021-12-17,9510,1594.0,0.0,4444.0,46.73,4.33,5.51
2021-12-18,9510,1591.0,0.0,4441.0,46.7,2.59,5.53
2021-12-19,9510,1587.0,0.0,4437.0,46.66,2.65,5.58
2021-12-20,9510,1584.0,0.0,4434.0,46.62,2.61,5.54
2021-12-21,9510,1580.0,0.0,4430.0,46.58,2.58,5.51
2021-12-22,9510,1575.0,0.0,4425.0,46.53,2.84,7.51
2021-12-23,9510,1570.0,0.0,4420.0,46.48,2.85,7.51
2021-12-24,9510,1565.0,0.0,4415.0,46.42,2.83,7.49
2021-12-25,9510,1559.0,0.0,4409.0,46.36,2.8,7.46
2021-12-26,9510,1554.0,0.0,4404.0,46.31,2.86,7.51
2021-12-27,9510,1549.0,0.0,4399.0,46.26,2.72,7.37
2021-12-28,9510,1546.0,0.0,4396.0,46.23,2.61,5.52
2021-12-29,9510,1542.0,0.0,4392.0,46.18,2.56,5.47
2021-12-30,9510,1539.0,0.0,4389.0,46.15,2.59,5.5
2021-12-31,9510,1535.0,0.0,4385.0,46.11,2.61,5.51
2022-01-01,9510,1532.0,0.0,4382.0,46.08,2.59,5.5
2022-01-02,9510,1526.0,0.0,4376.0,46.01,2.84,7.42
2022-01-03,9510,1521.0,0.0,4371.0,45.96,2.93,7.5
2022-01-04,9510,1516.0,0.0,4366.0,45.91,2.99,7.56
2022-01-05,9510,1509.0,0.0,4359.0,45.84,1.2,7.49
2022-01-06,9510,1504.0,0.0,4354.0,45.78,2.94,7.5
2022-01-07,9510,1501.0,0.0,4351.0,45.75,2.69,5.52
2022-01-08,9510,1497.0,0.0,4347.0,45.71,2.75,5.58
2022-01-09,9510,1492.0,0.0,4342.0,45.66,0.96,5.51
2022-01-10,9510,1487.0,0.0,4337.0,45.6,0.97,5.51
2022-01-11,9510,1480.0,0.0,4330.0,45.53,1.24,7.5
2022-01-12,9510,1473.0,0.0,4323.0,45.46,1.32,7.57
2022-01-13,9510,1466.0,0.0,4316.0,45.38,1.24,7.48
2022-01-14,9510,1459.0,0.0,4309.0,45.31,1.26,7.5
2022-01-15,9510,1454.0,0.0,4304.0,45.26,2.93,7.45
2022-01-16,9510,1449.0,0.0,4299.0,45.21,1.01,5.53
2022-01-17,9510,1444.0,0.0,4294.0,45.15,2.48,6.99
2022-01-18,9510,1437.0,0.0,4287.0,45.08,1.33,7.55
2022-01-19,9510,1430.0,0.0,4280.0,45.01,1.31,7.51
2022-01-20,9510,1424.0,0.0,4274.0,44.94,1.31,7.51
2022-01-21,9510,1417.0,0.0,4267.0,44.87,1.35,7.54
2022-01-22,9510,1410.0,0.0,4260.0,44.79,1.38,7.57
2022-01-23,9510,1407.0,0.0,4257.0,44.76,2.92,5.71
2022-01-24,9510,1403.0,0.0,4253.0,44.72,2.78,5.56
2022-01-25,9510,1396.0,0.0,4246.0,44.65,0.87,7.04
2022-01-26,9510,1390.0,0.0,4240.0,44.58,0.84,7.0
2022-01-27,9510,1383.0,0.0,4233.0,44.51,0.9,7.06
2022-01-28,9510,1378.0,0.0,4228.0,44.46,2.57,7.03
2022-01-29,9510,1373.0,0.0,4223.0,44.41,2.59,7.05
2022-01-30,9510,1368.0,0.0,4218.0,44.35,2.57,7.02
2022-01-31,9510,1363.0,0.0,4213.0,44.3,2.57,7.02
2022-02-01,9510,1358.0,0.0,4208.0,44.25,2.57,7.02
2022-02-02,9510,1353.0,137.0,4203.0,44.2,2.77,7.0
2022-02-03,9510,1347.0,0.0,4197.0,44.13,2.78,7.01
2022-02-04,9510,1341.0,0.0,4191.0,44.07,1.18,7.08
2022-02-05,9510,1336.0,0.0,4186.0,44.02,2.8,7.02
2022-02-06,9510,1332.0,0.0,4182.0,43.97,4.47,7.01
2022-02-07,9510,1329.0,0.0,4179.0,43.94,4.45,6.99
2022-02-08,9510,1327.0,0.0,4177.0,43.92,6.16,7.02
2022-02-09,9510,1324.0,0.0,4174.0,43.89,4.48,7.02
2022-02-10,9510,1321.0,0.0,4171.0,43.86,4.49,7.02
2022-02-11,9510,1317.0,0.0,4167.0,43.82,4.48,7.01
2022-02-12,9510,1314.0,137.0,4164.0,43.79,4.46,6.99
2022-02-13,9510,1311.0,0.0,4161.0,43.75,4.46,6.99
2022-02-14,9510,1306.0,0.0,4156.0,43.7,2.82,7.01
2022-02-15,9510,1301.0,0.0,4151.0,43.65,2.84,7.03
2022-02-16,9510,1296.0,0.0,4146.0,43.6,2.85,7.04
2022-02-17,9510,1291.0,0.0,4141.0,43.54,2.83,7.01
2022-02-18,9510,1286.0,0.0,4136.0,43.49,2.95,7.13
2022-02-19,9510,1281.0,0.0,4131.0,43.44,2.85,7.03
2022-02-20,9510,1276.0,0.0,4126.0,43.39,2.85,7.02
2022-02-21,9510,1276.0,0.0,4126.0,43.39,7.8,7.0
2022-02-22,9510,1272.0,0.0,4122.0,43.34,4.48,7.0
2022-02-23,9510,1269.0,0.0,4119.0,43.31,4.5,7.01
2022-02-24,9510,1266.0,0.0,4116.0,43.28,4.54,7.04
2022-02-25,9510,1262.0,0.0,4112.0,43.24,4.51,7.01
2022-02-26,9510,1259.0,0.0,4109.0,43.21,4.52,7.02
2022-02-27,9510,1254.0,0.0,4104.0,43.15,2.83,6.98
2022-02-28,9510,1251.0,0.0,4101.0,43.12,4.5,7.0
2022-03-01,9510,1248.0,0.0,4098.0,43.09,4.5,7.0
2022-03-02,9510,1244.0,0.0,4094.0,43.05,4.51,7.0
2022-03-03,9510,1241.0,0.0,4091.0,43.02,4.52,7.01
2022-03-04,9510,1238.0,0.0,4088.0,42.99,4.5,6.99
2022-03-05,9510,1233.0,0.0,4083.0,42.93,2.86,7.0
2022-03-06,9510,1228.0,0.0,4078.0,42.88,2.88,7.01
2022-03-07,9510,1223.0,0.0,4073.0,42.83,2.88,7.0
2022-03-08,9510,1218.0,0.0,4068.0,42.78,2.97,7.09
2022-03-09,9510,1213.0,0.0,4063.0,42.72,2.97,7.09
2022-03-10,9510,1208.0,0.0,4058.0,42.67,2.87,6.99
2022-03-11,9510,1198.0,0.0,4048.0,42.57,2.98,12.0
2022-03-12,9510,1188.0,0.0,4038.0,42.46,3.01,12.01
2022-03-13,9510,1179.0,0.0,4029.0,42.37,3.08,12.07
2022-03-14,9510,1169.0,0.0,4019.0,42.26,3.05,12.02
2022-03-15,9510,1159.0,0.0,4009.0,42.16,3.08,12.04
2022-03-16,9510,1149.0,0.0,3999.0,42.05,3.12,12.06
2022-03-17,9510,1140.0,0.0,3990.0,41.96,3.13,12.05
2022-03-18,9510,1130.0,0.0,3980.0,41.85,3.17,12.06
2022-03-19,9510,1121.99,0.0,3971.99,41.77,2.73,10.0
2022-03-20,9510,1114.0,0.0,3964.0,41.68,2.74,10.0
2022-03-21,9510,1106.0,0.0,3956.0,41.6,2.77,10.02
2022-03-22,9510,1098.0,0.0,3948.0,41.51,2.75,9.99
2022-03-23,9510,1090.0,0.0,3940.0,41.43,2.8,10.02
2022-03-24,9510,1082.0,0.0,3932.0,41.35,2.76,9.97
2022-03-25,9510,1074.0,0.0,3924.0,41.26,2.83,10.03
2022-03-26,9510,1066.0,0.0,3916.0,41.18,2.81,10.0
2022-03-27,9510,1059.52,0.0,3909.52,41.11,4.48,10.06
2022-03-28,9510,1052.0,0.0,3902.0,41.03,2.86,10.02
2022-03-29,9510,1044.0,0.0,3894.0,40.95,2.89,10.04
2022-03-30,9510,1037.0,0.0,3887.0,40.87,4.51,10.06
2022-03-31,9510,1031.0,0.0,3881.0,40.81,4.48,10.03
2022-04-01,9510,1026.0,0.0,3876.0,40.76,6.2,10.16
2022-04-02,9510,1021.0,0.0,3871.0,40.7,6.18,10.0
2022-04-03,9510,1017.0,0.0,3867.0,40.66,6.19,10.02
2022-04-04,9510,1012.0,0.0,3862.0,40.61,6.26,10.08
2022-04-05,9510,1006.0,0.0,3856.0,40.55,4.63,10.02
2022-04-06,9510,999.0,0.0,3849.0,40.47,4.63,10.01
2022-04-07,9510,993.0,0.0,3843.0,40.41,4.63,10.01
2022-04-08,9510,987.0,0.0,3837.0,40.35,4.72,10.08
2022-04-09,9510,981.0,0.0,3831.0,40.28,4.68,10.04
2022-04-10,9510,974.0,0.0,3824.0,40.21,4.67,10.02
2022-04-11,9510,968.0,0.0,3818.0,40.15,4.65,10.0
2022-04-12,9510,962.0,0.0,3812.0,40.08,4.71,10.05
2022-04-13,9510,956.0,0.0,3806.0,40.02,4.77,10.1
2022-04-14,9510,949.0,0.0,3799.0,39.95,4.65,9.97
2022-04-15,9510,942.0,0.0,3792.0,39.87,3.12,9.99
2022-04-16,9510,934.0,0.0,3784.0,39.79,3.17,10.03
2022-04-17,9510,926.0,0.0,3776.0,39.71,3.16,10.0
2022-04-18,9510,918.0,0.0,3768.0,39.62,3.18,10.01
2022-04-19,9510,911.0,0.0,3761.0,39.55,3.17,9.99
2022-04-20,9510,905.0,0.0,3755.0,39.48,4.74,10.01
2022-04-21,9510,898.0,0.0,3748.0,39.41,4.86,10.12
2022-04-22,9510,894.0,0.0,3744.0,39.37,6.32,10.03
2022-04-23,9510,891.0,0.0,3741.0,39.34,7.94,10.12
2022-04-24,9510,888.0,0.0,3738.0,39.31,7.79,9.96
2022-04-25,9510,883.0,0.0,3733.0,39.25,6.15,9.85
2022-04-26,9510,877.0,0.0,3727.0,39.19,4.78,10.01
2022-04-27,9510,871.0,0.0,3721.0,39.13,4.79,10.01
2022-04-28,9510,866.0,0.0,3716.0,39.07,6.32,10.01
2022-04-29,9510,862.0,0.0,3712.0,39.03,6.38,10.06
2022-04-30,9510,856.0,0.0,3706.0,38.97,4.78,9.99
2022-05-01,9510,852.0,0.0,3702.0,38.93,7.84,9.99
2022-05-02,9510,848.0,0.0,3698.0,38.89,6.39,10.07
2022-05-03,9510,839.0,0.0,3689.0,38.79,1.76,9.99
2022-05-04,9510,831.0,134.0,3681.0,38.71,3.36,10.06
2022-05-05,9510,824.0,0.0,3674.0,38.63,3.31,10.0
2022-05-06,9510,816.0,134.0,3666.0,38.55,3.34,10.01
2022-05-07,9510,809.0,0.0,3659.0,38.48,3.35,10.01
2022-05-08,9510,801.0,0.0,3651.0,38.39,3.35,10.0
2022-05-09,9510,795.0,0.0,3645.0,38.33,4.89,10.02
2022-05-10,9510,794.0,0.0,3644.0,38.32,9.42,10.04
2022-05-11,9510,794.0,0.0,3644.0,38.32,10.92,10.04
2022-05-12,9510,794.0,134.0,3644.0,38.32,10.89,10.01
2022-05-13,9510,794.0,0.0,3644.0,38.32,8.88,8.0
2022-05-14,9510,795.0,0.0,3645.0,38.33,10.27,7.89
2022-05-15,9510,797.0,0.0,3647.0,38.35,10.47,8.09
2022-05-16,9510,797.0,134.0,3647.0,38.35,11.15,10.28
2022-05-17,9510,795.0,0.0,3645.0,38.33,9.37,10.0
2022-05-18,9510,828.0,0.0,3678.0,38.68,44.04,10.01
2022-05-19,9510,836.0,0.0,3686.0,38.76,15.49,7.04
2022-05-20,9510,842.0,0.0,3692.0,38.82,13.94,7.0
2022-05-21,9510,846.0,0.0,3696.0,38.86,12.43,6.99
2022-05-22,9510,848.0,0.0,3698.0,38.89,9.42,7.02
2022-05-23,9510,851.0,0.0,3701.0,38.92,10.92,7.0
2022-05-24,9510,869.0,134.0,3719.0,39.11,24.16,4.99
2022-05-25,9510,888.0,0.0,3738.0,39.31,24.23,4.98
2022-05-26,9510,897.0,0.0,3747.0,39.4,17.07,6.97
2022-05-27,9510,897.0,0.0,3747.0,39.4,10.95,10.06
2022-05-28,9510,894.0,0.0,3744.0,39.37,7.69,9.87
2022-05-29,9510,891.0,0.0,3741.0,39.34,7.83,10.01
2022-05-30,9510,889.0,0.0,3739.0,39.32,9.41,10.06
2022-05-31,9510,883.0,0.0,3733.0,39.25,4.8,10.05
2022-06-01,9510,880.0,0.0,3730.0,39.22,7.8,9.98
2022-06-02,9510,878.0,0.0,3728.0,39.2,9.17,10.04
2022-06-03,9510,881.0,0.0,3731.0,39.23,15.66,11.94
2022-06-04,9510,880.0,0.0,3730.0,39.22,11.17,12.04
2022-06-05,9510,872.0,0.0,3722.0,39.14,7.01,14.0
2022-06-06,9510,863.0,0.0,3713.0,39.04,7.52,16.02
2022-06-07,9510,854.0,0.0,3704.0,38.95,7.75,16.23
2022-06-08,9510,842.0,0.0,3692.0,38.82,4.5,16.0
2022-06-09,9510,833.0,0.0,3683.0,38.73,7.58,16.01
2022-06-10,9510,824.0,0.0,3674.0,38.63,5.59,14.01
2022-06-11,9510,816.0,0.0,3666.0,38.55,7.23,14.12
2022-06-12,9510,807.0,0.0,3657.0,38.45,3.7,12.09
2022-06-13,9510,801.0,0.0,3651.0,38.39,6.57,11.93
2022-06-14,9510,792.0,0.0,3642.0,38.3,3.67,12.02
2022-06-15,9510,786.0,0.0,3636.0,38.23,6.7,12.04
2022-06-16,9510,777.0,0.0,3627.0,38.14,3.71,12.03
2022-06-17,9510,767.0,0.0,3617.0,38.03,5.27,15.06
2022-06-18,9510,773.0,0.0,3623.0,38.1,21.68,15.06
2022-06-19,9510,771.0,0.0,3621.0,38.08,14.22,15.06
2022-06-20,9510,767.0,0.0,3617.0,38.03,11.24,15.06
2022-06-21,9510,762.0,0.0,3612.0,37.98,8.2,12.01
2022-06-22,9510,758.0,0.0,3608.0,37.94,8.17,11.99
2022-06-23,9510,752.0,0.0,3602.0,37.88,9.76,15.05
2022-06-24,9510,743.0,0.0,3593.0,37.78,6.8,15.05
2022-06-25,9510,735.0,0.0,3585.0,37.7,8.26,15.01
2022-06-26,9510,725.0,0.0,3575.0,37.59,5.29,14.98
2022-06-27,9510,718.0,0.0,3568.0,37.52,8.32,15.04
2022-06-28,9510,712.0,0.0,3562.0,37.46,8.8,14.04
2022-06-29,9510,705.0,0.0,3555.0,37.38,7.43,14.12
2022-06-30,9510,694.0,0.0,3544.0,37.27,7.38,16.98
2022-07-01,9510,686.0,0.0,3536.0,37.18,8.9,17.02
2022-07-02,9510,680.0,0.0,3530.0,37.12,11.72,17.02
2022-07-03,9510,693.0,0.0,3543.0,37.26,30.81,17.14
2022-07-04,9510,706.0,0.0,3556.0,37.39,30.7,16.99
2022-07-05,9510,721.0,0.0,3571.0,37.55,29.39,14.16
2022-07-06,9510,735.0,134.0,3585.0,37.7,29.26,13.97
2022-07-07,9510,743.0,134.0,3593.0,37.78,21.93,14.0
2022-07-08,9510,747.0,134.0,3597.0,37.82,18.98,14.0
2022-07-09,9510,767.0,134.0,3617.0,38.03,33.89,14.04
2022-07-10,9510,785.0,134.0,3635.0,38.22,32.44,13.98
2022-07-11,9510,801.0,134.0,3651.0,38.39,30.99,13.95
2022-07-12,9510,807.0,134.0,3657.0,38.45,22.56,16.0
2022-07-13,9510,809.0,134.0,3659.0,38.48,18.04,16.0
2022-07-14,9510,824.0,0.0,3674.0,38.63,27.63,12.01
2022-07-15,9510,839.0,0.0,3689.0,38.79,27.69,12.01
2022-07-16,9510,866.0,134.0,3716.0,39.07,34.02,6.09
2022-07-17,9510,895.0,0.0,3745.0,39.38,35.89,6.25
2022-07-18,9510,921.0,0.0,3771.0,39.65,32.74,6.0
2022-07-19,9510,934.0,0.0,3784.0,39.79,23.35,10.42
2022-07-20,9510,939.0,0.0,3789.0,39.84,16.87,11.67
2022-07-21,9510,960.0,0.0,3810.0,40.06,35.75,13.43
2022-07-22,9510,982.0,0.0,3832.0,40.29,36.42,14.0
2022-07-23,9510,1018.0,0.0,3868.0,40.67,42.66,5.95
2022-07-24,9510,1072.0,0.0,3922.0,41.24,54.59,0.08
2022-07-25,9510,1119.0,0.0,3969.0,41.74,47.06,0.0
2022-07-26,9510,1154.0,0.0,4004.0,42.1,40.12,4.0
2022-07-27,9510,1175.0,0.0,4025.0,42.32,29.71,8.02
2022-07-28,9510,1188.0,0.0,4038.0,42.46,23.57,9.96
2022-07-29,9510,1198.0,0.0,4048.0,42.57,19.46,9.09
2022-07-30,9510,1205.0,0.0,4055.0,42.64,16.13,9.02
2022-07-31,9510,1213.0,0.0,4063.0,42.72,17.78,9.01
2022-08-01,9510,1234.0,0.0,4084.0,42.94,30.68,8.75
2022-08-02,9510,1254.0,137.0,4104.0,43.15,20.64,0.34
2022-08-03,9510,1269.0,0.0,4119.0,43.31,20.43,5.03
2022-08-04,9510,1276.0,0.0,4126.0,43.39,19.97,12.82
2022-08-05,9510,1282.0,0.0,4132.0,43.45,19.95,12.8
2022-08-06,9510,1289.0,0.0,4139.0,43.52,16.17,9.0
2022-08-07,9510,1296.0,0.0,4146.0,43.6,16.16,8.99
2022-08-08,9510,1312.0,0.0,4162.0,43.76,26.19,9.0
2022-08-09,9510,1336.0,0.0,4186.0,44.02,32.96,9.02
2022-08-10,9510,1379.0,0.0,4229.0,44.47,50.35,6.08
2022-08-11,9510,1412.0,0.0,4262.0,44.82,41.72,9.02
2022-08-12,9510,1447.0,0.0,4297.0,45.18,41.3,5.01
2022-08-13,9510,1499.0,0.0,4349.0,45.73,57.0,5.02
2022-08-14,9510,1605.0,0.0,4455.0,46.85,108.44,2.0
2022-08-15,9510,1723.0,0.0,4573.0,48.09,120.83,2.0
2022-08-16,9510,1811.0,0.0,4661.0,49.01,92.34,4.0
2022-08-17,9510,1876.0,0.0,4726.0,49.7,69.74,4.01
2022-08-18,9510,1929.0,0.0,4779.0,50.25,53.47,0.0
2022-08-19,9510,1971.0,0.0,4821.0,50.69,42.78,0.0
2022-08-20,9510,2004.0,0.0,4854.0,51.04,33.76,0.0
2022-08-21,9510,2032.0,0.0,4882.0,51.34,28.34,0.0
2022-08-22,9510,2095.0,0.0,4945.0,52.0,63.88,0.0
2022-08-23,9510,2159.0,0.0,5009.0,52.67,64.37,0.0
2022-08-24,9510,2229.0,0.0,5079.0,53.41,70.54,0.0
2022-08-25,9510,2279.0,0.0,5129.0,53.93,53.71,3.63
2022-08-26,9510,2309.0,0.0,5159.0,54.25,35.18,4.0
2022-08-27,9510,2348.0,0.0,5198.0,54.66,42.98,4.0
2022-08-28,9510,2384.0,0.0,5234.0,55.04,41.18,3.97
2022-08-29,9510,2419.0,0.0,5269.0,55.4,37.87,2.45
2022-08-30,9510,2448.0,0.0,5298.0,55.71,31.82,2.1
2022-08-31,9510,2470.0,0.0,5320.0,55.94,25.96,3.95
2022-09-01,9510,2491.0,0.0,5341.0,56.16,25.95,3.89
2022-09-02,9510,2509.0,0.0,5359.0,56.35,21.74,3.52
2022-09-03,9510,2528.0,0.0,5378.0,56.55,24.12,3.91
2022-09-04,9510,2548.0,0.0,5398.0,56.76,24.33,4.07
2022-09-05,9510,2562.0,0.0,5412.0,56.91,18.48,4.09
2022-09-06,9510,2573.0,0.0,5423.0,57.02,18.44,6.0
2022-09-07,9510,2591.0,0.0,5441.0,57.21,24.37,6.0
2022-09-08,9510,2615.0,0.0,5465.0,57.47,30.26,5.92
2022-09-09,9510,2635.0,0.0,5485.0,57.68,28.46,8.03
2022-09-10,9510,2662.0,0.0,5512.0,57.96,32.39,3.97
2022-09-11,9510,2688.0,0.0,5538.0,58.23,30.51,4.01
2022-09-12,9510,2730.0,0.0,5580.0,58.68,46.58,4.03
2022-09-13,9510,2780.0,0.0,5630.0,59.2,52.76,2.0
2022-09-14,9510,2825.0,0.0,5675.0,59.67,46.99,2.04
2022-09-15,9510,2871.0,0.0,5721.0,60.16,49.1,1.94
2022-09-16,9510,2906.0,0.0,5756.0,60.53,37.02,1.87
2022-09-17,9510,2934.0,0.0,5784.0,60.82,31.14,1.99
2022-09-18,9510,2967.0,0.0,5817.0,61.17,35.3,1.99
2022-09-19,9510,2995.0,0.0,5845.0,61.46,31.32,2.01
2022-09-20,9510,3024.0,0.0,5874.0,61.77,31.38,2.0
2022-09-21,9510,3051.0,0.0,5901.0,62.05,29.4,2.0
2022-09-22,9510,3078.0,0.0,5928.0,62.33,29.46,2.0
2022-09-23,9510,3107.0,0.0,5957.0,62.64,31.49,1.9
2022-09-24,9510,3138.0,0.0,5988.0,62.97,33.92,2.18
2022-09-25,9510,3169.0,0.0,6019.0,63.29,33.82,2.0
2022-09-26,9510,3200.0,147.0,6050.0,63.62,33.91,2.0
2022-09-27,9510,3234.0,0.0,6084.0,63.97,36.07,1.99
2022-09-28,9510,3263.0,0.0,6113.0,64.28,31.98,2.0
2022-09-29,9510,3292.0,0.0,6142.0,64.58,32.07,2.02
2022-09-30,9510,3320.0,0.0,6170.0,64.88,30.02,2.0
2022-10-01,9510,3343.0,0.0,6193.0,65.12,25.86,2.0
2022-10-02,9510,3368.0,0.0,6218.0,65.38,28.01,2.0
2022-10-03,9510,3449.0,0.0,6299.0,66.24,81.25,0.0
2022-10-04,9510,3513.0,0.0,6363.0,66.91,64.66,0.0
2022-10-05,9510,3575.0,0.0,6425.0,67.56,62.83,0.0
2022-10-06,9510,3620.0,0.0,6470.0,68.03,45.87,0.0
2022-10-07,9510,3657.0,0.0,6507.0,68.42,37.38,0.0
2022-10-08,9510,3689.0,0.0,6539.0,68.76,33.14,0.0
2022-10-09,9510,3717.0,0.0,6567.0,69.05,28.88,0.0
2022-10-10,9510,3746.0,0.0,6596.0,69.36,28.94,0.0
2022-10-11,9510,3778.0,0.0,6628.0,69.7,33.36,0.0
2022-10-12,9510,3811.0,0.0,6661.0,70.04,33.44,0.0
2022-10-13,9510,3837.0,0.0,6687.0,70.32,29.61,2.66
2022-10-14,9510,3859.0,0.0,6709.0,70.55,25.62,3.0
2022-10-15,9510,3879.0,0.0,6729.0,70.76,23.46,3.0
2022-10-16,9510,3894.0,0.0,6744.0,70.91,19.07,2.98
2022-10-17,9510,3907.0,0.0,6757.0,71.05,16.65,2.75
2022-10-18,9510,3921.0,0.0,6771.0,71.2,16.91,3.0
2022-10-19,9510,3934.0,0.0,6784.0,71.34,16.94,3.01
2022-10-20,9510,3945.0,0.0,6795.0,71.45,14.61,2.87
2022-10-21,9510,3954.0,0.0,6804.0,71.55,12.54,3.0
2022-10-22,9510,3963.0,0.0,6813.0,71.64,12.37,2.83
2022-10-23,9510,3971.0,0.0,6821.0,71.72,12.41,2.86
2022-10-24,9510,3982.0,0.0,6832.0,71.84,14.77,3.01
2022-10-25,9510,3991.0,0.0,6841.0,71.93,13.56,4.0
2022-10-26,9510,3998.0,0.0,6848.0,72.01,11.34,3.98
2022-10-27,9510,4005.0,0.0,6855.0,72.08,11.42,4.06
2022-10-28,9510,4011.0,0.0,6861.0,72.15,13.34,5.98
2022-10-29,9510,4013.0,0.0,6863.0,72.17,11.99,9.07
2022-10-30,9510,4011.0,0.0,6861.0,72.15,7.52,9.02
2022-10-31,9510,4011.0,0.0,6861.0,72.15,9.71,9.0
2022-11-01,9510,4013.0,0.0,6863.0,72.17,11.92,9.0
2022-11-02,9510,4011.0,150.96,6861.0,72.15,7.58,9.04
2022-11-03,9510,4007.0,150.94,6857.0,72.1,5.33,9.02
2022-11-04,9510,4007.0,150.94,6857.0,72.1,9.8,9.05
2022-11-05,9510,4005.0,150.93,6855.0,72.08,7.54,9.0
2022-11-06,9510,4002.0,150.92,6852.0,72.05,7.52,8.99
2022-11-07,9510,4000.0,150.91,6850.0,72.03,7.69,9.15
2022-11-08,9510,3998.0,150.9,6848.0,72.01,7.52,8.99
2022-11-09,9510,3993.0,150.88,6843.0,71.96,5.35,9.02
2022-11-10,9510,3991.0,150.87,6841.0,71.93,7.53,9.0
2022-11-11,9510,3989.0,150.86,6839.0,71.91,7.55,9.01
2022-11-12,9510,3985.0,150.84,6835.0,71.87,5.35,9.03
2022-11-13,9510,3982.0,150.83,6832.0,71.84,7.58,9.05
2022-11-14,9510,3980.0,150.82,6830.0,71.82,7.53,8.99
2022-11-15,9510,3978.0,150.81,6828.0,71.8,7.56,9.02
2022-11-16,9510,3976.0,150.8,6826.0,71.78,7.56,9.02
2022-11-17,9510,3974.0,150.79,6824.0,71.76,7.53,8.99
2022-11-18,9510,3971.0,150.78,6821.0,71.72,7.6,9.06
2022-11-19,9510,3978.0,150.81,6828.0,71.8,16.42,9.04
2022-11-20,9510,3978.0,150.81,6828.0,71.8,9.74,8.99
2022-11-21,9510,3974.0,150.79,6824.0,71.76,5.33,9.0
2022-11-22,9510,3969.0,150.77,6819.0,71.7,5.33,9.0
2022-11-23,9510,3967.0,150.76,6817.0,71.68,7.48,8.94
2022-11-24,9510,3963.0,150.74,6813.0,71.64,5.52,9.19
2022-11-25,9510,3958.0,150.72,6808.0,71.59,5.33,9.0
2022-11-26,9510,3956.0,150.71,6806.0,71.57,7.53,8.99
2022-11-27,9510,3954.0,150.7,6804.0,71.55,7.51,8.98
2022-11-28,9510,3951.0,150.69,6801.0,71.51,7.53,8.99
2022-11-29,9510,3951.0,150.69,6801.0,71.51,9.64,8.89
2022-11-30,9510,3949.0,150.68,6799.0,71.49,7.53,8.99
2022-12-01,9510,3947.0,150.67,6797.0,71.47,7.54,9.0
2022-12-02,9510,3940.0,150.64,6790.0,71.4,6.22,12.13
2022-12-03,9510,3932.0,150.6,6782.0,71.31,3.89,12.0
2022-12-04,9510,3923.0,150.56,6773.0,71.22,3.94,12.04
2022-12-05,9510,3916.0,150.53,6766.0,71.15,6.1,12.0
2022-12-06,9510,3910.0,150.5,6760.0,71.08,6.11,12.0
2022-12-07,9510,3901.0,150.46,6751.0,70.99,3.91,12.0
2022-12-08,9510,3890.0,150.41,6740.0,70.87,4.71,14.99
2022-12-09,9510,3879.0,150.36,6729.0,70.76,4.7,14.98
2022-12-10,9510,3870.0,150.32,6720.0,70.66,6.97,15.04
2022-12-11,9510,3850.0,150.23,6700.0,70.45,1.02,20.05
2022-12-12,9510,3833.0,150.15,6683.0,70.27,3.2,20.01
2022-12-13,9510,3813.0,150.06,6663.0,70.06,6.03,25.01
2022-12-14,9510,3791.0,149.96,6641.0,69.83,3.89,25.03
2022-12-15,9510,3769.0,149.86,6619.0,69.6,3.9,25.0
2022-12-16,9510,3748.0,149.76,6598.0,69.38,3.93,25.0
2022-12-17,9510,3726.0,150.0,6576.0,69.15,3.96,24.99
2022-12-18,9510,3711.0,149.59,6561.0,68.99,5.51,20.0
2022-12-19,9510,3691.0,149.5,6541.0,68.78,1.23,20.04
2022-12-20,9510,3672.0,149.41,6522.0,68.58,1.25,20.04
2022-12-21,9510,3654.0,149.33,6504.0,68.39,3.45,20.04
2022-12-22,9510,3637.0,149.0,6487.0,68.21,3.44,20.02
2022-12-23,9510,3622.0,149.18,6472.0,68.05,5.61,20.01
2022-12-24,9510,3607.0,149.11,6457.0,67.9,5.62,20.01
2022-12-25,9510,3594.0,149.05,6444.0,67.76,4.84,17.06
2022-12-26,9510,3579.0,148.98,6429.0,67.6,2.64,17.0
2022-12-27,9510,3566.0,148.92,6416.0,67.47,4.8,16.99
2022-12-28,9510,3551.0,148.85,6401.0,67.31,2.67,16.99
2022-12-29,9510,3538.0,149.0,6388.0,67.17,4.85,17.02
2022-12-30,9510,3523.0,148.72,6373.0,67.01,2.7,16.99
2022-12-31,9510,3508.0,148.65,6358.0,66.86,2.72,17.0
2023-01-01,9510,3493.0,148.58,6343.0,66.7,2.77,17.03
2023-01-02,9510,3478.0,148.51,6328.0,66.54,2.84,17.01
2023-01-03,9510,3464.0,148.44,6314.0,66.39,2.84,17.0
2023-01-04,9510,3449.0,148.37,6299.0,66.24,2.96,17.1
2023-01-05,9510,3438.0,148.32,6288.0,66.12,7.14,17.01
2023-01-06,9510,3427.0,148.27,6277.0,66.0,7.16,17.03
2023-01-07,9510,3413.0,148.2,6263.0,65.86,2.89,16.99
2023-01-08,9510,3398.0,148.13,6248.0,65.7,2.92,17.0
2023-01-09,9510,3383.0,148.06,6233.0,65.54,2.94,17.01
2023-01-10,9510,3368.0,147.99,6218.0,65.38,2.97,17.02
2023-01-11,9510,3353.0,147.92,6203.0,65.23,2.96,17.0
2023-01-12,9510,3339.0,147.85,6189.0,65.08,3.07,17.09
2023-01-13,9510,3324.0,147.78,6174.0,64.92,3.01,17.01
2023-01-14,9510,3309.0,147.71,6159.0,64.76,3.01,17.0
2023-01-15,9510,3294.0,147.64,6144.0,64.61,3.05,17.02
2023-01-16,9510,3280.0,147.57,6130.0,64.46,3.04,16.99
2023-01-17,9510,3265.0,147.5,6115.0,64.3,3.08,17.01
2023-01-18,9510,3250.0,147.43,6100.0,64.14,3.06,16.98
2023-01-19,9510,3236.0,147.36,6086.0,64.0,3.09,17.0
2023-01-20,9510,3221.0,147.29,6071.0,63.84,3.19,17.08
2023-01-21,9510,3206.0,147.22,6056.0,63.68,3.13,17.0
2023-01-22,9510,3192.0,147.15,6042.0,63.53,3.22,17.08
2023-01-23,9510,3177.0,147.08,6027.0,63.38,3.16,17.0
2023-01-24,9510,3163.0,147.01,6013.0,63.23,3.18,17.01
2023-01-25,9510,3148.0,146.94,5998.0,63.07,3.19,17.0
2023-01-26,9510,3134.0,146.87,5984.0,62.92,3.24,17.02
2023-01-27,9510,3119.0,146.8,5969.0,62.77,3.23,17.0
2023-01-28,9510,3103.0,146.72,5953.0,62.6,1.2,17.02
2023-01-29,9510,3086.0,146.64,5936.0,62.42,1.22,17.02
2023-01-30,9510,3072.0,146.57,5922.0,62.27,3.28,17.0
2023-01-31,9510,3055.0,146.49,5905.0,62.09,1.24,17.0
2023-02-01,9510,3041.0,146.42,5891.0,61.95,3.32,17.0
2023-02-02,9510,3024.0,146.34,5874.0,61.77,1.52,16.98
2023-02-03,9510,3010.0,146.27,5860.0,61.62,3.63,17.01
2023-02-04,9510,2995.0,146.2,5845.0,61.46,3.61,16.98
2023-02-05,9510,2981.0,146.13,5831.0,61.31,3.69,17.04
2023-02-06,9510,2967.0,146.06,5817.0,61.17,3.67,17.01
2023-02-07,9510,2953.0,145.99,5803.0,61.02,3.71,17.03
2023-02-08,9510,2938.0,145.92,5788.0,60.86,3.57,16.87
2023-02-09,9510,2924.0,145.85,5774.0,60.72,3.72,17.0
2023-02-10,9510,2910.0,145.78,5760.0,60.57,3.73,17.0
2023-02-11,9510,2896.0,145.71,5746.0,60.42,3.74,17.0
2023-02-12,9510,2881.0,145.64,5731.0,60.26,3.77,17.0
2023-02-13,9510,2867.0,145.57,5717.0,60.12,3.8,17.01
2023-02-14,9510,2853.0,145.5,5703.0,59.97,3.83,17.04
2023-02-15,9510,2839.0,145.43,5689.0,59.82,3.83,17.01
2023-02-16,9510,2825.0,145.36,5675.0,59.67,3.74,16.9
2023-02-17,9510,2811.0,145.0,5661.0,59.53,3.86,17.01
2023-02-18,9510,2796.0,145.22,5646.0,59.37,3.86,16.99
2023-02-19,9510,2784.0,145.16,5634.0,59.24,5.89,17.0
2023-02-20,9510,2772.0,145.1,5622.0,59.12,5.92,17.01
2023-02-21,9510,2760.0,145.04,5610.0,58.99,5.92,17.0
2023-02-22,9510,2748.0,144.98,5598.0,58.86,5.95,17.02
2023-02-23,9510,2734.0,144.91,5584.0,58.72,3.94,17.0
2023-02-24,9510,2718.0,144.83,5568.0,58.55,2.02,17.06
2023-02-25,9510,2704.0,144.76,5554.0,58.4,3.98,17.0
2023-02-26,9510,2688.0,144.68,5538.0,58.23,1.9,16.89
2023-02-27,9510,2674.0,144.61,5524.0,58.09,4.01,17.0
2023-02-28,9510,2655.0,144.51,5505.0,57.89,0.98,19.9
2023-03-01,9510,2637.0,144.42,5487.0,57.7,3.17,20.08
2023-03-02,9510,2619.0,144.33,5469.0,57.51,3.13,20.0
2023-03-03,9510,2601.0,144.24,5451.0,57.32,3.16,20.0
2023-03-04,9510,2583.0,144.15,5433.0,57.13,3.19,20.0
2023-03-05,9510,2564.0,144.05,5414.0,56.93,1.24,19.99
2023-03-06,9510,2544.0,143.95,5394.0,56.72,1.27,19.99
2023-03-07,9510,2526.0,143.86,5376.0,56.53,1.28,18.0
2023-03-08,9510,2511.0,143.78,5361.0,56.37,3.25,17.98
2023-03-09,9510,2495.0,143.7,5345.0,56.2,3.27,17.97
2023-03-10,9510,2479.0,143.62,5329.0,56.04,3.31,17.99
2023-03-11,9510,2464.0,143.54,5314.0,55.88,3.36,18.02
2023-03-12,9510,2448.0,143.46,5298.0,55.71,3.36,18.0
2023-03-13,9510,2433.0,143.38,5283.0,55.55,3.38,17.99
2023-03-14,9510,2417.0,143.3,5267.0,55.38,2.42,17.01
2023-03-15,9510,2404.0,143.23,5254.0,55.25,4.35,16.98
2023-03-16,9510,2390.0,143.16,5240.0,55.1,4.39,17.0
2023-03-17,9510,2377.0,143.09,5227.0,54.96,4.4,17.0
2023-03-18,9510,2363.0,143.02,5213.0,54.82,4.43,17.0
2023-03-19,9510,2348.0,142.94,5198.0,54.66,2.56,17.04
2023-03-20,9510,2332.0,142.86,5182.0,54.49,2.55,17.01
2023-03-21,9510,2319.0,142.79,5169.0,54.35,4.45,16.96
2023-03-22,9510,2303.0,142.71,5153.0,54.19,2.59,17.0
2023-03-23,9510,2286.0,142.62,5136.0,54.01,0.68,16.97
2023-03-24,9510,2271.0,142.54,5121.0,53.85,2.65,17.01
2023-03-25,9510,2254.0,142.45,5104.0,53.67,0.71,16.95
2023-03-26,9510,2239.0,142.37,5089.0,53.51,2.7,17.01
2023-03-27,9510,2223.0,142.29,5073.0,53.34,2.72,17.0
2023-03-28,9510,2206.0,142.2,5056.0,53.17,0.73,16.88
2023-03-29,9510,2189.0,142.11,5039.0,52.99,0.87,16.99
2023-03-30,9510,2172.0,142.02,5022.0,52.81,0.91,16.99
2023-03-31,9510,2155.0,141.93,5005.0,52.63,0.95,17.0
2023-04-01,9510,2138.0,141.84,4988.0,52.45,0.99,17.01
2023-04-02,9510,2123.0,141.76,4973.0,52.29,3.24,17.21
2023-04-03,9510,2108.0,141.68,4958.0,52.13,3.12,17.06
2023-04-04,9510,2092.0,141.59,4942.0,51.97,1.24,17.03
2023-04-05,9510,2073.0,141.49,4923.0,51.77,0.0,17.25
2023-04-06,9510,2056.0,141.4,4906.0,51.59,1.31,17.02
2023-04-07,9510,2040.0,141.31,4890.0,51.42,1.36,17.05
2023-04-08,9510,2023.0,141.22,4873.0,51.24,1.35,17.0
2023-04-09,9510,2006.0,141.13,4856.0,51.06,1.37,16.99
2023-04-10,9510,1990.0,141.04,4840.0,50.89,1.31,16.89
2023-04-11,9510,1975.0,140.96,4825.0,50.74,3.37,17.08
2023-04-12,9510,1955.0,140.85,4805.0,50.53,0.0,17.01
2023-04-13,9510,1938.0,140.76,4788.0,50.35,1.48,16.97
2023-04-14,9510,1923.0,140.68,4773.0,50.19,3.38,17.0
2023-04-15,9510,1907.0,140.59,4757.0,50.02,1.53,16.95
2023-04-16,9510,1892.0,140.51,4742.0,49.86,3.43,17.0
2023-04-17,9510,1876.0,140.42,4726.0,49.7,1.57,16.94
2023-04-18,9510,1860.0,140.33,4710.0,49.53,1.65,16.98
2023-04-19,9510,1843.0,140.24,4693.0,49.35,1.73,17.03
2023-04-20,9510,1827.0,140.15,4677.0,49.18,1.51,16.77
2023-04-21,9510,1811.0,140.06,4661.0,49.01,1.8,17.03
2023-04-22,9510,1793.0,139.96,4643.0,48.82,0.0,16.72
2023-04-23,9510,1777.0,139.87,4627.0,48.65,2.02,17.17
2023-04-24,9510,1759.0,139.77,4609.0,48.46,0.0,16.91
2023-04-25,9510,1741.0,139.67,4591.0,48.28,0.17,17.04
2023-04-26,9510,1725.0,139.58,4575.0,48.11,1.95,17.0
2023-04-27,9510,1707.0,139.48,4557.0,47.92,0.13,16.92
2023-04-28,9510,1689.0,139.38,4539.0,47.73,0.25,17.0
2023-04-29,9510,1670.0,139.27,4520.0,47.53,0.0,16.98
2023-04-30,9510,1650.4,139.16,4500.4,47.32,0.0,16.99
2023-05-01,9510,1628.0,139.03,4478.0,47.09,0.0,16.94
2023-05-02,9510,1612.0,138.94,4462.0,46.92,2.2,17.01
2023-05-03,9510,1591.0,138.82,4441.0,46.7,0.0,16.97
2023-05-04,9510,1577.0,138.74,4427.0,46.55,4.03,17.01
2023-05-05,9510,1561.0,138.65,4411.0,46.38,2.31,17.0
2023-05-06,9510,1546.0,138.56,4396.0,46.23,2.33,16.99
2023-05-07,9510,1530.0,138.47,4380.0,46.06,2.36,16.99
2023-05-08,9510,1516.0,138.39,4366.0,45.91,4.13,17.0
2023-05-09,9510,1501.0,138.3,4351.0,45.75,2.49,17.05
2023-05-10,9510,1487.0,138.22,4337.0,45.6,4.21,17.02
2023-05-11,9510,1475.0,138.15,4325.0,45.48,5.93,17.0
2023-05-12,9510,1461.0,138.07,4311.0,45.33,4.37,17.12
2023-05-13,9510,1449.0,138.0,4299.0,45.21,6.02,17.04
2023-05-14,9510,1434.0,137.91,4284.0,45.05,2.57,16.97
2023-05-15,9510,1424.0,137.85,4274.0,44.94,7.73,17.0
2023-05-16,9510,1415.0,137.8,4265.0,44.85,7.45,15.0
2023-05-17,9510,1405.0,138.0,4255.0,44.74,5.7,14.93
2023-05-18,9510,1395.0,138.0,4245.0,44.64,5.6,14.82
2023-05-19,9510,1383.0,137.61,4233.0,44.51,4.16,15.05
2023-05-20,9510,1371.0,137.54,4221.0,44.38,4.15,15.02
2023-05-21,9510,1359.0,137.47,4209.0,44.26,4.13,14.98
2023-05-22,9510,1346.0,137.39,4196.0,44.12,2.44,14.94
2023-05-23,9510,1332.0,137.31,4182.0,43.97,2.52,15.0
2023-05-24,9510,1319.0,137.23,4169.0,43.84,2.61,15.06
2023-05-25,9510,1304.0,137.14,4154.0,43.68,1.04,15.12
2023-05-26,9510,1291.0,137.06,4141.0,43.54,2.52,14.9
2023-05-27,9510,1277.0,136.98,4127.0,43.4,2.49,14.84
2023-05-28,9510,1264.0,136.9,4114.0,43.26,2.7,15.02
2023-05-29,9510,1251.0,136.82,4101.0,43.12,2.7,15.0
2023-05-30,9510,1238.0,136.74,4088.0,42.99,1.82,14.08
2023-05-31,9510,1223.0,136.65,4073.0,42.83,0.96,14.84
2023-06-01,9510,1211.0,136.58,4061.0,42.7,4.42,14.98
2023-06-02,9510,1198.0,136.5,4048.0,42.57,2.58,14.99
2023-06-03,9510,1185.0,136.42,4035.0,42.43,2.63,15.01
2023-06-04,9510,1172.0,136.34,4022.0,42.29,2.63,14.97
2023-06-05,9510,1156.0,136.24,4006.0,42.12,1.42,16.98
2023-06-06,9510,1140.0,136.14,3990.0,41.96,1.48,16.99
2023-06-07,9510,1128.0,136.07,3978.0,41.83,6.37,16.99
2023-06-08,9510,1116.0,135.99,3966.0,41.7,4.74,16.95
2023-06-09,9510,1104.0,135.92,3954.0,41.58,6.52,17.09
2023-06-10,9510,1093.0,135.85,3943.0,41.46,6.43,16.98
2023-06-11,9510,1082.0,135.78,3932.0,41.35,4.54,15.06
2023-06-12,9510,1067.0,135.69,3917.0,41.19,1.34,15.03
2023-06-13,9510,1052.0,135.59,3902.0,41.03,0.0,14.96
2023-06-14,9510,1036.0,135.49,3886.0,40.86,0.0,14.96
2023-06-15,9510,1021.0,135.4,3871.0,40.7,1.44,15.0
2023-06-16,9510,1007.0,135.31,3857.0,40.56,3.48,17.0
2023-06-17,9510,992.0,135.21,3842.0,40.4,1.96,17.0
2023-06-18,9510,979.0,135.13,3829.0,40.26,5.15,17.02
2023-06-19,9510,965.0,135.04,3815.0,40.12,3.64,17.04
2023-06-20,9510,956.0,134.98,3806.0,40.02,6.34,15.02
2023-06-21,9510,942.0,134.89,3792.0,39.87,1.67,14.99
2023-06-22,9510,929.0,134.81,3779.0,39.74,3.3,15.04
2023-06-23,9510,917.0,134.73,3767.0,39.61,3.29,15.0
2023-06-24,9510,912.0,134.7,3762.0,39.56,11.0,14.97
2023-06-25,9510,897.0,135.0,3747.0,39.4,5.1,15.21
2023-06-26,9510,885.0,134.52,3735.0,39.27,3.39,15.0
2023-06-27,9510,872.0,134.44,3722.0,39.14,3.41,15.0
2023-06-28,9510,865.0,134.39,3715.0,39.06,8.0,14.97
2023-06-29,9510,869.0,134.42,3719.0,39.11,20.16,14.92
2023-06-30,9510,872.0,134.44,3722.0,39.14,18.59,14.88
2023-07-01,9510,881.0,134.5,3731.0,39.23,26.93,17.09
2023-07-02,9510,881.0,134.5,3731.0,39.23,17.56,17.01
2023-07-03,9510,891.0,134.56,3741.0,39.34,26.74,16.99
2023-07-04,9510,889.0,135.0,3739.0,39.32,15.98,16.97
2023-07-05,9510,888.0,134.54,3738.0,39.31,15.96,16.95
2023-07-06,9510,880.0,134.49,3730.0,39.22,9.87,16.99
2023-07-07,9510,875.0,134.46,3725.0,39.17,10.85,14.9
2023-07-08,9510,866.0,134.4,3716.0,39.07,6.43,15.05
2023-07-09,9510,856.0,134.33,3706.0,38.97,4.81,14.93
2023-07-10,9510,842.0,134.24,3692.0,38.82,1.86,15.0
2023-07-11,9510,833.0,134.18,3683.0,38.73,6.45,15.0
2023-07-12,9510,824.0,134.12,3674.0,38.63,6.41,14.95
2023-07-13,9510,816.0,134.07,3666.0,38.55,7.99,15.0
2023-07-14,9510,807.0,134.01,3657.0,38.45,6.48,14.99
2023-07-15,9510,800.0,134.0,3650.0,38.38,8.02,15.0
2023-07-16,9510,789.0,133.89,3639.0,38.26,5.05,15.02
2023-07-17,9510,785.0,133.86,3635.0,38.22,11.04,15.0
2023-07-18,9510,782.0,133.84,3632.0,38.19,12.63,15.08
2023-07-19,9510,786.0,133.87,3636.0,38.23,20.03,15.0
2023-07-20,9510,783.0,134.0,3633.0,38.2,12.5,14.96
2023-07-21,9510,779.0,134.0,3629.0,38.16,11.05,15.0
2023-07-22,9510,773.0,134.0,3623.0,38.1,9.57,15.01
2023-07-23,9510,770.0,133.76,3620.0,38.07,14.48,16.93
2023-07-24,9510,767.0,133.74,3617.0,38.03,14.7,17.15
2023-07-25,9510,761.0,133.7,3611.0,37.97,9.56,14.98
2023-07-26,9510,756.0,133.67,3606.0,37.92,10.94,14.87
2023-07-27,9510,752.0,133.64,3602.0,37.88,11.11,15.04
2023-07-28,9510,750.0,133.63,3600.0,37.85,14.05,15.0
2023-07-29,9510,746.0,133.6,3596.0,37.81,10.96,14.88
2023-07-30,9510,746.0,133.6,3596.0,37.81,15.64,15.11
2023-07-31,9510,756.0,133.67,3606.0,37.92,25.92,15.0
2023-08-01,9510,788.0,133.88,3638.0,38.25,44.92,13.05
2023-08-02,9510,812.0,134.04,3662.0,38.51,37.39,12.87
2023-08-03,9510,824.0,134.12,3674.0,38.63,25.59,13.03
2023-08-04,9510,827.0,134.14,3677.0,38.66,16.51,13.0
2023-08-05,9510,837.0,134.21,3687.0,38.77,23.9,12.82
2023-08-06,9510,851.0,134.3,3701.0,38.92,27.1,12.94
2023-08-07,9510,900.0,134.62,3750.0,39.43,62.42,12.99
2023-08-08,9510,967.0,135.05,3817.0,40.14,77.84,10.72
2023-08-09,9510,1052.0,135.59,3902.0,41.03,98.41,12.86
2023-08-10,9510,1159.0,136.26,4009.0,42.16,121.03,12.9
2023-08-11,9510,1267.0,136.92,4117.0,43.29,121.46,12.72
2023-08-12,9510,1361.0,137.0,4211.0,44.28,106.67,12.64
2023-08-13,9510,1417.0,138.0,4267.0,44.87,69.12,12.78
2023-08-14,9510,1437.0,137.93,4287.0,45.08,33.93,12.98
2023-08-15,9510,1456.0,138.04,4306.0,45.28,32.11,12.79
2023-08-16,9510,1471.0,138.13,4321.0,45.44,28.95,13.01
2023-08-17,9510,1489.0,138.23,4339.0,45.63,30.56,12.86
2023-08-18,9510,1509.0,138.35,4359.0,45.84,34.09,12.89
2023-08-19,9510,1521.0,138.42,4371.0,45.96,25.62,13.0
2023-08-20,9510,1533.0,138.49,4383.0,46.09,25.22,12.58
2023-08-21,9510,1542.0,138.54,4392.0,46.18,22.15,12.95
2023-08-22,9510,1549.0,138.58,4399.0,46.26,20.24,12.76
2023-08-23,9510,1558.0,138.63,4408.0,46.35,22.3,13.08
2023-08-24,9510,1561.0,138.65,4411.0,46.38,16.9,12.88
2023-08-25,9510,1570.0,138.7,4420.0,46.48,22.24,13.0
2023-08-26,9510,1572.0,138.71,4422.0,46.5,15.27,12.99
2023-08-27,9510,1575.0,138.73,4425.0,46.53,17.0,12.98
2023-08-28,9510,1579.0,138.75,4429.0,46.57,16.75,12.72
2023-08-29,9510,1584.0,138.78,4434.0,46.62,18.68,12.91
2023-08-30,9510,1586.0,138.79,4436.0,46.65,14.79,12.51
2023-08-31,9510,1587.0,138.8,4437.0,46.66,15.27,12.98
2023-09-01,9510,1593.0,138.83,4443.0,46.72,15.75,9.97
2023-09-02,9510,1612.0,138.94,4462.0,46.92,29.74,9.93
2023-09-03,9510,1619.0,138.98,4469.0,46.99,17.42,9.84
2023-09-04,9510,1624.0,139.01,4474.0,47.05,15.84,10.01
2023-09-05,9510,1629.0,139.04,4479.0,47.1,15.21,9.38
2023-09-06,9510,1638.0,139.09,4488.0,47.19,19.42,10.07
2023-09-07,9510,1663.0,139.23,4513.0,47.46,35.11,9.87
2023-09-08,9510,1682.0,139.34,4532.0,47.66,28.01,7.99
2023-09-09,9510,1709.0,139.0,4559.0,47.94,35.19,8.02
2023-09-10,9510,1736.0,139.64,4586.0,48.22,31.28,4.0
2023-09-11,9510,1762.0,139.79,4612.0,48.5,31.38,4.0
2023-09-12,9510,1804.0,140.02,4654.0,48.94,48.09,6.21
2023-09-13,9510,1840.0,140.22,4690.0,49.32,40.71,4.03
2023-09-14,9510,1880.0,140.44,4730.0,49.74,44.51,4.01
2023-09-15,9510,1923.0,140.68,4773.0,50.19,48.22,3.85
2023-09-16,9510,1978.0,141.0,4828.0,50.77,59.67,4.0
2023-09-17,9510,2040.0,141.31,4890.0,51.42,65.44,3.81
2023-09-18,9510,2112.0,141.7,4962.0,52.18,73.43,0.11
2023-09-19,9510,2180.0,142.06,5030.0,52.89,68.29,0.0
2023-09-20,9510,2242.0,142.0,5092.0,53.54,63.13,0.0
2023-09-21,9510,2296.0,142.67,5146.0,54.11,54.01,0.0
2023-09-22,9510,2344.0,142.92,5194.0,54.62,48.56,0.0
2023-09-23,9510,2380.0,143.11,5230.0,54.99,37.23,0.0
2023-09-24,9510,2407.0,143.25,5257.0,55.28,31.54,3.86
2023-09-25,9510,2433.0,143.38,5283.0,55.55,29.83,4.0
2023-09-26,9510,2462.0,144.0,5312.0,55.86,33.72,3.94
2023-09-27,9510,2477.0,143.61,5327.0,56.01,20.22,4.0
2023-09-28,9510,2503.0,143.74,5353.0,56.29,30.02,4.0
2023-09-29,9510,2518.0,143.82,5368.0,56.45,20.2,3.92
2023-09-30,9510,2538.0,143.92,5388.0,56.66,24.26,4.03
2023-10-01,9510,2571.0,144.09,5421.0,57.0,38.03,3.98
2023-10-02,9510,2605.0,144.26,5455.0,57.36,36.17,2.01
2023-10-03,9510,2633.0,144.4,5483.0,57.66,29.69,1.36
2023-10-04,9510,2655.0,144.51,5505.0,57.89,22.45,0.0
2023-10-05,9510,2676.0,144.62,5526.0,58.11,26.41,3.92
2023-10-06,9510,2690.0,144.69,5540.0,58.25,18.52,3.95
2023-10-07,9510,2706.0,144.77,5556.0,58.42,20.52,3.94
2023-10-08,9510,2726.0,144.87,5576.0,58.63,24.18,3.58
2023-10-09,9510,2760.0,145.04,5610.0,58.99,38.52,3.84
2023-10-10,9510,2815.0,145.31,5665.0,59.57,55.1,0.17
2023-10-11,9510,2867.0,145.57,5717.0,60.12,53.18,0.0
2023-10-12,9510,2896.0,145.71,5746.0,60.42,29.03,0.0
2023-10-13,9510,2918.0,145.82,5768.0,60.65,23.01,0.0
2023-10-14,9510,2938.0,146.0,5788.0,60.86,23.01,1.99
2023-10-15,9510,2963.0,146.04,5813.0,61.13,26.96,1.82
2023-10-16,9510,2989.0,146.17,5839.0,61.4,31.13,3.89
2023-10-17,9510,3012.0,146.28,5862.0,61.64,27.19,3.99
2023-10-18,9510,3030.0,146.37,5880.0,61.83,23.16,4.03
2023-10-19,9510,3055.0,146.49,5905.0,62.09,29.34,4.0
2023-10-20,9510,3065.0,146.54,5915.0,62.2,14.96,4.0
2023-10-21,9510,3074.0,146.58,5924.0,62.29,12.91,4.0
2023-10-22,9510,3084.0,146.63,5934.0,62.4,14.99,4.01
2023-10-23,9510,3094.0,146.68,5944.0,62.5,17.98,6.99
2023-10-24,9510,3105.0,146.73,5955.0,62.62,18.04,7.05
2023-10-25,9510,3109.0,146.75,5959.0,62.66,11.8,7.01
2023-10-26,9510,3115.0,146.78,5965.0,62.72,13.87,7.0
2023-10-27,9510,3119.0,146.8,5969.0,62.77,11.78,6.98
2023-10-28,9510,3125.0,146.83,5975.0,62.83,13.86,6.98
2023-10-29,9510,3132.0,146.86,5982.0,62.9,13.87,6.99
2023-10-30,9510,3146.0,146.93,5996.0,63.05,22.16,6.98
2023-10-31,9510,3163.0,147.01,6013.0,63.23,21.25,3.97
2023-11-01,9510,3175.0,147.07,6025.0,63.35,17.16,4.02
2023-11-02,9510,3192.0,147.15,6042.0,63.53,21.27,3.91
2023-11-03,9510,3204.0,147.21,6054.0,63.66,17.26,4.05
2023-11-04,9510,3217.0,147.27,6067.0,63.8,17.22,4.0
2023-11-05,9510,3225.0,147.31,6075.0,63.88,13.06,4.0
2023-11-06,9510,3234.0,147.35,6084.0,63.97,13.05,3.99
2023-11-07,9510,3240.0,147.38,6090.0,64.04,10.99,4.02
2023-11-08,9510,3244.0,147.4,6094.0,64.08,8.93,4.04
2023-11-09,9510,3252.0,147.44,6102.0,64.16,16.07,7.0
2023-11-10,9510,3254.0,147.45,6104.0,64.19,9.8,7.0
2023-11-11,9510,3254.0,147.45,6104.0,64.19,7.7,7.0
2023-11-12,9510,3254.0,147.45,6104.0,64.19,7.75,7.05
2023-11-13,9510,3257.0,147.0,6107.0,64.22,9.8,7.01
2023-11-14,9510,3257.0,147.46,6107.0,64.22,7.68,6.98
2023-11-15,9510,3261.0,147.48,6111.0,64.26,11.84,6.95
2023-11-16,9510,3254.0,147.45,6104.0,64.19,1.41,6.99
2023-11-17,9510,3259.0,147.47,6109.0,64.24,11.82,6.93
2023-11-18,9510,3254.0,147.0,6104.0,64.19,3.52,7.0
2023-11-19,9510,3252.0,147.44,6102.0,64.16,5.66,7.06
2023-11-20,9510,3250.0,147.43,6100.0,64.14,5.61,7.0
2023-11-21,9510,3248.0,147.42,6098.0,64.12,5.6,7.0
2023-11-22,9510,3248.0,147.42,6098.0,64.12,7.75,7.05
2023-11-23,9510,3246.0,147.41,6096.0,64.1,5.61,7.0
2023-11-24,9510,3242.0,147.39,6092.0,64.06,6.52,10.0
2023-11-25,9510,3236.0,147.36,6086.0,64.0,4.51,10.08
2023-11-26,9510,3231.0,147.34,6081.0,63.94,6.59,10.07
2023-11-27,9510,3225.0,147.31,6075.0,63.88,4.44,10.01
2023-11-28,9510,3221.0,147.29,6071.0,63.84,8.57,12.05
2023-11-29,9510,3211.0,147.24,6061.0,63.73,2.23,11.97
2023-11-30,9510,3202.0,147.2,6052.0,63.64,4.42,12.07
2023-12-01,9510,3196.0,147.17,6046.0,63.58,6.44,12.0
2023-12-02,9510,3188.0,147.13,6038.0,63.49,4.17,11.84
2023-12-03,9510,3179.0,147.09,6029.0,63.4,4.33,12.0
2023-12-04,9510,3173.0,147.06,6023.0,63.33,6.48,12.06
2023-12-05,9510,3167.0,147.03,6017.0,63.27,6.44,12.01
2023-12-06,9510,3158.0,146.99,6008.0,63.18,4.36,12.0
2023-12-07,9510,3150.0,146.95,6000.0,63.09,4.31,11.95
2023-12-08,9510,3142.0,146.91,5992.0,63.01,4.35,11.99
2023-12-09,9510,3129.0,146.85,5979.0,62.87,4.02,15.8
2023-12-10,9510,3119.0,146.8,5969.0,62.77,6.26,15.95
2023-12-11,9510,3109.0,146.75,5959.0,62.66,6.29,15.97
2023-12-12,9510,3092.0,146.67,5942.0,62.48,3.12,19.0
2023-12-13,9510,3080.0,146.61,5930.0,62.36,7.28,19.01
2023-12-14,9510,3063.0,146.53,5913.0,62.18,3.18,19.02
2023-12-15,9510,3049.0,146.0,5899.0,62.03,5.24,19.0
2023-12-16,9510,3037.0,146.4,5887.0,61.9,7.37,19.06
2023-12-17,9510,3016.0,146.3,5866.0,61.68,0.0,19.0
2023-12-18,9510,3002.0,146.23,5852.0,61.54,5.32,19.02
2023-12-19,9510,2989.0,146.17,5839.0,61.4,0.57,12.21
2023-12-20,9510,2981.0,146.13,5831.0,61.31,4.52,12.06
2023-12-21,9510,2971.0,146.08,5821.0,61.21,2.42,12.0
2023-12-22,9510,2963.0,146.04,5813.0,61.13,4.49,12.01
2023-12-23,9510,2950.0,145.98,5800.0,60.99,2.42,14.02
2023-12-24,9510,2936.0,145.91,5786.0,60.84,0.42,14.04
2023-12-25,9510,2924.0,145.85,5774.0,60.72,2.43,14.0
2023-12-26,9510,2910.0,145.78,5760.0,60.57,0.44,14.03
2023-12-27,9510,2898.0,145.72,5748.0,60.44,2.57,14.12
2023-12-28,9510,2885.0,145.66,5735.0,60.3,2.48,14.01
2023-12-29,9510,2873.0,145.6,5723.0,60.18,2.48,14.0
2023-12-30,9510,2861.0,145.54,5711.0,60.05,2.52,14.02
2023-12-31,9510,2851.0,145.49,5701.0,59.95,4.53,14.0
2024-01-01,9510,2839.0,145.43,5689.0,59.82,2.49,13.97
2024-01-02,9510,2829.0,145.38,5679.0,59.72,4.64,14.02
2024-01-03,9510,2817.0,145.32,5667.0,59.59,2.6,14.0
2024-01-04,9510,2809.0,145.28,5659.0,59.51,6.77,14.12
2024-01-05,9510,2794.0,145.21,5644.0,59.35,0.62,14.0
2024-01-06,9510,2782.0,145.15,5632.0,59.22,2.66,14.01
2024-01-07,9510,2770.0,145.09,5620.0,59.1,2.72,14.06
2024-01-08,9510,2758.0,145.03,5608.0,58.97,2.66,13.99
2024-01-09,9510,2746.0,144.97,5596.0,58.84,2.9,14.22
2024-01-10,9510,2734.0,144.91,5584.0,58.72,2.71,14.01
2024-01-11,9510,2722.0,144.85,5572.0,58.59,2.71,14.0
2024-01-12,9510,2712.0,144.8,5562.0,58.49,4.78,14.06
2024-01-13,9510,2700.0,144.74,5550.0,58.36,2.74,14.01
2024-01-14,9510,2688.0,144.68,5538.0,58.23,2.69,13.94
2024-01-15,9510,2678.0,144.63,5528.0,58.13,4.74,14.0
2024-01-16,9510,2666.0,144.57,5516.0,58.0,0.95,12.18
2024-01-17,9510,2657.0,144.52,5507.0,57.91,2.88,12.12
2024-01-18,9510,2643.0,144.45,5493.0,57.76,0.81,14.0
2024-01-19,9510,2629.0,144.38,5479.0,57.61,0.87,14.04
2024-01-20,9510,2619.0,144.33,5469.0,57.51,4.79,13.99
2024-01-21,9510,2607.0,144.0,5457.0,57.38,2.84,14.0
2024-01-22,9510,2593.0,144.2,5443.0,57.23,0.87,14.0
2024-01-23,9510,2581.0,144.14,5431.0,57.11,2.88,14.01
2024-01-24,9510,2570.0,144.08,5420.0,56.99,2.84,13.96
2024-01-25,9510,2556.0,144.01,5406.0,56.85,0.92,14.0
2024-01-26,9510,2542.0,143.94,5392.0,56.7,0.95,14.01
2024-01-27,9510,2528.0,143.87,5378.0,56.55,0.96,14.01
2024-01-28,9510,2516.0,143.81,5366.0,56.42,2.94,14.0
2024-01-29,9510,2511.0,143.78,5361.0,56.37,9.04,14.23
2024-01-30,9510,2501.0,143.73,5351.0,56.27,4.91,14.0
2024-01-31,9510,2489.0,143.67,5339.0,56.14,2.97,14.0
2024-02-01,9510,2477.0,143.61,5327.0,56.01,2.97,13.99
2024-02-02,9510,2466.0,143.55,5316.0,55.9,3.24,14.0
2024-02-03,9510,2454.0,143.49,5304.0,55.77,3.33,14.09
2024-02-04,9510,2442.0,143.43,5292.0,55.65,3.26,13.99
2024-02-05,9510,2431.0,143.37,5281.0,55.53,3.32,14.05
2024-02-06,9510,2419.0,143.31,5269.0,55.4,3.27,13.99
2024-02-07,9510,2406.0,143.0,5256.0,55.27,1.36,14.0
2024-02-08,9510,2392.0,143.0,5242.0,55.12,1.4,14.02
2024-02-09,9510,2380.0,143.0,5230.0,54.99,3.25,13.92
2024-02-10,9510,2369.0,143.0,5219.0,54.88,3.32,13.98
2024-02-11,9510,2355.0,143.0,5205.0,54.73,1.42,13.98
2024-02-12,9510,2342.0,143.0,5192.0,54.6,1.45,14.0
2024-02-13,9510,2328.0,143.0,5178.0,54.45,1.52,14.05
2024-02-14,9510,2315.0,143.0,5165.0,54.31,1.45,13.96
2024-02-15,9510,2303.0,143.0,5153.0,54.19,3.49,14.06
2024-02-16,9510,2292.0,143.0,5142.0,54.07,3.52,14.08
2024-02-17,9510,2279.0,143.0,5129.0,53.93,1.55,14.01
2024-02-18,9510,2269.0,143.0,5119.0,53.83,5.37,14.0
2024-02-19,9510,2256.0,142.0,5106.0,53.69,1.58,14.01
2024-02-20,9510,2241.0,142.0,5091.0,53.53,4.7,19.01
2024-02-21,9510,2218.0,142.0,5068.0,53.29,2.09,23.97
2024-02-22,9510,2191.0,142.0,5041.0,53.01,2.4,28.0
2024-02-23,9510,2167.0,142.0,5017.0,52.75,4.39,28.02
2024-02-24,9510,2142.0,142.0,4992.0,52.49,4.41,27.98
2024-02-25,9510,2122.0,142.0,4972.0,52.28,3.22,22.98
2024-02-26,9510,2101.0,142.0,4951.0,52.06,3.31,23.02
2024-02-27,9510,2080.0,142.0,4930.0,51.84,3.36,23.02
2024-02-28,9510,2061.81,141.43,4911.81,51.65,3.32,21.06
2024-02-29,9510,2043.21,141.33,4893.21,51.45,3.26,20.97
2024-03-01,9510,2024.66,141.23,4874.66,51.26,3.41,21.07
2024-03-02,9510,2004.31,141.12,4854.31,51.04,1.63,21.1
2024-03-03,9510,1984.0,141.01,4834.0,50.83,1.58,21.0
2024-03-04,9510,1963.75,140.9,4813.75,50.62,1.82,21.19
2024-03-05,9510,1945.38,140.8,4795.38,50.42,3.51,21.0
2024-03-06,9510,1927.05,140.7,4777.05,50.23,3.55,21.0
2024-03-07,9510,1908.77,140.6,4758.77,50.04,3.6,21.0
2024-03-08,9510,1892.36,140.51,4742.36,49.87,2.45,17.99
2024-03-09,9510,1877.79,140.43,4727.79,49.71,4.23,17.92
2024-03-10,9510,1861.44,140.34,4711.44,49.54,2.53,18.0
2024-03-11,9510,1845.13,140.25,4695.13,49.37,2.65,18.09
2024-03-12,9510,1828.85,140.16,4678.85,49.2,2.59,18.0
2024-03-13,9510,1812.61,140.07,4662.61,49.03,2.67,18.04
2024-03-14,9510,1796.4,139.98,4646.4,48.86,2.66,18.0
2024-03-15,9510,1780.23,139.8,4630.23,48.69,2.58,17.89
2024-03-16,9510,1762.3,139.79,4612.3,48.5,1.02,18.08
2024-03-17,9510,1746.21,139.7,4596.21,48.33,2.79,18.02
2024-03-18,9510,1731.93,139.62,4581.93,48.18,4.54,17.96
2024-03-19,9510,1717.68,139.54,4567.68,48.03,1.81,15.2
2024-03-20,9510,1705.24,139.47,4555.24,47.9,3.38,14.96
2024-03-21,9510,1692.82,139.4,4542.82,47.77,1.64,13.21
2024-03-22,9510,1680.42,139.33,4530.42,47.64,1.49,13.04
2024-03-23,9510,1671.58,139.28,4521.58,47.55,2.91,10.9
2024-03-24,9510,1660.98,139.22,4510.98,47.43,1.2,10.95
2024-03-25,9510,1652.16,139.17,4502.16,47.34,3.03,11.0
2024-03-26,9510,1641.59,139.11,4491.59,47.23,1.37,11.09
2024-03-27,9510,1632.8,139.06,4482.8,47.14,3.1,11.04
2024-03-28,9510,1618.75,138.98,4468.75,46.99,0.0,10.9
2024-03-29,9510,1611.74,138.94,4461.74,46.92,4.86,11.02
2024-03-30,9510,1601.24,138.88,4451.24,46.81,1.34,11.0
2024-03-31,9510,1590.75,138.82,4440.75,46.7,1.37,11.01
2024-04-01,9510,1580.28,138.76,4430.28,46.59,1.39,11.02
2024-04-02,9510,1571.57,138.71,4421.57,46.49,3.27,11.0
2024-04-03,9510,1561.13,138.65,4411.13,46.38,1.68,11.14
2024-04-04,9510,1550.7,138.59,4400.7,46.27,1.53,10.98
2024-04-05,9510,1540.3,138.53,4390.3,46.17,1.56,10.99
2024-04-06,9510,1529.91,138.47,4379.91,46.06,1.52,10.94
2024-04-07,9510,1520.0,138.0,4370.0,45.95,1.67,11.07
2024-04-08,9510,1509.0,138.0,4359.0,45.84,1.61,10.99
2024-04-09,9510,1498.84,138.29,4348.84,45.73,1.66,11.03
2024-04-10,9510,1488.51,138.23,4338.51,45.62,1.65,11.01
2024-04-11,9510,1478.21,138.17,4328.21,45.51,1.67,11.0
2024-04-12,9510,1467.92,138.11,4317.92,45.4,1.73,11.05
2024-04-13,9510,1457.65,138.05,4307.65,45.3,1.66,10.97
2024-04-14,9510,1447.0,138.0,4297.0,45.18,1.72,11.01
2024-04-15,9510,1437.0,138.0,4287.0,45.08,1.67,10.94
2024-04-16,9510,1427.0,138.0,4277.0,44.97,1.73,10.98
2024-04-17,9510,1416.73,137.81,4266.73,44.87,1.74,10.98
2024-04-18,9510,1404.85,137.74,4254.85,44.74,0.05,10.97
2024-04-19,9510,1394.68,137.68,4244.68,44.63,2.0,11.21
2024-04-20,9510,1384.53,137.62,4234.53,44.53,1.78,10.97
2024-04-21,9510,1374.0,138.0,4224.0,44.42,1.78,10.96
2024-04-22,9510,1364.28,137.5,4214.28,44.31,1.87,11.03
2024-04-23,9510,1354.19,137.44,4204.19,44.21,1.87,11.01
2024-04-24,9510,1344.11,137.38,4194.11,44.1,1.89,11.02
2024-04-25,9510,1334.04,137.32,4184.04,44.0,1.89,11.01
2024-04-26,9510,1324.0,137.26,4174.0,43.89,1.95,11.04
2024-04-27,9510,1313.97,137.2,4163.97,43.79,1.89,10.97
2024-04-28,9510,1303.96,137.14,4153.96,43.68,1.94,11.0
2024-04-29,9510,1293.97,137.08,4143.97,43.57,1.83,10.88
2024-04-30,9510,1283.99,137.02,4133.99,43.47,1.96,10.99
2024-05-01,9510,1275.7,136.97,4125.7,43.38,3.72,11.07
2024-05-02,9510,1262.44,136.89,4112.44,43.24,2.82,15.15
2024-05-03,9510,1247.57,136.8,4097.57,43.09,1.07,15.01
2024-05-04,9510,1232.74,136.71,4082.74,42.93,1.24,15.14
2024-05-05,9510,1217.95,136.62,4067.95,42.78,1.43,15.3
2024-05-06,9510,1206.47,136.55,4056.47,42.65,4.51,15.06
2024-05-07,9510,1193.39,136.47,4043.39,42.52,2.85,15.01
2024-05-08,9510,1177.07,136.37,4027.07,42.35,0.0,15.04
2024-05-09,9510,1164.06,136.29,4014.06,42.21,2.95,15.04
2024-05-10,9510,1151.08,136.21,4001.08,42.07,2.95,15.02
2024-05-11,9510,1138.13,136.13,3988.13,41.94,2.97,15.01
2024-05-12,9510,1134.9,136.11,3984.9,41.9,12.68,15.0
2024-05-13,9510,1123.6,136.04,3973.6,41.78,4.62,15.01
2024-05-14,9510,1117.15,136.0,3967.15,41.72,9.48,15.01
2024-05-15,9510,1105.9,135.93,3955.9,41.6,4.71,15.05
2024-05-16,9510,1096.27,135.87,3946.27,41.5,6.26,14.98
2024-05-17,9510,1085.06,135.8,3935.06,41.38,4.7,15.01
2024-05-18,9510,1070.68,135.71,3920.68,41.23,1.53,15.0
2024-05-19,9510,1059.52,135.64,3909.52,41.11,4.75,15.0
2024-05-20,9510,1048.4,135.57,3898.4,40.99,4.72,14.94
2024-05-21,9510,1037.29,135.5,3887.29,40.88,4.93,15.13
2024-05-22,9510,1034.12,135.48,3884.12,40.84,12.74,15.0
2024-05-23,9510,1029.38,135.45,3879.38,40.79,11.1,14.94
2024-05-24,9510,1024.63,135.42,3874.63,40.74,11.2,15.04
2024-05-25,9510,1021.48,135.4,3871.48,40.71,9.75,12.0
2024-05-26,9510,1021.48,135.4,3871.48,40.71,12.92,12.02
2024-05-27,9510,1024.63,135.42,3874.63,40.74,16.07,12.01
2024-05-28,9510,1026.21,135.43,3876.21,40.76,12.53,10.04
2024-05-29,9510,1024.63,135.42,3874.63,40.74,9.31,9.98
2024-05-30,9510,1019.9,135.39,3869.9,40.69,6.13,9.96
2024-05-31,9510,1018.32,135.38,3868.32,40.68,9.35,10.03
2024-06-01,9510,1015.16,135.36,3865.16,40.64,7.74,10.0
2024-06-02,9510,1008.86,135.32,3858.86,40.58,4.4,10.03
2024-06-03,9510,1019.9,135.39,3869.9,40.69,23.8,12.09
2024-06-04,9510,1034.12,135.48,3884.12,40.84,26.88,11.98
2024-06-05,9510,1034.12,135.48,3884.12,40.84,12.68,12.0
2024-06-06,9510,1034.12,135.48,3884.12,40.84,12.69,12.01
2024-06-07,9510,1029.38,135.45,3879.38,40.79,7.82,11.89
2024-06-08,9510,1024.63,135.42,3874.63,40.74,7.93,12.0
2024-06-09,9510,1021.48,135.4,3871.48,40.71,9.57,12.05
2024-06-10,9510,1013.59,135.35,3863.59,40.63,4.85,12.07
2024-06-11,9510,1019.9,135.39,3869.9,40.69,18.98,12.0
2024-06-12,9510,1038.88,135.51,3888.88,40.89,31.73,12.08
2024-06-13,9510,1053.16,135.6,3903.16,41.04,27.01,12.05
2024-06-14,9510,1057.93,135.63,3907.93,41.09,17.46,12.01
2024-06-15,9510,1061.12,135.65,3911.12,41.13,15.87,12.0
2024-06-16,9510,1061.12,135.65,3911.12,41.13,9.68,9.0
2024-06-17,9510,1059.52,135.64,3909.52,41.11,8.08,9.0
2024-06-18,9510,1057.93,135.63,3907.93,41.09,8.09,9.0
2024-06-19,9510,1053.16,135.6,3903.16,41.04,4.91,9.0
2024-06-20,9510,1049.98,135.58,3899.98,41.01,9.48,11.98
2024-06-21,9510,1045.22,135.55,3895.22,40.96,7.71,11.79
2024-06-22,9510,1040.46,135.52,3890.46,40.91,7.94,12.02
2024-06-23,9510,1034.12,135.48,3884.12,40.84,6.31,11.97
2024-06-24,9510,1027.8,135.44,3877.8,40.78,8.37,14.02
2024-06-25,9510,1032.54,135.47,3882.54,40.83,19.42,14.0
2024-06-26,9510,1035.71,135.49,3885.71,40.86,17.85,14.0
2024-06-27,9510,1051.57,135.59,3901.57,41.03,30.63,14.09
2024-06-28,9510,1073.87,135.73,3923.87,41.26,36.96,13.98
2024-06-29,9510,1098.0,136.0,3948.0,41.51,38.63,13.95
2024-06-30,9510,1112.33,135.97,3962.33,41.66,29.09,13.95
2024-07-01,9510,1121.99,136.03,3971.99,41.77,24.21,13.87
2024-07-02,9510,1113.94,135.98,3963.94,41.68,11.43,18.92
2024-07-03,9510,1123.6,136.04,3973.6,41.78,29.34,19.12
2024-07-04,9510,1126.82,136.06,3976.82,41.82,22.78,18.99
2024-07-05,9510,1123.6,136.04,3973.6,41.78,16.4,19.06
2024-07-06,9510,1121.99,136.03,3971.99,41.77,12.96,14.01
2024-07-07,9510,1125.21,136.05,3975.21,41.8,17.71,13.93
2024-07-08,9510,1133.28,135.1,3983.28,41.89,22.77,14.14
2024-07-09,9510,1131.67,136.09,3981.67,41.87,16.19,17.24
2024-07-10,9510,1128.44,136.07,3978.44,41.83,14.36,17.03
2024-07-11,9510,1125.21,136.05,3975.21,41.8,14.31,16.98
2024-07-12,9510,1130.05,135.08,3980.05,41.85,22.37,16.97
2024-07-13,9510,1133.28,136.1,3983.28,41.89,20.72,16.93
2024-07-14,9510,1134.9,136.11,3984.9,41.9,19.11,16.93
2024-07-15,9510,1134.9,136.11,3984.9,41.9,17.56,17.0
2024-07-16,9510,1138.13,136.13,3988.13,41.94,17.79,14.0
2024-07-17,9510,1160.81,136.27,4010.81,42.17,37.2,13.95
2024-07-18,9510,1168.94,136.32,4018.94,42.26,22.7,14.01
2024-07-19,9510,1193.39,136.47,4043.39,42.52,39.01,14.0
2024-07-20,9510,1244.27,136.78,4094.27,43.05,61.33,9.88
2024-07-21,9510,1285.66,137.03,4135.66,43.49,51.95,9.99
2024-07-22,9510,1327.35,137.28,4177.35,43.93,50.26,8.0
2024-07-23,9510,1364.28,137.5,4214.28,44.31,45.52,8.01
2024-07-24,9510,1403.15,137.73,4253.15,44.72,47.45,8.0
2024-07-25,9510,1430.34,137.89,4280.34,45.01,35.77,8.0
2024-07-26,9510,1452.52,138.02,4302.52,45.24,30.78,8.01
2024-07-27,9510,1476.49,138.16,4326.49,45.49,32.49,7.93
2024-07-28,9510,1495.39,138.27,4345.39,45.69,27.5,8.0
2024-07-29,9510,1509.18,138.35,4359.18,45.84,22.32,7.94
2024-07-30,9510,1526.45,138.45,4376.45,46.02,23.86,6.0
2024-07-31,9510,1545.5,138.56,4395.5,46.22,25.64,6.0
2024-08-01,9510,1575.05,138.73,4425.05,46.53,36.05,5.9
2024-08-02,9510,1660.98,139.22,4510.98,47.43,92.34,5.87
2024-08-03,9510,1762.3,139.79,4612.3,48.5,107.86,5.99
2024-08-04,9510,1883.25,140.46,4733.25,49.77,127.51,6.0
2024-08-05,9510,2011.7,141.16,4861.7,51.12,135.01,5.99
2024-08-06,9510,2129.09,141.79,4979.09,52.36,122.96,4.99
2024-08-07,9510,2223.44,142.29,5073.44,53.35,99.94,5.01
2024-08-08,9510,2305.4,142.72,5155.4,54.21,87.41,4.87
2024-08-09,9510,2374.59,143.08,5224.59,54.94,74.4,4.62
2024-08-10,9510,2419.07,143.31,5269.07,55.41,49.94,4.87
2024-08-11,9510,2455.97,143.5,5305.97,55.79,42.49,4.99
2024-08-12,9510,2479.35,143.62,5329.35,56.04,30.88,6.9
2024-08-13,9510,2506.7,143.76,5356.7,56.33,34.91,6.96
2024-08-14,9510,2577.38,144.12,5427.38,57.07,78.28,7.0
2024-08-15,9510,2656.5,144.52,5506.5,57.9,84.73,5.0
2024-08-16,9510,2718.25,144.83,5568.25,58.55,67.3,4.94
2024-08-17,9510,2762.29,145.05,5612.29,59.01,49.65,4.99
2024-08-18,9510,2800.47,145.24,5650.47,59.42,43.79,4.99
2024-08-19,9510,2869.14,145.58,5719.14,60.14,74.15,4.86
2024-08-20,9510,2952.52,145.99,5802.52,61.01,91.01,7.0
2024-08-21,9510,3018.03,146.31,5868.03,61.7,73.15,7.0
2024-08-22,9510,3158.49,146.99,6008.49,63.18,148.08,6.98
2024-08-23,9510,3302.72,147.68,6152.72,64.7,149.88,5.0
2024-08-24,9510,3480.6,148.52,6330.6,66.57,181.5,2.96
2024-08-25,9510,3669.6,149.4,6519.6,68.56,192.67,3.0
2024-08-26,9510,3824.04,150.11,6674.04,70.18,158.13,3.01
2024-08-27,9510,3927.22,150.58,6777.22,71.26,106.87,3.0
2024-08-28,9510,4015.63,150.98,6865.63,72.19,92.14,3.04
2024-08-29,9510,4135.83,151.52,6985.83,73.46,120.9,0.0
2024-08-30,9510,4261.52,152.08,7111.52,74.78,126.4,0.0
2024-08-31,9510,4349.67,152.47,7199.67,75.71,91.82,2.96
2024-09-01,9510,4413.27,152.75,7263.27,76.38,67.3,2.99
2024-09-02,9510,4483.98,153.06,7333.98,77.12,74.45,2.99
2024-09-03,9510,4550.43,153.35,7400.43,77.82,70.2,3.0
2024-09-04,9510,4598.71,153.56,7448.71,78.33,54.04,5.0
2024-09-05,9510,4635.6,153.72,7485.6,78.71,42.65,5.0
2024-09-06,9510,4677.2,153.9,7527.2,79.15,49.37,7.01
2024-09-07,9510,4714.26,154.06,7564.26,79.54,47.82,9.99
2024-09-08,9510,4746.77,154.2,7596.77,79.88,43.27,10.0
2024-09-09,9510,4767.69,154.29,7617.69,80.1,31.67,9.98
2024-09-10,9510,4793.31,154.4,7643.31,80.37,36.4,10.01
2024-09-11,9510,4821.3,154.52,7671.3,80.67,38.75,9.99
2024-09-12,9510,4868.05,154.72,7718.05,81.16,57.55,10.03
2024-09-13,9510,4921.98,154.95,7771.98,81.72,64.71,10.0
2024-09-14,9510,4976.08,155.18,7826.08,82.29,64.89,10.01
2024-09-15,9510,5025.63,155.39,7875.63,82.81,64.34,14.01
2024-09-16,9510,5091.92,155.67,7941.92,83.51,81.08,14.0
2024-09-17,9510,5132.3,155.84,7982.3,83.94,55.16,14.0
2024-09-18,9510,5168.0,155.99,8018.0,84.31,45.42,8.93
2024-09-19,9510,5194.23,156.1,8044.23,84.59,41.04,14.02
2024-09-20,9510,5215.72,156.19,8065.72,84.81,42.44,20.16
2024-09-21,9510,5230.06,156.25,8080.06,84.96,35.17,20.04
2024-09-22,9510,5246.8,156.32,8096.8,85.14,37.55,20.01
2024-09-23,9510,5261.17,156.38,8111.17,85.29,35.18,20.01
2024-09-24,9510,5309.15,156.58,8159.15,85.8,68.73,19.96
2024-09-25,9510,5417.57,157.03,8267.57,86.94,129.3,20.08
2024-09-26,9510,5546.12,157.56,8396.12,88.29,144.33,14.96
2024-09-27,9510,5653.55,158.0,8503.55,89.42,123.24,14.99
2024-09-28,9510,5709.97,158.23,8559.97,90.01,72.17,14.93
2024-09-29,9510,5746.85,158.38,8596.85,90.4,52.72,15.01
2024-09-30,9510,5776.41,158.5,8626.41,90.71,45.4,15.01
2024-10-01,9510,5813.43,158.65,8663.43,91.1,47.9,10.05
2024-10-02,9510,5845.58,158.78,8695.58,91.44,42.81,9.84
2024-10-03,9510,5907.55,159.03,8757.55,92.09,69.72,6.92
2024-10-04,9510,5964.75,159.26,8814.75,92.69,63.03,5.0
2024-10-05,9510,6004.65,159.42,8854.65,93.11,45.73,5.0
2024-10-06,9510,6039.63,159.56,8889.63,93.48,40.81,5.0
2024-10-07,9510,6069.67,159.68,8919.67,93.79,35.87,5.0
2024-10-08,9510,6092.23,159.77,8942.23,94.03,28.36,4.97
2024-10-09,9510,6114.81,159.86,8964.81,94.27,28.41,4.99
2024-10-10,9510,6139.94,159.96,8989.94,94.53,30.95,4.98
2024-10-11,9510,6157.55,160.03,9007.55,94.72,23.36,4.91
2024-10-12,9510,6172.66,160.09,9022.66,94.88,20.95,5.0
2024-10-13,9510,6185.25,160.14,9035.25,95.01,18.44,5.0
2024-10-14,9510,6200.38,160.2,9050.38,95.17,21.0,5.02
2024-10-15,9510,6213.0,160.25,9063.0,95.3,18.46,5.0
2024-10-16,9510,6223.1,160.29,9073.1,95.41,15.78,4.84
2024-10-17,9510,6235.73,160.34,9085.73,95.54,18.4,4.92
2024-10-18,9510,6248.37,160.39,9098.37,95.67,18.45,4.96
2024-10-19,9510,6263.56,160.45,9113.56,95.83,21.02,4.99
2024-10-20,9510,6281.28,160.52,9131.28,96.02,23.53,4.96
2024-10-21,9510,6291.42,160.56,9141.42,96.12,15.99,5.0
2024-10-22,9510,6304.1,160.61,9154.1,96.26,18.53,5.01
2024-10-23,9510,6314.25,160.65,9164.25,96.36,15.99,5.0
2024-10-24,9510,6324.4,160.69,9174.4,96.47,16.0,5.0
2024-10-25,9510,6332.02,160.72,9182.02,96.55,13.48,5.01
2024-10-26,9510,6339.64,160.75,9189.64,96.63,13.47,5.0
2024-10-27,9510,6344.72,160.77,9194.72,96.68,13.0,7.06
2024-10-28,9510,6349.81,160.79,9199.81,96.74,12.94,7.0
2024-10-29,9510,6352.35,160.8,9202.35,96.76,10.37,6.98
2024-10-30,9510,6354.9,160.81,9204.9,96.79,10.4,7.0
2024-10-31,9510,6357.44,160.82,9207.44,96.82,10.39,7.0
2024-11-01,9510,6362.53,160.84,9212.53,96.87,12.93,6.99
2024-11-02,9510,6362.53,160.84,9212.53,96.87,7.89,7.0
2024-11-03,9510,6365.07,160.85,9215.07,96.9,10.44,7.0
2024-11-04,9510,6365.07,160.85,9215.07,96.9,7.9,7.0
2024-11-05,9510,6365.07,160.85,9215.07,96.9,7.9,7.0
2024-11-06,9510,6362.53,160.84,9212.53,96.87,5.35,7.0
2024-11-07,9510,6365.07,160.85,9215.07,96.9,10.45,7.01
2024-11-08,9510,6365.07,160.85,9215.07,96.9,7.92,7.02
2024-11-09,9510,6365.07,160.85,9215.07,96.9,7.91,7.01
2024-11-10,9510,6367.62,160.86,9217.62,96.93,10.44,7.0
2024-11-11,9510,6367.62,160.85,9217.62,96.93,7.89,7.0
2024-11-12,9510,6367.62,160.86,9217.62,96.93,7.89,7.0
2024-11-13,9510,6367.62,160.86,9217.62,96.93,7.89,7.0
2024-11-14,9510,6367.62,160.86,9217.62,96.93,7.89,7.0
2024-11-15,9510,6367.62,160.86,9217.62,96.93,7.9,7.01
2024-11-16,9510,6367.62,160.86,9217.62,96.93,7.89,7.0
2024-11-17,9510,6367.62,160.86,9217.62,96.93,7.89,7.0
2024-11-18,9510,6367.62,160.86,9217.62,96.93,7.9,7.01
2024-11-19,9510,6367.62,160.86,9217.62,96.93,8.9,8.01
2024-11-20,9510,6365.07,160.85,9215.07,96.9,8.02,9.67
2024-11-21,9510,6359.98,160.83,9209.98,96.85,5.44,9.63
2024-11-22,9510,6354.9,160.81,9204.9,96.79,5.38,9.57
2024-11-23,9510,6352.35,160.8,9202.35,96.76,7.85,9.5
2024-11-24,9510,6347.27,160.78,9197.27,96.71,5.41,9.6
2024-11-25,9510,6342.18,160.76,9192.18,96.66,5.42,9.61
2024-11-26,9510,6334.56,160.73,9184.56,96.58,5.31,12.04
2024-11-27,9510,6324.4,160.69,9174.4,96.47,4.67,13.94
2024-11-28,9510,6314.25,160.65,9164.25,96.36,6.84,16.1
2024-11-29,9510,6301.56,160.6,9151.56,96.23,6.29,18.09
2024-11-30,9510,6286.35,160.54,9136.35,96.07,3.7,18.02
2024-12-01,9510,6266.09,160.46,9116.09,95.86,4.63,24.0
2024-12-02,9510,6245.85,160.38,9095.85,95.65,4.58,23.97
2024-12-03,9510,6225.63,160.3,9075.63,95.43,4.61,23.98
2024-12-04,9510,6207.95,160.23,9057.95,95.25,7.16,23.99
2024-12-05,9510,6187.78,160.15,9037.78,95.03,4.62,23.95
2024-12-06,9510,6170.14,160.08,9020.14,94.85,7.34,24.13
2024-12-07,9510,6150.0,160.0,9000.0,94.64,4.73,24.02
2024-12-08,9510,6127.37,159.91,8977.37,94.4,2.24,24.02
2024-12-09,9510,6107.28,159.83,8957.28,94.19,4.84,24.09
2024-12-10,9510,6087.21,159.75,8937.21,93.98,4.91,24.14
2024-12-11,9510,6062.15,159.65,8912.15,93.71,3.67,27.89
2024-12-12,9510,6039.63,159.56,8889.63,93.48,6.4,28.08
2024-12-13,9510,6017.14,159.47,8867.14,93.24,6.36,28.02
2024-12-14,9510,5992.17,159.37,8842.17,92.98,4.09,28.22
2024-12-15,9510,5964.75,159.26,8814.75,92.69,1.41,27.99
2024-12-16,9510,5939.86,159.16,8789.86,92.43,3.95,28.0
2024-12-17,9510,5912.52,159.05,8762.52,92.14,1.57,28.08
2024-12-18,9510,5887.7,158.95,8737.7,91.88,4.04,28.03
2024-12-19,9510,5867.86,158.87,8717.86,91.67,9.11,28.12
2024-12-20,9510,5843.1,158.77,8693.1,91.41,4.06,27.99
2024-12-21,9510,5815.9,158.66,8665.9,91.12,1.63,28.0
2024-12-22,9510,5791.21,158.56,8641.21,90.86,4.14,28.0
2024-12-23,9510,5766.55,158.46,8616.55,90.61,4.16,27.99
2024-12-24,9510,5741.93,158.36,8591.93,90.35,4.16,27.96
2024-12-25,9510,5714.88,158.25,8564.88,90.06,1.75,27.98
2024-12-26,9510,5690.32,158.15,8540.32,89.8,4.26,28.0
2024-12-27,9510,5665.8,158.05,8515.8,89.55,4.28,27.98
2024-12-28,9510,5638.87,157.94,8488.87,89.26,1.88,28.0
2024-12-29,9510,5616.86,157.85,8466.86,89.03,6.77,27.97
2024-12-30,9510,5592.44,157.75,8442.44,88.77,4.36,27.97
2024-12-31,9510,5565.61,157.64,8415.61,88.49,2.11,28.13
2025-01-01,9510,5541.26,157.54,8391.26,88.24,4.49,28.03
2025-01-02,9510,5514.51,157.43,8364.51,87.95,2.25,28.11
2025-01-03,9510,5490.22,157.33,8340.22,87.7,4.62,28.02
2025-01-04,9510,5465.97,157.23,8315.97,87.44,4.6,27.96
2025-01-05,9510,5441.75,157.13,8291.75,87.19,4.68,28.01
2025-01-06,9510,5415.15,157.02,8265.15,86.91,2.23,27.94
2025-01-07,9510,5388.59,156.91,8238.59,86.63,2.38,28.05
2025-01-08,9510,5364.48,156.81,8214.48,86.38,4.77,28.0
2025-01-09,9510,5337.99,156.7,8187.99,86.1,2.39,28.0
2025-01-10,9510,5313.95,156.6,8163.95,85.85,4.94,28.1
2025-01-11,9510,5289.94,156.5,8139.94,85.59,4.88,28.01
2025-01-12,9510,5263.57,156.39,8113.57,85.32,2.48,27.98
2025-01-13,9510,5234.84,156.27,8084.84,85.01,0.15,28.0
2025-01-14,9510,5208.55,156.16,8058.55,84.74,2.9,28.32
2025-01-15,9510,5182.3,156.05,8032.3,84.46,2.66,28.04
2025-01-16,9510,5158.47,155.95,8008.47,84.21,5.03,27.99
2025-01-17,9510,5132.3,155.84,7982.3,83.94,2.66,27.97
2025-01-18,9510,5106.16,155.73,7956.16,83.66,2.73,28.0
2025-01-19,9510,5082.44,155.63,7932.44,83.41,5.07,27.93
2025-01-20,9510,5056.38,155.52,7906.38,83.14,2.89,28.09
2025-01-21,9510,5032.72,155.42,7882.72,82.89,5.2,28.0
2025-01-22,9510,5006.74,155.31,7856.74,82.62,2.95,28.07
2025-01-23,9510,4983.15,155.21,7833.15,82.37,5.26,27.99
2025-01-24,9510,4959.6,155.11,7809.6,82.12,5.24,27.94
2025-01-25,9510,4936.08,155.01,7786.08,81.87,5.4,28.07
2025-01-26,9510,4910.24,154.9,7760.24,81.6,3.0,27.99
2025-01-27,9510,4882.1,154.78,7732.1,81.3,0.64,27.93
2025-01-28,9510,4856.35,154.67,7706.35,81.03,3.11,28.01
2025-01-29,9510,4828.3,154.55,7678.3,80.74,0.79,27.99
2025-01-30,9510,4802.63,154.44,7652.63,80.47,3.18,28.0
2025-01-31,9510,4774.68,154.32,7624.68,80.18,0.78,27.89
2025-02-01,9510,4751.41,154.22,7601.41,79.93,5.55,27.97
2025-02-02,9510,4728.19,154.12,7578.19,79.69,2.93,25.01
2025-02-03,9510,4704.99,154.02,7554.99,79.44,5.96,28.02
2025-02-04,9510,4679.51,153.91,7529.51,79.17,3.66,28.0
2025-02-05,9510,4654.07,153.8,7504.07,78.91,3.63,27.93
2025-02-06,9510,4628.68,153.69,7478.68,78.64,3.7,27.96
2025-02-07,9510,4603.32,153.58,7453.32,78.37,3.64,27.87
2025-02-08,9510,4578.0,153.47,7428.0,78.11,3.78,27.97
2025-02-09,9510,4552.72,153.36,7402.72,77.84,3.85,28.0
2025-02-10,9510,4525.19,153.24,7375.19,77.55,1.57,27.98
2025-02-11,9510,4497.71,153.12,7347.71,77.26,1.61,27.97
2025-02-12,9510,4472.56,153.01,7322.56,77.0,3.94,27.98
2025-02-13,9510,4447.45,152.9,7297.45,76.73,3.92,27.92
2025-02-14,9510,4422.38,152.79,7272.38,76.47,3.91,27.87
2025-02-15,9510,4397.34,152.68,7247.34,76.21,3.98,27.9
2025-02-16,9510,4372.35,152.57,7222.35,75.94,4.06,27.94
2025-02-17,9510,4345.14,152.45,7195.14,75.66,1.88,27.99
2025-02-18,9510,4320.23,152.34,7170.23,75.4,4.2,28.01
2025-02-19,9510,4293.1,152.22,7143.1,75.11,2.03,28.05
2025-02-20,9510,4268.28,152.11,7118.28,74.85,4.27,27.99
2025-02-21,9510,4241.25,151.99,7091.25,74.57,2.11,28.04
2025-02-22,9510,4216.51,151.86,7066.51,74.31,4.35,27.99
2025-02-23,9510,4191.81,151.77,7041.81,74.05,4.45,28.05
2025-02-24,9510,4167.16,151.66,7017.16,73.79,4.4,27.96
2025-02-25,9510,4140.3,151.54,6990.3,73.5,2.19,27.96
2025-02-26,9510,4115.73,151.43,6965.73,73.25,4.52,28.0
2025-02-27,9510,4097.88,151.35,6947.88,73.06,3.24,20.0
2025-02-28,9510,4082.29,151.28,6932.29,72.89,5.55,20.06
2025-03-01,9510,4066.71,151.21,6916.71,72.73,5.49,19.99
2025-03-02,9510,4051.14,151.14,6901.14,72.57,5.48,19.96
2025-03-03,9510,4031.16,151.05,6881.16,72.36,1.02,19.92
2025-03-04,9510,4011.2,150.96,6861.2,72.15,2.15,21.03
2025-03-05,9510,3995.69,150.89,6845.69,71.98,6.55,20.98
2025-03-06,9510,3971.36,150.78,6821.36,71.73,0.0,21.0
2025-03-07,9510,3951.48,150.69,6801.48,71.52,2.23,21.03
2025-03-08,9510,3931.63,150.6,6781.63,71.31,2.21,20.98
2025-03-09,9510,3909.61,150.5,6759.61,71.08,0.04,20.99
2025-03-10,9510,3887.62,150.4,6737.62,70.85,0.05,20.97
2025-03-11,9510,3867.86,150.31,6717.86,70.64,3.25,21.94
2025-03-12,9510,3850.31,150.23,6700.31,70.46,5.49,21.97
2025-03-13,9510,3830.6,150.14,6680.6,70.25,3.37,22.01
2025-03-14,9510,3810.92,150.05,6660.92,70.04,3.4,22.01
2025-03-15,9510,3786.9,149.94,6636.9,69.79,0.0,22.0
2025-03-16,9510,3765.11,149.84,6615.11,69.56,1.25,21.98
2025-03-17,9510,3745.52,149.75,6595.52,69.35,3.56,22.1
2025-03-18,9510,3723.78,149.65,6573.78,69.12,1.32,22.0
2025-03-19,9510,3699.92,149.54,6549.92,68.87,0.0,22.0
2025-03-20,9510,3676.09,149.43,6526.09,68.62,0.0,22.01
2025-03-21,9510,3654.47,149.33,6504.47,68.4,1.4,21.97
2025-03-22,9510,3630.72,149.22,6480.72,68.15,0.0,22.02
2025-03-23,9510,3609.17,149.12,6459.17,67.92,1.53,22.03
2025-03-24,9510,3587.66,149.02,6437.66,67.69,1.53,22.0
2025-03-25,9510,3566.17,148.92,6416.17,67.47,1.56,22.0
2025-03-26,9510,3540.44,148.8,6390.44,67.2,0.0,21.81
2025-03-27,9510,3512.62,148.67,6362.62,66.9,0.0,21.91
2025-03-28,9510,3487.0,148.55,6337.0,66.64,0.0,21.93
2025-03-29,9510,3463.55,148.44,6313.55,66.39,0.0,21.92
2025-03-30,9510,3440.15,148.33,6290.15,66.14,1.68,21.92
2025-03-31,9510,3418.91,148.23,6268.91,65.92,1.79,22.0
2025-04-01,9510,3393.47,148.11,6243.47,65.65,2.66,27.08
2025-04-02,9510,3365.96,147.98,6215.96,65.36,0.75,27.07
2025-04-03,9510,3342.74,147.87,6192.74,65.12,4.97,27.0
2025-04-04,9510,3315.35,147.74,6165.35,64.83,0.82,27.03
2025-04-05,9510,3290.11,147.62,6140.11,64.56,2.94,27.0
2025-04-06,9510,3262.84,147.49,6112.84,64.28,0.91,27.0
2025-04-07,9510,3235.62,147.36,6085.62,63.99,0.96,27.0
2025-04-08,9510,3210.55,147.24,6060.55,63.73,3.1,27.0
2025-04-09,9510,3189.7,147.14,6039.7,63.51,7.46,27.14
2025-04-10,9510,3168.88,147.04,6018.88,63.29,7.34,26.99
2025-04-11,9510,3146.03,146.93,5996.03,63.05,5.35,27.03
2025-04-12,9510,3119.07,146.8,5969.07,62.77,1.14,26.93
2025-04-13,9510,3104.59,146.73,5954.59,62.61,1.87,15.19
2025-04-14,9510,3090.12,146.66,5940.12,62.46,1.65,14.96
2025-04-15,9510,3079.79,146.61,5929.79,62.35,5.82,14.99
2025-04-16,9510,3063.29,146.53,5913.29,62.18,4.77,20.11
2025-04-17,9510,3042.7,146.43,5892.7,61.96,7.56,27.0
2025-04-18,9510,3020.09,146.32,5870.09,61.73,5.54,27.0
2025-04-19,9510,3001.62,146.23,5851.62,61.53,9.8,27.12
2025-04-20,9510,2979.09,146.12,5829.09,61.29,5.79,27.14
2025-04-21,9510,2954.56,146.0,5804.56,61.04,3.6,26.98
2025-04-22,9510,2932.13,145.89,5782.13,60.8,5.72,27.01
2025-04-23,9510,2909.74,145.78,5759.74,60.57,5.71,26.96
2025-04-24,9510,2887.39,145.67,5737.39,60.33,5.76,26.97
2025-04-25,9510,2863.06,145.55,5713.06,60.07,3.92,27.11
2025-04-26,9510,2838.79,145.43,5688.79,59.82,3.88,27.02
2025-04-27,9510,2814.58,145.31,5664.58,59.56,3.91,27.0
2025-04-28,9510,2788.4,145.18,5638.4,59.29,1.93,26.98
2025-04-29,9510,2766.3,145.07,5616.3,59.06,6.03,27.0
2025-04-30,9510,2742.25,144.95,5592.25,58.8,4.1,27.03
2025-05-01,9510,2718.25,144.83,5568.25,58.55,4.18,27.06
2025-05-02,9510,2694.3,144.71,5544.3,58.3,4.22,27.06
2025-05-03,9510,2674.39,144.61,5524.39,58.09,8.27,27.08
2025-05-04,9510,2648.56,144.48,5498.56,57.82,2.26,26.99
2025-05-05,9510,2622.8,144.35,5472.8,57.55,2.39,27.05
2025-05-06,9510,2599.08,144.23,5449.08,57.3,4.3,26.93
2025-05-07,9510,2577.38,144.12,5427.38,57.07,6.46,27.07
2025-05-08,9510,2551.8,143.99,5401.8,56.8,2.5,26.99
2025-05-09,9510,2528.24,143.87,5378.24,56.55,4.55,27.02
2025-05-10,9510,2491.06,143.68,5341.06,56.16,0.0,30.13
2025-05-11,9510,2467.65,143.56,5317.65,55.92,7.65,29.98
2025-05-12,9510,2440.42,143.42,5290.42,55.63,3.84,30.0
2025-05-13,9510,2415.19,143.29,5265.19,55.36,5.84,30.0
2025-05-14,9510,2390.04,143.16,5240.04,55.1,5.91,30.0
2025-05-15,9510,2372.66,143.07,5222.66,54.92,13.6,29.91
2025-05-16,9510,2351.47,142.96,5201.47,54.69,9.87,30.0
2025-05-17,9510,2324.56,142.82,5174.56,54.41,4.17,30.02
2025-05-18,9510,2301.57,142.7,5151.57,54.17,8.02,29.95
2025-05-19,9510,2282.45,142.6,5132.45,53.97,11.92,29.99
2025-05-20,9510,2265.28,142.51,5115.28,53.79,13.93,30.05
2025-05-21,9510,2244.33,142.4,5094.33,53.57,10.1,30.0
2025-05-22,9510,2227.23,142.31,5077.23,53.39,14.09,30.14
2025-05-23,9510,2210.17,142.22,5060.17,53.21,14.04,30.06
2025-05-24,9510,2221.54,142.28,5071.54,53.33,42.46,30.04
2025-05-25,9510,2206.38,142.2,5056.38,53.17,15.9,30.01
2025-05-26,9510,2191.24,142.12,5041.24,53.01,15.94,30.03
2025-05-27,9510,2176.14,142.04,5026.14,52.85,12.85,26.91
2025-05-28,9510,2162.94,141.97,5012.94,52.71,14.89,27.05
2025-05-29,9510,2161.05,141.96,5011.05,52.69,19.19,20.04
2025-05-30,9510,2159.17,141.95,5009.17,52.67,14.14,14.98
2025-05-31,9510,2157.29,141.94,5007.29,52.65,9.14,9.98
2025-06-01,9510,2155.4,141.93,5005.4,52.63,9.09,9.93
2025-06-02,9510,2151.64,141.91,5001.64,52.59,7.03,10.01
2025-06-03,9510,2147.88,141.89,4997.88,52.55,7.02,10.0
2025-06-04,9510,2144.12,141.87,4994.12,52.51,7.02,10.0
2025-06-05,9510,2138.48,141.84,4988.48,52.46,5.0,9.86
2025-06-06,9510,2136.6,141.83,4986.6,52.44,8.9,10.0
2025-06-07,9510,2132.85,141.81,4982.85,52.4,7.02,10.0
2025-06-08,9510,2129.09,141.79,4979.09,52.36,6.94,9.92
2025-06-09,9510,2125.34,141.77,4975.34,52.32,7.08,10.05
2025-06-10,9510,2119.71,141.74,4969.71,52.26,5.16,10.01
2025-06-11,9510,2110.35,141.69,4960.35,52.16,6.55,15.14
2025-06-12,9510,2100.99,141.64,4950.99,52.06,6.43,15.01
2025-06-13,9510,2093.51,141.6,4943.51,51.98,13.3,20.0
2025-06-14,9510,2095.38,141.61,4945.38,52.0,22.73,20.08
2025-06-15,9510,2089.78,141.58,4939.78,51.94,15.06,19.89
2025-06-16,9510,2086.04,141.56,4936.04,51.9,17.04,20.0
2025-06-17,9510,2074.85,141.5,4924.85,51.79,9.56,19.98
2025-06-18,9510,2065.53,141.45,4915.53,51.69,11.36,19.91
2025-06-19,9510,2052.51,141.38,4902.51,51.55,7.78,20.03
2025-06-20,9510,2039.5,141.31,4889.5,51.41,7.74,19.98
2025-06-21,9510,2026.52,141.24,4876.52,51.28,7.78,20.0
2025-06-22,9510,2020.96,141.21,4870.96,51.22,10.28,15.07
2025-06-23,9510,2017.25,141.19,4867.25,51.18,12.22,15.16
2025-06-24,9510,2017.25,141.19,4867.25,51.18,15.77,15.0
2025-06-25,9510,2020.96,141.21,4870.96,51.22,19.48,15.0
2025-06-26,9510,2026.52,141.24,4876.52,51.28,21.49,15.17
2025-06-27,9510,2026.52,141.24,4876.52,51.28,12.92,12.16
2025-06-28,9510,2028.37,141.25,4878.37,51.3,17.62,15.0
2025-06-29,9510,2041.36,141.32,4891.36,51.43,28.86,15.1
2025-06-30,9510,2091.64,141.59,4941.64,51.96,66.19,15.13
2025-07-01,9510,2121.59,141.75,4971.59,52.28,45.73,15.0
2025-07-02,9510,2132.85,141.81,4982.85,52.4,26.89,15.0
2025-07-03,9510,2134.72,141.82,4984.72,52.42,17.44,14.93
2025-07-04,9510,2142.24,141.86,4992.24,52.49,23.2,15.04
2025-07-05,9510,2168.59,142.0,5018.59,52.77,41.74,14.75
2025-07-06,9510,2198.81,142.16,5048.81,53.09,45.9,15.04
2025-07-07,9510,2213.96,142.24,5063.96,53.25,30.67,14.88
2025-07-08,9510,2223.44,142.29,5073.44,53.35,25.08,14.96
2025-07-09,9510,2234.83,142.35,5084.83,53.47,27.12,15.09
2025-07-10,9510,2242.43,142.39,5092.43,53.55,23.22,14.97
2025-07-11,9510,2257.65,142.47,5107.65,53.71,30.87,15.0
2025-07-12,9510,2399.7,143.21,5249.7,55.2,157.61,14.9
2025-07-13,9510,2526.28,143.86,5376.28,56.53,133.4,6.15
2025-07-14,9510,2585.26,144.16,5435.26,57.15,73.29,13.63
2025-07-15,9510,2622.8,144.35,5472.8,57.55,49.37,11.16
2025-07-16,9510,2650.55,144.49,5500.55,57.84,39.93,11.51
2025-07-17,9510,2712.26,144.8,5562.26,58.49,73.75,11.36
2025-07-18,9510,2790.41,145.19,5640.41,59.31,90.14,11.3
2025-07-19,9510,2901.61,145.74,5751.61,60.48,126.92,15.03
2025-07-20,9510,2999.57,146.22,5849.57,61.51,117.8,19.14
2025-07-21,9510,3063.29,146.53,5913.29,62.18,84.43,20.01
2025-07-22,9510,3100.45,146.71,5950.45,62.57,52.87,15.0
2025-07-23,9510,3154.33,146.97,6004.33,63.14,64.6,10.0
2025-07-24,9510,3273.32,147.54,6123.32,64.39,129.55,9.84
2025-07-25,9510,3512.62,148.67,6362.62,66.9,250.01,9.97
2025-07-26,9510,3797.82,149.99,6647.82,69.9,300.42,14.47
2025-07-27,9510,4033.37,151.06,6883.37,72.38,245.98,9.66
2025-07-28,9510,4200.79,151.81,7050.79,74.14,178.24,10.04
2025-07-29,9510,4429.21,152.82,7279.21,76.54,239.28,10.07
2025-07-30,9510,4637.91,153.73,7487.91,78.74,219.35,9.85
2025-07-31,9510,4823.63,154.53,7673.63,80.69,204.46,17.92
2025-08-01,9510,4966.66,155.14,7816.66,82.19,169.43,25.57
2025-08-02,9510,5058.75,155.53,7908.75,83.16,126.86,34.02
2025-08-03,9510,5113.29,155.76,7963.29,83.74,95.35,40.06
2025-08-04,9510,5148.95,155.91,7998.95,84.11,76.26,39.85
2025-08-05,9510,5165.62,155.98,8015.62,84.29,62.36,44.94
2025-08-06,9510,5163.23,155.97,8013.23,84.26,48.33,49.96
2025-08-07,9510,5158.47,155.95,8008.47,84.21,46.04,50.04
2025-08-08,9510,5151.33,155.92,8001.33,84.14,43.48,49.86
2025-08-09,9510,5139.43,155.87,7989.43,84.01,42.18,53.32
2025-08-10,9510,5118.04,155.78,7968.04,83.79,34.35,54.99
2025-08-11,9510,5099.04,155.7,7949.04,83.59,36.72,54.97
2025-08-12,9510,5075.33,155.6,7925.33,83.34,32.07,55.03
2025-08-13,9510,5061.11,155.54,7911.11,83.19,41.51,54.98
2025-08-14,9510,5044.55,155.47,7894.55,83.01,39.2,55.01
2025-08-15,9510,5028.0,155.4,7878.0,82.84,39.16,54.97
2025-08-16,9510,5032.72,155.42,7882.72,82.89,60.08,54.61
2025-08-17,9510,5046.91,155.48,7896.91,83.04,64.87,49.93
2025-08-18,9510,5049.28,155.49,7899.28,83.06,51.7,48.58
2025-08-19,9510,5044.55,155.47,7894.55,83.01,46.18,50.16
2025-08-20,9510,5030.36,155.41,7880.36,82.86,36.62,50.06
2025-08-21,9510,5016.18,155.35,7866.18,82.71,31.73,45.16
2025-08-22,9510,4992.58,155.25,7842.58,82.47,22.31,45.16
2025-08-23,9510,4983.15,155.21,7833.15,82.37,36.57,45.25
2025-08-24,9510,4961.95,155.12,7811.95,82.14,26.17,46.62
2025-08-25,9510,4945.48,155.05,7795.48,81.97,33.56,49.28
2025-08-26,9510,4929.03,154.98,7779.03,81.8,33.78,49.49
2025-08-27,9510,4976.08,155.18,7826.08,82.29,79.73,31.93
2025-08-28,9510,5056.38,155.52,7906.38,83.14,95.02,13.97
2025-08-29,9510,5168.0,155.99,8018.0,84.31,140.56,28.18
2025-08-30,9510,5227.67,156.24,8077.67,84.94,100.25,39.82
2025-08-31,9510,5256.38,156.36,8106.38,85.24,68.89,39.42
2025-09-01,9510,5297.14,156.53,8147.14,85.67,75.45,33.93
2025-09-02,9510,5325.97,156.65,8175.97,85.97,55.68,26.05
2025-09-03,9510,5347.62,156.74,8197.62,86.2,47.81,25.36
2025-09-04,9510,5371.71,156.84,8221.71,86.45,50.25,25.36
2025-09-05,9510,5388.59,156.91,8238.59,86.63,42.95,25.26
2025-09-06,9510,5393.42,156.93,8243.42,86.68,35.78,30.15
2025-09-07,9510,5388.59,156.91,8238.59,86.63,31.15,35.17
2025-09-08,9510,5388.59,156.91,8238.59,86.63,30.77,29.96
2025-09-09,9510,5398.25,156.95,8248.25,86.73,40.69,30.23
2025-09-10,9510,5400.66,156.96,8250.66,86.76,33.39,30.18
2025-09-11,9510,5407.9,156.99,8257.9,86.83,37.95,29.9
2025-09-12,9510,5422.4,157.05,8272.4,86.99,35.33,20.02
2025-09-13,9510,5439.33,157.12,8289.33,87.16,37.83,20.09
2025-09-14,9510,5451.44,157.17,8301.44,87.29,32.87,19.96
2025-09-15,9510,5461.13,157.21,8311.13,87.39,30.55,20.06
2025-09-16,9510,5485.37,157.31,8335.37,87.65,45.05,20.0
2025-09-17,9510,5499.93,157.37,8349.93,87.8,35.34,19.97
2025-09-18,9510,5507.22,157.4,8357.22,87.88,28.09,19.99
2025-09-19,9510,5514.51,157.43,8364.51,87.95,28.12,20.02
2025-09-20,9510,5514.51,157.43,8364.51,87.95,20.84,20.03
2025-09-21,9510,5521.8,157.46,8371.8,88.03,28.11,20.01
2025-09-22,9510,5536.39,157.52,8386.39,88.18,35.23,19.83
2025-09-23,9510,5553.43,157.59,8403.43,88.36,37.97,20.12
2025-09-24,9510,5582.68,157.71,8432.68,88.67,45.0,14.94
2025-09-25,9510,5629.08,157.9,8479.08,89.16,57.2,9.98
2025-09-26,9510,5695.23,158.17,8545.23,89.86,76.97,9.99
2025-09-27,9510,5759.16,1258.43,8609.16,90.53,74.74,9.98
2025-09-28,9510,5806.02,158.62,8656.02,91.02,62.68,14.99
2025-09-29,9510,5843.1,158.77,8693.1,91.41,52.88,14.97
2025-09-30,9510,5872.82,158.89,8722.82,91.72,45.55,15.0
2025-10-01,9510,6022.13,159.49,8872.13,93.29,153.53,3.38
2025-10-02,9510,6124.86,159.9,8974.86,94.37,118.35,14.78
2025-10-03,9510,6195.34,160.18,9045.34,95.11,91.59,20.27
2025-10-04,9510,6230.68,160.32,9080.68,95.49,61.21,25.03
2025-10-05,9510,6258.49,160.43,9108.49,95.78,58.88,30.22
2025-10-06,9510,6309.17,160.63,9159.17,96.31,86.83,35.3
2025-10-07,9510,6324.4,160.69,9174.4,96.47,51.31,35.23
2025-10-08,9510,6332.02,160.72,9182.02,96.55,44.11,35.64
2025-10-09,9510,6337.1,160.74,9187.1,96.6,41.04,35.11
2025-10-10,9510,6344.72,160.77,9194.72,96.68,38.85,30.37
2025-10-11,9510,6347.27,160.78,9197.27,96.71,33.84,30.44
2025-10-12,9510,6347.27,160.78,9197.27,96.71,31.17,30.32
2025-10-13,9510,6349.81,160.79,9199.81,96.74,33.56,30.17
2025-10-14,9510,6349.81,160.79,9199.81,96.74,30.85,30.0
2025-10-15,9510,6352.35,160.8,9202.35,96.76,33.4,30.01
2025-10-16,9510,6362.53,160.84,9212.53,96.87,36.13,25.1
2025-10-17,9510,6372.71,160.88,9222.71,96.98,36.1,25.07
2025-10-18,9510,6377.8,160.9,9227.8,97.03,31.01,25.07
2025-10-19,9510,6377.8,160.9,9227.8,97.03,25.89,25.04
2025-10-20,9510,6375.25,160.89,9225.25,97.01,23.35,25.04
2025-10-21,9510,6370.16,160.87,9220.16,96.95,20.75,24.99
2025-10-22,9510,6372.71,160.88,9222.71,96.98,23.45,20.05
2025-10-23,9510,6370.16,160.87,9220.16,96.95,18.31,20.01
2025-10-24,9510,6365.07,160.85,9215.07,96.9,15.67,19.91
2025-10-25,9510,6362.53,160.84,9212.53,96.87,13.46,15.15
2025-10-26,9510,6370.16,160.87,9220.16,96.95,18.48,10.0
2025-10-27,9510,6377.8,160.9,9227.8,97.03,18.49,10.0
2025-10-28,9510,6380.35,160.91,9230.35,97.06,13.4,10.0
2025-10-29,9510,6382.89,160.92,9232.89,97.09,13.41,10.01
2025-10-30,9510,6387.99,160.94,9237.99,97.14,16.03,10.08
2025-10-31,9510,6390.54,160.95,9240.54,97.17,13.44,10.04
2025-11-01,9510,6393.09,160.96,9243.09,97.19,13.33,9.93
2025-11-02,9510,6400.73,160.99,9250.73,97.27,18.53,9.99
2025-11-03,9510,6403.28,161.0,9253.28,97.3,13.45,10.0
2025-11-04,9510,6405.83,161.01,9255.83,97.33,13.45,10.0
2025-11-05,9510,6405.83,161.01,9255.83,97.33,10.91,10.01
2025-11-06,9510,6405.83,161.01,9255.83,97.33,10.92,10.02
2025-11-07,9510,6408.38,161.02,9258.38,97.35,13.36,9.91
2025-11-08,9510,6416.04,161.05,9266.04,97.43,18.59,10.03
2025-11-09,9510,0.0,161.09,0.0,0.0,21.13,10.02
2025-11-10,9510,6428.8,161.1,9278.8,97.57,13.45,10.0
2025-11-11,9510,6439.01,161.14,9289.01,97.68,21.14,10.02
2025-11-12,9510,6451.79,161.19,9301.79,97.81,18.65,4.96
2025-11-13,9510,6459.46,161.22,9309.46,97.89,13.59,5.01
2025-11-14,9510,6464.58,161.24,9314.58,97.95,11.01,4.99
2025-11-15,9510,6469.7,161.26,9319.7,98.0,11.03,5.01
2025-11-16,9510,6472.25,161.27,9322.25,98.03,8.48,5.02
2025-11-17,9510,6477.37,161.29,9327.37,98.08,11.09,5.06
2025-11-18,9510,6479.93,161.3,9329.93,98.11,8.48,5.01
2025-11-19,9510,6482.49,161.31,9332.49,98.13,8.48,5.01
2025-11-20,9510,6485.06,161.32,9335.06,98.16,10.49,7.02
2025-11-21,9510,6487.62,161.33,9337.62,98.19,10.46,7.0
2025-11-22,9510,6487.62,161.33,9337.62,98.19,7.9,7.0
2025-11-23,9510,6487.62,161.33,9337.62,98.19,7.91,7.01
2025-11-24,9510,6490.18,161.34,9340.18,98.21,10.46,7.0
2025-11-25,9510,6490.18,161.34,9340.18,98.21,7.91,7.01
2025-11-26,9510,6490.18,161.34,9340.18,98.21,7.91,7.01
2025-11-27,9510,6487.62,161.33,9337.62,98.19,5.34,7.0
2025-11-28,9510,6485.06,161.32,9335.06,98.16,5.35,7.01
2025-11-29,9510,6482.49,161.31,9332.49,98.13,5.34,7.0
2025-11-30,9510,6479.93,161.3,9329.93,98.11,5.35,7.0
2025-12-01,9510,6477.37,161.29,9327.37,98.08,5.36,7.01
2025-12-02,9510,6472.25,161.27,9322.25,98.03,7.77,12.02
2025-12-03,9510,6467.14,161.25,9317.14,97.97,7.75,12.0
2025-12-04,9510,6462.02,161.23,9312.02,97.92,7.75,12.0
2025-12-05,9510,6456.91,161.21,9306.91,97.86,7.76,12.01
2025-12-06,9510,6451.79,161.19,9301.79,97.81,7.76,12.01
2025-12-07,9510,6441.57,161.15,9291.57,97.7,2.64,12.0
2025-12-08,9510,6433.91,161.12,9283.91,97.62,5.23,12.03
2025-12-09,9510,6423.69,161.08,9273.69,97.52,7.61,16.96
2025-12-10,9510,6403.28,161.0,9253.28,97.3,3.5,23.05
2025-12-11,9510,6382.89,160.92,9232.89,97.09,3.56,23.08
2025-12-12,9510,6367.62,160.86,9217.62,96.93,8.57,22.98
2025-12-13,9510,6352.35,160.8,9202.35,96.76,6.44,20.85
2025-12-14,9510,6334.56,160.73,9184.56,96.58,6.04,22.97
2025-12-15,9510,6321.86,160.68,9171.86,96.44,11.17,23.01
2025-12-16,9510,6301.56,160.6,9151.56,96.23,5.55,24.99
2025-12-17,9510,6281.28,160.52,9131.28,96.02,5.53,24.95
2025-12-18,9510,6263.56,160.45,9113.56,95.83,8.15,25.02
2025-12-19,9510,6240.79,160.36,9090.79,95.59,3.1,25.02
2025-12-20,9510,6220.58,160.28,9070.58,95.38,5.64,25.0
2025-12-21,9510,6197.86,160.19,9047.86,95.14,3.13,25.0
2025-12-22,9510,6177.69,160.11,9027.69,94.93,5.68,25.0
2025-12-23,9510,6157.55,160.03,9007.55,94.72,5.73,25.02
2025-12-24,9510,6137.43,159.95,8987.43,94.51,5.72,25.0
2025-12-25,9510,6117.32,159.87,8967.32,94.29,5.75,25.01
2025-12-26,9510,6094.73,159.78,8944.73,94.06,3.3,25.04
2025-12-27,9510,6072.17,159.69,8922.17,93.82,3.32,25.04
2025-12-28,9510,6049.64,159.6,8899.64,93.58,3.38,25.07
2025-12-29,9510,6027.13,159.51,8877.13,93.35,3.41,25.08
2025-12-30,9510,6004.65,159.42,8854.65,93.11,3.37,25.01
2025-12-31,9510,5987.19,159.35,8837.19,92.93,8.4,25.03
2026-01-01,9510,5964.75,159.26,8814.75,92.69,3.38,24.98
2026-01-02,9510,5944.84,159.18,8794.84,92.48,6.04,25.03
2026-01-03,9510,5922.46,159.09,8772.46,92.24,3.56,25.02
2026-01-04,9510,5900.1,159.0,8750.1,92.01,3.65,25.09
2026-01-05,9510,5877.78,158.91,8727.78,91.77,3.61,25.01
2026-01-06,9510,5857.96,158.83,8707.96,91.57,6.03,24.94
2026-01-07,9510,5833.21,158.73,8683.21,91.31,1.18,25.02
2026-01-08,9510,5803.55,158.61,8653.55,90.99,1.32,30.06
2026-01-09,9510,5773.95,158.49,8623.95,90.68,1.36,30.05
2026-01-10,9510,5744.39,158.37,8594.39,90.37,1.4,30.05
2026-01-11,9510,5717.34,158.26,8567.34,90.09,3.82,29.97
2026-01-12,9510,5690.32,158.15,8540.32,89.8,4.01,30.12
2026-01-13,9510,5663.35,158.04,8513.35,89.52,3.85,29.91
2026-01-14,9510,5636.42,157.93,8486.42,89.24,4.08,30.11
2026-01-15,9510,5611.97,157.83,8461.97,88.98,6.45,30.0
2026-01-16,9510,5585.12,157.72,8435.12,88.7,4.05,30.01
2026-01-17,9510,5558.3,157.61,8408.3,88.42,3.94,29.86
2026-01-18,9510,5533.96,157.51,8383.96,88.16,6.58,30.03
2026-01-19,9510,5507.22,157.4,8357.22,87.88,4.2,30.05
2026-01-20,9510,5480.52,157.29,8330.52,87.6,4.21,30.02
2026-01-21,9510,5453.86,157.18,8303.86,87.32,4.24,30.01
2026-01-22,9510,5427.24,157.07,8277.24,87.04,4.28,30.01
2026-01-23,9510,5400.66,156.96,8250.66,86.76,4.32,30.01
2026-01-24,9510,5371.71,156.84,8221.71,86.45,2.05,30.12
2026-01-25,9510,5345.21,156.73,8195.21,86.17,4.36,29.98
2026-01-26,9510,5316.35,156.61,8166.35,85.87,2.02,30.0
2026-01-27,9510,5287.54,156.49,8137.54,85.57,2.12,30.05
2026-01-28,9510,5261.17,156.38,8111.17,85.29,4.48,29.97
2026-01-29,9510,5234.84,156.27,8084.84,85.01,4.62,30.07
2026-01-30,9510,5208.55,156.16,8058.55,84.74,4.59,30.01
2026-01-31,9510,5182.3,156.05,8032.3,84.46,4.52,29.9
2026-02-01,9510,5156.09,155.94,8006.09,84.19,4.65,29.99
2026-02-02,9510,5127.54,155.82,7977.54,83.89,2.64,30.01
2026-02-03,9510,5101.41,155.71,7951.41,83.61,5.12,30.07
2026-02-04,9510,5072.96,155.59,7922.96,83.31,2.75,30.03
2026-02-05,9510,5044.55,155.47,7894.55,83.01,2.81,30.06
2026-02-06,9510,5018.54,155.36,7868.54,82.74,5.17,30.01
2026-02-07,9510,4990.22,155.24,7840.22,82.44,2.79,29.94
2026-02-08,9510,4964.31,155.13,7814.31,82.17,5.04,29.79
2026-02-09,9510,4940.78,155.03,7790.78,81.92,7.6,29.97
2026-02-10,9510,4910.24,154.9,7760.24,81.6,0.58,29.96
2026-02-11,9510,4884.45,154.79,7734.45,81.33,5.4,30.04
2026-02-12,9510,4858.69,154.68,7708.69,81.06,5.38,29.99
2026-02-13,9510,4830.64,154.56,7680.64,80.76,3.14,30.04
2026-02-14,9510,4802.63,154.44,7652.63,80.47,3.23,30.09
2026-02-15,9510,4774.68,154.32,7624.68,80.18,3.2,30.01
2026-02-16,9510,4746.77,154.2,7596.77,79.88,3.14,29.91
2026-02-18,9510,4691.09,153.96,7541.09,79.3,3.28,29.96
2026-02-19,9510,4663.32,153.84,7513.32,79.0,3.33,29.97
2026-02-20,9510,4635.6,153.72,7485.6,78.71,3.4,29.99
2026-02-21,9510,4607.93,153.6,7457.93,78.42,3.49,30.03
2026-02-22,9510,4580.3,153.48,7430.3,78.13,3.44,29.94
2026-02-23,9510,4552.72,153.36,7402.72,77.84,3.57,30.02
2026-02-24,9510,4525.19,153.24,7375.19,77.55,3.6,30.01
2026-02-25,9510,4497.71,153.12,7347.71,77.26,3.6,29.96
2026-02-27,9510,4445.17,152.89,7295.17,76.71,3.66,29.94
2026-02-28,9510,4417.82,152.77,7267.82,76.42,3.85,30.09
2026-03-01,9510,4390.52,152.65,7240.52,76.14,3.92,30.1
2026-03-02,9510,4363.28,152.53,7213.28,75.85,3.99,30.12
2026-03-03,9510,4333.81,152.4,7183.81,75.54,1.73,30.09
2026-03-04,9510,4304.4,152.27,7154.4,75.23,1.7,30.0
2026-03-05,9510,4275.05,152.14,7125.05,74.92,1.82,30.07
2026-03-06,9510,4248.0,152.02,7098.0,74.64,4.06,30.0
2026-03-07,9510,4218.76,151.89,7068.76,74.33,1.86,30.0
2026-03-08,9510,4196.3,151.79,7046.3,74.09,3.76,25.12
2026-03-09,9510,4178.36,151.71,7028.36,73.9,3.24,20.08
2026-03-10,9510,4144.77,151.56,6994.77,73.55,1.53,34.02
2026-03-11,9510,4111.27,151.41,6961.27,73.2,1.62,34.03
2026-03-12,9510,4080.06,151.27,6930.06,72.87,3.83,33.95
2026-03-13,9510,4046.7,151.12,6896.7,72.52,2.58,34.86
2026-03-14,9510,4017.85,150.99,6867.85,72.22,2.22,29.99
2026-03-15,9510,3995.69,150.89,6845.69,71.98,4.12,25.2
2026-03-16,9510,3977.99,150.81,6827.99,71.8,3.32,19.94
2026-03-17,9510,3949.27,150.68,6799.27,71.5,2.36,30.0
2026-03-18,9510,3918.41,150.54,6768.41,71.17,5.19,34.97
2026-03-19,9510,3883.22,150.38,6733.22,70.8,0.88,35.0
2026-03-20,9510,3852.51,150.24,6702.51,70.48,5.29,34.94
2026-03-21,9510,3824.04,150.11,6674.04,70.18,2.51,29.91
2026-03-22,9510,3800.0,150.0,6650.0,69.93,1.79,24.77
2026-03-23,9510,3784.72,149.93,6634.72,69.77,5.76,19.98
2026-03-24,9510,3754.22,149.79,6604.22,69.45,0.63,30.07
2026-03-25,9510,3721.61,149.64,6571.61,69.1,3.19,34.74
2026-03-26,9510,3689.08,149.49,6539.08,68.76,3.53,35.01
2026-03-27,9510,3654.47,149.33,6504.47,68.4,1.46,35.02
2026-03-28,9510,3626.41,149.2,6476.41,68.1,2.95,29.96
2026-03-29,9510,3602.71,149.09,6452.71,67.85,2.37,25.02
2026-03-30,9510,3583.36,149.0,6433.36,67.65,1.76,20.07
2026-03-31,9510,3553.3,148.87,6403.3,67.33,0.99,30.01
2026-04-01,9510,3516.9,148.69,6366.9,66.95,0.0,35.16
2026-04-02,9510,3484.86,148.54,6334.86,66.61,4.19,35.02
2026-04-03,9510,3452.91,148.39,6302.91,66.28,4.22,34.97
2026-04-04,9510,3423.15,148.25,6273.15,65.96,1.4,29.96
2026-04-05,9510,3399.82,148.14,6249.82,65.72,2.88,25.01
2026-04-06,9510,3380.77,148.05,6230.77,65.52,2.21,20.07
2026-04-07,9510,3359.62,147.95,6209.62,65.3,0.06,20.02
2026-04-08,9510,3332.2,147.82,6182.2,65.01,3.81,30.05
2026-04-09,9510,3300.62,147.67,6150.62,64.68,4.67,35.07
2026-04-10,9510,3264.93,147.5,6114.93,64.3,0.49,35.0
2026-04-11,9510,3235.62,147.36,6085.62,63.99,1.91,30.04
2026-04-12,9510,3210.55,147.24,6060.55,63.73,1.11,25.01
2026-04-13,9510,3191.78,147.15,6041.78,63.53,2.33,19.93
2026-04-14,9510,3170.96,147.05,6020.96,63.31,0.27,19.92
2026-04-15,9510,3154.33,146.97,6004.33,63.14,4.55,20.01
2026-04-16,9510,3133.58,146.87,5983.58,62.92,0.74,20.32
2026-04-17,9510,3114.93,146.78,5964.93,62.72,2.53,20.01
2026-04-18,9510,3094.25,146.68,5944.25,62.51,0.47,19.99
2026-04-19,9510,3075.66,146.59,5925.66,62.31,2.48,19.91
2026-04-20,9510,3057.11,146.5,5907.11,62.11,2.61,20.01
2026-04-21,9510,3028.3,146.36,5878.3,61.81,2.25,29.9
2026-04-22,9510,2995.47,146.2,5845.47,61.47,3.21,34.89
2026-04-23,9510,2962.73,146.04,5812.73,61.12,3.38,34.97
2026-04-24,9510,2930.09,145.88,5780.09,60.78,3.49,34.99
2026-04-25,9510,2903.64,145.75,5753.64,60.5,4.67,29.98
2026-04-26,9510,2877.25,145.62,5727.25,60.22,0.0,24.94
2026-04-27,9510,2859.02,145.53,5709.02,60.03,2.88,19.98
2026-04-28,9510,2832.73,145.4,5682.73,59.76,4.8,29.96
2026-04-29,9510,2806.51,145.27,5656.51,59.48,4.9,29.99
2026-04-30,9510,2778.35,145.13,5628.35,59.18,3.2,30.06
2026-05-01,9510,2750.26,144.99,5600.26,58.89,3.1,30.07
2026-05-02,9510,2728.24,144.88,5578.24,58.66,4.09,25.0
2026-05-03,9510,2710.26,144.79,5560.26,58.47,3.41,20.28
2026-05-04,9510,2694.3,144.71,5544.3,58.3,5.18,20.03
2026-05-05,9510,2674.39,144.61,5524.39,58.09,1.2,20.01
2026-05-06,9510,2652.53,144.5,5502.53,57.86,2.23,22.99
2026-05-07,9510,2634.68,144.41,5484.68,57.67,6.27,23.02
2026-05-08,9510,2610.93,144.29,5460.93,57.42,0.33,22.98
2026-05-09,9510,2591.18,144.19,5441.18,57.22,3.37,22.03
2026-05-10,9510,2579.35,144.13,5429.35,57.09,9.31,20.05
2026-05-11,9510,2561.63,144.04,5411.63,56.9,3.44,20.07
2026-05-12,9510,2547.87,143.97,5397.87,56.76,7.37,20.04
2026-05-13,9510,2538.05,143.92,5388.05,56.66,14.45,23.18
2026-05-14,9510,2524.32,143.85,5374.32,56.51,10.38,23.02
2026-05-15,9510,2510.61,143.78,5360.61,56.37,10.38,23.0
2026-05-16,9510,2498.88,143.72,5348.88,56.24,11.42,22.07
2026-05-17,9510,2483.25,143.64,5333.25,56.08,5.41,19.96
2026-05-18,9510,2471.55,143.58,5321.55,55.96,9.39,20.01
2026-05-19,9510,2455.97,143.5,5305.97,55.79,5.52,20.02
2026-05-20,9510,2438.47,143.41,5288.47,55.61,6.59,23.01
2026-05-21,9510,2422.95,143.33,5272.95,55.45,8.58,23.03
2026-05-22,9510,2415.19,143.29,5265.19,55.36,16.38,23.07
2026-05-23,9510,2407.44,143.25,5257.44,55.28,15.33,22.0
2026-05-24,9510,2399.7,143.21,5249.7,55.2,13.19,19.86
2026-05-25,9510,2388.1,143.15,5238.1,55.08,9.14,19.67
2026-05-26,9510,2378.45,1413.1,5228.45,54.98,9.28,17.86
2026-05-27,9510,2370.73,143.06,5220.73,54.9,9.24,15.89
2026-05-28,9510,2359.17,143.0,5209.17,54.78,9.29,14.01
2026-05-29,9510,2351.47,142.96,5201.47,54.69,5.37,12.01
2026-05-30,9510,2343.77,142.92,5193.77,54.61,5.34,11.97
2026-05-31,9510,2336.08,142.88,5186.08,54.53,5.18,11.8
2026-06-01,9510,2328.4,142.84,5178.4,54.45,5.32,11.94
2026-06-03,9510,2311.14,142.75,5161.14,54.27,6.2,14.99
2026-06-04,9510,2297.74,142.68,5147.74,54.13,5.48,18.09
2026-06-05,9510,2284.36,142.61,5134.36,53.99,5.64,18.23
2026-06-06,9510,2274.81,142.56,5124.81,53.89,9.25,18.01
2026-06-07,9510,2261.46,142.49,5111.46,53.75,5.51,18.07
2026-06-08,9510,2255.75,142.46,5105.75,53.69,13.08,18.0
2026-06-09,9510,2244.33,142.4,5094.33,53.57,7.36,17.99
2026-06-10,9510,2232.93,142.34,5082.93,53.45,7.52,18.13
2026-06-11,9510,2231.03,142.33,5081.03,53.43,16.94,18.05
2026-06-12,9510,2221.54,142.28,5071.54,53.33,9.39,18.09
2026-06-13,9510,2213.96,142.24,5063.96,53.25,11.33,18.13
2026-06-14,9510,2206.38,142.2,5056.38,53.17,11.2,18.0
2026-06-15,9510,2195.03,142.14,5045.03,53.05,7.43,18.0
2026-06-16,9510,2183.69,142.08,5033.69,52.93,7.48,18.04
2026-06-17,9510,2178.02,142.05,5028.02,52.87,11.12,16.01
2026-06-18,9510,2170.48,142.01,5020.48,52.79,7.22,13.98
2026-06-19,9510,2162.94,141.97,5012.94,52.71,5.25,12.01
2026-06-20,9510,2155.4,141.93,5005.4,52.63,5.34,12.1
2026-06-21,9510,2149.76,141.9,4999.76,52.57,7.1,11.96
2026-06-22,9510,2142.24,141.86,4992.24,52.49,5.17,11.91
2026-06-23,9510,2136.6,141.83,4986.6,52.44,9.28,14.14
2026-06-24,9510,2129.09,141.79,4979.09,52.36,9.29,16.02
2026-06-25,9510,2119.71,141.74,4969.71,52.26,9.35,17.95
2026-06-26,9510,2106.6,141.67,4956.6,52.12,5.72,18.05
2026-06-27,9510,2093.51,141.6,4943.51,51.98,8.71,21.02
2026-06-28,9510,2072.98,141.49,4922.98,51.77,4.3,24.05
2026-06-29,9510,2056.23,141.4,4906.23,51.59,8.04,24.02
2026-06-30,9510,2035.79,141.29,4885.79,51.38,4.33,24.0
2026-07-01,9510,2015.4,141.18,4865.4,51.16,4.38,24.0
2026-07-02,9510,2004.31,141.12,4854.31,51.04,13.55,24.01
2026-07-03,9510,1996.92,141.08,4846.92,50.97,17.41,24.17
2026-07-04,9510,2000.61,141.1,4850.61,51.01,28.38,24.06
2026-07-05,9510,2011.7,141.16,4861.7,51.12,35.83,24.11
2026-07-06,9510,2009.85,141.15,4859.85,51.1,22.62,23.84
2026-07-07,9510,2006.15,141.13,4856.15,51.06,18.94,22.01
2026-07-08,9510,2004.31,141.12,4854.31,51.04,20.81,22.02
2026-07-09,9510,2000.61,141.1,4850.61,51.01,16.94,20.01
2026-07-10,9510,1995.07,141.07,4845.07,50.95,15.07,19.98
2026-07-11,9510,1993.22,141.06,4843.22,50.93,18.86,20.08
2026-07-12,9510,2006.15,141.13,4856.15,51.06,33.64,20.08
2026-07-13,9510,2026.52,141.24,4876.52,51.28,41.08,20.08
2026-07-14,9510,2039.5,141.31,4889.5,51.41,31.89,18.28
2026-07-15,9510,2059.95,141.42,4909.95,51.63,36.92,15.84
2026-07-16,9510,2074.85,141.5,4924.85,51.79,31.55,16.02
2026-07-17,9510,2080.44,141.53,4930.44,51.84,24.15,17.92
2026-07-18,9510,2078.58,141.52,4928.58,51.83,18.69,19.92
2026-07-19,9510,2074.85,141.5,4924.85,51.79,16.81,19.91
2026-07-20,9510,2072.98,141.49,4922.98,51.77,18.77,20.0
2026-07-21,9510,2072.98,141.49,4922.98,51.77,20.62,19.98
2026-07-22,9510,2072.98,141.49,4922.98,51.77,20.62,19.98
2026-07-23,9510,2074.85,141.5,4924.85,51.79,22.49,19.99
2026-07-24,9510,2082.31,141.54,4932.31,51.86,28.03,19.94
2026-07-25,9510,2099.12,141.63,4949.12,52.04,37.45,20.0
2026-07-26,9510,2112.22,141.7,4962.22,52.18,33.81,20.07
2026-07-27,9510,2123.46,141.76,4973.46,52.3,31.82,19.94
2026-07-28,9510,2136.6,141.83,4986.6,52.44,33.32,19.54
2026-07-29,9510,2147.88,141.89,4997.88,52.55,31.95,20.03
2026-07-30,9510,2157.29,141.94,5007.29,52.65,30.06,20.01
2026-07-31,9510,2193.13,142.13,5043.13,53.03,56.48,19.99
2026-08-01,9510,2257.65,142.47,5107.65,53.71,85.02,19.85
2026-08-02,9510,2305.4,142.72,5155.4,54.21,68.32,19.99
2026-08-03,9510,2341.85,142.91,5191.85,54.59,57.22,20.18
2026-08-04,9510,2368.8,143.05,5218.8,54.88,47.51,19.97
2026-08-05,9510,2391.97,143.17,5241.97,55.12,41.81,18.05
2026-08-06,9510,2419.07,143.31,5269.07,55.41,41.69,14.0
2026-08-07,9510,2471.55,143.58,5321.55,55.96,62.85,9.77
2026-08-08,9510,2536.09,143.91,5386.09,56.64,75.07,9.93
2026-08-09,9510,2650.55,144.49,5500.55,57.84,125.01,9.94
2026-08-10,9510,2786.39,145.17,5636.39,59.27,146.37,9.91
2026-08-12,9510,3024.19,146.34,5874.19,61.77,112.9,7.98
2026-08-13,9510,3108.72,146.75,5958.72,62.66,93.17,8.0
2026-08-14,9510,3173.04,147.06,6023.04,63.33,72.99,8.02
2026-08-15,9510,3218.9,147.28,6068.9,63.82,54.39,7.88
2026-08-16,9510,3262.84,147.49,6112.84,64.28,52.52,7.94
2026-08-17,9510,3302.72,147.68,6152.72,64.7,48.54,8.01
2026-08-18,9510,3344.85,147.88,6194.85,65.14,50.77,7.99
2026-08-19,9510,3376.53,148.03,6226.53,65.47,40.32,7.98
2026-08-20,9510,3421.03,148.24,6271.03,65.94,53.15,7.99
2026-08-21,9510,3572.62,148.95,6422.62,67.54,160.26,8.01
2026-08-22,9510,3717.27,149.62,6567.27,69.06,153.3,7.98
2026-08-23,9510,3813.11,150.06,6663.11,70.06,104.55,8.03
2026-08-24,9510,3867.86,150.31,6717.86,70.64,63.22,7.79
2026-08-25,9510,3918.41,150.54,6768.41,71.17,61.16,9.92
2026-08-26,9510,3944.86,150.66,6794.86,71.45,37.12,9.98
2026-08-27,9510,3975.78,150.8,6825.78,71.77,41.55,9.94
2026-08-28,9510,4002.33,150.92,6852.33,72.05,37.19,9.95
2026-08-29,9510,4022.28,151.01,6872.28,72.26,30.66,10.02
2026-08-30,9510,4040.04,151.09,6890.04,72.45,28.46,10.01
2026-08-31,9510,4055.59,151.16,6905.59,72.61,26.13,9.89
2026-09-01,9510,4075.61,151.25,6925.61,72.82,30.64,9.93
2026-09-02,9510,4102.34,151.37,6952.34,73.11,37.4,9.94
2026-09-03,9510,4131.36,151.5,6981.36,73.41,39.73,9.98
2026-09-04,9510,4162.68,151.64,7012.68,73.74,42.0,9.95
2026-09-05,9510,4189.57,151.76,7039.57,74.02,37.58,9.96
2026-09-06,9510,4223.25,151.91,7073.25,74.38,44.45,10.03
2026-09-07,9510,4252.51,152.04,7102.51,74.68,39.97,9.98
2026-09-08,9510,4277.3,152.15,7127.3,74.95,35.47,9.94
2026-09-09,9510,4308.92,152.29,7158.92,75.28,42.36,10.0
2026-09-10,9510,4340.61,152.43,7190.61,75.61,42.46,10.03
2026-09-11,9510,4367.81,152.25,7217.81,75.9,37.84,9.89
2026-09-12,9510,4392.8,152.66,7242.8,76.16,37.63,11.9
2026-09-13,9510,4420.1,152.78,7270.1,76.45,42.0,13.96
2026-09-14,9510,4436.05,152.85,7286.05,76.61,33.64,16.95
2026-09-15,9510,4442.89,152.88,7292.89,76.69,27.53,19.95
2026-09-16,9510,4449.73,152.91,7299.73,76.76,24.58,16.99
2026-09-17,9510,4472.56,153.01,7322.56,77.0,40.53,16.95
