Daily Mean Discharge
Computer Center : Royal Irrigation Department, Thailand, Hydrology Division (08-Sep-2026)
Station : (N.64) ,Ban Pha Khwang, Mueang, Nan
Stream : -
River : Nan
Basin : Nan
Rating : -

                                                                 Water Year - 1994                                                                  
                                 Discharge, in Cubic Meter per Second, Water Year April 01, 1994 to March 31, 1995                                  

    Date       Apr       May       Jun       Jul       Aug       Sep       Oct       Nov       Dec       Jan       Feb       Mar    Annual
       1     15.60      8.80     22.20     83.00  1,357.30    533.60    170.00     64.60     43.00     23.00     13.80      8.56          
       2     15.00      8.00     22.90    100.00    902.00    398.00    149.00     62.80     69.10     23.00     13.80      8.13          
       3     10.00      6.80     25.90     89.00    416.60    361.00    146.00     61.90     60.10     22.00     13.80      8.13          
       4      9.20      6.80     25.00     71.80    353.80    331.50    149.00     60.10     50.20     22.00     13.10      8.13          
       5      8.40      6.00     57.40     62.80    686.30    276.50    146.00     59.20     46.60     21.00     12.40      8.13          
       6      7.60      4.00    187.00     65.50    501.30    250.10    132.00     57.40     41.20     21.00     12.40      7.70          
       7      7.20      5.20    133.00     97.00    339.40    274.30    134.00     54.70     64.60     21.00     12.40      7.70          
       8      6.40      5.20     94.00     84.00    304.00    247.00    119.00     52.90     68.20     20.00     11.70      7.70          
       9      5.20      6.80     77.20     96.00    267.70    209.00    126.00     51.10     50.20     20.00     11.70      8.15          
      10      5.60      8.80    102.00     81.00    245.00    184.00    118.00     50.20     43.00     19.00     12.00      8.15          
      11      4.40     10.40    176.00     94.00    210.00    217.00    124.00     49.30     41.20     19.00     12.00      8.15          
      12      4.00     16.80    110.00    119.00    172.00    245.00    123.00     48.40     38.50     18.00     12.00      8.15          
      13      4.00    102.00     92.00     95.00    145.00    189.00    151.00     48.40     36.70     18.00     11.57      7.80          
      14      4.00     49.30     55.60     82.00    251.20    169.00    119.00     47.50     35.80     17.00     11.57      7.80          
      15      3.80     26.80     55.60     71.80    353.80    180.00    104.00     47.50     34.00     16.00     11.14      7.80          
      16      4.40     26.80     50.20     84.00    876.80    291.90    105.00     46.60     33.10     16.00     11.14      7.80          
      17      4.00     24.30     41.20     95.00    958.00    265.50    105.00     46.60     32.20     16.00     10.28      7.45          
      18      4.00     33.10     40.30    162.00    849.20    349.00    206.00     45.70     31.30     18.00     10.28      7.45          
      19      4.80     48.40     40.30    362.20    949.60    277.60    129.00     44.80     31.30     18.00      9.85      7.10          
      20      6.80     50.20     37.60    315.00    791.60    232.00    114.00     44.80     30.40     16.60      9.85      7.10          
      21      8.40     52.90     40.30    236.00    694.70    199.00    118.00     44.80     29.50     16.60      9.42      7.10          
      22      8.40     61.90     42.10    166.00    575.00    187.00     97.00     43.90     29.50     16.60      9.42      7.10          
      23      7.60     57.40     90.00    126.00    475.80    169.00     83.00     43.00     28.60     15.90      8.99      7.10          
      24      6.80     62.80    109.00    111.00    669.50    179.00     81.00     42.10     27.70     15.20      8.99      7.10          
      25      6.00     42.10    148.00    110.00    535.40    179.00     81.00     42.10     26.80     14.50      8.99      6.75          
      26      4.80     31.30    104.00    107.00    452.50    299.60     76.30     41.20     25.90     14.50      8.56      8.56          
      27      4.40     25.00    104.00    116.00    430.60    224.00     73.60     41.20     25.90     15.20      8.56     10.71          
      28      4.00     18.70     74.50    350.20    371.80    189.00     71.80     45.70     25.00     15.90      8.56      9.42          
      29      4.80     30.40     63.70    324.90    305.10    237.00     69.10     44.80     25.00     15.90                8.99          
      30      6.40     26.80     95.00    201.00    860.00    213.00     68.20     43.90     24.30     14.50                7.70          
      31               22.90              784.80    944.00               66.40               24.30     13.80                7.70          

Total       196.00    886.70  2,316.00  4,943.00 17,245.00  7,556.60  3,554.40  1,477.20  1,173.20    553.20    308.27    245.31 40,454.88 CMSDAY   
Mean          6.53     28.60     77.20    159.45    556.29    251.89    114.66     49.24     37.85     17.85     11.01      7.91    110.84 CMS      
Max          15.60    102.00    187.00    784.80  1,357.30    533.60    206.00     64.60     69.10     23.00     13.80     10.71  1,357.30 CMS      
Min           3.80      4.00     22.20     62.80    145.00    169.00     66.40     41.20     24.30     13.80      8.56      6.75      3.80 CMS      
Runoff       16.93     76.61    200.10    427.08  1,489.97    652.89    307.10    127.63    101.36     47.80     26.63     21.19  3,495.29 MCM      
Momentary Peak    1408 CMS, at 9 M (A.D.) at 06:00 hours, on Aug 01, 1994
Runoff Yield      31.88 Liters/Second/Square KM, Momentary Peak Yield 405.05 Liters/Second/Square KM

----------------------------------------------------------------------------------------------------------------------------------------------------

Daily Mean Discharge
Computer Center : Royal Irrigation Department, Thailand, Hydrology Division (08-Sep-2026)
Station : (N.64) ,Ban Pha Khwang, Mueang, Nan
Stream : -
River : Nan
Basin : Nan
Rating : HC1.0493Y/1995

                                                                 Water Year - 1995                                                                  
                                 Discharge, in Cubic Meter per Second, Water Year April 01, 1995 to March 31, 1996                                  

    Date       Apr       May       Jun       Jul       Aug       Sep       Oct       Nov       Dec       Jan       Feb       Mar    Annual
       1      8.15      6.05      9.42     48.20    802.80  1,353.60     99.78     56.13     42.04     26.16     15.70     11.90          
       2      8.15      7.45     14.50     32.80    848.60  1,190.30     96.56     53.08     39.73     25.20     15.50     11.90          
       3      8.15      8.13     45.63     27.06    493.58  1,211.47    119.10     51.55     38.58     24.24     15.50     11.45          
       4      8.15      8.13     41.78     52.05    331.00  1,217.50    167.00     50.03     37.42     24.24     15.50     11.45          
       5     18.00      7.70     35.54     56.13    261.57    692.68    186.91     48.50     36.27     23.28     15.05     10.50          
       6     29.18      7.70     35.54    170.51  1,044.91    493.58    211.51     52.05     35.11     22.32     15.05     10.15          
       7     22.00      7.70     26.00    156.68  1,317.20    410.10    179.89     50.77     32.80     22.32     15.05     10.15          
       8     15.90     26.26     23.00    190.43    893.55    360.50    202.14     49.48     35.54     21.36     14.60     10.15          
       9     12.00     21.00     18.00    625.93    635.73    358.75    152.38     48.20     34.48     22.00     14.60      9.80          
      10     10.28     13.10     22.35    274.14    473.50    292.43    125.54     46.92     34.48     22.00     14.15      9.80          
      11      9.85     18.00     25.00    148.09    369.25    253.80    111.59     48.20     33.42     21.30     14.15      9.45          
      12      8.56     26.26     20.00    104.07    374.50    230.26     99.78     44.35     32.36     21.30     13.70      9.10          
      13      8.13     28.12     38.58     78.31    471.00    198.63     93.34     44.35     32.36     20.60     13.70      8.75          
      14      8.15     26.26     68.65     79.00    493.58    195.11     89.04    107.29     31.30     20.60     13.70      8.75          
      15      7.80     27.06     45.63     65.98    712.50    324.25     85.82    269.57     30.24     20.60     13.25      8.40          
      16      7.45     25.00     35.54    149.16    850.50    202.14     84.75    128.76     29.18     19.90     13.25      8.40          
      17      7.10     18.00     28.21    174.03    568.04    176.37     87.97     83.68     29.18     19.90     13.25      8.40          
      18      6.75     20.00     25.00    245.71    497.93    165.75     92.26     67.57     28.12     19.20     13.25      8.05          
      19      6.75     14.50     19.00    196.29    428.13    160.97     92.26     65.98     28.12     19.20     12.80      8.05          
      20      6.40     12.40     23.00    216.20    364.00    152.38     93.34     60.70     27.06     19.20     12.80      8.05          
      21      6.40     10.71     21.00    168.17    432.48    234.60     87.97     56.13     26.00     19.20     14.15      7.70          
      22      6.40      9.85     16.00    147.01    410.90    195.11     86.90     51.55     26.00     18.50     17.80      7.70          
      23      6.05      8.99     22.35    116.96    358.75    172.86     83.68     48.50     29.19     17.80     17.10      7.35          
      24      6.05      7.70     25.00     96.56    305.00    163.44     80.46     49.48     29.19     17.80     16.40      7.35          
      25      5.70      7.80     17.00    289.00    589.63    143.79     70.79     46.92     28.21     17.10     15.50      7.35          
      26      5.35      7.80     15.90    190.43    410.70    130.91     76.83     44.35     27.24     17.10     15.05      7.70          
      27      5.35      7.80     14.50    145.94    375.38    119.10     68.15     43.07     26.26     16.40     14.15      7.70          
      28      7.10      9.42     13.10    121.25    282.14    108.37     63.81     43.07     26.26     16.40     13.70      8.40          
      29      6.75      8.56     15.20    156.68    233.00    103.00     63.81     40.50     25.28     16.40     12.35     14.15          
      30      6.40      8.13    101.93    766.00    239.40    103.00     57.30     43.20     25.28     15.70               12.80          
      31               11.14              589.63    964.69               60.70               25.28     15.70               11.45          

Total       278.45    426.72    862.35  5,878.40 16,833.94 11,114.75  3,271.36  1,893.93    961.98    623.02    420.75    292.30 42,857.95 CMSDAY   
Mean          9.28     13.77     28.75    189.63    543.03    370.49    105.53     63.13     31.03     20.10     14.51      9.43    117.10 CMS      
Max          29.18     28.12    101.93    766.00  1,317.20  1,353.60    211.51    269.57     42.04     26.16     17.80     14.15  1,353.60 CMS      
Min           5.35      6.05      9.42     27.06    233.00    103.00     57.30     40.50     25.28     15.70     12.35      7.35      5.35 CMS      
Runoff       24.06     36.87     74.51    507.89  1,454.45    960.31    282.65    163.64     83.12     53.83     36.35     25.25  3,702.93 MCM      
Momentary Peak    1544 CMS, at 9.9 M (A.D.) at 24:00 hours, on Sep 03, 1995
Runoff Yield      33.69 Liters/Second/Square KM, Momentary Peak Yield 444.17 Liters/Second/Square KM

----------------------------------------------------------------------------------------------------------------------------------------------------

Daily Mean Discharge
Computer Center : Royal Irrigation Department, Thailand, Hydrology Division (08-Sep-2026)
Station : (N.64) ,Ban Pha Khwang, Mueang, Nan
Stream : -
River : Nan
Basin : Nan
Rating : HC1.0927Y/1996

                                                                 Water Year - 1996                                                                  
                                 Discharge, in Cubic Meter per Second, Water Year April 01, 1996 to March 31, 1997                                  

    Date       Apr       May       Jun       Jul       Aug       Sep       Oct       Nov       Dec       Jan       Feb       Mar    Annual
       1      9.45     19.90     16.40     29.04    194.97    169.54     80.30     48.50     28.50     20.02     13.00      9.38          
       2      8.75     15.50     28.08     25.20    162.72    290.93     78.75     69.34     28.50     20.02     12.50      9.10          
       3      8.40     15.05     26.16     28.08    164.59    235.66     70.00     80.50     28.50     19.36     12.00      9.10          
       4      8.05     17.10     23.28     23.28    162.36    193.70     71.75     59.02     28.50     19.36     12.00      9.10          
       5      8.05     20.60     21.36     32.25    203.87    197.51     71.75     59.02     27.25     19.36     12.00      8.82          
       6      9.80     28.08     24.24     45.03    177.17    155.68    111.35     73.50     27.25     18.70     11.50      8.82          
       7      9.80     19.20     35.93     36.00    151.22    140.07    119.40     62.46     30.00     18.70     11.00      8.82          
       8      8.75     17.10     46.17     28.50    157.74    136.73    110.20     56.30     30.00     18.70     11.00      8.82          
       9      7.70     15.50     60.20     30.00    124.00    130.04    166.45     55.00     29.04     18.04     11.00      8.54          
      10      7.35     14.15     35.93     25.20    103.30    130.04    296.36     51.10     29.04     18.04     10.50      8.54          
      11      7.35     19.90     27.12     21.36     90.65    151.22    236.93     48.50     28.08     18.04     10.50      8.54          
      12      7.70     14.60     21.36     57.60    226.76    142.30    165.21     51.10     28.08     18.04     10.50      8.54          
      13     13.70     15.50     35.93     27.25    301.79    120.55    154.56     47.30     27.12     17.38     10.50      8.26          
      14      9.45     22.32     56.30     24.24    385.44    111.35    126.69     45.03     26.16     17.38     10.50      8.26          
      15      8.05     22.32    135.61     28.08    250.19    103.30    111.35     43.90     25.20     16.72     10.22      8.26          
      16      8.75     20.60    134.50     28.08    219.13    276.00     99.85     41.63     25.20     16.72     10.22      7.98          
      17      8.05     15.50     80.50     26.16    211.50    242.20     88.35     42.18     24.24     16.06     10.22      7.98          
      18      7.70     14.15     57.60    286.86    329.50    169.54     83.75     40.10     23.28     16.06      9.94      7.00          
      19      7.70     16.40     62.46    525.60    624.75    177.17     81.45     39.06     22.32     16.06      9.94      7.00          
      20      8.75     16.40     45.03    401.19    615.90    167.00     81.45     36.97     22.32     15.50      9.94      7.00          
      21      9.80     15.05     40.10    382.81    496.58    158.99     82.60     35.93     21.36     15.50      9.66      6.82          
      22     18.50     20.60     42.18    341.50    384.13    137.84     75.25     35.93     21.36     15.50      9.66      6.82          
      23     15.50     17.10     45.03    235.30    331.00    150.10     74.50     34.89     22.00     15.00      9.66      6.82          
      24     12.80     15.05     41.14    239.47    450.00    124.46     69.34     33.84     22.00     14.50      9.38      6.64          
      25     11.45     14.15     33.84    250.19    384.13    134.50     65.90     38.50     21.30     14.50      9.38      6.64          
      26     26.16     13.25     33.84    558.93    318.07    127.81     59.02     37.25     21.30     14.00      9.38      7.00          
      27     26.16     12.80     42.77    435.00    269.21    126.69     58.90     36.00     21.30     14.00      9.38      8.26          
      28     56.30     11.45     38.01    525.60    248.87    107.90     57.60     34.75     20.60     13.50      9.38     12.00          
      29     41.14     10.50     34.75    513.78    205.14     98.70     52.40     33.50     20.60     13.50               12.50          
      30     29.04     25.20     32.25    346.00    173.36     87.20     49.80     29.75     20.60     13.50               10.50          
      31               19.20              247.54    188.61               48.50               19.90     13.00                9.38          

Total       420.15    534.22  1,358.07  5,805.12  8,306.65  4,694.72  3,099.71  1,400.85    770.90    514.76    294.86    261.24 27,461.25 CMSDAY   
Mean         14.01     17.23     45.27    187.26    267.96    156.49     99.99     46.70     24.87     16.61     10.53      8.43     75.24 CMS      
Max          56.30     28.08    135.61    558.93    624.75    290.93    296.36     80.50     30.00     20.02     13.00     12.50    624.75 CMS      
Min           7.35     10.50     16.40     21.36     90.65     87.20     48.50     29.75     19.90     13.00      9.38      6.64      6.64 CMS      
Runoff       36.30     46.16    117.34    501.56    717.69    405.62    267.81    121.03     66.61     44.48     25.48     22.57  2,372.65 MCM      
Momentary Peak    721.00 CMS, at 7.15 M (A.D.) at 18:00 hours, on Jul 18, 1996
Runoff Yield      21.64 Liters/Second/Square KM, Momentary Peak Yield 207.42 Liters/Second/Square KM

----------------------------------------------------------------------------------------------------------------------------------------------------

Daily Mean Discharge
Computer Center : Royal Irrigation Department, Thailand, Hydrology Division (08-Sep-2026)
Station : (N.64) ,Ban Pha Khwang, Mueang, Nan
Stream : -
River : Nan
Basin : Nan
Rating : HC1.0643Y/1997

                                                                 Water Year - 1997                                                                  
                                 Discharge, in Cubic Meter per Second, Water Year April 01, 1997 to March 31, 1998                                  

    Date       Apr       May       Jun       Jul       Aug       Sep       Oct       Nov       Dec       Jan       Feb       Mar    Annual
       1     10.50     15.00     14.00      6.46     66.50    483.04    181.19     52.19     23.43     16.50     13.50      6.60          
       2     19.36     19.36     25.62      6.64    190.63    475.64    145.75     49.51     22.00     16.50     12.00      6.60          
       3     13.00     35.30     19.36      7.00    263.36    632.00    182.00     47.73     22.00     16.50     11.25      6.60          
       4      9.94     18.70     13.00      8.26    163.38    570.33    143.50     45.94     21.34     15.75     12.50      6.60          
       5      9.38     13.00     10.50      7.98    108.85    396.52    130.00     45.94     21.34     15.75     11.54      6.32          
       6      8.54     10.50      9.38      7.00     90.67    320.50    137.88     43.26     21.34     15.00     11.54      6.32          
       7      8.26      9.94      9.66      6.82     72.50    349.00    125.50     42.37     20.68     15.00     10.58      6.32          
       8      8.26      9.38     13.50      7.00     63.16    262.14    114.91     43.26     20.68     14.25     10.10      6.32          
       9      8.54     20.02     11.00      7.98     55.76    202.97    111.88     43.26     20.02     14.25     10.10      6.32          
      10      9.38     22.00      9.66      7.98     89.66    170.50    101.78     41.48     19.36     13.50      9.62      6.04          
      11      9.10     53.97      9.10      7.00    124.38    151.38     92.69     40.59     18.70     13.50      9.14      6.04          
      12      8.82     31.30      8.82      6.82    111.88    157.00     90.67     38.50     18.70     12.75      8.66      6.04          
      13      8.82     24.16      8.26      8.26    102.79    130.00     87.64     37.70     18.70     12.00      8.18      6.04          
      14      8.54     13.00      7.98     14.00    104.81    118.95    104.81     36.90     18.04     11.25      8.18      6.04          
      15      8.26     10.50      7.00     11.00    135.63    109.86     90.67     36.90     18.04     11.25      8.18      6.04          
      16      7.98      9.94      7.98      9.10    161.00    103.80     81.90     35.30     18.04     12.50      8.00      6.04          
      17      7.00      9.66     13.00      9.10    273.07    101.78     75.60     33.70     17.38     12.02      8.00      5.76          
      18      8.82      9.10     10.22     10.22    340.00     99.76     74.50     30.00     17.38     12.02      8.00      5.76          
      19      8.54      9.10      9.66     15.00    202.97     89.66     80.85     28.54     16.72     12.02      7.72      5.76          
      20      8.54      9.10      8.54     34.50    158.13     91.68     71.50     31.30     16.72     11.54      7.72      5.76          
      21      8.26      9.10      7.98    103.80    183.23    145.75     66.50     32.10     16.06     11.54      7.44      5.48          
      22      7.98      9.10      7.00    412.00    176.44    163.38     63.16     31.30     16.06     11.54      7.44      5.48          
      23      7.00      9.94      7.98    434.20    124.38    112.89     60.33     29.27     15.50     11.54      7.16      4.30          
      24      9.10      9.66      7.98    350.96    122.99     91.68     57.49     28.54     15.50     11.06      7.16      4.30          
      25     13.50     10.22      7.00    165.75    172.88     93.70     55.76     28.54     15.50     11.06      7.16      4.30          
      26     32.10     13.00      6.82    131.13    227.63    124.38     53.97     27.08     15.50     11.06      7.16      4.30          
      27     23.43     12.50      6.64    102.79    265.79    161.50     55.60     26.35     15.00     10.58      7.16      4.30          
      28     17.38     12.50      7.00     87.64    168.13    181.19     92.69     25.62     15.00     10.58      6.88      5.76          
      29     15.00     13.50      7.00     84.61    131.13    185.70     71.50     24.89     15.00     17.92                6.04          
      30     11.50     12.00      6.82     67.50    268.21    225.17     61.27     24.16     15.00     18.76                6.04          
      31               11.50               56.55    496.36               55.76               15.00     17.25                6.04          

Total       334.83    476.05    298.46  2,195.05  5,216.30  6,501.85  2,919.25  1,082.22    559.73    416.74    252.07    179.66 20,432.21 CMSDAY   
Mean         11.16     15.36      9.95     70.81    168.27    216.73     94.17     36.07     18.06     13.44      9.00      5.80     55.98 CMS      
Max          32.10     53.97     25.62    434.20    496.36    632.00    182.00     52.19     23.43     18.76     13.50      6.60    632.00 CMS      
Min           7.00      9.10      6.64      6.46     55.76     89.66     53.97     24.16     15.00     10.58      6.88      4.30      4.30 CMS      
Runoff       28.93     41.13     25.79    189.65    450.69    561.76    252.22     93.50     48.36     36.01     21.78     15.52  1,765.34 MCM      
Momentary Peak    676.0 CMS, at 6.9 M (A.D.) at 18:00 hours, on Aug 31, 1997
Runoff Yield      16.10 Liters/Second/Square KM, Momentary Peak Yield 194.47 Liters/Second/Square KM

----------------------------------------------------------------------------------------------------------------------------------------------------

Daily Mean Discharge
Computer Center : Royal Irrigation Department, Thailand, Hydrology Division (08-Sep-2026)
Station : (N.64) ,Ban Pha Khwang, Mueang, Nan
Stream : -
River : Nan
Basin : Nan
Rating : HC1.0729Y/1998

                                                                 Water Year - 1998                                                                  
                                 Discharge, in Cubic Meter per Second, Water Year April 01, 1998 to March 31, 1999                                  

    Date       Apr       May       Jun       Jul       Aug       Sep       Oct       Nov       Dec       Jan       Feb       Mar    Annual
       1      6.60      5.76     17.92     16.24     46.96    118.35     57.85     27.20     17.92     10.90      8.90      6.38          
       2      6.32      5.76     31.23     15.75     43.12    162.80     53.68     25.70     17.08     10.90      8.00      6.11          
       3      6.32      5.76     22.12     21.28     37.80    121.96     49.84     24.95     16.24     10.50      8.00      6.11          
       4     80.18     22.12     50.80    169.10     34.88    115.48     48.88     24.20     17.25     10.50      7.73      5.84          
       5     16.50     19.60     31.23    204.31     34.15    105.94     47.92     24.20     16.50     10.10      7.73      5.84          
       6     12.75     15.75     67.35    108.80     41.68    175.40     46.96     24.20     15.75     10.10      7.46      5.57          
       7     12.75     11.54     31.96     83.04     49.84    210.40     46.00     24.95     15.00     10.10      7.46      4.30          
       8     14.25      8.66     19.60     62.60     57.85    369.79     44.56     24.20     14.25      9.70      7.19      4.30          
       9     12.00      7.72     18.76     50.80     76.36    437.88     48.88     23.80     13.50      9.70      7.19      4.30          
      10     11.06      7.16     17.92     43.12     95.45    391.00     47.92     22.96     12.75      9.30      6.92      4.17          
      11      8.66      6.88     17.92     42.40     74.45    350.93     44.56     22.12     12.00      9.30      6.65      4.17          
      12      8.00      6.60     17.08     37.80     75.41    247.93     43.84     22.12     12.00      8.90      6.65      4.04          
      13      7.72      6.88     16.50     37.80     60.70    185.00     41.68     22.12     12.00      8.90      6.65      4.04          
      14      7.44     28.70     15.00     59.75     59.75    149.71     40.96     21.28     12.00      8.00      6.65      3.91          
      15      7.44     19.60     14.25    136.31     64.50    215.47     40.24     21.28     11.25      8.00      6.65      3.91          
      16      8.66     12.02     12.50    326.18     56.90    302.61     43.84     21.28     11.25      8.00      6.38      3.91          
      17      9.14     10.10     10.58    193.20    112.62    227.64     45.28     19.60     12.50      7.73      6.38      3.91          
      18     13.50     13.50     10.10    129.61     86.86    175.40     46.00     19.60     12.50      7.73      6.38      3.91          
      19     17.08     12.75     10.10    131.53     80.18    156.41     70.20     18.76     12.50     10.50      6.38      3.91          
      20     22.12     12.02     10.10     87.81     72.10    139.19     62.60     19.60     12.02      9.70      6.38      3.91          
      21     22.96     12.75      9.14     75.41     90.68    128.66     42.40     18.76     12.02      9.30      6.11      3.91          
      22     19.60     11.25     10.10     61.65    149.71    108.80     42.40     18.76     12.02      8.00      6.11      3.91          
      23     13.50     10.10     10.10     54.64    182.60     99.26     43.12     17.92     12.02      7.73      6.11      3.91          
      24     10.58      9.14     10.10     47.92    194.80     95.45     43.12     18.76     12.02      7.46      6.11      4.04          
      25      8.66      8.18      9.62     42.40    354.46     86.86     42.40     17.92     11.54      7.19      6.38      8.00          
      26      8.00      9.62      9.14     73.50    248.94     83.04     33.42     17.08     11.06      7.19      6.38      8.00          
      27      8.00     16.50     12.50    111.67    183.20     73.50     28.70     17.08     10.58      6.92      6.38      7.73          
      28      7.16     17.08     34.15     83.04    135.36     68.30     44.56     17.92     10.10      6.92      6.38      7.73          
      29      6.04     17.92     27.95     62.60    116.44     63.55     33.42     18.76      9.62      7.73                7.46          
      30      5.76     18.76     24.20     60.70    102.13     59.75     29.45     17.92      8.66      7.46                7.46          
      31               19.60               53.68     95.45               27.95                8.66      8.00                5.57          

Total       398.75    389.78    600.02  2,684.64  3,115.33  5,226.46  1,382.63    635.00    394.56    272.46    191.69    160.26 15,451.58 CMSDAY   
Mean         13.29     12.57     20.00     86.60    100.49    174.22     44.60     21.17     12.73      8.79      6.85      5.17     42.33 CMS      
Max          80.18     28.70     67.35    326.18    354.46    437.88     70.20     27.20     17.92     10.90      8.90      8.00    437.88 CMS      
Min           5.76      5.76      9.14     15.75     34.15     59.75     27.95     17.08      8.66      6.92      6.11      3.91      3.91 CMS      
Runoff       34.45     33.68     51.84    231.95    269.16    451.57    119.46     54.86     34.09     23.54     16.56     13.85  1,335.01 MCM      
Momentary Peak    522.00 CMS, at 5.9 M (A.D.) at 18:00 hours, on Sep 08, 1998
Runoff Yield      12.18 Liters/Second/Square KM, Momentary Peak Yield 150.17 Liters/Second/Square KM

----------------------------------------------------------------------------------------------------------------------------------------------------

Daily Mean Discharge
Computer Center : Royal Irrigation Department, Thailand, Hydrology Division (08-Sep-2026)
Station : (N.64) ,Ban Pha Khwang, Mueang, Nan
Stream : -
River : Nan
Basin : Nan
Rating : HC1.0825Y/1999

                                                                 Water Year - 1999                                                                  
                                 Discharge, in Cubic Meter per Second, Water Year April 01, 1999 to March 31, 2000                                  

    Date       Apr       May       Jun       Jul       Aug       Sep       Oct       Nov       Dec       Jan       Feb       Mar    Annual
       1      7.46     11.30     24.81     68.60    216.52    394.97    185.96     75.80     29.43     18.44     12.70     20.76          
       2      6.92     10.50     23.80     67.00    248.33    383.04    255.05     69.40     28.66     18.44     12.70     20.18          
       3      6.92      8.90     29.43     57.40    210.82    311.47    251.83     64.60     27.89     18.44     12.25     14.50          
       4      6.92      8.00     41.05     53.95    196.98    244.83    211.96     60.60     27.89     17.86     12.25     12.70          
       5      7.46      7.46     43.53     75.00    343.68    225.00    195.96     56.60     28.66     17.86     12.00     11.30          
       6      7.73     13.20     36.97    218.00    447.75    229.67    180.84     55.00     30.33     17.86     12.00     10.60          
       7      8.00     29.43     34.48    363.96    282.53    247.17    162.44     50.80     34.48     17.28     11.65     10.25          
       8      7.73     77.40     33.65    165.51    208.54    237.83    136.89     49.75     35.31     17.28     11.65      9.90          
       9      7.46     39.40     31.99    121.56    162.44    244.83    139.96     48.70     32.82     17.28     11.30      9.55          
      10      7.19     46.00     34.48    118.49    348.45    232.00    128.71     55.00     32.82     16.30     11.30      9.20          
      11      6.92     47.65     75.80    120.53    512.00    391.39    121.56     64.60     31.16     16.30     10.95      8.85          
      12      6.65     30.33    114.40     96.00    766.50    678.00    124.62     71.00     26.35     16.30     10.60      8.30          
      13      6.38     22.30    105.20     78.20    567.30    612.90    115.42     63.00     24.04     15.85     10.60      8.30          
      14      6.11     17.80     65.40     71.00    403.32    400.94    105.20     55.00     23.27     15.85     10.25      8.30          
      15      6.11     18.55     75.80     66.20    311.47    362.76     98.04     48.70     23.05     15.40     10.25      8.30          
      16      6.65     20.05     59.80     58.20    259.83    353.22     93.06     45.55     22.30     15.40      9.90      8.30          
      17      7.46     22.30     45.55     53.95    250.67    338.91     90.03     44.35     21.55     14.95      9.90      8.85          
      18      8.00     27.12     41.05     50.80    346.06    324.59     85.40     43.53     21.55     14.95     13.60      8.30          
      19     11.30     31.16     49.75     47.65    374.69    286.12     81.40     41.88     20.80     14.95     12.25      8.30          
      20     11.30     66.20    136.89     46.60    335.33    298.35     77.40     41.05     20.80     14.50     13.60      8.30          
      21     11.30     57.40    223.83     46.00    262.22    521.20     75.00     40.23     20.05     14.05     13.15      8.30          
      22     11.30     48.70    105.20     44.35    210.82    356.80     72.60     39.40     20.05     14.05     13.15      8.00          
      23     10.90     42.70     75.80     42.70    205.12    403.32     71.80     38.58     20.05     14.05     13.15      8.00          
      24     10.50     51.85    127.69     41.88    174.71    383.04     67.00     37.80     20.05     14.05     12.70      8.00          
      25     10.10     45.18    367.54     41.05    176.76    336.52     65.40     36.14     19.30     14.05     12.70      8.00          
      26      9.70     32.82    264.61     71.80    152.22    290.00     68.60     34.48     19.30     13.60     12.70      8.00          
      27      9.30     27.12    123.60     72.60    134.84    244.83     75.80     33.65     19.30     13.60     12.70      8.30          
      28      8.00     26.35    109.29     77.40    181.87    225.00     74.20     32.82     19.30     13.60     13.15      8.30          
      29     10.10     31.99     84.60     75.80    234.33    211.96     66.20     31.16     19.30     13.15     13.60      7.70          
      30     12.50     32.82     70.20     77.40    282.53    183.91     64.60     30.20     19.30     13.15                7.70          
      31               31.99               96.00    384.24               63.00               19.30     13.15                7.70          

Total       254.37    983.97  2,656.19  2,685.58  9,192.87  9,954.57  3,605.93  1,459.37    758.46    481.99    348.70    301.04 32,683.04 CMSDAY   
Mean          8.48     31.74     88.54     86.63    296.54    331.82    116.32     48.65     24.47     15.55     12.02      9.71     89.30 CMS      
Max          12.50     77.40    367.54    363.96    766.50    678.00    255.05     75.80     35.31     18.44     13.60     20.76    766.50 CMS      
Min           6.11      7.46     23.80     41.05    134.84    183.91     63.00     30.20     19.30     13.15      9.90      7.70      6.11 CMS      
Runoff       21.98     85.02    229.49    232.03    794.26    860.07    311.55    126.09     65.53     41.64     30.13     26.01  2,823.80 MCM      
Momentary Peak    827.0 CMS, at 7.8 M (A.D.) at 09:00 hours, on Aug 12, 1999
Runoff Yield      25.69 Liters/Second/Square KM, Momentary Peak Yield 237.91 Liters/Second/Square KM

----------------------------------------------------------------------------------------------------------------------------------------------------

Daily Mean Discharge
Computer Center : Royal Irrigation Department, Thailand, Hydrology Division (08-Sep-2026)
Station : (N.64) ,Ban Pha Khwang, Mueang, Nan
Stream : -
River : Nan
Basin : Nan
Rating : HC1.0925Y/2000

                                                                 Water Year - 2000                                                                  
                                 Discharge, in Cubic Meter per Second, Water Year April 01, 2000 to March 31, 2001                                  

    Date       Apr       May       Jun       Jul       Aug       Sep       Oct       Nov       Dec       Jan       Feb       Mar    Annual
       1     10.25     10.95     37.25     77.21    168.40    205.40    110.15     58.54     25.09     17.38     11.50      7.52          
       2     10.60     20.76     35.80     64.21    135.33    151.58    100.05     51.38     25.09     17.38     11.50      7.28          
       3      9.90     14.50     63.33    132.37    123.28    161.50    113.18     45.45     24.46     16.76     11.50      7.52          
       4      9.90     12.70     56.81     92.43    138.58    236.25    103.08     43.78     22.50     16.76     11.50      7.28          
       5      9.55     12.70     43.05    113.18    142.92    346.37     96.00     43.78     24.46     16.76     11.04      7.28          
       6      9.20     35.08     35.80     97.02    162.65    454.36     91.53     40.88     22.50     16.76     11.04      7.28          
       7      8.85     36.53     37.25     68.59    202.60    409.03    117.22     42.33     22.50     16.14     11.04      7.05          
       8      8.30     32.18     35.08     60.26    238.20    436.02     96.00     37.98     21.92     16.14     10.59      7.05          
       9      8.00     20.76    101.06     95.11    242.40    374.57     96.00     37.25     21.92     15.52     10.59     20.02          
      10      7.70     14.50    173.00    167.25    191.40    330.99     89.75     38.70     21.34     15.52     10.59     24.21          
      11      7.40     13.15     87.96    118.23    167.25    262.00     93.32     37.25     21.34     14.90     10.59     20.02          
      12      7.40     27.61     55.95    327.57    152.30    222.50     80.77     36.53     20.76     14.90     10.59     22.51          
      13      7.70     77.21     43.78    859.00    138.58    415.75     77.21     36.53     20.18     14.28      9.67     24.21          
      14      8.00     53.36     37.25  1,150.60    124.29    355.77     69.20     36.53     19.60     13.66      7.75     22.51          
      15      7.70     51.38     35.80    467.75    116.21    289.80     65.96     35.08     19.60     13.04      7.75     18.00          
      16      7.40     77.21     38.70    349.50    121.26    220.00     61.58     34.35     19.02     13.04      7.75     24.17          
      17      7.40     93.32     54.23    236.80    120.25    173.00     53.36     33.63     19.02     17.38      7.75     21.68          
      18      7.10     62.45     43.78    191.40    133.38    152.30     59.40     34.35     18.44     17.38      7.75     18.00          
      19      7.10     47.14     60.70    168.40    130.35    137.50     57.68     32.18     17.86     15.52      7.75     13.66          
      20      7.40     74.54    116.21    140.75    113.18    127.32     54.23     30.73     17.28     14.28      7.75     12.87          
      21      7.40     79.88     81.66    262.00     98.03    119.24     45.45     31.45     16.30     13.66      7.75     12.41          
      22      6.80     60.70     86.11    212.40    100.05    115.20     48.84     30.73     16.30     12.87      7.75     11.04          
      23      7.40     47.99     64.21    173.00     96.01    113.18     49.69     29.50     15.85     12.87      7.28     11.50          
      24      9.90     40.15     73.65    170.70     97.02    101.06     60.26     28.24     15.85     12.87      7.28     10.59          
      25      8.85     38.70     66.84    159.20    102.07    154.60     52.23     28.24     15.85     12.87      7.28     10.13          
      26      9.55     64.21     62.45    208.20    105.10    154.60     52.23     26.35     15.85     12.87      7.52      9.21          
      27     11.65     55.09     62.45    175.30    141.83    115.20     43.78     26.35     15.85     12.87      7.28     12.41          
      28     15.40     28.87     78.99    135.33    250.80    127.32     45.45     26.98     15.85     12.41      7.28     11.04          
      29     12.70     29.50     68.59    131.36    148.33    123.28     65.96     27.61     15.85     11.96               10.59          
      30     12.70     37.25     66.84    273.20    176.45    107.12     80.77     26.98     15.85     11.96               10.13          
      31               36.53              163.80    147.25               70.09               15.85     11.50                9.21          

Total       269.20  1,306.90  1,904.58  7,042.12  4,525.75  6,692.81  2,300.42  1,069.66    600.13    452.21    255.41    418.38 26,837.57 CMSDAY   
Mean          8.97     42.16     63.49    227.17    145.99    223.09     74.21     35.66     19.36     14.59      9.12     13.50     73.53 CMS      
Max          15.40     93.32    173.00  1,150.60    250.80    454.36    117.22     58.54     25.09     17.38     11.50     24.21  1,150.60 CMS      
Min           6.80     10.95     35.08     60.26     96.01    101.06     43.78     26.35     15.85     11.50      7.28      7.05      6.80 CMS      
Runoff       23.26    112.92    164.56    608.44    391.02    578.26    198.76     92.42     51.85     39.07     22.07     36.15  2,318.78 MCM      
Momentary Peak    1295.50 CMS, at 9.85 M (A.D.) at 06:00 hours, on Jul 14, 2000
Runoff Yield      21.15 Liters/Second/Square KM, Momentary Peak Yield 372.69 Liters/Second/Square KM

----------------------------------------------------------------------------------------------------------------------------------------------------

Daily Mean Discharge
Computer Center : Royal Irrigation Department, Thailand, Hydrology Division (08-Sep-2026)
Station : (N.64) ,Ban Pha Khwang, Mueang, Nan
Stream : -
River : Nan
Basin : Nan
Rating : HC1.1029Y/2001

                                                                 Water Year - 2001                                                                  
                                 Discharge, in Cubic Meter per Second, Water Year April 01, 2001 to March 31, 2002                                  

    Date       Apr       May       Jun       Jul       Aug       Sep       Oct       Nov       Dec       Jan       Feb       Mar    Annual
       1      8.76      6.58     68.40     64.00    368.25    254.07    120.89     89.63     32.68     22.34     15.60      9.95          
       2      7.75     12.41     56.46     53.04    328.55    241.05    115.53     82.52     31.79     22.34     15.12      9.95          
       3      8.76     18.36     81.63     42.50    839.98    239.97    109.28     80.00     33.30     22.34     15.12      8.97          
       4     11.04     16.76    107.50     37.14    951.40    333.01    109.28     81.35     32.29     21.66     14.64      9.46          
       5      9.21     18.36    129.82    111.96    743.60    440.30    111.96     70.60     32.29     20.97     14.16      9.46          
       6      7.75     16.14     70.55     87.85    433.65    605.78    110.18     68.40     32.29     20.29     14.16      8.97          
       7      7.52     12.87     52.50     66.20    332.38    539.10    107.50     67.30     31.28     18.00     12.87      8.97          
       8      7.52     16.14     61.80     69.20    264.67    348.62    111.96     65.70     31.28     18.00     12.87      8.97          
       9      7.28     11.96     47.77    137.24    328.34    331.74    117.32     64.38     31.28     17.52     12.87      8.97          
      10      6.81     12.87     38.93    129.82    241.60    329.19    150.00     63.06     31.28     17.52     11.90      8.97          
      11      6.81     18.36     45.17     88.74    245.94    329.83    120.00     57.78     31.28     17.52     11.90      8.49          
      12      6.34     14.90     33.57     75.95    350.58    255.16    121.78     52.50     30.27     17.04     11.90      8.49          
      13     16.76     14.28     33.30     61.74    375.40    286.06    106.61     52.50     30.27     26.50     12.38      8.49          
      14     18.36     12.42     33.30     55.14    376.70    261.33    104.82     53.04     30.27     26.50     12.38      8.49          
      15     12.42     16.76     29.26     99.46    476.80    238.34     99.46     49.88     33.30     23.03     12.38      7.75          
      16     11.04     34.46     33.30    169.38    585.20    201.50     99.46     48.82     33.30     21.66     11.90      7.75          
      17      9.67     31.79     53.04    125.35    397.44    168.50    111.96     46.71     28.25     20.29     11.90      7.75          
      18      8.76     27.24     39.82    180.83    538.50    179.07    111.07     44.60     28.25     18.00     11.90      7.75          
      19      7.75     31.79     32.29    207.25    429.85    175.54    110.18     46.07     28.25     18.00     11.41      7.75          
      20      7.52     37.14     29.26    174.66    334.29    163.21    105.71     42.50     27.24     18.00     11.90      7.44          
      21      7.28     33.57     23.20    328.34    333.23    178.19     82.52     41.60     27.24     17.52     11.90      7.44          
      22      6.81     61.80     23.34    374.75    287.55    150.88     75.95     40.71     27.24     16.56     10.92      7.44          
      23      6.58     45.17     24.17    371.50    249.73    154.40     69.50     38.93     23.20     16.56     10.92      7.12          
      24      6.34     46.96     34.46    327.49    222.03    211.35     66.20     38.93     24.17     16.08     10.92      7.44          
      25      6.34     52.50     34.46    243.77    197.39    242.14     68.40     38.03     24.17     17.04     10.44      7.44          
      26      6.34     70.60     33.30    327.91    174.66    236.71     69.20     36.25     23.34     17.04     10.44      7.75          
      27      6.34     46.71     29.26    462.50    261.33    194.11     86.96     34.46     22.51     17.04     10.44      7.44          
      28      6.11     40.71     26.23    266.00    280.86    158.81     94.07     34.46     21.68     15.60     10.44      7.44          
      29      6.11     34.46     23.20    220.39    248.65    139.02    171.14     33.57     20.85     15.60                7.44          
      30      6.11     30.89     33.57    328.13    243.22    131.89    172.02     33.57     20.02     15.60                7.12          
      31               38.93              454.90    248.65              107.50               20.02     15.60                7.12          

Total       252.19    883.89  1,362.86  5,743.13 11,690.42  7,718.87  3,318.41  1,597.85    874.88    587.76    345.68    253.98 34,629.92 CMSDAY   
Mean          8.41     28.51     45.43    185.26    377.11    257.30    107.05     53.26     28.22     18.96     12.35      8.19     94.88 CMS      
Max          18.36     70.60    129.82    462.50    951.40    605.78    172.02     89.63     33.30     26.50     15.60      9.95    951.40 CMS      
Min           6.11      6.58     23.20     37.14    174.66    131.89     66.20     33.57     20.02     15.60     10.44      7.12      6.11 CMS      
Runoff       21.79     76.37    117.75    496.21  1,010.05    666.91    286.71    138.05     75.59     50.78     29.87     21.94  2,992.02 MCM      
Momentary Peak    956.30 CMS, at 8.38 M (A.D.) at 18:00 hours, on Aug 04, 2001
Runoff Yield      27.29 Liters/Second/Square KM, Momentary Peak Yield 275.11 Liters/Second/Square KM

----------------------------------------------------------------------------------------------------------------------------------------------------

Daily Mean Discharge
Computer Center : Royal Irrigation Department, Thailand, Hydrology Division (08-Sep-2026)
Station : (N.64) ,Ban Pha Khwang, Mueang, Nan
Stream : -
River : Nan
Basin : Nan
Rating : HC1.1131Y/2002

                                                                 Water Year - 2002                                                                  
                                 Discharge, in Cubic Meter per Second, Water Year April 01, 2002 to March 31, 2003                                  

    Date       Apr       May       Jun       Jul       Aug       Sep       Oct       Nov       Dec       Jan       Feb       Mar    Annual
       1      6.81      7.75     74.42     75.34    283.00    277.60    142.92     57.15     43.29     33.50     13.20      8.00          
       2      7.75      9.95     60.95     91.72    293.16    293.20    137.80     65.60     42.46     26.49      8.00      8.00          
       3      7.75      7.75     53.25     79.02    354.38    279.40    128.40     64.75     39.94     26.49      8.00      8.00          
       4      7.75      8.97     44.12     69.20    293.24    252.73    126.69     78.10     39.14     26.49      8.00      8.00          
       5      7.75     14.16     44.95     62.85    292.86    241.42    133.52     63.80     37.53     26.49      8.00      8.00          
       6      7.44     10.44     44.95     63.80    243.21    233.69    132.67     56.20     35.92     26.49      8.00      8.00          
       7      7.44     10.44     54.91     60.95    282.10    415.20    126.69     52.42     33.30     26.49      8.00      4.60          
       8      7.44     10.44     83.91     79.94    281.20    339.38    104.81     52.42     32.62     26.50      8.00      4.60          
       9      7.12     11.90     84.78     71.00    249.75    427.48     96.06     48.27     32.62     26.50      8.00      4.60          
      10      6.49     10.92    166.05     83.91    221.19    507.95     89.98     47.44     31.94     33.49      8.00      4.60          
      11      6.18     17.52    253.32     70.10    191.95    336.75     84.78     45.78     31.94     33.50      8.00      4.60          
      12      6.81     21.66    428.43     70.10    177.79    275.80     73.50     44.95     32.62     26.49      8.00      4.60          
      13      7.12     30.58    200.89     71.00    161.11    250.35     77.18     43.29     36.72     26.49      8.00     13.20          
      14     18.00     40.80    278.50     63.80    186.44    233.09     71.90     42.46     31.94     26.50     13.19     40.79          
      15     17.04     39.14    488.00     82.70    286.60    228.33     69.20     43.29     29.90     26.50     13.20     40.79          
      16     16.56    211.70    243.21    109.12    286.60    252.73     63.80     40.80     29.90     26.50      8.00     13.19          
      17     15.12    611.00    177.00    108.26    340.69    275.80     65.70     41.63     28.54     19.59      8.00      8.00          
      18      8.97    244.99    244.99    119.00    336.94    292.83     65.70    164.40     29.22     19.59      8.00      4.60          
      19      7.44    140.36    168.52     91.72    478.85    228.93     64.75    106.54     26.50     19.59      8.00      4.60          
      20      7.12    185.66    130.11    126.69    338.25    190.38     63.80     65.60     23.71     19.59      8.00      4.60          
      21      7.12    103.95    109.98    435.08    244.40    179.36     60.95     56.20     27.86     19.59      4.60      2.30          
      22      6.49     71.90     90.85    816.52    340.50    150.61     60.95     52.42     29.90     19.60      4.60      2.30          
      23      7.44     55.74     79.02    576.58    339.19    143.78     61.90     48.27     29.22     19.60      8.00      2.30          
      24     16.08     45.78     70.10    337.31    336.19    144.63     66.50     44.95     28.54     19.60      8.00     21.80          
      25     12.38     65.60     65.70    240.23    353.93    141.21     65.60     44.12     28.54     19.60      8.00     18.32          
      26     11.41     89.12     57.15    202.33    287.50    124.13     65.70     43.29     54.91     19.60      8.00     13.12          
      27      9.95    104.81     60.95    177.00    234.28    116.02     71.00     44.95    132.67     19.60      8.00     13.54          
      28      8.97    115.16    144.63    157.82    239.64    109.98     88.25     46.61     56.57     19.60      8.00     13.12          
      29      7.75     85.65     92.59    250.94    483.55    116.02     84.78     47.44     48.27     19.60               13.54          
      30      7.44     83.04     71.90    469.45    435.00    136.94     83.91     44.95     43.29     13.19               15.24          
      31              108.26              546.60    274.90               63.80               37.53     13.19               14.38          

Total       279.13  2,575.14  4,168.13  5,860.08  9,148.39  7,195.72  2,693.19  1,698.09  1,187.05    726.04    232.79    335.33 36,099.08 CMSDAY   
Mean          9.30     83.07    138.94    189.03    295.11    239.86     86.88     56.60     38.29     23.42      8.31     10.82     98.90 CMS      
Max          18.00    611.00    488.00    816.52    483.55    507.95    142.92    164.40    132.67     33.50     13.20     40.79    816.52 CMS      
Min           6.18      7.75     44.12     60.95    161.11    109.98     60.95     40.80     23.71     13.19      4.60      2.30      2.30 CMS      
Runoff       24.12    222.49    360.13    506.31    790.42    621.71    232.69    146.71    102.56     62.73     20.11     28.97  3,118.95 MCM      
Momentary Peak    859.65 CMS, at 8.03 M (A.D.) at 18:00 hours, on Jul 22, 2002
Runoff Yield      28.45 Liters/Second/Square KM, Momentary Peak Yield 247.30 Liters/Second/Square KM

----------------------------------------------------------------------------------------------------------------------------------------------------

Daily Mean Discharge
Computer Center : Royal Irrigation Department, Thailand, Hydrology Division (08-Sep-2026)
Station : (N.64) ,Ban Pha Khwang, Mueang, Nan
Stream : -
River : Nan
Basin : Nan
Rating : HC1.1235Y/2003

                                                                 Water Year - 2003                                                                  
                                 Discharge, in Cubic Meter per Second, Water Year April 01, 2003 to March 31, 2004                                  

    Date       Apr       May       Jun       Jul       Aug       Sep       Oct       Nov       Dec       Jan       Feb       Mar    Annual
       1     24.63     24.73     24.54    232.27    216.61    216.53    218.90     38.94     24.19     14.20     11.20      9.19          
       2     24.68     24.73     24.34    293.89    218.47    216.80    219.87     38.98     24.24     14.20     11.20      8.72          
       3     24.73     24.78     24.15    218.01    214.86    217.42    220.18     31.10     24.29     14.20     10.60      8.72          
       4     24.78     24.78     24.49    220.30    215.13    217.81    220.73     31.10     24.34     14.20     10.60      8.72          
       5     24.88     24.73     24.00    221.27    216.06    214.66    220.96     38.98     24.44     13.60     11.20      7.78          
       6     24.93     24.83     24.24    221.54    218.20    293.29    221.04     31.10     24.49     13.60     11.20      7.78          
       7     10.00     24.88     24.54     54.75    218.86    293.50    221.00     31.20     24.39     13.60     11.20      7.78          
       8     10.00     24.93     24.44     54.28    219.56    293.22    221.16     31.29     24.49     13.00     11.20      7.78          
       9     10.00     10.15     24.63     54.00    214.12    214.35    221.47     31.29     24.49     13.00     11.80      7.78          
      10     24.93     10.15     24.73    221.19    217.46    336.79    221.47     31.34     24.44     13.00     11.80      7.78          
      11     10.00     10.00     24.88    217.50    218.94    520.71    221.58     31.34     24.49     13.00     11.20      7.78          
      12     10.00     24.78     10.00    218.08    214.70    780.39    221.74     31.39     24.49     13.60     11.20      7.78          
      13     24.88     24.68     24.93    215.67    436.19    644.32     54.09     31.39     24.49     19.60     11.20      7.78          
      14     10.00     24.24     24.93    218.90    293.89    520.12    221.47     24.00     24.49     22.00     10.60      7.31          
      15     10.00     24.19     10.05    220.14    215.32    384.00     54.00     31.25     24.54     18.40     10.60      7.31          
      16     10.00     24.24     10.00    220.46    217.42    336.52     54.00     31.25     24.49     16.00     10.60      7.31          
      17     38.60     24.63     24.39    220.88    218.32    293.08     54.05     24.00     24.49     16.00     10.60      7.31          
      18     24.24     24.78     24.29    221.04    215.56    232.34     54.00     24.10     24.49     16.00     10.60      9.19          
      19     24.58     24.73     24.10     54.14    215.01    232.53     54.05     24.19     24.54     14.80     10.60      8.72          
      20     24.73     24.78     24.15     54.47    336.13    214.97    221.74     24.24     24.54     14.80     10.60      8.25          
      21     24.58     24.78     24.54     54.24    521.28    215.28     54.47     24.49     24.54     13.60     10.60      7.78          
      22     24.78     24.88     24.68    221.58    336.23    216.49     54.52     24.10     24.58     13.60     10.13      7.78          
      23     24.83     10.00     31.49    292.87    293.64    217.31     54.47     24.10     24.58     13.00     10.13      7.78          
      24     24.83     24.93    221.43    780.72    232.04    217.50     54.71     24.15     24.58     13.00     10.13      7.31          
      25     24.88     24.83     31.20    292.00    337.24    217.81     54.71     24.19     24.58     13.00      9.66      7.31          
      26     10.00     24.49     24.10    214.86    214.31    218.36     38.60     24.29     24.63     12.40      9.66      7.31          
      27     24.78     24.73     24.29    217.19    215.52    218.74     38.84     24.29     24.63     12.40      9.66      7.31          
      28     24.83     24.73    220.53    217.85    216.64    219.41     38.79     24.39     24.63     12.40      9.66      7.31          
      29     24.88     24.78    216.88    217.81    217.69    219.29     38.60     24.49     24.63     12.40      9.66      6.37          
      30     24.49     24.78    215.63    293.40    218.04    219.52     38.74     24.49     24.63     12.40                6.37          
      31               24.73              215.40    218.04               38.84               24.63     11.20                6.37          

Total       623.47    707.40  1,480.59  6,670.70  7,771.48  8,853.06  3,922.79    855.45    759.49    440.20    309.09    239.77 32,633.49 CMSDAY   
Mean         20.78     22.82     49.35    215.18    250.69    295.10    126.54     28.52     24.50     14.20     10.66      7.73     89.16 CMS      
Max          38.60     24.93    221.43    780.72    521.28    780.39    221.74     38.98     24.63     22.00     11.80      9.19    780.72 CMS      
Min          10.00     10.00     10.00     54.00    214.12    214.35     38.60     24.00     24.19     11.20      9.66      6.37      6.37 CMS      
Runoff       53.87     61.12    127.92    576.35    671.46    764.90    338.93     73.91     65.62     38.03     26.71     20.72  2,819.54 MCM      
Momentary Peak    774.90 CMS, at 218.37 M (MSL.) at 08:00 hours, on Sep 12, 2003
Runoff Yield      25.65 Liters/Second/Square KM, Momentary Peak Yield 222.92 Liters/Second/Square KM

----------------------------------------------------------------------------------------------------------------------------------------------------

Daily Mean Discharge
Computer Center : Royal Irrigation Department, Thailand, Hydrology Division (08-Sep-2026)
Station : (N.64) ,Ban Pha Khwang, Mueang, Nan
Stream : -
River : Nan
Basin : Nan
Rating : HC1.1349Y/2004

                                                                 Water Year - 2004                                                                  
                                 Discharge, in Cubic Meter per Second, Water Year April 01, 2004 to March 31, 2005                                  

    Date       Apr       May       Jun       Jul       Aug       Sep       Oct       Nov       Dec       Jan       Feb       Mar    Annual
       1      5.90     17.20    134.97    124.85    181.11    218.00    168.40     42.49     35.00     22.17     15.37      9.30          
       2      5.90     48.71    301.20     96.82    177.93    399.95    143.54     42.49     34.22     22.17     15.37      9.04          
       3     13.60     39.38     99.16     96.82    172.37    464.05    131.86     42.49     34.22     19.33     15.37      9.30          
       4     15.40     19.00     67.24     83.59    155.21    377.08    124.07     42.49     33.44     19.33     14.80      9.04          
       5     15.40     17.80     60.23     54.00    145.09    469.00    116.29     35.00     31.10     19.33     14.80      9.04          
       6     15.40     17.20     54.00    145.09    160.66    308.10    116.29     35.00     26.75     19.33     14.80      9.04          
       7     16.00     46.38     35.00    276.43    175.55    258.87    111.61     35.00     26.75     19.33     14.23      9.04          
       8     12.40     22.00     34.22    111.61    185.88    353.23     97.60     35.00     26.20     19.33     10.60      9.04          
       9     19.00     20.80     52.60    206.95    291.93    534.20    108.50     35.00     26.20     19.33     10.60      9.04          
      10     21.40     20.80     46.38    423.15    353.23    756.10     96.82     35.00     26.20     19.33     10.08      9.04          
      11     17.80     17.20     35.00    498.70    335.70  1,038.60    100.71     34.22     26.20     19.33     10.08      9.04          
      12     16.00     16.00     35.00    345.28    347.93  1,059.61    120.96     34.22     26.20     19.33     10.08      9.04          
      13     14.80     13.60     35.00    338.00    455.80    719.60     92.93     34.22     22.00     19.33      9.82      9.04          
      14     13.00     13.60     34.61    277.47    294.30    643.55     85.14     34.22     22.00     19.33      9.82      8.78          
      15     12.40     22.00     35.00    222.00    490.45    627.15     85.14     34.22     22.00     19.33      9.82      8.78          
      16     11.20     22.00     35.00    173.17    452.50    774.68     75.02     34.22     22.00     19.33      9.82      8.78          
      17     10.60     31.10     71.91    152.10    462.40    700.70     65.68     35.00     20.80     19.33      9.82     19.33          
      18      8.72     34.22    225.00    116.29    442.60    454.15     65.68     35.00     20.80     19.33      9.82     19.33          
      19     10.60     34.61    117.06    100.71    363.83    386.35     65.68     35.00     20.80     19.33      9.82     19.33          
      20     10.60     33.83     84.36     84.36    434.75    343.95     61.79     34.22     20.80     19.33      9.82     17.63          
      21     20.80     34.22     69.57     77.36    303.50    370.45     61.79     34.22     20.20     19.33      9.56     17.63          
      22     18.40     33.05     54.00    136.53    274.37    325.35     61.79     34.22     20.20     19.33      9.56     15.37          
      23     18.40     31.49     46.38    250.60    280.57    285.73     69.57     34.22     20.20     19.33      9.56     10.08          
      24     13.00     26.75     42.49    387.68    379.73    252.67     69.57     34.22     20.20     16.50      9.30     10.08          
      25      9.19     22.00     42.49    493.75    410.10    224.00     65.68     34.22     20.20     16.50      9.30      9.04          
      26      8.25     19.60     35.00    327.65    341.30    219.00     57.89     35.00     20.20     16.50      9.30      9.04          
      27      7.78     22.00     40.93    300.05    240.27    215.00     50.26     35.00     20.20     16.50      9.30      9.04          
      28      8.25     22.00     54.00    274.37    197.00    207.76     50.26     35.00     19.00     16.50      9.30      9.04          
      29      8.25     31.10    112.39    218.00    192.23    189.06     46.38     26.75     19.00     15.93                9.30          
      30     10.60     31.10    279.53    212.59    285.73    169.19     46.38     26.20     19.00     15.93                9.04          
      31               56.34              211.78    215.00               46.38               19.00     15.93                9.04          

Total       389.04    837.08  2,369.72  6,817.75  9,199.02 13,345.13  2,659.66  1,053.55    741.08    580.56    309.92    336.70 38,639.21 CMSDAY   
Mean         12.97     27.00     78.99    219.93    296.74    444.84     85.80     35.12     23.91     18.73     11.07     10.86    105.86 CMS      
Max          21.40     56.34    301.20    498.70    490.45  1,059.61    168.40     42.49     35.00     22.17     15.37     19.33  1,059.61 CMS      
Min           5.90     13.60     34.22     54.00    145.09    169.19     46.38     26.20     19.00     15.93      9.30      8.78      5.90 CMS      
Runoff       33.61     72.32    204.74    589.05    794.80  1,153.02    229.79     91.03     64.03     50.16     26.78     29.09  3,338.42 MCM      
Momentary Peak    1163.10 CMS, at 220.46 M (MSL.) at 23:00 hours, on Sep 11, 2004
Runoff Yield      30.45 Liters/Second/Square KM, Momentary Peak Yield 334.60 Liters/Second/Square KM

----------------------------------------------------------------------------------------------------------------------------------------------------

Daily Mean Discharge
Computer Center : Royal Irrigation Department, Thailand, Hydrology Division (08-Sep-2026)
Station : (N.64) ,Ban Pha Khwang, Mueang, Nan
Stream : -
River : Nan
Basin : Nan
Rating : -

                                                                 Water Year - 2005                                                                  
                                 Discharge, in Cubic Meter per Second, Water Year April 01, 2005 to March 31, 2006                                  

    Date       Apr       May       Jun       Jul       Aug       Sep       Oct       Nov       Dec       Jan       Feb       Mar    Annual
       1      9.04      9.30     24.43     32.00    272.82    199.53    421.65     58.61     28.67     23.92     15.96     13.78          
       2      9.04      9.30     24.67     30.00    429.62    179.66    314.12     58.61     28.67     23.36     15.96     13.78          
       3      9.04     15.37     34.00     28.00    222.15    324.18    268.11     58.61     28.67     22.79     15.96     13.78          
       4     17.63     17.07     24.00     33.33    155.40    290.46    234.50     58.61     28.67     21.66     15.96     13.78          
       5     14.23     15.37     34.67     28.67    133.37    187.99    197.00     57.82     26.00     21.10     15.96     13.23          
       6     15.37     10.34     32.00     35.00    123.93    275.17    179.66     58.61     24.00     20.53     15.96     13.23          
       7     10.60     10.34     55.46     28.67    140.45    246.94    172.09     58.61     24.00     20.53     15.40     13.23          
       8     10.08     10.60     55.46     32.67    134.16    223.45    163.00     79.07     23.33     19.97     15.96     12.67          
       9     10.08     18.20     52.31     35.00    102.68    208.40    142.81     63.33     22.00     19.40     15.40     12.67          
      10      9.82     19.33     53.89     40.60     90.09    302.80    127.86     59.40     22.00     19.40     15.40     12.67          
      11      9.82     19.33     50.74     30.67     80.64    224.10    107.40     58.61     22.00     19.40     15.40     12.67          
      12      9.04     10.34     27.33     35.00     86.15    189.50    102.68     58.61     22.00     19.40     15.96     12.67          
      13      9.04     10.34     21.60    105.04  1,087.42    215.00     99.53     58.61     23.87     18.23     15.96     12.12          
      14      9.04      9.82     19.90     99.53    996.16    153.83     97.96     53.10     23.87     17.66     15.96     12.12          
      15      8.78      9.30     10.34     62.54    467.20    146.75     95.60     37.80     20.47     17.66     15.96     12.12          
      16      8.78      9.30     20.47     95.60    256.35    145.96     92.45     35.70     20.47     17.10     14.83     11.57          
      17      8.78      9.04     19.90     56.25    264.58    122.35     85.37     35.00     19.33     17.10     14.83     11.57          
      18      8.52      9.04     19.33     72.77    421.65    114.48     79.07     36.40     19.33     17.10     14.83     11.57          
      19      8.52      8.78     19.33     93.23    569.37    184.96     76.71     35.00     19.33     16.53     14.83     11.57          
      20      8.52      9.30     21.03     60.97    387.13    377.83     74.35     34.00     19.33     16.53     14.83     11.57          
      21      8.52      9.82     19.33    111.33    285.76    399.08     71.99     32.67     19.33     16.53     14.27     11.57          
      22      8.52     10.60     30.00    171.33    222.15    265.76     70.41     32.67     20.47     16.53     14.27     11.57          
      23      8.26     17.07     49.17    234.30    198.27    205.87     68.84     32.67     20.47     16.53     13.70     11.57          
      24      8.26     10.60    155.40    330.47    266.94    215.30     68.05     32.00     20.47     16.53     13.70     11.01          
      25      8.26     17.63    145.17    295.26    255.17    178.14     67.27     31.33     20.47     16.53     13.70     11.01          
      26      8.26     16.50     75.92    272.82    234.20    159.34     66.48     30.67     21.60     16.53     13.70     11.01          
      27      8.52     17.07     40.60    215.30    234.45    153.83     62.54     30.00     24.43     16.53     13.70     11.01          
      28      9.56     18.20     34.67    271.64    278.70    258.70     58.61     28.67     22.00     16.53     13.78     11.01          
      29      9.56     19.90     40.60    234.00    258.70    405.72     58.61     28.67     22.00     16.53               11.01          
      30      9.56     23.30     35.00    181.93    207.13    475.60     60.97     28.67     22.00     15.96               18.79          
      31               30.00              189.50    198.90               66.48               22.00     15.96               23.92          

Total       291.05    430.50  1,246.72  3,543.42  9,061.69  7,030.68  3,852.17  1,362.13    701.25    570.06    422.13    395.85 28,907.65 CMSDAY   
Mean          9.70     13.89     41.56    114.30    292.31    234.36    124.26     45.40     22.62     18.39     15.08     12.77     79.20 CMS      
Max          17.63     30.00    155.40    330.47  1,087.42    475.60    421.65     79.07     28.67     23.92     15.96     23.92  1,087.42 CMS      
Min           8.26      8.78     10.34     28.00     80.64    114.48     58.61     28.67     19.33     15.96     13.70     11.01      8.26 CMS      
Runoff       25.15     37.20    107.72    306.15    782.93    607.45    332.83    117.69     60.59     49.25     36.47     34.20  2,497.63 MCM      
Momentary Peak    1262.5 CMS, at 221.10 M (MSL.) at 22:00 hours, on Aug 13, 2005
Runoff Yield      22.78 Liters/Second/Square KM, Momentary Peak Yield 363.19 Liters/Second/Square KM

----------------------------------------------------------------------------------------------------------------------------------------------------

Daily Mean Discharge
Computer Center : Royal Irrigation Department, Thailand, Hydrology Division (08-Sep-2026)
Station : (N.64) ,Ban Pha Khwang, Mueang, Nan
Stream : -
River : Nan
Basin : Nan
Rating : HC1.1589Y/2006

                                                                 Water Year - 2006                                                                  
                                 Discharge, in Cubic Meter per Second, Water Year April 01, 2006 to March 31, 2007                                  

    Date       Apr       May       Jun       Jul       Aug       Sep       Oct       Nov       Dec       Jan       Feb       Mar    Annual
       1     20.53     34.76     81.77     19.97    198.00    565.33     94.83     51.65     27.53     21.40     16.00     13.70          
       2     17.66     33.09     79.33     25.30    235.10    404.46     89.09     50.10     26.41     21.40     16.00     13.70          
       3     16.53     31.42     75.35     25.86    297.10    334.37     83.39     47.78     25.86     21.40     16.00     13.70          
       4     14.83     28.08     66.91     35.88    287.66    269.97     72.93     46.23     25.86     21.40     16.00     13.70          
       5     13.70     22.23     39.85     31.98    323.05    235.40     84.21     47.00     25.30     21.40     15.32     13.70          
       6     13.78     17.10     25.86     57.59    314.79    383.25    129.02     41.57     24.49     20.10     15.32     13.13          
       7     12.67     14.27     22.23    110.77    235.70    260.54    115.74     41.14     24.49     20.10     15.32     13.13          
       8     13.23     13.78     19.97     81.77    502.13    187.92     96.46     41.14     23.92     19.45     15.32     13.13          
       9     13.23     13.23     19.40     56.80    634.75    168.50    177.00     41.14     23.92     19.45     16.00     13.13          
      10     13.23     13.70     20.53     50.50    376.18    166.00    265.26     47.00     25.30     19.40     16.00     13.13          
      11     13.70     13.70     19.40     70.91    262.90    234.50    305.36     42.00     25.30     19.40     16.00     12.56          
      12     13.70     13.78     19.40     56.02    208.67    198.00    182.46     40.71     23.92     19.40     16.00     12.56          
      13     13.78     13.78     18.79     46.23    294.74    177.78    164.33     41.57     23.36     18.72     15.32     12.56          
      14     13.78     13.70     19.40     54.44    291.20    170.17    124.84     41.57     24.49     18.72     14.64     12.56          
      15     13.23     41.14     19.40     51.65    280.59    128.18    114.09     39.85     23.92     19.40     14.64     12.56          
      16     20.53     30.31     19.97     38.99    202.00    130.69    112.43     39.42     23.92     18.72     14.64     11.99          
      17     24.49     22.79     22.79     52.43    206.00    119.89     99.74     39.42     22.79     18.72     14.64     11.99          
      18     21.10     21.66     22.79     84.21    261.72    126.51     90.73     35.88     22.79     18.72     14.64     11.99          
      19     15.96     18.23     19.40    156.83    703.50    136.55    109.11     34.76     22.79     18.72     14.64     11.99          
      20     19.40     17.10     19.40    112.43  1,592.00    164.33     91.55     34.76     22.23     18.72     13.96     11.99          
      21     18.79     16.53     19.40    104.97  2,281.25    190.26     84.21     34.21     22.23     18.04     13.96     11.99          
      22     17.66     26.97     23.92    130.69  1,439.60    236.00     83.39     33.09     22.23     18.04     13.96     11.99          
      23     14.83     38.56     30.31    167.67    660.49    200.00     77.78     30.87     22.79     18.04     13.96     11.99          
      24     13.70     57.00     35.32     97.28    513.33    187.14     70.91     31.42     22.79     18.04     13.96     12.56          
      25     13.78     46.23     31.98    146.00    533.33    164.33     70.11     29.20     22.79     17.36     13.28     12.56          
      26     13.78     34.21     41.57    312.43    717.10    150.17     64.50     29.20     22.23     16.68     13.28     12.56          
      27     13.78     29.75     38.99    380.89    586.67    139.05     62.57     31.98     22.23     16.68     13.28     11.42          
      28     21.10     28.08     35.88    326.59    533.33    111.60     60.98     29.75     21.66     16.00     13.28     11.42          
      29     24.49     22.23     29.75    210.67    451.40    114.09     60.18     29.20     21.66     16.00               11.42          
      30     29.75     47.00     25.30    129.02    404.46     98.92     54.44     28.08     21.66     16.00               11.42          
      31               72.93              161.00    738.90               52.86               21.66     16.00               11.42          

Total       500.72    847.34    964.36  3,387.77 16,567.64  6,153.90  3,344.50  1,151.69    732.52    581.62    415.36    387.65 35,035.07 CMSDAY   
Mean         16.69     27.33     32.15    109.28    534.44    205.13    107.89     38.39     23.63     18.76     14.83     12.50     95.99 CMS      
Max          29.75     72.93     81.77    380.89  2,281.25    565.33    305.36     51.65     27.53     21.40     16.00     13.70  2,281.25 CMS      
Min          12.67     13.23     18.79     19.97    198.00     98.92     52.86     28.08     21.66     16.00     13.28     11.42     11.42 CMS      
Runoff       43.26     73.21     83.32    292.70  1,431.44    531.70    288.96     99.51     63.29     50.25     35.89     33.49  3,027.02 MCM      
Momentary Peak    2582.0 CMS, at 225.15 M (MSL.) at 01:00 hours, on Aug 21, 2006
Runoff Yield      27.61 Liters/Second/Square KM, Momentary Peak Yield 742.78 Liters/Second/Square KM

----------------------------------------------------------------------------------------------------------------------------------------------------

Daily Mean Discharge
Computer Center : Royal Irrigation Department, Thailand, Hydrology Division (08-Sep-2026)
Station : (N.64) ,Ban Pha Khwang, Mueang, Nan
Stream : -
River : Nan
Basin : Nan
Rating : HC.1/1709

                                                                 Water Year - 2007                                                                  
                                 Discharge, in Cubic Meter per Second, Water Year April 01, 2007 to March 31, 2008                                  

    Date       Apr       May       Jun       Jul       Aug       Sep       Oct       Nov       Dec       Jan       Feb       Mar    Annual
       1     10.85     24.00     36.44     42.38    442.60    100.75    102.25     59.86     33.92     26.08     42.29     17.16          
       2     10.85     21.40     35.81     32.66    375.00     90.25     97.75     70.27     33.92     25.17    137.24     18.68          
       3     10.85     19.45     43.63     40.50    380.20     91.75     79.28     66.62     33.29     25.17     90.31     18.68          
       4     10.28     24.65     37.07     39.88    208.13    308.88     76.54     65.89     32.66     24.26     44.70     17.92          
       5     10.28     29.45     37.07     35.18    133.00    404.55    117.16     63.44     32.66     23.35     31.48     16.40          
       6     10.28     33.29     52.61     38.63    147.97    354.75    304.73     56.82     32.03     23.35     29.63     17.16          
       7     10.28     33.92     46.75     41.13    155.81    301.61    278.79     50.50     32.03     23.35     27.90     16.40          
       8     10.28     28.81     33.92     65.16    113.50    208.13    289.16     49.88     31.40     22.44     27.90     15.64          
       9     10.28     28.18     26.91    106.00    124.75    167.14    237.60     48.63     31.40     21.53     26.08     15.64          
      10     10.28     27.54     23.35     49.88    146.23    131.50    309.91     44.25     31.40     20.20     25.17     15.64          
      11     11.42     28.18     22.70     37.07    115.00    464.89    208.13     43.63     30.72     20.20     23.35     14.88          
      12     13.13     30.08     22.05     35.18    100.75    409.27    358.55     43.00     30.08     19.44     19.71     14.88          
      13     16.00     31.40     20.10     31.40     99.25    191.17    313.03     43.63     29.45     19.44     20.20     14.88          
      14     14.64     33.29     19.45     33.92     75.79    174.99    242.40     43.63     29.45     18.68     20.20     14.12          
      15     13.96     28.18     22.70     35.18     65.16    200.20    190.33     43.63     29.45     18.68     18.68     14.12          
      16     15.32     25.30     25.64     32.03    230.53    191.17    191.17     43.63     28.81     17.92     18.68     13.36          
      17     13.70     35.18     35.18     33.92    258.04    167.14    168.01     43.00     28.81     17.16     18.68     12.70          
      18     22.05     37.07     57.72     27.54    138.25    155.81    157.56     41.75     28.18     17.16     17.92     12.70          
      19     37.07     56.12    156.69     30.08     98.50    132.25    131.50     40.50     28.18     17.16     17.92     12.70          
      20     50.50     53.31     72.77     34.55     88.75    137.50    116.38     37.70     28.18     16.40     17.16     14.12          
      21     49.25     39.88     43.63     37.07     96.25    107.50    103.75     37.70     27.54     16.40     17.16     13.36          
      22     48.00     33.29     39.88     44.88     98.50     89.50     98.50     37.07     27.54     17.16     17.16     14.12          
      23     35.81     29.45     30.72     37.07    207.20     80.86     91.00     37.07     26.91     17.16     17.16     12.70          
      24     28.18     24.00     33.29     43.00    215.60     78.49     89.50     36.44     26.91     16.40     17.16     12.70          
      25     21.40     23.35     36.44     68.81    191.17     63.44     80.86     35.81     25.64     16.40     17.16     12.23          
      26     18.04     25.64     33.92     52.61    210.00     72.77     73.52     35.18     25.30     16.40     16.40     12.23          
      27     22.05     24.65     65.16     44.25    137.50    288.13     70.27     34.55     24.00     16.40     16.40     14.88          
      28     26.27     22.70    111.25    160.17    121.84    318.21     65.89     34.55     24.00     15.64     16.40     14.88          
      29     27.54     24.00     79.28    192.83    120.28    147.97     59.15     33.92     24.00     18.68     16.40     12.23          
      30     25.30     32.03     54.71     97.00    139.00    122.62     59.86     33.92     23.35     20.20               12.23          
      31               32.66               98.50    124.00               59.86               23.35     20.20               12.70          

Total       614.14    940.45  1,356.84  1,698.46  5,158.55  5,753.19  4,822.39  1,356.47    894.56    608.18    826.60    452.04 24,481.87 CMSDAY   
Mean         20.47     30.34     45.23     54.79    166.40    191.77    155.56     45.22     28.86     19.62     28.50     14.58     66.89 CMS      
Max          50.50     56.12    156.69    192.83    442.60    464.89    358.55     70.27     33.92     26.08    137.24     18.68    464.89 CMS      
Min          10.28     19.45     19.45     27.54     65.16     63.44     59.15     33.92     23.35     15.64     16.40     12.23     10.28 CMS      
Runoff       53.06     81.25    117.23    146.75    445.70    497.08    416.65    117.20     77.29     52.55     71.42     39.06  2,115.24 MCM      
Momentary Peak    616.00 CMS, at 217.46 M (MSL.) at 21:00 hours, on Sep 11, 2007
Runoff Yield      19.24 Liters/Second/Square KM, Momentary Peak Yield 177.21 Liters/Second/Square KM

----------------------------------------------------------------------------------------------------------------------------------------------------

Daily Mean Discharge
Computer Center : Royal Irrigation Department, Thailand, Hydrology Division (08-Sep-2026)
Station : (N.64) ,Ban Pha Khwang, Mueang, Nan
Stream : -
River : Nan
Basin : Nan
Rating : HC1.1825/2008

                                                                 Water Year - 2008                                                                  
                                 Discharge, in Cubic Meter per Second, Water Year April 01, 2008 to March 31, 2009                                  

    Date       Apr       May       Jun       Jul       Aug       Sep       Oct       Nov       Dec       Jan       Feb       Mar    Annual
       1     12.70     58.33     57.74     82.43    416.60    301.25    120.30     72.78     35.03     42.38     19.36     15.20          
       2     12.70     42.02     56.19     74.43    330.70    328.38    120.48     74.66     33.82     41.48     20.20     14.37          
       3     14.12     32.61     54.05    151.00    329.15    279.55    110.24     77.10     32.61     39.67     20.19     13.53          
       4     12.70     35.03    104.44    199.40    303.58    279.55    113.86     97.53     33.82     37.86     20.19     10.00          
       5     12.23     31.40    197.50    199.20    415.50    233.87    101.30     87.76     35.03     37.86     20.19     10.00          
       6     17.92     33.33    199.10    200.50    488.10    438.60    135.63     81.54     33.82     36.95     20.20     10.00          
       7     20.62     47.38    149.50    137.24    672.80    319.08    137.39     76.21     35.03     31.52     20.20     10.00          
       8     15.64     39.34    112.29    187.00  1,001.42    295.05    201.90     74.66     37.45     32.43     20.20     10.00          
       9     12.70     42.29     86.87    253.55    660.00    281.10    197.50     66.20     36.24     28.81     20.19      9.56          
      10     14.88     36.24     71.84    194.50    535.50    229.46    117.12     62.44     35.03     27.94     20.19      9.56          
      11     15.64     78.87     68.08    149.50    472.70    190.00    115.00     58.33     33.82     27.08     20.19     10.00          
      12     16.40     76.21     96.59    117.12    658.40    175.00    135.92     52.98     33.82     24.50     19.36      9.56          
      13     16.40     47.38    467.20    199.20    703.49    200.70    113.86     50.84     33.82     24.50     19.36      9.56          
      14     21.53     41.08    359.58    412.20    572.14    289.63    101.30     56.19     31.40     23.64     19.36      9.56          
      15     24.26     32.61    246.61    321.40    482.60    253.55     90.31     52.98     32.40     22.78     18.53     10.00          
      16     25.17     30.55    167.50    234.36    383.42    197.50    100.20     49.77     31.48     21.92     19.36     10.00          
      17     25.93     28.70    135.19    196.00    326.05    182.50     99.31     50.06     30.55     21.06     19.36     13.53          
      18     21.53     28.70    115.36    388.00    483.70    181.00     88.65     47.38     29.63     20.20     19.36     13.53          
      19     20.20     31.48    110.72    772.60    435.30    243.67     85.09     46.04     28.70     20.20     19.36     10.00          
      20     25.93     32.40     93.45    858.50    365.08    235.83     79.76     43.36     26.85     20.20     19.36     10.00          
      21     27.78     29.63     95.02    708.34    377.00    235.83     83.32     43.50     27.90     20.19     19.36     14.37          
      22     24.26     26.85     98.42    536.72    338.45    232.40    117.92     42.29     29.63     19.36     17.70     14.37          
      23     27.90     50.06    125.60    461.70    296.60    201.00    112.29     41.08     28.70     19.36     16.86     14.37          
      24     26.08     60.56    100.20    448.50    245.14    169.00    101.30     42.29     28.70     18.53     16.86     15.20          
      25     22.44     39.34     83.32    482.60    451.80    138.41    112.80     40.68     26.85     18.53     16.03     15.20          
      26     21.53     42.29     78.87    366.92    508.90    137.39    100.20     43.50     25.93     19.36     16.03     16.03          
      27     26.85     42.29     71.84    321.40    445.20    136.51     85.98     41.08     29.63     19.36     16.03     16.03          
      28     52.98     42.02     60.56    286.53    511.50    117.12     76.21     39.87     42.29     19.36     15.20     16.03          
      29     43.36     36.24     56.19    437.50    367.83    110.24     70.90     38.66     42.29     18.53               16.86          
      30     36.24     31.40    112.29    386.17    367.83    160.00     65.26     37.45     41.08     19.36               16.86          
      31               35.03              499.10    304.35               62.44               39.87     19.36               16.86          

Total       668.62  1,261.66  3,832.11 10,263.61 14,250.83  6,773.17  3,353.74  1,689.21  1,023.22    794.28    528.78    390.14 44,829.37 CMSDAY   
Mean         22.29     40.70    127.74    331.08    459.70    225.77    108.19     56.31     33.01     25.62     18.89     12.59    122.82 CMS      
Max          52.98     78.87    467.20    858.50  1,001.42    438.60    201.90     97.53     42.29     42.38     20.20     16.86  1,001.42 CMS      
Min          12.23     26.85     54.05     74.43    245.14    110.24     62.44     37.45     25.93     18.53     15.20      9.56      9.56 CMS      
Runoff       57.77    109.01    331.09    886.78  1,231.27    585.20    289.76    145.95     88.41     68.63     45.69     33.71  3,873.27 MCM      
Momentary Peak    1200.0 CMS, at 220.70 M (MSL.) at 04:00 hours, on Aug 08, 2008
Runoff Yield      35.33 Liters/Second/Square KM, Momentary Peak Yield 345.21 Liters/Second/Square KM

----------------------------------------------------------------------------------------------------------------------------------------------------

Daily Mean Discharge
Computer Center : Royal Irrigation Department, Thailand, Hydrology Division (08-Sep-2026)
Station : (N.64) ,Ban Pha Khwang, Mueang, Nan
Stream : -
River : Nan
Basin : Nan
Rating : HC1.1945Y/2009

                                                                 Water Year - 2009                                                                  
                                 Discharge, in Cubic Meter per Second, Water Year April 01, 2009 to March 31, 2010                                  

    Date       Apr       May       Jun       Jul       Aug       Sep       Oct       Nov       Dec       Jan       Feb       Mar    Annual
       1     16.86     35.14     34.24    191.39     69.24    126.00     59.56     45.10     19.36     15.40     15.40      7.00          
       2     19.36     33.33     27.90    169.45    159.12    125.00     54.12     43.29     17.70     16.25     14.55      6.50          
       3     20.19     34.24     24.50    105.16    125.00    106.48     63.64     41.48     16.86     16.25     13.70      6.00          
       4     19.36     33.33     21.92     74.71     99.07     87.95     62.28     39.67     16.86     15.40     10.00      6.50          
       5     19.36     31.52     24.50    135.00     65.00     76.84     56.84     37.86     17.70     14.55     10.00      6.50          
       6     20.20     29.71     27.08    483.33     56.84     74.71     54.12     41.48     16.86     14.55     10.00      6.50          
       7     21.06     27.90     27.90    388.68     97.83     74.71     51.40     41.48     17.70     17.10     10.00      6.50          
       8     20.20     27.08     27.90    220.70    126.87     69.24     59.56     41.48     18.53     29.00      9.00      6.50          
       9     20.20     21.92     28.81    148.80     94.13     67.05     51.40     40.57     17.70     23.05      9.00      5.00          
      10     21.92     23.64     30.62    122.04     87.95     70.33     51.40     40.57     16.86     18.80      9.00      5.00          
      11     26.22     19.36     30.62    106.48    120.00     68.15     52.76     40.57     16.86     16.25      8.50      5.00          
      12     31.52     16.03     27.94     80.54    125.00     67.05     52.76     39.67     16.86     15.40      8.50      5.50          
      13     31.52     10.00     30.62    272.68    110.12     80.17     65.00     36.05     16.86     14.55      8.50      6.00          
      14     31.52      8.24     23.64    481.88    175.90     65.96     63.77     35.14     17.70     14.55      8.00      6.00          
      15     43.29      7.36     25.36    219.78    404.69     67.05     56.84     34.24     17.70     14.55      8.00      6.00          
      16     44.19     19.36     42.38    164.28    441.10    148.80     55.48     35.14     16.86     14.55      8.00      6.00          
      17     41.48     23.64     46.73    143.63    211.40    250.99     51.40     34.24     20.19     13.70      8.00      6.00          
      18     40.57     16.03     53.18    335.00    144.92    236.20     51.40     33.33     20.19      9.50      8.00      5.50          
      19     38.76     25.36     45.65    312.95    141.00    142.34     52.10     32.43     20.19      9.00      7.50      5.50          
      20     36.95     79.08     35.14    191.39    108.95    123.00     51.40     31.52     20.19      7.50      7.50      8.00          
      21     32.43     46.00     28.81    135.75    105.24    100.20     96.60     30.62     19.36      9.00      7.50      9.00          
      22     22.78     24.50     27.08    129.84    156.54     97.83    110.18     29.71     18.53      9.50      8.50      8.00          
      23     18.53     20.20     24.50     94.13    107.71     97.83    104.01     27.90     16.86     13.70      7.50      8.00          
      24     16.03     23.64     29.71     76.84    135.89     90.42     92.89     27.94     17.70     12.85      7.50      7.00          
      25     15.20     20.20     27.94     80.17    107.71     95.36     69.24     25.36     16.86     16.25      8.00      6.00          
      26     18.53     20.19     31.52     68.15     84.25     96.60     65.00     21.92     16.03     15.40      8.00      6.00          
      27     40.57     21.92     30.62     61.59     79.08     87.95     60.92     20.20     16.86     17.95      7.50      6.00          
      28     40.57     20.20     52.10     55.48     74.71     75.80     56.84     20.20     16.86     20.50      7.00      6.00          
      29     38.76     21.92     75.60     65.96     70.33     71.43     51.03     20.19     16.03     17.10                6.00          
      30     36.95     29.71    150.09     59.56     65.00     59.56     51.03     20.19     16.86     16.25                7.50          
      31               40.57               49.95    117.00               46.00               16.86     16.25                7.50          

Total       845.08    811.32  1,114.60  5,225.29  4,067.59  3,001.00  1,920.97  1,009.54    548.54    474.65    252.65    198.50 19,469.73 CMSDAY   
Mean         28.17     26.17     37.15    168.56    131.21    100.03     61.97     33.65     17.69     15.31      9.02      6.40     53.34 CMS      
Max          44.19     79.08    150.09    483.33    441.10    250.99    110.18     45.10     20.19     29.00     15.40      9.00    483.33 CMS      
Min          15.20      7.36     21.92     49.95     56.84     59.56     46.00     20.19     16.03      7.50      7.00      5.00      5.00 CMS      
Runoff       73.01     70.10     96.30    451.47    351.44    259.29    165.97     87.22     47.39     41.01     21.83     17.15  1,682.18 MCM      
Momentary Peak    738.80 CMS, at 217.76 M (MSL.) at 01:00 hours, on Jul 14, 2009
Runoff Yield      15.35 Liters/Second/Square KM, Momentary Peak Yield 212.54 Liters/Second/Square KM

----------------------------------------------------------------------------------------------------------------------------------------------------

Daily Mean Discharge
Computer Center : Royal Irrigation Department, Thailand, Hydrology Division (08-Sep-2026)
Station : (N.64) ,Ban Pha Khwang, Mueang, Nan
Stream : -
River : Nan
Basin : Nan
Rating : HC1.2077/2010

                                                                 Water Year - 2010                                                                  
                                 Discharge, in Cubic Meter per Second, Water Year April 01, 2010 to March 31, 2011                                  

    Date       Apr       May       Jun       Jul       Aug       Sep       Oct       Nov       Dec       Jan       Feb       Mar    Annual
       1      8.50      8.00      8.00     26.45    104.11    574.46    170.75     44.60     26.45     18.33     11.10     11.10          
       2      7.00     14.55     10.00     32.40     95.66    552.28    136.20     43.20     25.60     18.33     11.10     12.13          
       3      6.50      8.50      9.50     25.60    365.59    366.88    112.57     43.20     25.60     18.33     11.10     11.10          
       4      6.00      9.00      8.50     21.35    279.73    304.18     94.60     41.10     24.75     17.30     11.10     11.10          
       5      5.50      7.50     16.25     16.25    294.86    248.29     82.97     35.80     24.75     17.30     11.10     10.07          
       6      5.00      7.50     15.40     15.40    673.03    207.54     79.80     39.00     24.75     16.27     10.07     10.10          
       7      5.00      6.50     16.25     30.70    751.20    174.94     77.69     39.00     24.75     16.27     10.07      8.20          
       8      4.50      5.50     50.27     21.35    372.03    158.25     75.57     35.80     23.90     15.23     10.07     10.10          
       9      3.50      7.50     23.90     18.80    346.30    197.06     77.69     35.80     23.90     15.23     10.07     11.05          
      10      4.00      6.00     17.10     18.80    387.48    199.39     75.57     34.95     23.90     15.23     10.07      9.15          
      11      4.50      8.00     13.70     20.50    446.70    272.74     75.57     34.95     23.90     14.20      9.03      9.15          
      12      4.50     22.20      9.50     14.55    481.46    360.44     72.40     34.95     23.90     15.23      9.03     10.10          
      13      4.00     21.35     13.70     16.25    300.69    314.40     70.29     34.10     29.00     17.30      9.03     11.05          
      14      4.00     25.60     23.90     16.25    340.80    395.20     69.23     33.25     32.40     16.27      9.03     12.00          
      15      4.00     17.10     18.80     13.70    378.46    632.29     67.11     33.25     31.55     16.27      9.03     12.00          
      16      4.00     15.40     20.50     14.55    311.10    881.40     67.11     32.40     31.55     16.27     12.00     10.07          
      17      4.00     29.85     15.40    113.63    344.10    547.13     58.93     32.40     27.30     15.23     12.00     16.27          
      18      4.50     29.00     10.00    526.53    680.91    381.04     56.33     32.40     27.30     15.23     12.00     29.20          
      19      9.00     22.20      8.50    698.95    667.77    306.51     57.20     31.55     26.45     15.23     12.00     26.40          
      20      9.50     14.55      7.50    190.08    405.50    262.26     56.33     30.70     26.45     14.20     12.00     21.43          
      21      8.50      9.50      7.00     91.43    316.60    234.32     57.20     29.00     26.45     14.20     12.00     17.30          
      22      7.00      9.50      7.00    292.54    351.80    221.51     56.33     29.00     25.60     14.20     12.00     13.17          
      23      5.50     29.85     13.70    467.30    310.00    262.26     55.47     29.00     23.90     13.17     12.00     12.13          
      24      5.00     40.40     18.80    262.26    237.81    226.17     52.87     29.00     22.20     13.17     12.00     11.10          
      25      5.00     29.00     16.25    261.10    388.76    199.39     50.27     29.00     22.20     12.13     12.00     10.07          
      26      6.50     20.50     13.70    270.41    556.14    158.25     50.27     28.15     23.05     12.13     12.00      9.03          
      27      6.00     17.10     12.85    192.41    644.11    153.25     59.80     27.30     23.05     12.13      9.03      9.03          
      28      6.00     14.55     29.85    198.23    445.41    143.80     55.47     27.30     22.20     13.17     10.07     12.00          
      29      8.50     13.70     23.90    129.20    484.04    153.25     50.27     27.30     20.50     12.13                9.03          
      30      9.00      9.50     24.75    124.20    499.49    215.69     49.40     26.45     20.50     12.13               12.13          
      31                8.50              112.57    634.91               45.30               20.50     12.13               12.13          

Total       174.50    487.90    484.47  4,253.74 12,896.55  9,304.57  2,216.56  1,003.90    778.30    463.94    302.10    388.89 32,755.42 CMSDAY   
Mean          5.82     15.74     16.15    137.22    416.02    310.15     71.50     33.46     25.11     14.97     10.79     12.54     89.74 CMS      
Max           9.50     40.40     50.27    698.95    751.20    881.40    170.75     44.60     32.40     18.33     12.00     29.20    881.40 CMS      
Min           3.50      5.50      7.00     13.70     95.66    143.80     45.30     26.45     20.50     12.13      9.03      8.20      3.50 CMS      
Runoff       15.08     42.15     41.86    367.52  1,114.26    803.91    191.51     86.74     67.25     40.08     26.10     33.60  2,830.06 MCM      
Momentary Peak    978.00 CMS, at 219.45 M (MSL.) at 24:00 hours, on Jul 18, 2010
Runoff Yield      25.82 Liters/Second/Square KM, Momentary Peak Yield 281.35 Liters/Second/Square KM

----------------------------------------------------------------------------------------------------------------------------------------------------

Daily Mean Discharge
Computer Center : Royal Irrigation Department, Thailand, Hydrology Division (08-Sep-2026)
Station : (N.64) ,Ban Pha Khwang, Mueang, Nan
Stream : -
River : Nan
Basin : Nan
Rating : HC1.2228Y/2011

                                                                 Water Year - 2011                                                                  
                                 Discharge, in Cubic Meter per Second, Water Year April 01, 2011 to March 31, 2012                                  

    Date       Apr       May       Jun       Jul       Aug       Sep       Oct       Nov       Dec       Jan       Feb       Mar    Annual
       1     10.07     46.44     77.00    507.10    343.71    252.80    387.21    111.10     37.08     22.20     15.20     12.65          
       2     10.07     33.40     52.68    372.71    410.17    238.50    366.67    103.87     37.08     22.20     13.80     11.70          
       3     12.00     34.80     48.52    302.00    411.38    206.15    279.00     95.60     37.08     20.80     13.80     11.70          
       4     12.00     65.16     46.44    279.00    338.88    247.30    237.40     73.48     36.04     20.80     13.80     11.70          
       5     12.00     56.84     47.48    223.10    277.00    382.38    209.50     65.16     37.60     20.80     13.80     11.70          
       6     11.05     86.30     97.67    183.82    264.90    401.71    187.17     61.00     33.40     20.80     13.80     11.70          
       7     22.47     63.08    124.53    159.33    596.29    507.10    169.89     59.96     30.60     20.80     12.40     11.70          
       8     36.20     37.08     82.17    137.97    576.61    625.81    165.67     57.88     30.60     20.80     12.40     11.70          
       9     21.43     33.40     88.37    134.87    435.54    511.70    164.61     55.80     29.20     20.80     12.40     12.65          
      10     13.17     54.76     68.28    277.00    445.00    447.30    156.17     54.76     27.80     19.40     12.40     12.65          
      11     15.23    130.73     55.80    295.00    373.92    378.75    147.72     53.72     25.00     19.40     12.40     12.65          
      12     15.23     71.40     53.72    206.15    410.17    297.00    137.97     53.72     25.00     19.40     11.00     13.60          
      13     12.13     48.52     52.68    217.32    381.17    272.00    126.60     53.72     25.00     20.80     11.00     13.60          
      14     13.17     46.44     46.44    579.07    335.25    271.00    120.40     53.72     25.00     19.40     11.00     12.65          
      15     11.10     42.28     44.36    625.81    293.00    285.00    118.33     52.68     25.00     19.40     11.00     11.00          
      16     11.10     42.28     42.28    614.74    257.20    329.21    132.80     50.60     25.00     20.80     11.00     12.40          
      17     12.13     47.48     41.24    755.02    343.71    304.00    116.27     49.56     25.00     20.80     14.55     11.00          
      18     13.17    137.97     39.16    480.65    325.58    491.00    108.00     48.52     25.00     19.40     14.55     11.00          
      19     13.17    113.17     38.12    369.08    419.83    682.39    104.90     47.48     25.00     18.00     14.55     13.60          
      20     11.10    101.80     46.44    477.20    668.86    508.25     97.67     45.40     25.00     18.00     14.55     13.60          
      21     10.07    130.73     45.40    434.33    644.26    609.82     93.53     44.36     25.00     18.00     13.60     12.65          
      22      9.03     90.43     42.28    423.46    866.04    535.85     89.40     43.32     27.63     16.60     13.60     12.65          
      23      9.03     49.56     38.12    358.21    618.43    423.46     84.23     43.32     27.63     16.60     12.65     10.75          
      24     19.37     39.16     39.16    423.46    478.35    386.00     81.13     42.28     26.60     16.60     12.65     10.75          
      25     32.00     62.04    116.27    347.33    425.88    352.17     77.00     42.28     26.60     15.20     12.65      9.80          
      26     23.50     70.36    917.67    261.60    418.63    342.50     77.00     41.24     26.60     15.20     12.65      9.80          
      27     15.23     57.88  1,429.55    241.80    387.21    379.96     77.00     41.24     27.63     13.80     12.65      9.80          
      28     13.17     72.44  1,252.65    252.80    366.67    301.00     77.00     40.20     26.60     13.80     12.65     14.55          
      29     14.20     84.23    716.29    211.73    295.00    275.00     74.52     39.16     26.60     13.80     12.65     13.60          
      30     17.30     73.48    419.83    193.87    273.00    261.60     71.40     39.16     26.60     13.80               10.75          
      31               83.20              257.20    260.50               71.40               26.60     15.20                9.80          

Total       450.89  2,106.84  6,210.60 10,602.73 12,942.14 11,506.71  4,407.56  1,664.29    880.57    573.40    375.15    369.85 52,090.73 CMSDAY   
Mean         15.03     67.96    207.02    342.02    417.49    383.56    142.18     55.48     28.41     18.50     12.94     11.93    142.33 CMS      
Max          36.20    137.97  1,429.55    755.02    866.04    682.39    387.21    111.10     37.60     22.20     15.20     14.55  1,429.55 CMS      
Min           9.03     33.40     38.12    134.87    257.20    206.15     71.40     39.16     25.00     13.80     11.00      9.80      9.03 CMS      
Runoff       38.96    182.03    536.60    916.08  1,118.20    994.18    380.81    143.79     76.08     49.54     32.41     31.96  4,500.64 MCM      
Momentary Peak    1460.00 CMS, at 222.60 M (MSL.) at 10:00 hours, on Jun 27, 2011
Runoff Yield      40.94 Liters/Second/Square KM, Momentary Peak Yield 420.01 Liters/Second/Square KM

----------------------------------------------------------------------------------------------------------------------------------------------------

Daily Mean Discharge
Computer Center : Royal Irrigation Department, Thailand, Hydrology Division (08-Sep-2026)
Station : (N.64) ,Ban Pha Khwang, Mueang, Nan
Stream : -
River : Nan
Basin : Nan
Rating : HC1.Y/2012

                                                                 Water Year - 2012                                                                  
                                 Discharge, in Cubic Meter per Second, Water Year April 01, 2012 to March 31, 2013                                  

    Date       Apr       May       Jun       Jul       Aug       Sep       Oct       Nov       Dec       Jan       Feb       Mar    Annual
       1     11.70     19.40     34.56     22.20    236.83    323.28     75.70     57.50    109.25     26.20     34.50     26.20          
       2     13.60     16.60     39.41     22.20    179.25    494.82     71.80     53.60     89.23     26.20     33.00     25.05          
       3     12.65     15.20     47.00     28.12    173.78    410.70     76.00     49.50     60.10     25.05     34.50     23.90          
       4     14.55     14.55     47.00     39.50    198.38    373.46     90.34     49.50     51.00     22.75     28.50     22.75          
       5     29.71     13.60     42.00     62.70    162.65    267.71     98.13     50.75     47.00     22.75     28.50     21.60          
       6     31.56     28.12     39.41    118.15    135.95    208.50    108.14     49.50     39.50     22.75     26.20     21.60          
       7     21.24     57.50     38.20     69.20    117.04    176.00     98.13     50.75     39.41     23.90     25.05     21.60          
       8     23.60     64.00     45.75     73.10    140.40    154.86     80.55     48.25     35.78     25.05     18.15     20.45          
       9     19.40     44.50     50.75     56.20    438.14    161.54     77.00     48.25     36.99     25.05     18.15     20.45          
      10     16.60     35.00     50.75     50.75    598.84    213.00     69.20     45.75     34.56     23.90     16.87     14.08          
      11     15.20     26.40     43.25     49.50    493.65    167.10     69.20     45.75     33.35     23.90     15.94      5.40          
      12     12.40     13.60     34.56     67.90    371.50    142.63     65.30     45.75     36.99     23.90     15.01      5.04          
      13     12.40     11.70     30.93     93.68    241.41    127.05     62.70     42.00     35.78     22.75     15.01      3.60          
      14     12.40     12.40     33.28     70.50    197.25    193.88     61.40     39.50     34.56     22.75     15.01      3.60          
      15     12.40     12.40     28.12     82.82    176.00    199.50     66.60     42.00     33.35     21.60     15.01      2.64          
      16     11.00     15.20     29.84    100.35    170.44    154.86     69.20     40.75     33.35     21.60     14.08      2.16          
      17     14.55     16.60     26.40     67.90    153.75    129.28     74.86     39.41     33.35     21.60     13.15      2.16          
      18     11.00     16.60     28.12     57.50    142.63    117.04     95.90     38.20     33.35     21.60     13.15      4.08          
      19     11.00     16.60     28.12     60.10    133.73    113.70     83.95     38.20     32.14     21.60     13.15      9.43          
      20     14.55     19.40     19.52     70.50    153.75    105.91     79.41     36.99     32.14     21.60     13.15     10.36          
      21     13.60     20.80     25.00     61.40    153.75    131.50     78.27     38.20     33.35     19.30     12.22     11.00          
      22     12.65     20.80     25.00     54.90    168.21    109.25     73.10     38.20     32.14     17.80     12.22     11.00          
      23     12.65     18.00     19.52     53.60    138.18     98.13     70.50     39.50     32.14     17.80     14.08     10.30          
      24     12.65     22.20     25.00    316.12    141.51     91.45     67.90     39.41     32.14     17.80     17.80     10.30          
      25     11.70     23.60     25.00    368.56    128.16     95.90     61.40     39.41     29.71     16.87     15.01     11.00          
      26     11.70     40.75     23.60    190.50    165.99    103.69     60.10     39.50     29.71     16.87     13.15     11.00          
      27     12.65     61.40     25.00    147.08    179.25    100.35     60.10     49.50     29.71     16.87     14.08     10.30          
      28     12.65     42.00     22.20    142.63    181.50     93.68     60.10    107.03     35.00     16.87     22.75      9.60          
      29     19.52     42.00     22.20    181.50    189.38     79.41     58.80    143.74     35.00     16.87                9.60          
      30     29.84     36.99     20.80    229.97    198.38     74.86     58.80    118.15     35.00     16.87               10.30          
      31               33.35              190.50    260.85               56.20               31.56     27.35               11.00          

Total       471.12    831.26    970.29  3,199.63  6,520.53  5,213.04  2,278.78  1,564.54  1,236.64    667.77    527.39    381.55 23,862.54 CMSDAY   
Mean         15.70     26.81     32.34    103.21    210.34    173.77     73.51     52.15     39.89     21.54     18.84     12.31     65.38 CMS      
Max          31.56     64.00     50.75    368.56    598.84    494.82    108.14    143.74    109.25     27.35     34.50     26.20    598.84 CMS      
Min          11.00     11.70     19.52     22.20    117.04     74.86     56.20     36.99     29.71     16.87     12.22      2.16      2.16 CMS      
Runoff       40.70     71.82     83.83    276.45    563.37    450.41    196.89    135.18    106.85     57.70     45.57     32.97  2,061.74 MCM      
Momentary Peak    704.75 CMS, at 216.95 M (MSL.) at 08:00 hours, on Aug 10, 2012
Runoff Yield      18.81 Liters/Second/Square KM, Momentary Peak Yield 202.74 Liters/Second/Square KM

----------------------------------------------------------------------------------------------------------------------------------------------------

Daily Mean Discharge
Computer Center : Royal Irrigation Department, Thailand, Hydrology Division (08-Sep-2026)
Station : (N.64) ,Ban Pha Khwang, Mueang, Nan
Stream : -
River : Nan
Basin : Nan
Rating : HC1.2520/Y2013

                                                                 Water Year - 2013                                                                  
                                 Discharge, in Cubic Meter per Second, Water Year April 01, 2013 to March 31, 2014                                  

    Date       Apr       May       Jun       Jul       Aug       Sep       Oct       Nov       Dec       Jan       Feb       Mar    Annual
       1     11.00      8.90     15.01     29.25    473.20    217.26    108.85     35.25     25.05     16.00      7.81      3.85          
       2      9.43      9.60     14.08     22.75    374.98    179.81     98.50     33.75     23.90     15.50      7.81      3.85          
       3     11.29     15.94     21.60     20.45    265.41    151.73     88.15     32.25     23.90     15.50      7.81      3.85          
       4      9.43     15.94     23.90     20.45    186.50    124.95     79.00     31.50     23.90     15.50      7.58      3.85          
       5      9.43     27.35     21.60     35.25    162.43    134.34     78.00     31.50     23.90     15.50      7.58      3.85          
       6     11.00     29.25     32.25     30.00    149.05    298.90     79.00     30.00     23.90     15.00      7.58      3.70          
       7     11.00     26.20     25.05     25.05    297.60    382.44     76.00     26.20     23.90     14.50      7.35      3.70          
       8     10.30     23.90     27.35     20.45    355.11    238.66     65.00     28.50     23.90     15.00      7.35      3.55          
       9      9.60     29.25     21.60     25.05    644.67    272.10     55.95     30.00     19.30     14.50      7.35      3.55          
      10      9.60     46.30     22.75     34.50    648.67    205.23     55.40     30.00     15.94     14.50      7.35      3.55          
      11      9.60     28.50     51.55     34.50    480.40    169.11     53.75     28.50     15.94     14.00      6.89      3.55          
      12      9.60     20.45     34.50     42.05    339.20    147.71     53.75     29.25     15.94     14.00      6.89      3.40          
      13      9.60     17.80     30.00     51.55    249.36    189.18     52.65     29.25     16.87     13.50      6.89      3.40          
      14     10.30     15.94     17.80     53.75    233.31    149.05     52.10     29.25     16.87     13.50      6.66      3.55          
      15     10.36     13.15     15.01     76.00    198.54    266.75     51.00     28.50     23.90     14.00      6.66      3.55          
      16     10.36     12.22     13.15     90.45    201.21    240.00     51.00     28.50    106.55     14.50      6.66      3.40          
      17     11.29     11.29     10.36     93.90    214.59    186.50     51.55     28.50     47.15     13.00      6.66      3.40          
      18     10.36     11.00      9.43     76.00    159.75    167.78     53.75     27.35     31.50     13.00      6.66      3.25          
      19     11.00     10.36     10.36     70.00    171.79    155.74     54.85     27.35     29.25     13.00      6.66      3.25          
      20     10.30     15.01     15.01     55.40    214.59    143.70     53.20     30.00     30.75     12.50      6.43      3.25          
      21      9.60     23.90     30.75     52.10    195.86    116.90     46.30     29.25     30.00      8.50      4.00      3.25          
      22      9.60     17.80     27.35     52.65    351.10    107.70     45.45     28.50     25.05      8.50      4.00      3.25          
      23      9.60     18.15     17.80    115.75    274.78     98.50     45.45     28.50     20.45      8.50      4.00      3.25          
      24     10.30     18.15     16.87    165.10    305.40    101.95     51.55     27.35     19.30      8.50      4.00      3.40          
      25     10.30     30.75     16.87    146.38    210.58    118.05     71.00     26.20     17.80      8.27      4.00      3.40          
      26     11.00     21.60     21.60    123.80    182.49    123.80     52.10     26.20     17.80      8.27      4.00      6.43          
      27     11.00     17.80     23.90    106.55    183.83    171.79     45.45     26.20     17.80      8.04      4.00      6.43          
      28     10.30     14.08     28.50    118.05    167.78    194.53     42.90     26.20     16.87      8.04      4.00      6.43          
      29      8.90     11.29     31.50    780.00    147.71    149.05     41.20     25.05     16.87      8.04                4.00          
      30      8.90      9.43     29.25  1,049.60    163.76    119.20     36.00     25.05     15.94      8.04                3.85          
      31               13.15              459.60    290.83               36.00               15.94      7.81                3.70          

Total       304.35    584.45    676.75  4,076.38  8,494.48  5,322.41  1,824.85    863.90    776.13    377.01    174.63    118.69 23,594.03 CMSDAY   
Mean         10.15     18.85     22.56    131.50    274.02    177.41     58.87     28.80     25.04     12.16      6.24      3.83     64.64 CMS      
Max          11.29     46.30     51.55  1,049.60    648.67    382.44    108.85     35.25    106.55     16.00      7.81      6.43  1,049.60 CMS      
Min           8.90      8.90      9.43     20.45    147.71     98.50     36.00     25.05     15.94      7.81      4.00      3.25      3.25 CMS      
Runoff       26.30     50.50     58.47    352.20    733.92    459.86    157.67     74.64     67.06     32.57     15.09     10.25  2,038.53 MCM      
Momentary Peak    1330.80 CMS, at 219.82 M (MSL.) at 01:00 hours, on Jul 30, 2013
Runoff Yield      18.60 Liters/Second/Square KM, Momentary Peak Yield 382.84 Liters/Second/Square KM

----------------------------------------------------------------------------------------------------------------------------------------------------

Daily Mean Discharge
Computer Center : Royal Irrigation Department, Thailand, Hydrology Division (08-Sep-2026)
Station : (N.64) ,Ban Pha Khwang, Mueang, Nan
Stream : -
River : Nan
Basin : Nan
Rating : HC1.2654/Y2014

                                                                 Water Year - 2014                                                                  
                                 Discharge, in Cubic Meter per Second, Water Year April 01, 2014 to March 31, 2015                                  

    Date       Apr       May       Jun       Jul       Aug       Sep       Oct       Nov       Dec       Jan       Feb       Mar    Annual
       1      3.25     12.50      7.81     14.50     94.00    393.40    146.93     35.30     27.60     17.60     10.40      8.40          
       2      3.10      8.04      7.81     15.00     97.25    402.40    123.25     35.30     27.60     17.60     10.00      6.20          
       3      3.10      7.58      7.12     13.00    234.33    397.90    110.25     57.00     26.90     17.60     10.00      6.20          
       4      3.10     13.00      4.00     13.50    201.40    397.90    105.38     77.95     26.90     17.60      9.60      6.20          
       5      3.40     13.50      6.66     12.50    266.00    378.10     94.00     55.50     26.90     17.60      9.60      6.20          
       6      3.70     13.50      7.58      8.50    254.60    531.00     97.25     66.00     26.20     17.60      9.60      6.20          
       7      3.70     28.30      7.81     31.10    271.07    398.80     82.63     76.30     24.80     17.60      9.20      6.20          
       8      6.66     33.90      7.12    125.20    186.20    322.60     81.25     85.88     17.00     17.60      9.20      6.20          
       9      4.00     58.50      7.35     89.13    158.33    253.33     73.00     59.80     17.00     19.25      9.20      5.56          
      10      3.85     34.60      8.50     84.25    123.25    198.87     64.75     57.00     17.00     57.23      9.20      5.24          
      11      3.85     14.50     13.00     76.30    111.88    165.93     61.45     42.00     17.00     62.10      8.80      5.24          
      12      6.43      8.27      8.04     34.60    100.50    159.60     58.15     42.00     16.50     40.38      8.80      5.24          
      13      4.00      8.04      8.50     73.00     68.05    148.20     66.00     45.00     16.00     34.25      8.80      4.92          
      14      3.85      7.12     27.60    195.07    110.25    136.80     55.50     40.50     15.00     26.90      8.40      4.92          
      15      3.70      6.66     33.20     76.30    123.25    126.18     54.00     39.00     15.00     24.45      8.40      4.92          
      16      3.70      6.43     28.30     54.00    102.13    131.05     51.00     37.50     15.00     20.90      8.40      4.92          
      17      3.70      6.89     25.50     35.30    129.10    115.45     49.50     36.00     15.00     20.35      8.80      4.92          
      18      3.85      7.58     26.90     76.30    160.87    108.63     48.00     33.90     14.50     19.25      8.80      4.92          
      19      3.55     26.20     24.10    144.40    394.30    164.67     48.00     32.50     14.50     19.25      8.80      4.92          
      20      3.55     13.50     16.50    163.40    340.60    127.15     43.50     32.50     14.50     19.25      8.80      4.92          
      21      3.40     14.00     14.00    154.53    480.00    100.50     40.50     31.80     14.00     19.25      8.80      4.92          
      22      3.55      7.81      8.04    121.30    299.80    158.33     43.50     31.10     14.00     18.70      8.80      4.92          
      23      3.25      7.35     14.00    108.63    197.60    144.40     64.50     31.10     14.00     18.15      8.80      4.92          
      24      3.25      7.12     27.60    146.93    184.93    177.33     66.40     30.40     14.00     12.00      8.80      5.56          
      25      3.25      6.43     24.10     90.75    157.07    272.33     66.00     30.40     14.00     12.00      8.80      9.60          
      26      3.25      3.85     15.50    111.88    190.00    201.40     55.50     29.70     14.00     11.60      8.40     10.00          
      27      3.40      3.70     13.50    206.47    163.40    158.33     45.00     29.70     13.50     11.60      8.40     10.00          
      28      3.85      4.00     13.00    283.73    149.47    135.53     40.50     29.00     13.50     11.60      8.40     10.00          
      29      6.89      8.04     13.50    159.60    491.00    133.00     39.00     29.00     13.50     11.60                9.60          
      30     24.10     23.40     13.00    121.30    914.33    167.20     36.00     29.00     13.50     11.20                8.40          
      31               16.00              117.40    530.00               36.00               13.50     11.20                6.20          

Total       136.23    430.31    439.64  2,957.87  7,284.96  6,706.31  2,046.69  1,288.13    542.40    653.26    252.00    196.56 22,934.36 CMSDAY   
Mean          4.54     13.88     14.65     95.42    235.00    223.54     66.02     42.94     17.50     21.07      9.00      6.34     62.83 CMS      
Max          24.10     58.50     33.20    283.73    914.33    531.00    146.93     85.88     27.60     62.10     10.40     10.00    914.33 CMS      
Min           3.10      3.70      4.00      8.50     68.05    100.50     36.00     29.00     13.50     11.20      8.40      4.92      3.10 CMS      
Runoff       11.77     37.18     37.98    255.56    629.42    579.43    176.83    111.29     46.86     56.44     21.77     16.98  1,981.51 MCM      
Momentary Peak    1019.00 CMS, at 219.26 M (MSL.) at 07:00 hours, on Aug 30, 2014
Runoff Yield      18.08 Liters/Second/Square KM, Momentary Peak Yield 293.14 Liters/Second/Square KM

----------------------------------------------------------------------------------------------------------------------------------------------------

Daily Mean Discharge
Computer Center : Royal Irrigation Department, Thailand, Hydrology Division (08-Sep-2026)
Station : (N.64) ,Ban Pha Khwang, Mueang, Nan
Stream : -
River : Nan
Basin : Nan
Rating : HC1.2786/Y2015

                                                                 Water Year - 2015                                                                  
                                 Discharge, in Cubic Meter per Second, Water Year April 01, 2015 to March 31, 2016                                  

    Date       Apr       May       Jun       Jul       Aug       Sep       Oct       Nov       Dec       Jan       Feb       Mar    Annual
       1      6.20     20.35     12.00     12.00     97.26    110.56    131.56     49.43     21.45     17.70      0.00      0.00          
       2      6.20     17.05     11.60     10.40    129.44    177.34    127.31     49.43     20.90     17.70      0.00      0.00          
       3      5.88     12.00     11.60      9.60    458.23    233.05    127.31     47.48     20.90     16.63      0.00      0.00          
       4      5.88     11.20     11.20      8.80    521.11    375.75    130.50     46.50     33.03     16.63      0.00      0.00          
       5      5.56     10.40     11.20      8.40    323.72    369.70    114.56     46.50     80.90     16.63      0.00      0.00          
       6      5.24      9.20     10.00      5.88    248.14    234.21    105.02     48.45     80.90     16.63      0.00      0.00          
       7      5.24      9.20     10.80      6.20    205.20    201.71     97.26     48.45     49.43     15.57      0.00      0.00          
       8      5.24      6.20      9.20     18.15    202.88    175.02    101.69     47.48     40.38     15.57      0.00      0.00          
       9     17.60      8.40     48.45     62.10    153.88    150.69    126.25     40.38     39.15     15.57      0.00      0.00          
      10     33.03     10.00     87.35     37.93    161.09    140.06    144.31     36.70     34.25     16.50      0.00      0.00          
      11     26.90     18.70     19.80     26.90    134.75    126.25    223.77     39.15     34.25     16.50      0.00      0.00          
      12     44.05     17.05     20.35     41.60    139.00    125.19    204.04     37.93     30.58     16.50      0.00      0.00          
      13     51.38     11.20     28.13     31.80    198.23    135.81    149.63     40.38     28.13     16.50      0.00      0.00          
      14     31.80      9.20     18.70     21.45    178.50    132.63    127.31     40.38     26.90     16.50      0.00      0.00          
      15     19.25      8.80     18.15     21.45    222.61    109.45    122.00     41.60     26.90     16.50      0.00      0.00          
      16     17.60      8.80     20.35     20.90    372.12     88.43    105.02     44.05     26.90     16.50      0.00      0.00          
      17     12.00     10.40     19.25     26.90    374.54     81.98     95.04     40.38     24.45     15.82      0.00      0.00          
      18     12.00      9.60     19.25     33.03    237.70    110.56     87.35     36.70     23.23     15.82      0.00      0.00          
      19     11.20     10.00     20.35     47.48    177.34    172.70     80.90     30.58     22.00     15.82      0.00      0.00          
      20      9.20     10.00     19.80     92.83    151.75    128.38     77.68     22.00     22.00     15.82      0.00      0.00          
      21      8.40     10.00     25.68     81.98    150.69     96.15     74.45     21.45     21.45     15.82      0.00      0.00          
      22      6.20     10.40     18.15    117.75    150.69     87.35     72.30     21.45     20.90     15.14      0.00      0.00          
      23      6.20     10.00     17.05    108.34    149.63    216.80     66.00     21.45     20.35     15.14      0.00      0.00          
      24      6.20     11.60     10.80     75.53    140.06    241.18     63.08     21.45     19.80     15.14      0.00      0.00          
      25      9.20     11.60      9.20     92.83    115.63    153.88     61.13     20.90     19.80     15.14      0.00      0.00          
      26     10.80     12.00     10.80    154.94     96.15    124.13     59.18     19.80     19.25      0.00      0.00      0.00          
      27     18.15     18.15     18.70    172.70     90.61    117.75     55.28     19.80     19.25      0.00      0.00      0.00          
      28     23.23     18.70     18.15    143.25     92.83    124.13     52.35     19.25     18.70      0.00      0.00      0.00          
      29     41.60     20.35     17.05    150.69     89.50     98.37     50.40     19.25     18.70      0.00      0.00      0.00          
      30     30.58     18.70     12.00    135.81    106.13    105.02     50.40     19.25     18.15      0.00                0.00          
      31               12.00              117.75     90.61               49.43               18.15      0.00                0.00          

Total       492.01    381.25    585.11  1,895.37  5,960.02  4,744.23  3,132.51  1,038.00    901.13    403.79      0.00      0.00 19,533.42 CMSDAY   
Mean         16.40     12.30     19.50     61.14    192.26    158.14    101.05     34.60     29.07     13.03      0.00      0.00     53.37 CMS      
Max          51.38     20.35     87.35    172.70    521.11    375.75    223.77     49.43     80.90     17.70      0.00      0.00    521.11 CMS      
Min           5.24      6.20      9.20      5.88     89.50     81.98     49.43     19.25     18.15      0.00      0.00      0.00      0.00 CMS      
Runoff       42.51     32.94     50.55    163.76    514.95    409.90    270.65     89.68     77.86     34.89      0.00      0.00  1,687.69 MCM      
Momentary Peak    583.50 CMS, at 216.25 M (MSL.) at 06:00 hours, on Aug 04, 2015
Runoff Yield      15.35 Liters/Second/Square KM, Momentary Peak Yield 167.86 Liters/Second/Square KM

----------------------------------------------------------------------------------------------------------------------------------------------------

Daily Mean Discharge
Computer Center : Royal Irrigation Department, Thailand, Hydrology Division (08-Sep-2026)
Station : (N.64) ,Ban Pha Khwang, Mueang, Nan
Stream : -
River : Nan
Basin : Nan
Rating : HC1.2912/Y2016

                                                                 Water Year - 2016                                                                  
                                 Discharge, in Cubic Meter per Second, Water Year April 01, 2016 to March 31, 2017                                  

    Date       Apr       May       Jun       Jul       Aug       Sep       Oct       Nov       Dec       Jan       Feb       Mar    Annual
       1      0.00     12.42     66.05     50.45     92.84    349.56    105.60     52.40     20.90     13.20      9.70      7.42          
       2      0.00     16.50     39.90    266.47     68.70    242.65    127.56     48.50     20.90     13.20      9.70      6.85          
       3      0.00     17.70     29.35    220.03     66.28    203.35    120.74     48.50     20.90     12.55      9.70      6.85          
       4      0.00     17.70     47.70    120.74     56.30    172.39    101.12     50.60     20.90     11.90      9.70      6.28          
       5      0.00     13.78     58.25    110.08     66.28    165.25     89.27     50.60     19.83     14.80      9.70      6.28          
       6      0.00     11.74     30.00    205.74    159.29    332.50    104.48     49.15     18.77     13.85      9.70      6.85          
       7      0.00      7.50     33.03    271.24    208.12    477.60    183.11     46.25     17.70     13.20      9.70      6.28          
       8      0.00      7.50     34.95    210.50    146.10    398.13    138.94     46.50     17.70     13.20      9.70      6.28          
       9      0.00      7.25     33.03    140.08    116.19    262.90    110.50     46.50     17.70     12.55      9.70      6.28          
      10      0.00      7.25     21.97    111.64     84.50    236.70    101.12     44.80     16.63     13.20      9.13      5.71          
      11      2.60      7.00     14.46     78.29     67.49    482.16     89.27     47.70     16.63     13.85      9.13      5.71          
      12      2.80      6.75     16.50     69.91    160.48    593.20    120.74     46.25     16.63     14.50      9.13      5.71          
      13      2.80      6.25     15.14     62.64    430.31    449.36    134.39     44.80     16.63     14.50      8.56      5.71          
      14      2.80      6.00     13.78     74.64    316.75    328.56    104.48     43.35     16.63     13.85      8.56      5.13          
      15      2.80      6.00     13.78    111.64    885.80    267.66     89.27     46.50     15.57     12.55      8.56      4.39          
      16      2.80     39.90      8.00     77.07    829.80    253.37     80.71     44.85     15.57     14.80      8.56      4.39          
      17      2.80     30.58     10.38     75.86    387.63    197.40     73.43     43.20     15.57     17.50      8.56      4.39          
      18      2.80     64.10     11.06     75.86    267.66    200.97     67.49     43.20     16.50     15.70      7.99      4.39          
      19      2.90     68.00     16.63     92.84    222.41    175.96     68.00     41.55     16.50     14.80      7.99      4.39          
      20      6.50     46.25     61.43    119.60    723.40    292.90     68.00     39.90     16.50     14.50      7.99      4.39          
      21      7.50     30.00     36.60    149.40    792.00    235.51     64.10     36.60     16.50     14.50      7.99      4.76          
      22      7.50     31.80     24.45    145.00    497.36    179.54     64.10     31.65     16.50     14.50      7.99      4.76          
      23      7.50     18.77     21.97    127.56    386.31    147.20     60.20     30.00     16.50     12.55      7.42      4.39          
      24      7.50     11.74     18.77     90.46    343.00    137.80     56.30     33.03     15.82     11.25      7.42      4.39          
      25      7.50      7.75     22.00     74.64    304.09    121.88     54.35     25.68     15.82     10.60      7.42      4.39          
      26      7.50     15.14     20.90     79.50    248.61    143.49     61.43     22.00     15.82     10.60      7.42      4.39          
      27      6.00     24.10     25.68    103.36    315.44    137.80     65.06     24.10     15.82      9.95      7.42      4.02          
      28      3.00     20.90     29.35    117.33    471.52    111.64     62.64     23.03     15.14      9.30      7.42      4.02          
      29      2.90     23.23     28.13    116.19    319.38    115.05     61.43     23.03     15.14      9.30                4.02          
      30      2.90     38.25     44.85    110.50    406.00    110.08     52.40     20.90     15.14      9.30                4.02          
      31               52.40              105.60    352.19               50.60               14.46      9.70                4.39          

Total        91.40    674.25    848.09  3,764.86  9,792.23  7,522.56  2,730.83  1,195.12    527.32    399.75    241.96    161.23 27,949.60 CMSDAY   
Mean          3.05     21.75     28.27    121.45    315.88    250.75     88.09     39.84     17.01     12.90      8.64      5.20     76.58 CMS      
Max           7.50     68.00     66.05    271.24    885.80    593.20    183.11     52.40     20.90     17.50      9.70      7.42    885.80 CMS      
Min           0.00      6.00      8.00     50.45     56.30    110.08     50.60     20.90     14.46      9.30      7.42      4.02      0.00 CMS      
Runoff        7.90     58.26     73.27    325.28    846.05    649.95    235.94    103.26     45.56     34.54     20.91     13.93  2,414.85 MCM      
Momentary Peak    1147.50 CMS, at 220.25 M (MSL.) at 19:00 hours, on Aug 15, 2016
Runoff Yield      22.03 Liters/Second/Square KM, Momentary Peak Yield 330.11 Liters/Second/Square KM

----------------------------------------------------------------------------------------------------------------------------------------------------

Daily Mean Discharge
Computer Center : Royal Irrigation Department, Thailand, Hydrology Division (08-Sep-2026)
Station : (N.64) ,Ban Pha Khwang, Mueang, Nan
Stream : -
River : Nan
Basin : Nan
Rating : NC.1/3038

                                                                 Water Year - 2017                                                                  
                                 Discharge, in Cubic Meter per Second, Water Year April 01, 2017 to March 31, 2018                                  

    Date       Apr       May       Jun       Jul       Aug       Sep       Oct       Nov       Dec       Jan       Feb       Mar    Annual
       1      4.39     11.25     25.00     29.00    150.60    328.91    118.25     57.51     30.00     29.45     12.50     12.50          
       2      4.57     10.60     25.00     29.00    123.68    456.50    105.60     54.94     29.00     25.40     12.50     12.00          
       3     13.90      9.95     17.50     30.00    101.60    388.59    104.00     51.08     29.00     25.20     12.25     12.00          
       4     13.20      8.65     14.80     36.30     93.80    267.18     96.90     52.00     27.00     23.66     12.25     11.75          
       5     10.60      9.70     13.90     46.80     82.60    225.18     98.45     52.00     27.00     23.66     12.25     10.75          
       6     11.25      9.70     13.90     41.60    152.00    265.19    115.15     49.40     27.00     22.89     12.25      7.58          
       7     11.25      9.70     13.90     34.50    360.68    268.17    137.33     46.80     27.00     22.89     11.75      7.58          
       8      9.95      9.70     20.20     26.00    299.25    326.99    133.63     42.90     25.00     22.12     11.75      7.58          
       9      9.30      9.70     29.00     32.70    180.32    259.23    120.58     41.60     24.00     18.27     11.75      7.58          
      10      9.70      9.70     29.00     52.00    176.50    261.22    102.40     39.00     24.00     13.00     11.75     13.00          
      11      9.70      9.13     20.20     98.45    152.00    296.45    136.40     39.00     27.00     13.00     11.75     13.00          
      12      8.65      9.13     17.50     81.15    132.70    243.32    159.00     41.60     35.40     13.00     11.50     12.25          
      13     10.60      9.13     15.70     75.35    118.25    200.36    136.40     40.30     30.90     12.75     11.50     12.25          
      14     11.25      9.70     17.50    185.09     96.90    174.59    145.70     41.60     25.00     12.75     11.50     11.75          
      15     11.90     13.20    100.00    250.00    118.25    179.36    125.23     39.00     24.00     12.50     11.25     11.50          
      16     14.80     30.90    113.60    218.50    297.15    158.30    120.58     39.00     22.00     12.25     11.25     10.75          
      17     14.80     72.45     46.80    230.91    187.00    201.32    115.93     38.10     22.00     12.00     11.25     10.75          
      18     14.50     54.94     34.50    673.78    147.10    177.45     98.45     37.20     21.00     12.00     11.25      7.79          
      19     14.50     52.00     30.00    512.71    133.63    151.30     87.60     34.50     21.00     12.00     10.75      7.58          
      20     13.85     49.40     29.00    295.40    163.20    129.93     86.05     31.80     22.00     12.00     10.75      7.58          
      21     13.20     34.50     23.00    263.21    122.90    120.58     78.25     32.70     21.10     12.00      8.00      7.37          
      22     11.90     23.00     22.00    343.35    105.60    149.90     71.30     30.00     21.10     12.00      8.00      7.37          
      23      9.70     20.20     19.30    364.53     84.05    122.90     84.05     30.90     20.20     12.75      8.00      7.37          
      24      9.95     21.10     14.80    412.65    113.60    119.80    106.40     31.80     20.20     18.27      8.00      7.16          
      25      9.30     19.30     14.80    494.30    249.05    126.00     84.50     33.60     19.30     13.00     12.50      6.53          
      26      9.95     21.10     15.70    391.48    535.54    114.38     75.35     32.70     19.30     13.00     13.00      6.32          
      27     11.90     31.80     22.00    264.20    462.50    113.60     81.15     30.90     21.10     12.75     13.00      6.32          
      28     11.90     40.30     26.00    219.45    333.73    115.93     75.35     30.00     27.00     13.00     12.75      4.00          
      29     11.90     27.00     23.00    164.60    398.21    123.68     68.57     30.00     41.60     13.00                4.00          
      30     11.25     21.10     29.00    174.59    331.80    156.20     60.37     30.00     35.40     12.75                4.00          
      31               22.00              149.20    375.11               57.51               28.00     12.75                7.37          

Total       333.61    690.03    836.60  6,220.80  6,379.30  6,222.51  3,186.43  1,181.93    793.60    496.06    317.00    275.33 26,933.20 CMSDAY   
Mean         11.12     22.26     27.89    200.67    205.78    207.42    102.79     39.40     25.60     16.00     11.32      8.88     73.79 CMS      
Max          14.80     72.45    113.60    673.78    535.54    456.50    159.00     57.51     41.60     29.45     13.00     13.00    673.78 CMS      
Min           4.39      8.65     13.90     26.00     82.60    113.60     57.51     30.00     19.30     12.00      8.00      4.00      4.00 CMS      
Runoff       28.82     59.62     72.28    537.48    551.17    537.62    275.31    102.12     68.57     42.86     27.39     23.79  2,327.03 MCM      
Momentary Peak    697.25 CMS, at 217.77 M (MSL.) at 16:00 hours, on Jul 18, 2017
Runoff Yield      21.23 Liters/Second/Square KM, Momentary Peak Yield 200.58 Liters/Second/Square KM

----------------------------------------------------------------------------------------------------------------------------------------------------

Daily Mean Discharge
Computer Center : Royal Irrigation Department, Thailand, Hydrology Division (08-Sep-2026)
Station : (N.64) ,Ban Pha Khwang, Mueang, Nan
Stream : -
River : Nan
Basin : Nan
Rating : HC.1/3172

                                                                 Water Year - 2018                                                                  
                                 Discharge, in Cubic Meter per Second, Water Year April 01, 2018 to March 31, 2019                                  

    Date       Apr       May       Jun       Jul       Aug       Sep       Oct       Nov       Dec       Jan       Feb       Mar    Annual
       1     11.50     11.00     36.75    153.02    363.80    225.40    179.74     64.20     30.80     15.96     10.85      8.30          
       2     11.25     12.00     39.45    146.87    279.70    201.88    177.81     61.89     30.80     15.96      9.90      7.75          
       3      8.00     32.15     31.35    125.40    239.00    308.91    175.89     58.42     29.45     15.96      9.90      7.75          
       4      8.00     28.10     31.35    107.80    348.20    486.10    155.07     59.58     29.45     15.96      9.90      7.75          
       5     11.50     28.10     43.50     87.17    241.20    436.60    107.80     49.45     29.45     15.96      9.90      7.20          
       6     12.25     22.70     56.11     72.00    195.14    286.20    107.50     45.20     22.70     15.96      9.90      7.75          
       7     19.81     24.43     91.90     64.20    166.00    236.80    100.00     52.00     25.20     14.64      9.90      7.75          
       8     23.66     22.70     96.40     63.04    148.92    224.38     98.20     51.15     25.20     13.32      9.90      7.75          
       9     18.27     20.58     59.58     64.20    161.22    263.20     98.20     42.15     25.20     15.96      9.90      7.75          
      10     12.50     12.50     46.90     67.33    201.88    269.80     96.40     39.45     24.43     19.92      8.95      7.20          
      11     13.00     10.75     42.15     84.83    199.95    229.10     96.40     39.45     23.66     25.20      8.95      7.20          
      12     13.00     11.25     46.05    344.60    166.00    205.73     98.20     39.45     23.66     25.20     10.50      7.75          
      13     11.50     19.81     54.96    264.30    153.70    298.39     91.00     40.80     23.66     18.60     10.50      7.75          
      14      7.58     18.27     48.60    146.87    155.07    221.30     91.90     42.15     22.89     14.64     10.50      7.75          
      15      6.95     12.00     47.75    107.90    155.75    190.33     84.83     42.15     22.89     15.96     10.50      7.75          
      16      7.16     12.50     48.60     94.60    143.45    175.89     91.00     42.15     22.89     14.64     10.50      7.20          
      17      7.79     47.75     57.27    142.77    575.81    153.70     91.00     39.45     22.12     13.32     10.50      7.20          
      18     11.00     43.50     96.40    183.59  1,387.40    432.00     82.50     38.10     22.12     17.50     11.80      7.20          
      19     22.89     80.17    212.08    196.10  1,165.00    354.20     79.00     35.40     22.12     17.50      9.90      7.20          
      20     39.45     91.00    306.57    464.10    548.90    252.20     77.83     34.05     22.12     17.50      9.90      7.20          
      21     29.45     48.60    222.33    614.88    410.15    206.69     80.17     35.40     22.12     17.50     10.50      7.20          
      22     23.66     42.15    142.08    730.05    354.20    195.14    143.45     32.70     21.35     17.50      9.40      6.65          
      23     13.00     32.70    107.80    548.30    369.80    175.89     98.20     32.70     21.35     17.50      9.40      6.65          
      24     11.75     33.50    177.81    341.00    329.88    157.12     91.00     31.35     21.35     16.55      9.40      6.65          
      25     11.00     33.50    215.15    609.97    323.92    148.23     92.80     33.50     20.58     16.55      8.85      6.10          
      26     20.58     30.80    313.58    634.55    301.89    125.95     91.00     33.50     20.58     12.75      8.85      6.10          
      27     24.43     45.20    331.07    614.88    304.23    125.35     77.83     30.80     20.58     12.75      8.85      6.10          
      28     21.35     35.40    316.77    651.27    307.74    125.30     74.33     30.80     19.81     11.80      8.30      7.20          
      29     19.81     36.75    270.60    726.90    247.80    125.65     68.50     29.45     19.81     11.80                7.75          
      30     12.25     36.75    210.03    579.15    239.00    125.55     68.50     30.80     20.58     10.85                7.20          
      31               34.05              471.80    215.15               64.20               21.35     10.85                5.55          

Total       464.34    970.66  3,800.94  9,503.44 10,399.85  6,962.98  3,130.25  1,237.64    730.27    496.06    276.10    224.30 38,196.83 CMSDAY   
Mean         15.48     31.31    126.70    306.56    335.48    232.10    100.98     41.25     23.56     16.00      9.86      7.24    104.65 CMS      
Max          39.45     91.00    331.07    730.05  1,387.40    486.10    179.74     64.20     30.80     25.20     11.80      8.30  1,387.40 CMS      
Min           6.95     10.75     31.35     63.04    143.45    125.30     64.20     29.45     19.81     10.85      8.30      5.55      5.55 CMS      
Runoff       40.12     83.87    328.40    821.10    898.55    601.60    270.45    106.93     63.10     42.86     23.86     19.38  3,300.22 MCM      
Momentary Peak    1493.00 CMS, at 221.85 M (MSL.) at 21:00 hours, on Aug 18, 2018
Runoff Yield      30.11 Liters/Second/Square KM, Momentary Peak Yield 429.50 Liters/Second/Square KM

----------------------------------------------------------------------------------------------------------------------------------------------------

Daily Mean Discharge
Computer Center : Royal Irrigation Department, Thailand, Hydrology Division (08-Sep-2026)
Station : (N.64) ,Ban Pha Khwang, Mueang, Nan
Stream : -
River : Nan
Basin : Nan
Rating : HC.1/3302Y2019

                                                                 Water Year - 2019                                                                  
                                 Discharge, in Cubic Meter per Second, Water Year April 01, 2019 to March 31, 2020                                  

    Date       Apr       May       Jun       Jul       Aug       Sep       Oct       Nov       Dec       Jan       Feb       Mar    Annual
       1      5.90      5.90     15.60      6.10    388.05    300.20     54.50     28.55     16.55     11.52      7.82      4.84          
       2      5.90      5.56     14.65      6.10    211.16    364.40     49.25     28.55     16.55      8.00      5.00      4.84          
       3      5.90      5.56     16.55      6.10     89.20    482.32     51.42     25.25     16.55      8.00      5.00      4.84          
       4      5.90      5.56      8.95      7.20    235.70    330.00     49.04     25.25     15.60      8.00      5.00      4.84          
       5      5.90      5.90     14.65      6.65    612.55    318.00     44.28     18.65     15.60      8.00      5.00      4.84          
       6      5.90      5.90     51.00      6.10    338.75    284.10     37.14     25.20     15.60      8.00      5.00      4.84          
       7      5.56      5.56     31.85      6.65    180.20    246.70     46.66     20.30     14.65      8.00      4.98      4.84          
       8      5.56      5.22     29.15      8.85    133.33    183.80     46.66     31.85     14.65      8.00      4.98      4.86          
       9      5.56      5.22     33.50      6.10    102.00    134.25     37.14     30.20     14.65      7.98      4.98      4.90          
      10      5.56      4.20     28.55      5.55    169.15    129.16     34.76     23.60     12.75      7.98      4.96      4.90          
      11      5.22      3.86     11.80      6.65    173.00    128.24     43.50     18.65     12.75      7.90      4.96      4.90          
      12      5.22      3.18     10.85      6.10    169.70    135.64     27.10     25.20     11.80      7.90      4.96      4.90          
      13      5.22      2.84     10.50      6.10    183.20    127.78     25.05     25.20     11.80      7.90      4.96      4.88          
      14      4.88      7.20     10.50      6.10    144.89     84.50     44.28     25.20     11.80      7.88      4.96      4.86          
      15      4.88      6.10     10.50      5.55    130.09    129.16     53.80     25.20     11.80      7.88      4.96      4.86          
      16      4.88      6.10      9.40      6.10    171.35     87.85     50.50     25.20     11.80      7.88      4.94      4.86          
      17      4.88      6.10      7.75      5.56    543.09     62.20     49.04     23.88     11.80      7.86      4.94      4.86          
      18      5.56      5.55      7.75      5.22    706.58     62.20     53.80     23.88     11.80      7.86      4.94      4.86          
      19      5.90      5.56      9.40      5.22    520.97     60.40     35.30     22.56     11.80      7.88      4.90      4.84          
      20      5.90      5.22      9.40      5.22    269.80     89.65     35.30     22.56     10.85      7.84      4.90      4.84          
      21      5.56      5.56      7.75      5.22    345.00     48.70     37.35     17.28     10.85      7.84      4.90      4.84          
      22      5.55      4.88      7.75      4.20    292.15     63.25     29.15     14.64     10.85      7.84      4.90      4.84          
      23      6.65      4.20      6.65      3.86    268.70     61.50     29.15     14.64     10.85      7.84      4.90      4.88          
      24      7.20      4.54      6.65      5.55    519.00     61.50     31.20     14.64     10.85      7.84      4.92      4.90          
      25      6.65      6.65      6.10      7.75    410.65     58.00     31.20     14.64     10.85      7.84      4.94      4.90          
      26      6.10      6.65      6.10     17.28    280.65     54.50     31.20     17.50     10.85      7.82      4.94      2.50          
      27      8.30      5.90      5.55     33.50    281.80     52.30     33.25     17.50      9.90      7.82      4.94      2.50          
      28      9.90      5.90      7.20     23.60    343.75     47.80     27.10     17.50      9.90      7.82      4.84      2.50          
      29      8.85      5.56      6.10     25.25    267.60     61.50     33.50     17.50      9.90      7.82      4.84      2.50          
      30      6.65      7.75      6.10     49.60    246.70     58.00     29.15     16.55      9.90      7.82                2.50          
      31               14.65              299.05    250.00               27.10                9.90      7.82                2.50          

Total       181.59    178.53    408.25    598.08  8,978.76  4,307.60  1,207.87    657.32    385.75    248.38    146.26    136.56 17,434.95 CMSDAY   
Mean          6.05      5.76     13.61     19.29    289.64    143.59     38.96     21.91     12.44      8.01      5.04      4.41     47.64 CMS      
Max           9.90     14.65     51.00    299.05    706.58    482.32     54.50     31.85     16.55     11.52      7.82      4.90    706.58 CMS      
Min           4.88      2.84      5.55      3.86     89.20     47.80     25.05     14.64      9.90      7.82      4.84      2.50      2.50 CMS      
Runoff       15.69     15.42     35.27     51.67    775.76    372.18    104.36     56.79     33.33     21.46     12.64     11.80  1,506.37 MCM      
Momentary Peak    865.95 CMS, at 218.49 M (MSL.) at 04:00 hours, on Aug 18, 2019
Runoff Yield      13.70 Liters/Second/Square KM, Momentary Peak Yield 249.11 Liters/Second/Square KM

----------------------------------------------------------------------------------------------------------------------------------------------------

Daily Mean Discharge
Computer Center : Royal Irrigation Department, Thailand, Hydrology Division (08-Sep-2026)
Station : (N.64) ,Ban Pha Khwang, Mueang, Nan
Stream : -
River : Nan
Basin : Nan
Rating : HC.1/3430

                                                                 Water Year - 2020                                                                  
                                 Discharge, in Cubic Meter per Second, Water Year April 01, 2020 to March 31, 2021                                  

    Date       Apr       May       Jun       Jul       Aug       Sep       Oct       Nov       Dec       Jan       Feb       Mar    Annual
       1      1.00      4.90      7.88     27.90     36.64     76.68     66.00     23.00     11.82     11.96      8.48      4.80          
       2      1.00      4.90      7.88     42.22    139.50     70.00     64.25     22.50     11.82     11.96      8.82      4.80          
       3      1.00      4.90     45.16     27.60    591.76     64.25     63.45     23.00     11.82     11.20      9.16      6.06          
       4      1.00      4.98     55.35     22.25    815.63     75.16     57.80     22.75     11.82     11.20      9.16      6.42          
       5      1.00      4.90     15.80     21.50    355.10     86.95     61.83     22.50     11.82     11.20      9.16      5.70          
       6      1.00      4.90     46.00     54.55    268.53     68.40     79.72     22.75     11.82     10.86      8.82      4.62          
       7      1.00      4.84      7.96     45.16    268.53     64.25     66.00     22.50     11.82     10.52      8.82      4.62          
       8      1.00      4.82      7.82     50.51    442.00    279.97     56.97     22.75     11.82     10.52      8.82      4.98          
       9      1.00      2.50     11.52     30.00    208.30    264.33     53.74     22.75     11.82     10.52      7.50      4.98          
      10      1.00      2.50      8.00     22.00    150.75    169.40     52.93     22.50     11.82     10.52     10.86      4.98          
      11      1.00      4.82      7.96     21.50    143.25    121.30     52.93     21.25     11.76     10.52      9.84      6.42          
      12      1.00      7.84      7.98     20.75    125.70     88.93     44.74     21.00     11.76     10.18      9.16      8.82          
      13      1.00      7.82      7.94     22.00    135.60     84.98     39.57     16.85     11.76     10.18      9.16      8.14          
      14      1.00      5.00      7.94     16.25    178.96     82.00     38.40     15.95     11.76     10.18      9.50      5.70          
      15      2.50      4.98      7.94     16.40    482.00     76.68     37.23     15.80     11.70     10.18      9.50      4.62          
      16      2.50      4.90     15.95     28.50    507.76     68.40     36.64     15.65     11.70     10.18      9.50      4.80          
      17      2.50      4.86     16.55     28.80    427.00     67.60     38.98     16.25     11.70     10.18      8.82      4.80          
      18      1.00      4.82     29.70     27.30    394.00     74.40     37.81     16.55     11.70      9.50      8.82      4.80          
      19      1.00      2.50     75.16     22.50    311.00     65.06     30.00     16.55     11.70      9.16      7.50      4.80          
      20      1.00      2.50    101.83     28.80    253.40     83.99     37.23     16.25     11.70      9.16      6.42      4.80          
      21      1.00      2.50     39.57     22.00    527.92    131.20     36.06     16.25     11.70      9.16      5.70      4.80          
      22      1.00      2.50     22.00     51.32    710.00    103.83     30.00     15.95     11.58      8.82      5.70      4.80          
      23      1.00      1.00     16.10     45.58    422.50     81.24     29.70     15.80     11.52      8.82      5.70      4.80          
      24      1.00      1.00     16.40     35.47    281.60    139.50     28.20     12.00     11.52      8.82      5.70      4.80          
      25      1.00      1.00     22.50     16.70    217.87    116.87     23.00     12.00     11.52      8.82      4.98      3.90          
      26      2.50      1.00     37.23     16.25    176.60     97.82     22.75     12.00     11.52      8.82      4.62      3.30          
      27      2.50      1.00     61.83     16.10    165.80     82.00     23.00     12.00     11.52      8.82      4.62      3.30          
      28      2.50      1.00     54.55     16.25    132.30     80.48     23.00     11.94     11.52      8.82      4.62      3.60          
      29      4.82      1.00     27.60     27.30     89.91     70.80     23.00     11.88     11.46      8.48                4.50          
      30      4.94      2.50     21.00     22.25     83.99     70.00     22.75     11.82     11.46      8.48                4.80          
      31                4.82               22.00     91.80               27.30               11.46      8.48                5.70          

Total        46.76    113.50    811.10    867.71  9,135.70  3,006.47  1,304.98    530.74    362.22    306.22    219.46    157.96 16,862.82 CMSDAY   
Mean          1.56      3.66     27.04     27.99    294.70    100.22     42.10     17.69     11.68      9.88      7.84      5.10     46.20 CMS      
Max           4.94      7.84    101.83     54.55    815.63    279.97     79.72     23.00     11.82     11.96     10.86      8.82    815.63 CMS      
Min           1.00      1.00      7.82     16.10     36.64     64.25     22.75     11.82     11.46      8.48      4.62      3.30      1.00 CMS      
Runoff        4.04      9.81     70.08     74.97    789.32    259.76    112.75     45.86     31.30     26.46     18.96     13.65  1,456.96 MCM      
Momentary Peak    851.00 CMS, at 218.95 M (MSL.) at 07:00 hours, on Aug 04, 2020
Runoff Yield      13.29 Liters/Second/Square KM, Momentary Peak Yield 244.81 Liters/Second/Square KM

----------------------------------------------------------------------------------------------------------------------------------------------------

Daily Mean Discharge
Computer Center : Royal Irrigation Department, Thailand, Hydrology Division (08-Sep-2026)
Station : (N.64) ,Ban Pha Khwang, Mueang, Nan
Stream : -
River : Nan
Basin : Nan
Rating : HC.1/3560/2021

                                                                 Water Year - 2021                                                                  
                                 Discharge, in Cubic Meter per Second, Water Year April 01, 2021 to March 31, 2022                                  

    Date       Apr       May       Jun       Jul       Aug       Sep       Oct       Nov       Dec       Jan       Feb       Mar    Annual
       1      4.98     21.15     13.08     33.87    131.60     78.73     67.90     44.00     20.24     12.84     13.26      9.66          
       2      4.98     20.24     11.20     32.58    170.15     64.88     80.46     58.69     19.45     12.84     13.26     10.50          
       3      4.50     20.24     10.18     27.00    366.66     77.86     74.55     61.34     19.45     12.84     13.26     10.50          
       4      4.80     18.66      9.50     27.00    280.98     92.66     81.33     49.56     19.45     12.84     10.38     10.50          
       5      5.70     16.44     15.88     23.10    206.50     85.60     73.60     44.00     19.45     12.84      9.66     10.50          
       6     14.20     15.32     20.24     25.70    142.10    108.22     63.11     38.18     19.45     12.02      9.66     10.50          
       7     58.69     15.32     13.08     78.73    108.22    119.70     58.69     33.01     17.87     12.02     11.82      8.94          
       8     43.03     11.20     13.08     50.56     89.93     98.71     51.42     33.44     17.08     14.70     12.54     11.10          
       9     27.00     12.52     17.00    142.10     76.13     95.26     47.62     32.58     16.29     14.70     11.10      9.66          
      10     16.29     12.52     24.40     83.87     71.70    100.44     46.65     32.15     16.29     14.70      9.66      8.94          
      11     17.00     11.96     30.86     58.69     65.77     75.27     55.72     31.72     17.00     13.98      8.94     10.50          
      12     13.64     11.20     25.05     42.77     77.86     70.75     72.65     31.29     17.00     13.98      8.22     10.50          
      13     13.08     10.18     23.10     37.21     60.46     66.95     63.11     31.29     15.88     12.54      8.22     10.50          
      14     14.20      9.84    373.00     31.29     62.23     77.86     56.58     31.72     15.88     12.54      8.22     10.50          
      15     11.96      9.50    663.20     35.27     66.00    102.17     50.53     30.86     16.44     11.82     10.50     10.50          
      16      9.84     10.52    228.38     75.27    196.00    139.55     47.62     27.00     17.00     11.82     10.50     10.38          
      17      9.16     10.52    130.75     55.72    129.05     96.98     45.68     25.70     16.44     13.98      9.84     14.48          
      18      9.84      9.16     88.20     45.68     91.80     83.87     43.74     25.05     16.44     12.02      9.84     22.76          
      19     17.00      8.14     65.77     48.59    101.30     74.55     41.09     23.75     16.44     12.02     10.50     27.65          
      20     18.66      8.82     56.58     65.77    129.90     71.70     37.21     23.10     15.32     19.40     22.12     19.40          
      21     15.32      8.82     52.28    140.40     99.58     77.86     32.15     23.75     14.76     18.28     36.80     16.12          
      22     14.20      8.48     46.65     98.71     70.75     75.27     31.29     23.75     14.20     20.84     22.12     12.84          
      23     12.52      7.50     36.24     72.65     58.69     74.55     39.15     23.10     14.20     19.56     18.92     13.66          
      24     12.52      7.50     35.27     71.70     94.39     67.90     50.53     23.40     13.64     17.76     16.94     16.12          
      25     11.20      7.14     35.27    109.94    120.55     62.23     44.00     22.61     13.64     16.12     12.84     12.84          
      26     10.86     10.52     25.70    175.93     89.07     66.95     42.06     22.61     13.64     12.84     14.70     13.98          
      27      9.50     12.52     21.15    272.45     74.55     77.00     36.24     21.82     13.64     14.70     13.98     13.26          
      28     10.52     13.08     27.00    155.70     66.95     97.85     34.30     21.03     13.64     14.70     12.54     11.82          
      29     16.29     26.35     49.56    126.50     57.44     76.13     33.01     21.03     13.08     13.98               28.79          
      30     18.66     32.58     45.68    202.13     51.42     67.90     33.87     21.03     13.08     13.98               18.92          
      31               17.00              160.80     61.34               37.21               13.08     13.98               12.84          

Total       450.14    414.94  2,207.33  2,607.68  3,469.07  2,525.35  1,573.07    932.56    499.46    443.18    370.34    419.16 15,912.28 CMSDAY   
Mean         15.00     13.39     73.58     84.12    111.91     84.18     50.74     31.09     16.11     14.30     13.23     13.52     43.60 CMS      
Max          58.69     32.58    663.20    272.45    366.66    139.55     81.33     61.34     20.24     20.84     36.80     28.79    663.20 CMS      
Min           4.50      7.14      9.50     23.10     51.42     62.23     31.29     21.03     13.08     11.82      8.22      8.94      4.50 CMS      
Runoff       38.89     35.85    190.71    225.30    299.73    218.19    135.91     80.57     43.15     38.29     32.00     36.22  1,374.81 MCM      
Momentary Peak    762.50 CMS, at 218.50 M (MSL.) at 08:00 hours, on Jun 15, 2021
Runoff Yield      12.54 Liters/Second/Square KM, Momentary Peak Yield 219.35 Liters/Second/Square KM

----------------------------------------------------------------------------------------------------------------------------------------------------

Daily Mean Discharge
Computer Center : Royal Irrigation Department, Thailand, Hydrology Division (08-Sep-2026)
Station : (N.64) ,Ban Pha Khwang, Mueang, Nan
Stream : -
River : Nan
Basin : Nan
Rating : HC.1/3690

                                                                 Water Year - 2022                                                                  
                                 Discharge, in Cubic Meter per Second, Water Year April 01, 2022 to March 31, 2023                                  

    Date       Apr       May       Jun       Jul       Aug       Sep       Oct       Nov       Dec       Jan       Feb       Mar    Annual
       1     13.98     20.20     50.03    204.00    111.27    118.05    156.38     56.51     33.50     16.16     14.70     12.60          
       2     14.70     27.08     41.84    178.50     79.22    103.36    216.00     56.51     32.80     16.16     14.70     12.60          
       3     14.70     19.56     38.24    210.75     81.15    106.75    226.50     53.92     32.10     16.16     14.70     12.60          
       4     12.02     30.70     29.93    209.40     82.11     93.00    175.35     47.83     31.40     16.16     14.70     12.60          
       5     17.76     18.58     23.40    119.18     76.59    128.22    158.63     46.36     30.50     18.41     14.70     12.60          
       6     15.30     15.30     22.12     84.03     83.07    183.75    158.63     45.62     27.65     17.42     14.28     12.60          
       7     13.66     16.94     19.56     97.20    105.62    132.74    171.15     42.56     26.51     17.42     14.28     11.34          
       8     14.48     18.92     19.40     75.66    261.00     98.25    144.00     43.28     25.94     16.43     14.28     10.92          
       9     14.48     10.38     19.40     60.82    329.17     93.00    145.13     41.84     25.37     16.43     14.28     10.92          
      10     12.84     26.51     17.76     62.55    229.65    129.35    181.65     40.40     25.37     15.44     13.86     10.92          
      11     14.70     34.20     15.30     74.74    178.35    185.10    204.00     38.24     23.40     15.44     13.86      5.80          
      12     13.98     51.50     14.48     92.00    713.45    172.20    154.13     36.80     23.40     17.42     13.86      5.80          
      13     13.98     36.30     16.94    114.66  1,007.70    275.87    140.63     36.30     22.12     19.40     13.44      5.80          
      14     13.98     79.22     15.30    225.00    577.35    185.10    119.18     35.60     21.48     19.40     13.02      5.47          
      15     13.26     50.03     68.00    279.85    386.71    179.55    102.23     34.90     21.48     19.40     13.02      5.47          
      16     13.26     43.28    231.00    231.00    289.53    178.50     94.05     41.84     21.48     19.40     13.44      5.47          
      17     13.26     51.33     82.11    145.13    244.50    164.25     88.00     47.83     20.84     16.43     13.44      5.47          
      18     13.26     51.50     73.00    104.49    201.30    162.00     82.11     40.40     20.84     15.44     13.44      5.47          
      19     14.48     32.10     56.51    148.50    165.38    150.75     78.44     38.96     20.20     15.44     13.44      5.14          
      20     13.26     29.36     50.46    169.88    138.38    140.63     71.95     36.30     19.56     14.45     13.02      5.47          
      21     18.28     27.65     48.56    176.40    274.50    170.10     71.75     38.96     20.20     14.45     13.02      5.80          
      22     23.40    116.92     35.60    202.65    526.20    163.13     69.25     38.24     19.56     14.45     13.02      5.14          
      23     35.60    158.63     30.70    220.50    373.01    176.40     71.75     36.30     19.56     14.45     13.02      5.14          
      24     34.90     72.88     34.20    217.50    240.00    204.00     65.14     32.80     19.56     14.45     12.60      5.14          
      25     33.50     60.82     38.24    166.50    252.00    153.00     61.69     33.50     18.92     14.45     12.60      5.14          
      26     34.20     41.84     35.60    125.96    222.90    210.75     63.41     36.30     18.92     12.47     12.60      4.81          
      27     32.80     32.10     30.50    121.44    271.50    206.70     59.10     37.52     18.92     12.47     12.60      3.82          
      28     29.36     27.65     32.80     93.00    222.90    158.63     57.37     35.60     18.28     11.48     12.60      3.49          
      29     19.40     29.93     29.93     92.00    174.30    135.00     55.64     38.24     18.92     10.49                3.49          
      30     16.94     33.50     59.96     84.99    146.25    114.66     57.37     36.30     18.92     10.49                3.49          
      31               47.09              119.18    132.74               56.51               18.28     14.70                3.49          

Total       559.72  1,312.00  1,280.87  4,507.46  8,177.80  4,672.79  3,557.12  1,225.76    715.98    482.76    380.52    224.01 27,096.79 CMSDAY   
Mean         18.66     42.32     42.70    145.40    263.80    155.76    114.75     40.86     23.10     15.57     13.59      7.23     74.24 CMS      
Max          35.60    158.63    231.00    279.85  1,007.70    275.87    226.50     56.51     33.50     19.40     14.70     12.60  1,007.70 CMS      
Min          12.02     10.38     14.48     60.82     76.59     93.00     55.64     32.80     18.28     10.49     12.60      3.49      3.49 CMS      
Runoff       48.36    113.36    110.67    389.44    706.56    403.73    307.34    105.91     61.86     41.71     32.88     19.35  2,341.17 MCM      
Momentary Peak    1103.60 CMS, at 221.49 M (MSL.) at 03:00 hours, on Aug 13, 2022
Runoff Yield      21.36 Liters/Second/Square KM, Momentary Peak Yield 317.48 Liters/Second/Square KM

----------------------------------------------------------------------------------------------------------------------------------------------------

Daily Mean Discharge
Computer Center : Royal Irrigation Department, Thailand, Hydrology Division (08-Sep-2026)
Station : (N.64) ,Ban Pha Khwang, Mueang, Nan
Stream : -
River : Nan
Basin : Nan
Rating : HC.1/3818

                                                                 Water Year - 2023                                                                  
                                 Discharge, in Cubic Meter per Second, Water Year April 01, 2023 to March 31, 2024                                  

    Date       Apr       May       Jun       Jul       Aug       Sep       Oct       Nov       Dec       Jan       Feb       Mar    Annual
       1      7.20      6.66     11.76     95.50    126.85    101.94    103.61    100.50     29.64     13.50     11.75      5.20          
       2      7.20     13.02      5.80     59.89    100.50     80.59    100.50     76.33     29.64     13.50     11.30      5.20          
       3      7.20     13.46      5.80     47.78    126.85     75.44     96.33     68.60     29.64     13.50     11.75      5.20          
       4      7.20     13.46      5.47     44.12    145.53     76.33     85.00     68.60     29.64     13.00     11.75      5.20          
       5      7.20     13.46      5.47     43.51    316.29     76.33     81.41     62.83     29.04     14.00      8.00      5.20          
       6      7.20     12.47     12.60     34.20    523.58     72.77     78.12     58.42     27.83     14.00      7.65      5.20          
       7      6.93     12.47     29.04     29.04    541.47     86.66     70.99     55.48     29.04     13.55      7.65      5.20          
       8      6.93     11.34     18.32     20.48    775.00     83.05     78.11     54.01     27.83     13.55      7.30      5.20          
       9      6.66      3.16     23.72     26.01    861.25    121.21    115.35     47.78     27.83     13.10      7.30      5.14          
      10      6.66      3.16     24.80     24.80    742.50    175.70    117.02     48.39     27.83     13.10      6.95      4.48          
      11      6.66      2.83     20.48     23.72    420.75    234.00     97.17     48.39     26.62     12.65      6.95      5.14          
      12      6.66      3.49     12.47     20.48    268.65    296.31     86.66     49.00     26.01     12.65      6.95      5.14          
      13      6.66      4.48     14.70     29.04    211.00    218.25     78.94     48.39     25.41     13.55      6.95      5.14          
      14      6.66     14.28     13.86     32.35    161.50    244.50     76.33     47.17     24.80     13.10      6.95      5.14          
      15      6.66     25.41     13.86     29.04    137.05    316.29    108.64     46.56     22.64     13.00      6.95      5.14          
      16      6.66     29.04     14.70     85.00    173.04    393.99    112.83     45.34     22.64     13.50      6.95      5.14          
      17      6.66     24.80     14.70    133.65    162.39    357.36     90.80     42.90     22.64     14.00      6.95      5.14          
      18      6.66     18.41     18.41     70.20    135.35    263.40     69.40     42.29     22.64     13.55      6.60      5.14          
      19      6.39     14.28     27.22     64.60    112.83    298.53     67.80     42.29     21.56     14.00      6.60      4.81          
      20      6.39     12.18     15.44     64.60     98.00    273.90     65.40     38.63     20.48     14.00      5.90      4.81          
      21      6.39      5.80     11.48     94.67     88.31    249.75     98.83     36.80     20.48     13.10      5.55      4.81          
      22      6.39      5.80     14.70     67.80     93.00    210.00     83.87     36.80     19.40     11.75      5.55      5.47          
      23      6.39      5.14     14.70     45.95     97.17    177.48     77.22     36.80     19.40     10.85      5.55     11.30          
      24      5.85      5.14     14.28     44.73     93.00    149.96     63.80     36.05     19.40     10.40      5.20     11.30          
      25      5.85      4.81     14.70     69.40     98.00    136.20     62.83     36.05     19.40     10.40      5.20     10.85          
      26      5.85      4.81     40.46     89.14     89.97    123.73     58.42     32.35     18.32     10.40      6.95     11.30          
      27      5.85      4.81     65.40     70.99     82.23    106.97     60.63     31.73     17.24      9.95      6.95     10.40          
      28      5.85     13.44    103.61     44.73     79.00    103.61     85.00     30.50     17.24     11.30      6.95     10.40          
      29      5.85     12.60     87.49    105.29     72.77    103.61     89.14     29.64     17.24     11.75      6.60     10.40          
      30      6.12     12.18     63.00    299.64     69.40    106.13     95.50     29.64     16.16     12.65               10.40          
      31               11.76              232.95    122.05              100.50               16.16     12.20                8.00          

Total       196.83    338.15    738.44  2,143.30  7,125.28  5,313.99  2,656.15  1,428.26    723.84    393.55    213.65    206.59 21,478.03 CMSDAY   
Mean          6.56     10.91     24.61     69.14    229.85    177.13     85.68     47.61     23.35     12.70      7.37      6.66     58.68 CMS      
Max           7.20     29.04    103.61    299.64    861.25    393.99    117.02    100.50     29.64     14.00     11.75     11.30    861.25 CMS      
Min           5.85      2.83      5.47     20.48     69.40     72.77     58.42     29.64     16.16      9.95      5.20      4.48      2.83 CMS      
Runoff       17.01     29.22     63.80    185.18    615.62    459.13    229.49    123.40     62.54     34.00     18.46     17.85  1,855.70 MCM      
Momentary Peak    887.20 CMS, at 219.94 M (MSL.) at 18:00 hours, on Aug 09, 2023
Runoff Yield      16.88 Liters/Second/Square KM, Momentary Peak Yield 255.23 Liters/Second/Square KM

----------------------------------------------------------------------------------------------------------------------------------------------------

Daily Mean Discharge
Computer Center : Royal Irrigation Department, Thailand, Hydrology Division (08-Sep-2026)
Station : (N.64) ,Ban Pha Khwang, Mueang, Nan
Stream : -
River : Nan
Basin : Nan
Rating : -

                                                                 Water Year - 2024                                                                  
                                 Discharge, in Cubic Meter per Second, Water Year April 01, 2024 to March 31, 2025                                  

    Date       Apr       May       Jun       Jul       Aug       Sep       Oct       Nov       Dec       Jan       Feb       Mar    Annual
       1      8.00      6.25    155.20     90.00    454.75    319.50    236.16     48.60     25.60     16.50     10.70      8.00          
       2      6.95      5.14    169.45     89.00    709.38    291.15    265.41     47.80     24.73     16.00     11.15      8.00          
       3      6.60      4.48     76.87     59.80    792.50    259.56    192.87     49.00     25.60     15.00     10.70      7.30          
       4      5.20      5.14     60.87     54.20    679.13    249.03    174.90     47.27     25.60     14.00      9.35      7.30          
       5      5.20      3.49     51.80     68.94    494.20    252.54    167.55     46.40     25.60     13.50      8.90      7.30          
       6      5.20      3.82     49.00     68.94    448.45    282.96    147.60     49.00     25.60     13.50      8.90      6.25          
       7      5.20      4.15     37.73     68.33    487.51    192.87    130.00     43.80     23.00     13.00      8.90      6.25          
       8      5.20      4.48     30.80     49.13    312.75    190.20    119.00     43.80     23.00     13.50      8.45      6.25          
       9      5.55      4.48     51.80     71.53    220.95    198.72    108.00     42.93     24.59     13.50      8.00      6.25          
      10      7.30      4.81    127.00    107.00    164.70    345.38    102.00     41.20     21.44     14.00      8.00      6.25          
      11      8.00     19.86    142.85     69.88    151.40    453.35    103.00     40.33     21.44     14.00      8.00      6.25          
      12     10.40     23.87    119.00     85.81    274.77    453.35     99.00     37.73     22.23     12.50      8.00      6.25          
      13     10.40     16.50     76.87     69.40    352.12    397.13     92.00     36.87     20.65     12.50      7.65      5.90          
      14     10.40     14.00     47.00     54.47    403.00    382.88     88.00     35.13     22.23     12.50      7.65      4.50          
      15     10.85     13.55     38.60     52.60    297.00    375.75     84.00     35.13     22.23     12.50      7.65      4.50          
      16     11.75     13.55     34.27     71.53    229.14    293.63     84.88     35.13     24.59     12.50      7.65      4.50          
      17     13.10     10.85     27.33     86.00    410.19    245.52     87.00     35.13     23.00     12.50      7.30      4.50          
      18     12.65      8.00     41.20    163.75    450.44    197.55     82.06     47.00     24.59     12.50      6.95      4.50          
      19     12.65      9.95     28.20    193.60    387.00    190.20     69.88     63.00     23.80     12.05      6.95      4.50          
      20     11.75      8.00     23.80    199.89    408.75    193.60     85.81     47.80     22.23     11.60      6.95      4.50          
      21     11.75     11.30     15.00    203.40    646.80    168.50     83.00     48.13     21.44     11.60      6.95      4.50          
      22     11.30     33.40     13.00    217.44  1,571.20    161.85     71.75     48.13     23.01     11.60     10.25      4.50          
      23      7.30     42.07     15.50    181.17  1,116.20    193.60     69.40     49.00     23.01     11.60      9.35      4.50          
      24      7.30     29.07     34.27    141.90    770.00    345.38     66.20     42.93     22.23     11.60      8.00      5.55          
      25      6.95     75.80     80.19    148.55    549.09    307.13     59.80     28.20     17.50     11.60      9.80      5.90          
      26      6.95     74.73    139.00    119.00    407.31    257.22     61.93     29.07     21.44     11.60      9.80      5.90          
      27      6.95     47.80    144.75    135.00    519.64    211.59     58.73     28.20     16.50     11.15      8.90      5.90          
      28      6.95     34.27    122.00     96.00    670.25    176.60     61.93     27.33     16.00     11.15      8.00      5.55          
      29      6.25     28.20     86.00    102.00    453.31    167.55     54.20     25.60     16.50     10.70                5.55          
      30      6.60     22.23     69.40    158.05    388.13    167.55     50.20     25.60     16.00     10.70                5.55          
      31               17.00              302.63    333.00               50.20               16.00     10.25                5.55          

Total       250.65    600.24  2,108.75  3,578.94 15,553.06  7,921.84  3,206.46  1,225.24    681.38    391.20    238.85    178.00 35,934.61 CMSDAY   
Mean          8.36     19.36     70.29    115.45    501.71    264.06    103.43     40.84     21.98     12.62      8.53      5.74     98.45 CMS      
Max          13.10     75.80    169.45    302.63  1,571.20    453.35    265.41     63.00     25.60     16.50     11.15      8.00  1,571.20 CMS      
Min           5.20      3.49     13.00     49.13    151.40    161.85     50.20     25.60     16.00     10.25      6.95      4.50      3.49 CMS      
Runoff       21.66     51.86    182.20    309.22  1,343.78    684.45    277.04    105.86     58.87     33.80     20.64     15.38  3,104.76 MCM      
Momentary Peak    1696.00 CMS, at 223.65 M (MSL.) at 10:00 hours, on Aug 22, 2024
Runoff Yield      28.32 Liters/Second/Square KM, Momentary Peak Yield 487.90 Liters/Second/Square KM

----------------------------------------------------------------------------------------------------------------------------------------------------

Daily Mean Discharge
Computer Center : Royal Irrigation Department, Thailand, Hydrology Division (08-Sep-2026)
Station : (N.64) ,Ban Pha Khwang, Mueang, Nan
Stream : -
River : Nan
Basin : Nan
Rating : HC.1/4074

                                                                 Water Year - 2025                                                                  
                                 Discharge, in Cubic Meter per Second, Water Year April 01, 2025 to March 31, 2026                                  

    Date       Apr       May       Jun       Jul       Aug       Sep       Oct       Nov       Dec       Jan       Feb       Mar    Annual
       1      5.55     14.50     25.40    118.20    456.80    161.85    373.00     61.70     35.00     22.20     12.05      8.90          
       2      5.55     12.50     26.00    107.00    374.00    153.40    277.00     63.10     35.00     22.20     12.05      8.90          
       3      4.85      8.45     28.40    240.00    319.00    177.45    227.00     57.50     35.00     21.61     12.05      8.00          
       4      4.85      7.65     27.80    378.00    267.00    140.60    346.00     54.00     35.00     19.85     12.05      6.95          
       5      4.85      8.00     24.80    219.00    228.00    131.00    265.00     54.00     34.40     20.44     11.60      6.25          
       6      4.25      8.00     24.80    179.15    222.00    131.00    205.00     53.30     35.00     19.26     11.60      6.25          
       7      8.00      7.30     25.40    180.00    196.00    146.20    183.00     51.20     35.00     19.26     11.60      6.25          
       8     20.25      7.30     24.20    176.60    177.45    139.80    182.00     50.50     30.80     19.26     11.60      6.25          
       9     17.00      7.30     21.90    137.40    164.70    161.85    163.00     61.70     30.20     18.68     11.60      6.25          
      10     16.50      7.30     22.45    151.00    162.65    163.00    168.10     67.30     28.40     18.68     11.60      5.55          
      11      9.80      7.30     36.20    208.00    231.00    186.00    149.40     56.80     26.60     18.68     11.15      5.55          
      12      8.00     12.05     99.00    273.00    197.00    147.80    131.00     52.60     33.80     18.09     10.70      8.45          
      13      7.30     11.60     66.60    233.00    165.55    143.80    122.20     49.80     35.60     17.50      9.35      7.65          
      14     24.80     10.25     62.40    174.90    151.80    160.24    132.60     47.00     33.20     17.50      8.90      7.30          
      15     41.00     20.80     45.20    229.00    160.24    151.00    155.00     45.20     32.60     17.50      8.90      7.65          
      16     31.40     30.20     36.80    378.00    211.00    139.00    143.80     43.40     31.40     17.50      8.90      8.00          
      17     20.80     24.20     30.80    770.00    161.04    132.60    129.40     42.20     30.20     17.50      8.90      7.65          
      18     22.45     30.20     31.40    990.00    157.02    124.60    115.00     47.70     28.40     17.50      8.90      8.00          
      19     23.00     39.80     36.20    471.20    129.40    140.60    104.60     48.40     29.00     17.50      8.90      6.25          
      20     21.35     49.80     34.40    335.00    114.20    125.40    100.60     46.40     29.00     16.00      8.90      6.25          
      21     17.50     58.20     28.40    298.00    104.60    135.00     91.80     45.20     29.00     15.50      8.90      6.25          
      22     16.50    141.40     41.60    324.00    117.40    188.00     86.20     45.80     26.60     15.50      8.90      6.25          
      23     17.00     54.70    133.40  1,277.74    134.20    260.00     81.07     44.60     24.80     15.00      8.90      6.25          
      24     16.00     56.10    119.80  2,415.20    150.20    406.40     76.30     39.80     24.80     15.00      8.90      6.25          
      25     14.50     71.75     72.50  1,269.04    128.60    419.60     74.00     36.80     23.60     15.00      8.45      6.25          
      26     12.50     55.40     54.00    596.60    116.60    292.00     70.25     35.00     23.60     14.00      8.90      4.50          
      27     12.50     44.60    147.80    526.40    312.00    294.00     68.00     34.40     23.00     13.50      8.90      4.50          
      28     12.50     42.20    419.60    844.80    361.00    234.00     63.80     33.20     23.00     13.50      8.90      4.25          
      29     11.60     38.00    350.00    797.20    281.00    189.00     61.00     32.60     23.00     13.50                4.00          
      30     11.60     29.60    171.50    687.50    230.00    324.00     57.50     32.00     22.45     13.50                4.00          
      31               29.00              484.40    191.00               58.90               22.45     13.00                3.75          

Total       443.75    945.45  2,268.75 15,469.33  6,372.45  5,699.19  4,461.52  1,433.20    909.90    533.71    282.05    198.55 39,017.85 CMSDAY   
Mean         14.79     30.50     75.63    499.01    205.56    189.97    143.92     47.77     29.35     17.22     10.07      6.40    106.90 CMS      
Max          41.00    141.40    419.60  2,415.20    456.80    419.60    373.00     67.30     35.60     22.20     12.05      8.90  2,415.20 CMS      
Min           4.25      7.30     21.90    107.00    104.60    124.60     57.50     32.00     22.45     13.00      8.45      3.75      3.75 CMS      
Runoff       38.34     81.69    196.02  1,336.55    550.58    492.41    385.48    123.83     78.62     46.11     24.37     17.15  3,371.15 MCM      
Momentary Peak    2644.85 CMS, at 225.55 M (MSL.) at 05:00 hours, on Jul 24, 2025
Runoff Yield      30.75 Liters/Second/Square KM, Momentary Peak Yield 760.86 Liters/Second/Square KM

----------------------------------------------------------------------------------------------------------------------------------------------------

